[{"path":"src/main/java/DataFile.java","fileType":"java","lines":[{"lineNumber":1,"author":{"gitId":"alalal47"},"content":"import java.io.File;","lastModifiedDate":"2024-02-22"},{"lineNumber":2,"author":{"gitId":"alalal47"},"content":"import java.util.Scanner;","lastModifiedDate":"2024-02-22"},{"lineNumber":3,"author":{"gitId":"alalal47"},"content":"import java.io.FileWriter;","lastModifiedDate":"2024-02-22"},{"lineNumber":4,"author":{"gitId":"alalal47"},"content":"import java.io.IOException;","lastModifiedDate":"2024-02-22"},{"lineNumber":5,"author":{"gitId":"alalal47"},"content":"public class DataFile {","lastModifiedDate":"2024-02-22"},{"lineNumber":6,"author":{"gitId":"alalal47"},"content":"    File data \u003d new File(\"data/tasks.txt\");","lastModifiedDate":"2024-02-22"},{"lineNumber":7,"author":{"gitId":"alalal47"},"content":"    public void writeToFile(String textToAdd) throws IOException {","lastModifiedDate":"2024-02-22"},{"lineNumber":8,"author":{"gitId":"alalal47"},"content":"        FileWriter fw \u003d new FileWriter(this.data);","lastModifiedDate":"2024-02-22"},{"lineNumber":9,"author":{"gitId":"alalal47"},"content":"        fw.write(textToAdd);","lastModifiedDate":"2024-02-22"},{"lineNumber":10,"author":{"gitId":"alalal47"},"content":"        fw.close();","lastModifiedDate":"2024-02-22"},{"lineNumber":11,"author":{"gitId":"alalal47"},"content":"    }","lastModifiedDate":"2024-02-22"},{"lineNumber":12,"author":{"gitId":"alalal47"},"content":"","lastModifiedDate":"2024-02-22"},{"lineNumber":13,"author":{"gitId":"alalal47"},"content":"    public void appendToFile(String textToAdd) throws IOException {","lastModifiedDate":"2024-02-22"},{"lineNumber":14,"author":{"gitId":"alalal47"},"content":"        FileWriter fw \u003d new FileWriter(this.data, true);","lastModifiedDate":"2024-02-22"},{"lineNumber":15,"author":{"gitId":"alalal47"},"content":"        fw.write(textToAdd);","lastModifiedDate":"2024-02-22"},{"lineNumber":16,"author":{"gitId":"alalal47"},"content":"        fw.close();","lastModifiedDate":"2024-02-22"},{"lineNumber":17,"author":{"gitId":"alalal47"},"content":"    }","lastModifiedDate":"2024-02-22"},{"lineNumber":18,"author":{"gitId":"alalal47"},"content":"","lastModifiedDate":"2024-02-22"},{"lineNumber":19,"author":{"gitId":"alalal47"},"content":"    public void appendAtFirstLine(String textToAdd) throws IOException {","lastModifiedDate":"2024-02-22"},{"lineNumber":20,"author":{"gitId":"alalal47"},"content":"        String temp \u003d \"\";","lastModifiedDate":"2024-02-22"},{"lineNumber":21,"author":{"gitId":"alalal47"},"content":"        Scanner scanner \u003d new Scanner(data);","lastModifiedDate":"2024-02-22"},{"lineNumber":22,"author":{"gitId":"alalal47"},"content":"        scanner.nextLine();","lastModifiedDate":"2024-02-22"},{"lineNumber":23,"author":{"gitId":"alalal47"},"content":"        if (scanner.hasNext()) {","lastModifiedDate":"2024-02-22"},{"lineNumber":24,"author":{"gitId":"alalal47"},"content":"            temp \u003d scanner.useDelimiter(\"\\\\A\").next();","lastModifiedDate":"2024-02-22"},{"lineNumber":25,"author":{"gitId":"alalal47"},"content":"        }","lastModifiedDate":"2024-02-22"},{"lineNumber":26,"author":{"gitId":"alalal47"},"content":"        writeToFile(textToAdd);","lastModifiedDate":"2024-02-22"},{"lineNumber":27,"author":{"gitId":"alalal47"},"content":"        appendToFile(temp);","lastModifiedDate":"2024-02-22"},{"lineNumber":28,"author":{"gitId":"alalal47"},"content":"    }","lastModifiedDate":"2024-02-22"},{"lineNumber":29,"author":{"gitId":"alalal47"},"content":"}","lastModifiedDate":"2024-02-22"}],"authorContributionMap":{"alalal47":29}},{"path":"src/main/java/Deadline.java","fileType":"java","lines":[{"lineNumber":1,"author":{"gitId":"alalal47"},"content":"public class Deadline extends Task {","lastModifiedDate":"2024-02-04"},{"lineNumber":2,"author":{"gitId":"alalal47"},"content":"    protected String by;","lastModifiedDate":"2024-02-04"},{"lineNumber":3,"author":{"gitId":"alalal47"},"content":"","lastModifiedDate":"2024-02-04"},{"lineNumber":4,"author":{"gitId":"alalal47"},"content":"    public Deadline(String description, String by) {","lastModifiedDate":"2024-02-04"},{"lineNumber":5,"author":{"gitId":"alalal47"},"content":"        super(description);","lastModifiedDate":"2024-02-04"},{"lineNumber":6,"author":{"gitId":"alalal47"},"content":"        this.by \u003d by;","lastModifiedDate":"2024-02-04"},{"lineNumber":7,"author":{"gitId":"alalal47"},"content":"    }","lastModifiedDate":"2024-02-04"},{"lineNumber":8,"author":{"gitId":"alalal47"},"content":"","lastModifiedDate":"2024-02-04"},{"lineNumber":9,"author":{"gitId":"alalal47"},"content":"    @Override","lastModifiedDate":"2024-02-04"},{"lineNumber":10,"author":{"gitId":"alalal47"},"content":"    public void printTask() {","lastModifiedDate":"2024-02-04"},{"lineNumber":11,"author":{"gitId":"alalal47"},"content":"        System.out.println (getTypeIcon() + getStatusIcon() + \" \" +  this.description + \" (by: \" + this.by + \")\");","lastModifiedDate":"2024-02-04"},{"lineNumber":12,"author":{"gitId":"alalal47"},"content":"    }","lastModifiedDate":"2024-02-04"},{"lineNumber":13,"author":{"gitId":"alalal47"},"content":"","lastModifiedDate":"2024-02-04"},{"lineNumber":14,"author":{"gitId":"alalal47"},"content":"    @Override","lastModifiedDate":"2024-02-04"},{"lineNumber":15,"author":{"gitId":"alalal47"},"content":"    public String getTypeIcon(){","lastModifiedDate":"2024-02-04"},{"lineNumber":16,"author":{"gitId":"alalal47"},"content":"        return \"[D]\";","lastModifiedDate":"2024-02-04"},{"lineNumber":17,"author":{"gitId":"alalal47"},"content":"    }","lastModifiedDate":"2024-02-04"},{"lineNumber":18,"author":{"gitId":"alalal47"},"content":"}","lastModifiedDate":"2024-02-04"}],"authorContributionMap":{"alalal47":18}},{"path":"src/main/java/Event.java","fileType":"java","lines":[{"lineNumber":1,"author":{"gitId":"alalal47"},"content":"public class Event extends Task {","lastModifiedDate":"2024-02-04"},{"lineNumber":2,"author":{"gitId":"alalal47"},"content":"        protected String from;","lastModifiedDate":"2024-02-04"},{"lineNumber":3,"author":{"gitId":"alalal47"},"content":"    protected String to;","lastModifiedDate":"2024-02-04"},{"lineNumber":4,"author":{"gitId":"alalal47"},"content":"","lastModifiedDate":"2024-02-04"},{"lineNumber":5,"author":{"gitId":"alalal47"},"content":"    public Event(String description, String from, String to) {","lastModifiedDate":"2024-02-04"},{"lineNumber":6,"author":{"gitId":"alalal47"},"content":"        super(description);","lastModifiedDate":"2024-02-04"},{"lineNumber":7,"author":{"gitId":"alalal47"},"content":"        this.from \u003d from;","lastModifiedDate":"2024-02-04"},{"lineNumber":8,"author":{"gitId":"alalal47"},"content":"        this.to \u003d to;","lastModifiedDate":"2024-02-04"},{"lineNumber":9,"author":{"gitId":"alalal47"},"content":"    }","lastModifiedDate":"2024-02-04"},{"lineNumber":10,"author":{"gitId":"alalal47"},"content":"","lastModifiedDate":"2024-02-04"},{"lineNumber":11,"author":{"gitId":"alalal47"},"content":"    @Override","lastModifiedDate":"2024-02-04"},{"lineNumber":12,"author":{"gitId":"alalal47"},"content":"    public void printTask() {","lastModifiedDate":"2024-02-04"},{"lineNumber":13,"author":{"gitId":"alalal47"},"content":"        System.out.println (getTypeIcon() + getStatusIcon()+ \" \" + this.description + \" (from: \" + this.from + \" to: \"+ this.to + \")\");","lastModifiedDate":"2024-02-04"},{"lineNumber":14,"author":{"gitId":"alalal47"},"content":"    }","lastModifiedDate":"2024-02-04"},{"lineNumber":15,"author":{"gitId":"alalal47"},"content":"","lastModifiedDate":"2024-02-04"},{"lineNumber":16,"author":{"gitId":"alalal47"},"content":"    @Override","lastModifiedDate":"2024-02-04"},{"lineNumber":17,"author":{"gitId":"alalal47"},"content":"    public String getTypeIcon(){","lastModifiedDate":"2024-02-04"},{"lineNumber":18,"author":{"gitId":"alalal47"},"content":"        return \"[E]\";","lastModifiedDate":"2024-02-04"},{"lineNumber":19,"author":{"gitId":"alalal47"},"content":"    }","lastModifiedDate":"2024-02-04"},{"lineNumber":20,"author":{"gitId":"alalal47"},"content":"}","lastModifiedDate":"2024-02-04"}],"authorContributionMap":{"alalal47":20}},{"path":"src/main/java/InvalidCommandException.java","fileType":"java","lines":[{"lineNumber":1,"author":{"gitId":"alalal47"},"content":"public class InvalidCommandException extends Exception{","lastModifiedDate":"2024-02-12"},{"lineNumber":2,"author":{"gitId":"alalal47"},"content":"","lastModifiedDate":"2024-02-12"},{"lineNumber":3,"author":{"gitId":"alalal47"},"content":"}","lastModifiedDate":"2024-02-12"}],"authorContributionMap":{"alalal47":3}},{"path":"src/main/java/JigaChat.java","fileType":"java","lines":[{"lineNumber":1,"author":{"gitId":"alalal47"},"content":"import java.util.NoSuchElementException;","lastModifiedDate":"2024-02-22"},{"lineNumber":2,"author":{"gitId":"alalal47"},"content":"import java.util.Scanner;","lastModifiedDate":"2024-01-30"},{"lineNumber":3,"author":{"gitId":"alalal47"},"content":"import java.util.ArrayList;","lastModifiedDate":"2024-02-21"},{"lineNumber":4,"author":{"gitId":"alalal47"},"content":"import java.io.FileNotFoundException;","lastModifiedDate":"2024-02-22"},{"lineNumber":5,"author":{"gitId":"alalal47"},"content":"import java.io.IOException;","lastModifiedDate":"2024-02-22"},{"lineNumber":6,"author":{"gitId":"alalal47"},"content":"import java.util.NoSuchElementException;","lastModifiedDate":"2024-02-22"},{"lineNumber":7,"author":{"gitId":"alalal47"},"content":"public class JigaChat {","lastModifiedDate":"2024-01-23"},{"lineNumber":8,"author":{"gitId":"alalal47"},"content":"    ArrayList\u003cTask\u003e taskList \u003d new ArrayList\u003c\u003e();","lastModifiedDate":"2024-02-21"},{"lineNumber":9,"author":{"gitId":"alalal47"},"content":"    int taskCounter \u003d 0;","lastModifiedDate":"2024-01-31"},{"lineNumber":10,"author":{"gitId":"alalal47"},"content":"    DataFile previousData \u003d new DataFile();","lastModifiedDate":"2024-02-22"},{"lineNumber":11,"author":{"gitId":"alalal47"},"content":"","lastModifiedDate":"2024-02-22"},{"lineNumber":12,"author":{"gitId":"alalal47"},"content":"    private void initialisePreviousData() {","lastModifiedDate":"2024-02-22"},{"lineNumber":13,"author":{"gitId":"alalal47"},"content":"        try {","lastModifiedDate":"2024-02-22"},{"lineNumber":14,"author":{"gitId":"alalal47"},"content":"            String input;","lastModifiedDate":"2024-02-22"},{"lineNumber":15,"author":{"gitId":"alalal47"},"content":"            Scanner readPreviousData \u003d new Scanner(previousData.data);","lastModifiedDate":"2024-02-22"},{"lineNumber":16,"author":{"gitId":"alalal47"},"content":"            input \u003d readPreviousData.nextLine();","lastModifiedDate":"2024-02-22"},{"lineNumber":17,"author":{"gitId":"alalal47"},"content":"            this.taskCounter \u003d Integer.parseInt(input);","lastModifiedDate":"2024-02-22"},{"lineNumber":18,"author":{"gitId":"alalal47"},"content":"            while (readPreviousData.hasNext()) {","lastModifiedDate":"2024-02-22"},{"lineNumber":19,"author":{"gitId":"alalal47"},"content":"                input \u003d readPreviousData.nextLine();","lastModifiedDate":"2024-02-22"},{"lineNumber":20,"author":{"gitId":"alalal47"},"content":"                readCommandWithoutPrints(input);","lastModifiedDate":"2024-02-22"},{"lineNumber":21,"author":{"gitId":"alalal47"},"content":"            }","lastModifiedDate":"2024-02-22"},{"lineNumber":22,"author":{"gitId":"alalal47"},"content":"        }","lastModifiedDate":"2024-02-22"},{"lineNumber":23,"author":{"gitId":"alalal47"},"content":"        catch(FileNotFoundException e) {","lastModifiedDate":"2024-02-22"},{"lineNumber":24,"author":{"gitId":"alalal47"},"content":"        }","lastModifiedDate":"2024-02-22"},{"lineNumber":25,"author":{"gitId":"alalal47"},"content":"    }","lastModifiedDate":"2024-02-22"},{"lineNumber":26,"author":{"gitId":"alalal47"},"content":"","lastModifiedDate":"2024-01-31"},{"lineNumber":27,"author":{"gitId":"alalal47"},"content":"    public static void printCommandList() {","lastModifiedDate":"2024-02-21"},{"lineNumber":28,"author":{"gitId":"alalal47"},"content":"        printTodoCommand();","lastModifiedDate":"2024-02-12"},{"lineNumber":29,"author":{"gitId":"alalal47"},"content":"        printDeadlineCommand();","lastModifiedDate":"2024-02-12"},{"lineNumber":30,"author":{"gitId":"alalal47"},"content":"        printEventCommand();","lastModifiedDate":"2024-02-12"},{"lineNumber":31,"author":{"gitId":"alalal47"},"content":"        printListCommand();","lastModifiedDate":"2024-02-12"},{"lineNumber":32,"author":{"gitId":"alalal47"},"content":"        printDeleteCommand();","lastModifiedDate":"2024-02-21"},{"lineNumber":33,"author":{"gitId":"alalal47"},"content":"        printMarkCommand();","lastModifiedDate":"2024-02-12"},{"lineNumber":34,"author":{"gitId":"alalal47"},"content":"        printUnmarkCommand();","lastModifiedDate":"2024-02-12"},{"lineNumber":35,"author":{"gitId":"alalal47"},"content":"    }","lastModifiedDate":"2024-02-12"},{"lineNumber":36,"author":{"gitId":"alalal47"},"content":"","lastModifiedDate":"2024-02-12"},{"lineNumber":37,"author":{"gitId":"alalal47"},"content":"    private static void printUnmarkCommand() {","lastModifiedDate":"2024-02-12"},{"lineNumber":38,"author":{"gitId":"alalal47"},"content":"        System.out.println(\"unmark [task index]                         Marks a task in your list as not done\");","lastModifiedDate":"2024-02-12"},{"lineNumber":39,"author":{"gitId":"alalal47"},"content":"    }","lastModifiedDate":"2024-02-12"},{"lineNumber":40,"author":{"gitId":"alalal47"},"content":"","lastModifiedDate":"2024-02-12"},{"lineNumber":41,"author":{"gitId":"alalal47"},"content":"    private static void printMarkCommand() {","lastModifiedDate":"2024-02-12"},{"lineNumber":42,"author":{"gitId":"alalal47"},"content":"        System.out.println(\"mark [task index]                           Marks a task in your list as done\");","lastModifiedDate":"2024-02-12"},{"lineNumber":43,"author":{"gitId":"alalal47"},"content":"    }","lastModifiedDate":"2024-02-12"},{"lineNumber":44,"author":{"gitId":"alalal47"},"content":"","lastModifiedDate":"2024-02-12"},{"lineNumber":45,"author":{"gitId":"alalal47"},"content":"    private static void printListCommand() {","lastModifiedDate":"2024-02-12"},{"lineNumber":46,"author":{"gitId":"alalal47"},"content":"        System.out.println(\"list                                        Displays a list of all tasks and their statuses as well as types\");","lastModifiedDate":"2024-02-12"},{"lineNumber":47,"author":{"gitId":"alalal47"},"content":"    }","lastModifiedDate":"2024-02-12"},{"lineNumber":48,"author":{"gitId":"alalal47"},"content":"","lastModifiedDate":"2024-02-12"},{"lineNumber":49,"author":{"gitId":"alalal47"},"content":"    private static void printEventCommand() {","lastModifiedDate":"2024-02-12"},{"lineNumber":50,"author":{"gitId":"alalal47"},"content":"        System.out.println(\"event [description] /from [from] /to [to]   Adds a new event to your list\");","lastModifiedDate":"2024-02-12"},{"lineNumber":51,"author":{"gitId":"alalal47"},"content":"    }","lastModifiedDate":"2024-02-12"},{"lineNumber":52,"author":{"gitId":"alalal47"},"content":"","lastModifiedDate":"2024-02-12"},{"lineNumber":53,"author":{"gitId":"alalal47"},"content":"    private static void printDeadlineCommand() {","lastModifiedDate":"2024-02-12"},{"lineNumber":54,"author":{"gitId":"alalal47"},"content":"        System.out.println(\"deadline [description] /by [by]             Adds a new deadline to your list\");","lastModifiedDate":"2024-02-12"},{"lineNumber":55,"author":{"gitId":"alalal47"},"content":"    }","lastModifiedDate":"2024-02-12"},{"lineNumber":56,"author":{"gitId":"alalal47"},"content":"","lastModifiedDate":"2024-02-12"},{"lineNumber":57,"author":{"gitId":"alalal47"},"content":"    private static void printTodoCommand() {","lastModifiedDate":"2024-02-12"},{"lineNumber":58,"author":{"gitId":"alalal47"},"content":"        System.out.println(\"todo [description]                          Adds a new todo to your list\");","lastModifiedDate":"2024-02-12"},{"lineNumber":59,"author":{"gitId":"alalal47"},"content":"    }","lastModifiedDate":"2024-02-12"},{"lineNumber":60,"author":{"gitId":"alalal47"},"content":"","lastModifiedDate":"2024-02-12"},{"lineNumber":61,"author":{"gitId":"alalal47"},"content":"    private static void printDeleteCommand() {","lastModifiedDate":"2024-02-21"},{"lineNumber":62,"author":{"gitId":"alalal47"},"content":"        System.out.println(\"delete [task index]                         Removes a task from your list\");","lastModifiedDate":"2024-02-21"},{"lineNumber":63,"author":{"gitId":"alalal47"},"content":"    }","lastModifiedDate":"2024-02-21"},{"lineNumber":64,"author":{"gitId":"alalal47"},"content":"    public void readCommand(String input) {","lastModifiedDate":"2024-02-22"},{"lineNumber":65,"author":{"gitId":"alalal47"},"content":"        String[] commands \u003d new String[2];","lastModifiedDate":"2024-01-31"},{"lineNumber":66,"author":{"gitId":"alalal47"},"content":"        commands \u003d input.split(\" \", 2);","lastModifiedDate":"2024-02-04"},{"lineNumber":67,"author":{"gitId":"alalal47"},"content":"","lastModifiedDate":"2024-01-31"},{"lineNumber":68,"author":{"gitId":"alalal47"},"content":"        switch(commands[0]) {","lastModifiedDate":"2024-01-31"},{"lineNumber":69,"author":{"gitId":"alalal47"},"content":"        case \"help\":","lastModifiedDate":"2024-02-12"},{"lineNumber":70,"author":{"gitId":"alalal47"},"content":"            printCommandList();","lastModifiedDate":"2024-02-12"},{"lineNumber":71,"author":{"gitId":"alalal47"},"content":"            return;","lastModifiedDate":"2024-02-12"},{"lineNumber":72,"author":{"gitId":"alalal47"},"content":"        case \"bye\":","lastModifiedDate":"2024-01-31"},{"lineNumber":73,"author":{"gitId":"alalal47"},"content":"            System.out.println(\"Bye. Hope to see you again soon!\");","lastModifiedDate":"2024-01-30"},{"lineNumber":74,"author":{"gitId":"alalal47"},"content":"            System.exit(0);","lastModifiedDate":"2024-01-31"},{"lineNumber":75,"author":{"gitId":"alalal47"},"content":"        case \"delete\":","lastModifiedDate":"2024-02-21"},{"lineNumber":76,"author":{"gitId":"alalal47"},"content":"            try {","lastModifiedDate":"2024-02-21"},{"lineNumber":77,"author":{"gitId":"alalal47"},"content":"                previousData.appendToFile(input + \"\\n\");","lastModifiedDate":"2024-02-22"},{"lineNumber":78,"author":{"gitId":"alalal47"},"content":"                removeFromList(Integer.parseInt(commands[1]) - 1);","lastModifiedDate":"2024-02-21"},{"lineNumber":79,"author":{"gitId":"alalal47"},"content":"            }","lastModifiedDate":"2024-02-21"},{"lineNumber":80,"author":{"gitId":"alalal47"},"content":"            catch(NumberFormatException e) {","lastModifiedDate":"2024-02-21"},{"lineNumber":81,"author":{"gitId":"alalal47"},"content":"                printDeleteCommand();","lastModifiedDate":"2024-02-21"},{"lineNumber":82,"author":{"gitId":"alalal47"},"content":"            }","lastModifiedDate":"2024-02-21"},{"lineNumber":83,"author":{"gitId":"alalal47"},"content":"            catch(ArrayIndexOutOfBoundsException e) {","lastModifiedDate":"2024-02-22"},{"lineNumber":84,"author":{"gitId":"alalal47"},"content":"                printDeleteCommand();","lastModifiedDate":"2024-02-22"},{"lineNumber":85,"author":{"gitId":"alalal47"},"content":"            }","lastModifiedDate":"2024-02-22"},{"lineNumber":86,"author":{"gitId":"alalal47"},"content":"            catch(IOException e){","lastModifiedDate":"2024-02-22"},{"lineNumber":87,"author":{"gitId":"alalal47"},"content":"            }","lastModifiedDate":"2024-02-22"},{"lineNumber":88,"author":{"gitId":"alalal47"},"content":"            return;","lastModifiedDate":"2024-02-21"},{"lineNumber":89,"author":{"gitId":"alalal47"},"content":"        case \"list\":","lastModifiedDate":"2024-01-31"},{"lineNumber":90,"author":{"gitId":"alalal47"},"content":"            printList();","lastModifiedDate":"2024-01-31"},{"lineNumber":91,"author":{"gitId":"alalal47"},"content":"            return;","lastModifiedDate":"2024-01-31"},{"lineNumber":92,"author":{"gitId":"alalal47"},"content":"        case \"mark\":","lastModifiedDate":"2024-01-31"},{"lineNumber":93,"author":{"gitId":"alalal47"},"content":"            try {","lastModifiedDate":"2024-02-12"},{"lineNumber":94,"author":{"gitId":"alalal47"},"content":"                taskList.get(Integer.parseInt(commands[1]) - 1).markAsDone();","lastModifiedDate":"2024-02-21"},{"lineNumber":95,"author":{"gitId":"alalal47"},"content":"                System.out.println(\"JigaChat has marked task \" + (Integer.parseInt(commands[1])) + \" as done!\");","lastModifiedDate":"2024-02-12"},{"lineNumber":96,"author":{"gitId":"alalal47"},"content":"                previousData.appendToFile(input + \"\\n\");","lastModifiedDate":"2024-02-22"},{"lineNumber":97,"author":{"gitId":"alalal47"},"content":"            }","lastModifiedDate":"2024-02-12"},{"lineNumber":98,"author":{"gitId":"alalal47"},"content":"            catch(NullPointerException e) {","lastModifiedDate":"2024-02-12"},{"lineNumber":99,"author":{"gitId":"alalal47"},"content":"                System.out.println(commands[1] + \" is not in your list!\");","lastModifiedDate":"2024-02-12"},{"lineNumber":100,"author":{"gitId":"alalal47"},"content":"            }","lastModifiedDate":"2024-02-12"},{"lineNumber":101,"author":{"gitId":"alalal47"},"content":"            catch(ArrayIndexOutOfBoundsException e) {","lastModifiedDate":"2024-02-12"},{"lineNumber":102,"author":{"gitId":"alalal47"},"content":"                printMarkCommand();","lastModifiedDate":"2024-02-12"},{"lineNumber":103,"author":{"gitId":"alalal47"},"content":"            }","lastModifiedDate":"2024-02-12"},{"lineNumber":104,"author":{"gitId":"alalal47"},"content":"            catch(IOException e) {","lastModifiedDate":"2024-02-22"},{"lineNumber":105,"author":{"gitId":"alalal47"},"content":"            }","lastModifiedDate":"2024-02-22"},{"lineNumber":106,"author":{"gitId":"alalal47"},"content":"            return;","lastModifiedDate":"2024-01-31"},{"lineNumber":107,"author":{"gitId":"alalal47"},"content":"        case \"unmark\":","lastModifiedDate":"2024-01-31"},{"lineNumber":108,"author":{"gitId":"alalal47"},"content":"            try {","lastModifiedDate":"2024-02-12"},{"lineNumber":109,"author":{"gitId":"alalal47"},"content":"                taskList.get(Integer.parseInt(commands[1]) - 1).markAsUndone();","lastModifiedDate":"2024-02-21"},{"lineNumber":110,"author":{"gitId":"alalal47"},"content":"                System.out.println(\"JigaChat has marked task \" + (Integer.parseInt(commands[1])) + \" as not done!\");","lastModifiedDate":"2024-02-12"},{"lineNumber":111,"author":{"gitId":"alalal47"},"content":"                previousData.appendToFile(input + \"\\n\");","lastModifiedDate":"2024-02-22"},{"lineNumber":112,"author":{"gitId":"alalal47"},"content":"            }","lastModifiedDate":"2024-02-12"},{"lineNumber":113,"author":{"gitId":"alalal47"},"content":"            catch(NullPointerException e) {","lastModifiedDate":"2024-02-12"},{"lineNumber":114,"author":{"gitId":"alalal47"},"content":"                System.out.println(commands[1] + \" is not in your list!\");","lastModifiedDate":"2024-02-12"},{"lineNumber":115,"author":{"gitId":"alalal47"},"content":"            }","lastModifiedDate":"2024-02-12"},{"lineNumber":116,"author":{"gitId":"alalal47"},"content":"            catch(ArrayIndexOutOfBoundsException e) {","lastModifiedDate":"2024-02-12"},{"lineNumber":117,"author":{"gitId":"alalal47"},"content":"                printUnmarkCommand();","lastModifiedDate":"2024-02-12"},{"lineNumber":118,"author":{"gitId":"alalal47"},"content":"            }","lastModifiedDate":"2024-02-12"},{"lineNumber":119,"author":{"gitId":"alalal47"},"content":"            catch(IOException e) {","lastModifiedDate":"2024-02-22"},{"lineNumber":120,"author":{"gitId":"alalal47"},"content":"            }","lastModifiedDate":"2024-02-22"},{"lineNumber":121,"author":{"gitId":"alalal47"},"content":"            return;","lastModifiedDate":"2024-01-31"},{"lineNumber":122,"author":{"gitId":"alalal47"},"content":"        }","lastModifiedDate":"2024-01-30"},{"lineNumber":123,"author":{"gitId":"alalal47"},"content":"        try {","lastModifiedDate":"2024-02-12"},{"lineNumber":124,"author":{"gitId":"alalal47"},"content":"            addToList(commands);","lastModifiedDate":"2024-02-04"},{"lineNumber":125,"author":{"gitId":"alalal47"},"content":"            previousData.appendToFile(input + \"\\n\");","lastModifiedDate":"2024-02-22"},{"lineNumber":126,"author":{"gitId":"alalal47"},"content":"        }","lastModifiedDate":"2024-01-31"},{"lineNumber":127,"author":{"gitId":"alalal47"},"content":"        catch(InvalidCommandException e) {","lastModifiedDate":"2024-02-12"},{"lineNumber":128,"author":{"gitId":"alalal47"},"content":"            System.out.println(\"Command \" + input + \" is not recognised!\");","lastModifiedDate":"2024-02-12"},{"lineNumber":129,"author":{"gitId":"alalal47"},"content":"        }","lastModifiedDate":"2024-02-12"},{"lineNumber":130,"author":{"gitId":"alalal47"},"content":"        catch(ArrayIndexOutOfBoundsException e) {","lastModifiedDate":"2024-02-12"},{"lineNumber":131,"author":{"gitId":"alalal47"},"content":"            System.out.println(\"Type [help] to learn how to add tasks\");","lastModifiedDate":"2024-02-12"},{"lineNumber":132,"author":{"gitId":"alalal47"},"content":"        }","lastModifiedDate":"2024-02-12"},{"lineNumber":133,"author":{"gitId":"alalal47"},"content":"        catch(StringIndexOutOfBoundsException e) {","lastModifiedDate":"2024-02-12"},{"lineNumber":134,"author":{"gitId":"alalal47"},"content":"            System.out.println(\"Type [help] to learn how to add tasks\");","lastModifiedDate":"2024-02-12"},{"lineNumber":135,"author":{"gitId":"alalal47"},"content":"        }","lastModifiedDate":"2024-02-12"},{"lineNumber":136,"author":{"gitId":"alalal47"},"content":"        catch(IOException e) {","lastModifiedDate":"2024-02-22"},{"lineNumber":137,"author":{"gitId":"alalal47"},"content":"        }","lastModifiedDate":"2024-02-22"},{"lineNumber":138,"author":{"gitId":"alalal47"},"content":"    }","lastModifiedDate":"2024-02-22"},{"lineNumber":139,"author":{"gitId":"alalal47"},"content":"","lastModifiedDate":"2024-02-22"},{"lineNumber":140,"author":{"gitId":"alalal47"},"content":"    public void readCommandWithoutPrints(String input) {","lastModifiedDate":"2024-02-22"},{"lineNumber":141,"author":{"gitId":"alalal47"},"content":"        String[] commands \u003d new String[2];","lastModifiedDate":"2024-02-22"},{"lineNumber":142,"author":{"gitId":"alalal47"},"content":"        commands \u003d input.split(\" \", 2);","lastModifiedDate":"2024-02-22"},{"lineNumber":143,"author":{"gitId":"alalal47"},"content":"","lastModifiedDate":"2024-02-22"},{"lineNumber":144,"author":{"gitId":"alalal47"},"content":"        switch(commands[0]) {","lastModifiedDate":"2024-02-22"},{"lineNumber":145,"author":{"gitId":"alalal47"},"content":"        case \"help\":","lastModifiedDate":"2024-02-22"},{"lineNumber":146,"author":{"gitId":"alalal47"},"content":"            printCommandList();","lastModifiedDate":"2024-02-22"},{"lineNumber":147,"author":{"gitId":"alalal47"},"content":"            return;","lastModifiedDate":"2024-02-22"},{"lineNumber":148,"author":{"gitId":"alalal47"},"content":"        case \"bye\":","lastModifiedDate":"2024-02-22"},{"lineNumber":149,"author":{"gitId":"alalal47"},"content":"            System.out.println(\"Bye. Hope to see you again soon!\");","lastModifiedDate":"2024-02-22"},{"lineNumber":150,"author":{"gitId":"alalal47"},"content":"            System.exit(0);","lastModifiedDate":"2024-02-22"},{"lineNumber":151,"author":{"gitId":"alalal47"},"content":"        case \"list\":","lastModifiedDate":"2024-02-22"},{"lineNumber":152,"author":{"gitId":"alalal47"},"content":"            printList();","lastModifiedDate":"2024-02-22"},{"lineNumber":153,"author":{"gitId":"alalal47"},"content":"            return;","lastModifiedDate":"2024-02-22"},{"lineNumber":154,"author":{"gitId":"alalal47"},"content":"        case \"mark\":","lastModifiedDate":"2024-02-22"},{"lineNumber":155,"author":{"gitId":"alalal47"},"content":"            try {","lastModifiedDate":"2024-02-22"},{"lineNumber":156,"author":{"gitId":"alalal47"},"content":"                taskList.get(Integer.parseInt(commands[1]) - 1).markAsDoneWithoutPrints();","lastModifiedDate":"2024-02-22"},{"lineNumber":157,"author":{"gitId":"alalal47"},"content":"            }","lastModifiedDate":"2024-02-22"},{"lineNumber":158,"author":{"gitId":"alalal47"},"content":"            catch(NullPointerException e) {","lastModifiedDate":"2024-02-22"},{"lineNumber":159,"author":{"gitId":"alalal47"},"content":"            }","lastModifiedDate":"2024-02-22"},{"lineNumber":160,"author":{"gitId":"alalal47"},"content":"            catch(ArrayIndexOutOfBoundsException e) {","lastModifiedDate":"2024-02-22"},{"lineNumber":161,"author":{"gitId":"alalal47"},"content":"                printMarkCommand();","lastModifiedDate":"2024-02-22"},{"lineNumber":162,"author":{"gitId":"alalal47"},"content":"            }","lastModifiedDate":"2024-02-22"},{"lineNumber":163,"author":{"gitId":"alalal47"},"content":"            return;","lastModifiedDate":"2024-02-22"},{"lineNumber":164,"author":{"gitId":"alalal47"},"content":"        case \"unmark\":","lastModifiedDate":"2024-02-22"},{"lineNumber":165,"author":{"gitId":"alalal47"},"content":"            try {","lastModifiedDate":"2024-02-22"},{"lineNumber":166,"author":{"gitId":"alalal47"},"content":"                taskList.get(Integer.parseInt(commands[1]) - 1).markAsUndoneWithoutPrints();","lastModifiedDate":"2024-02-22"},{"lineNumber":167,"author":{"gitId":"alalal47"},"content":"            }","lastModifiedDate":"2024-02-22"},{"lineNumber":168,"author":{"gitId":"alalal47"},"content":"            catch(NullPointerException e) {","lastModifiedDate":"2024-02-22"},{"lineNumber":169,"author":{"gitId":"alalal47"},"content":"                System.out.println(commands[1] + \" is not in your list!\");","lastModifiedDate":"2024-02-22"},{"lineNumber":170,"author":{"gitId":"alalal47"},"content":"            }","lastModifiedDate":"2024-02-22"},{"lineNumber":171,"author":{"gitId":"alalal47"},"content":"            catch(ArrayIndexOutOfBoundsException e) {","lastModifiedDate":"2024-02-22"},{"lineNumber":172,"author":{"gitId":"alalal47"},"content":"                printUnmarkCommand();","lastModifiedDate":"2024-02-22"},{"lineNumber":173,"author":{"gitId":"alalal47"},"content":"            }","lastModifiedDate":"2024-02-22"},{"lineNumber":174,"author":{"gitId":"alalal47"},"content":"            return;","lastModifiedDate":"2024-02-22"},{"lineNumber":175,"author":{"gitId":"alalal47"},"content":"        }","lastModifiedDate":"2024-02-22"},{"lineNumber":176,"author":{"gitId":"alalal47"},"content":"        try {","lastModifiedDate":"2024-02-22"},{"lineNumber":177,"author":{"gitId":"alalal47"},"content":"            addToListWithoutPrints(commands);","lastModifiedDate":"2024-02-22"},{"lineNumber":178,"author":{"gitId":"alalal47"},"content":"        }","lastModifiedDate":"2024-02-22"},{"lineNumber":179,"author":{"gitId":"alalal47"},"content":"        catch(InvalidCommandException e) {","lastModifiedDate":"2024-02-22"},{"lineNumber":180,"author":{"gitId":"alalal47"},"content":"        }","lastModifiedDate":"2024-02-22"},{"lineNumber":181,"author":{"gitId":"alalal47"},"content":"        catch(ArrayIndexOutOfBoundsException e) {","lastModifiedDate":"2024-02-22"},{"lineNumber":182,"author":{"gitId":"alalal47"},"content":"            System.out.println(\"Type [help] to learn how to add tasks\");","lastModifiedDate":"2024-02-22"},{"lineNumber":183,"author":{"gitId":"alalal47"},"content":"        }","lastModifiedDate":"2024-02-22"},{"lineNumber":184,"author":{"gitId":"alalal47"},"content":"        catch(StringIndexOutOfBoundsException e) {","lastModifiedDate":"2024-02-22"},{"lineNumber":185,"author":{"gitId":"alalal47"},"content":"            System.out.println(\"Type [help] to learn how to add tasks\");","lastModifiedDate":"2024-02-22"},{"lineNumber":186,"author":{"gitId":"alalal47"},"content":"        }","lastModifiedDate":"2024-02-22"},{"lineNumber":187,"author":{"gitId":"alalal47"},"content":"    }","lastModifiedDate":"2024-02-12"},{"lineNumber":188,"author":{"gitId":"alalal47"},"content":"","lastModifiedDate":"2024-01-31"},{"lineNumber":189,"author":{"gitId":"alalal47"},"content":"    public void removeFromList(int taskIndex) {","lastModifiedDate":"2024-02-21"},{"lineNumber":190,"author":{"gitId":"alalal47"},"content":"        try {","lastModifiedDate":"2024-02-21"},{"lineNumber":191,"author":{"gitId":"alalal47"},"content":"            taskList.get(taskIndex).printTask();","lastModifiedDate":"2024-02-21"},{"lineNumber":192,"author":{"gitId":"alalal47"},"content":"            System.out.println(\"Has been removed from your list\");","lastModifiedDate":"2024-02-21"},{"lineNumber":193,"author":{"gitId":"alalal47"},"content":"            taskList.remove(taskIndex);","lastModifiedDate":"2024-02-21"},{"lineNumber":194,"author":{"gitId":"alalal47"},"content":"            taskCounter--;","lastModifiedDate":"2024-02-21"},{"lineNumber":195,"author":{"gitId":"alalal47"},"content":"            String taskCounterString \u003d taskCounter + \"\\n\";","lastModifiedDate":"2024-02-22"},{"lineNumber":196,"author":{"gitId":"alalal47"},"content":"            previousData.appendAtFirstLine(taskCounterString);","lastModifiedDate":"2024-02-22"},{"lineNumber":197,"author":{"gitId":"alalal47"},"content":"            System.out.print(\"You have \" + taskCounter + \" tasks in your list\");","lastModifiedDate":"2024-02-21"},{"lineNumber":198,"author":{"gitId":"alalal47"},"content":"        }","lastModifiedDate":"2024-02-21"},{"lineNumber":199,"author":{"gitId":"alalal47"},"content":"        catch (IOException e) {","lastModifiedDate":"2024-02-22"},{"lineNumber":200,"author":{"gitId":"alalal47"},"content":"            System.out.println(\"but why?\");","lastModifiedDate":"2024-02-22"},{"lineNumber":201,"author":{"gitId":"alalal47"},"content":"        }","lastModifiedDate":"2024-02-22"},{"lineNumber":202,"author":{"gitId":"alalal47"},"content":"        catch(IndexOutOfBoundsException e) {","lastModifiedDate":"2024-02-21"},{"lineNumber":203,"author":{"gitId":"alalal47"},"content":"            System.out.println(\"Task \" + taskIndex + \" is not in your list!\");","lastModifiedDate":"2024-02-21"},{"lineNumber":204,"author":{"gitId":"alalal47"},"content":"        }","lastModifiedDate":"2024-02-21"},{"lineNumber":205,"author":{"gitId":"alalal47"},"content":"    }","lastModifiedDate":"2024-02-21"},{"lineNumber":206,"author":{"gitId":"alalal47"},"content":"","lastModifiedDate":"2024-02-21"},{"lineNumber":207,"author":{"gitId":"alalal47"},"content":"    public void addToList(String[] taskToAdd) throws InvalidCommandException {","lastModifiedDate":"2024-02-12"},{"lineNumber":208,"author":{"gitId":"alalal47"},"content":"            if (taskToAdd[0].equals(\"todo\")) {","lastModifiedDate":"2024-02-04"},{"lineNumber":209,"author":{"gitId":"alalal47"},"content":"                    ToDo todoToAdd \u003d new ToDo(taskToAdd[1]);","lastModifiedDate":"2024-02-21"},{"lineNumber":210,"author":{"gitId":"alalal47"},"content":"                    taskList.add(todoToAdd);","lastModifiedDate":"2024-02-21"},{"lineNumber":211,"author":{"gitId":"alalal47"},"content":"            }","lastModifiedDate":"2024-02-04"},{"lineNumber":212,"author":{"gitId":"alalal47"},"content":"            else if (taskToAdd[0].equals(\"deadline\")) {","lastModifiedDate":"2024-02-12"},{"lineNumber":213,"author":{"gitId":"alalal47"},"content":"                String[] deadline \u003d taskToAdd[1].split(\"/\", 2);","lastModifiedDate":"2024-02-04"},{"lineNumber":214,"author":{"gitId":"alalal47"},"content":"                String by \u003d deadline[1].substring(3);","lastModifiedDate":"2024-02-04"},{"lineNumber":215,"author":{"gitId":"alalal47"},"content":"                String description \u003d deadline[0].substring(0, deadline[0].length() - 1);","lastModifiedDate":"2024-02-04"},{"lineNumber":216,"author":{"gitId":"alalal47"},"content":"","lastModifiedDate":"2024-02-21"},{"lineNumber":217,"author":{"gitId":"alalal47"},"content":"                Deadline deadlineToAdd \u003d new Deadline(description, by);","lastModifiedDate":"2024-02-21"},{"lineNumber":218,"author":{"gitId":"alalal47"},"content":"                taskList.add(deadlineToAdd);","lastModifiedDate":"2024-02-21"},{"lineNumber":219,"author":{"gitId":"alalal47"},"content":"            }","lastModifiedDate":"2024-02-04"},{"lineNumber":220,"author":{"gitId":"alalal47"},"content":"            else if (taskToAdd[0].equals(\"event\")) {","lastModifiedDate":"2024-02-12"},{"lineNumber":221,"author":{"gitId":"alalal47"},"content":"                String[] event \u003d taskToAdd[1].split(\"/\", 3);","lastModifiedDate":"2024-02-04"},{"lineNumber":222,"author":{"gitId":"alalal47"},"content":"                String description \u003d event[0].substring(0, event[0].length() - 1);","lastModifiedDate":"2024-02-04"},{"lineNumber":223,"author":{"gitId":"alalal47"},"content":"                String from \u003d event[1].substring(5, event[1].length() - 1);","lastModifiedDate":"2024-02-04"},{"lineNumber":224,"author":{"gitId":"alalal47"},"content":"                String to \u003d event[2].substring(3);","lastModifiedDate":"2024-02-04"},{"lineNumber":225,"author":{"gitId":"alalal47"},"content":"                Event eventToAdd \u003d new Event(description, from, to);","lastModifiedDate":"2024-02-21"},{"lineNumber":226,"author":{"gitId":"alalal47"},"content":"                taskList.add(eventToAdd);","lastModifiedDate":"2024-02-21"},{"lineNumber":227,"author":{"gitId":"alalal47"},"content":"            }","lastModifiedDate":"2024-02-04"},{"lineNumber":228,"author":{"gitId":"alalal47"},"content":"            else {","lastModifiedDate":"2024-02-12"},{"lineNumber":229,"author":{"gitId":"alalal47"},"content":"                throw new InvalidCommandException();","lastModifiedDate":"2024-02-12"},{"lineNumber":230,"author":{"gitId":"alalal47"},"content":"            }","lastModifiedDate":"2024-02-12"},{"lineNumber":231,"author":{"gitId":"alalal47"},"content":"","lastModifiedDate":"2024-02-12"},{"lineNumber":232,"author":{"gitId":"alalal47"},"content":"            System.out.println(\"The following task has been added: \");","lastModifiedDate":"2024-02-04"},{"lineNumber":233,"author":{"gitId":"alalal47"},"content":"            taskList.get(taskCounter).printTask();","lastModifiedDate":"2024-02-21"},{"lineNumber":234,"author":{"gitId":"alalal47"},"content":"            taskCounter++;","lastModifiedDate":"2024-01-31"},{"lineNumber":235,"author":{"gitId":"alalal47"},"content":"            try {","lastModifiedDate":"2024-02-22"},{"lineNumber":236,"author":{"gitId":"alalal47"},"content":"                String taskCounterString \u003d taskCounter + \"\\n\";","lastModifiedDate":"2024-02-22"},{"lineNumber":237,"author":{"gitId":"alalal47"},"content":"                previousData.appendAtFirstLine(taskCounterString);","lastModifiedDate":"2024-02-22"},{"lineNumber":238,"author":{"gitId":"alalal47"},"content":"            }","lastModifiedDate":"2024-02-22"},{"lineNumber":239,"author":{"gitId":"alalal47"},"content":"            catch(IOException e) {","lastModifiedDate":"2024-02-22"},{"lineNumber":240,"author":{"gitId":"alalal47"},"content":"            }","lastModifiedDate":"2024-02-22"},{"lineNumber":241,"author":{"gitId":"alalal47"},"content":"            System.out.print(\"You have \" + taskCounter + \" task\");","lastModifiedDate":"2024-02-04"},{"lineNumber":242,"author":{"gitId":"alalal47"},"content":"            if (taskCounter !\u003d 1) {","lastModifiedDate":"2024-02-04"},{"lineNumber":243,"author":{"gitId":"alalal47"},"content":"                System.out.print(\"s\");","lastModifiedDate":"2024-02-04"},{"lineNumber":244,"author":{"gitId":"alalal47"},"content":"            }","lastModifiedDate":"2024-02-04"},{"lineNumber":245,"author":{"gitId":"alalal47"},"content":"            System.out.println(\" in your list.\");","lastModifiedDate":"2024-02-04"},{"lineNumber":246,"author":{"gitId":"alalal47"},"content":"    }","lastModifiedDate":"2024-01-30"},{"lineNumber":247,"author":{"gitId":"alalal47"},"content":"","lastModifiedDate":"2024-01-30"},{"lineNumber":248,"author":{"gitId":"alalal47"},"content":"    public void addToListWithoutPrints(String[] taskToAdd) throws InvalidCommandException {","lastModifiedDate":"2024-02-22"},{"lineNumber":249,"author":{"gitId":"alalal47"},"content":"        if (taskToAdd[0].equals(\"todo\")) {","lastModifiedDate":"2024-02-22"},{"lineNumber":250,"author":{"gitId":"alalal47"},"content":"            ToDo todoToAdd \u003d new ToDo(taskToAdd[1]);","lastModifiedDate":"2024-02-22"},{"lineNumber":251,"author":{"gitId":"alalal47"},"content":"            taskList.add(todoToAdd);","lastModifiedDate":"2024-02-22"},{"lineNumber":252,"author":{"gitId":"alalal47"},"content":"        }","lastModifiedDate":"2024-02-22"},{"lineNumber":253,"author":{"gitId":"alalal47"},"content":"        else if (taskToAdd[0].equals(\"deadline\")) {","lastModifiedDate":"2024-02-22"},{"lineNumber":254,"author":{"gitId":"alalal47"},"content":"            String[] deadline \u003d taskToAdd[1].split(\"/\", 2);","lastModifiedDate":"2024-02-22"},{"lineNumber":255,"author":{"gitId":"alalal47"},"content":"            String by \u003d deadline[1].substring(3);","lastModifiedDate":"2024-02-22"},{"lineNumber":256,"author":{"gitId":"alalal47"},"content":"            String description \u003d deadline[0].substring(0, deadline[0].length() - 1);","lastModifiedDate":"2024-02-22"},{"lineNumber":257,"author":{"gitId":"alalal47"},"content":"","lastModifiedDate":"2024-02-22"},{"lineNumber":258,"author":{"gitId":"alalal47"},"content":"            Deadline deadlineToAdd \u003d new Deadline(description, by);","lastModifiedDate":"2024-02-22"},{"lineNumber":259,"author":{"gitId":"alalal47"},"content":"            taskList.add(deadlineToAdd);","lastModifiedDate":"2024-02-22"},{"lineNumber":260,"author":{"gitId":"alalal47"},"content":"        }","lastModifiedDate":"2024-02-22"},{"lineNumber":261,"author":{"gitId":"alalal47"},"content":"        else if (taskToAdd[0].equals(\"event\")) {","lastModifiedDate":"2024-02-22"},{"lineNumber":262,"author":{"gitId":"alalal47"},"content":"            String[] event \u003d taskToAdd[1].split(\"/\", 3);","lastModifiedDate":"2024-02-22"},{"lineNumber":263,"author":{"gitId":"alalal47"},"content":"            String description \u003d event[0].substring(0, event[0].length() - 1);","lastModifiedDate":"2024-02-22"},{"lineNumber":264,"author":{"gitId":"alalal47"},"content":"            String from \u003d event[1].substring(5, event[1].length() - 1);","lastModifiedDate":"2024-02-22"},{"lineNumber":265,"author":{"gitId":"alalal47"},"content":"            String to \u003d event[2].substring(3);","lastModifiedDate":"2024-02-22"},{"lineNumber":266,"author":{"gitId":"alalal47"},"content":"            Event eventToAdd \u003d new Event(description, from, to);","lastModifiedDate":"2024-02-22"},{"lineNumber":267,"author":{"gitId":"alalal47"},"content":"            taskList.add(eventToAdd);","lastModifiedDate":"2024-02-22"},{"lineNumber":268,"author":{"gitId":"alalal47"},"content":"        }","lastModifiedDate":"2024-02-22"},{"lineNumber":269,"author":{"gitId":"alalal47"},"content":"        else {","lastModifiedDate":"2024-02-22"},{"lineNumber":270,"author":{"gitId":"alalal47"},"content":"            throw new InvalidCommandException();","lastModifiedDate":"2024-02-22"},{"lineNumber":271,"author":{"gitId":"alalal47"},"content":"        }","lastModifiedDate":"2024-02-22"},{"lineNumber":272,"author":{"gitId":"alalal47"},"content":"    }","lastModifiedDate":"2024-02-22"},{"lineNumber":273,"author":{"gitId":"alalal47"},"content":"","lastModifiedDate":"2024-02-22"},{"lineNumber":274,"author":{"gitId":"alalal47"},"content":"    public void printList() {","lastModifiedDate":"2024-01-31"},{"lineNumber":275,"author":{"gitId":"alalal47"},"content":"        if (taskCounter \u003d\u003d 0) {","lastModifiedDate":"2024-02-04"},{"lineNumber":276,"author":{"gitId":"alalal47"},"content":"            System.out.println (\"Your list is empty!\");","lastModifiedDate":"2024-02-04"},{"lineNumber":277,"author":{"gitId":"alalal47"},"content":"            return;","lastModifiedDate":"2024-02-04"},{"lineNumber":278,"author":{"gitId":"alalal47"},"content":"        }","lastModifiedDate":"2024-02-04"},{"lineNumber":279,"author":{"gitId":"alalal47"},"content":"        if (taskCounter !\u003d 1) {","lastModifiedDate":"2024-02-04"},{"lineNumber":280,"author":{"gitId":"alalal47"},"content":"            System.out.print(\"Here are the tasks\");","lastModifiedDate":"2024-02-04"},{"lineNumber":281,"author":{"gitId":"alalal47"},"content":"        }","lastModifiedDate":"2024-02-04"},{"lineNumber":282,"author":{"gitId":"alalal47"},"content":"        else {","lastModifiedDate":"2024-02-04"},{"lineNumber":283,"author":{"gitId":"alalal47"},"content":"            System.out.print(\"Here is the task\");","lastModifiedDate":"2024-02-22"},{"lineNumber":284,"author":{"gitId":"alalal47"},"content":"        }","lastModifiedDate":"2024-02-04"},{"lineNumber":285,"author":{"gitId":"alalal47"},"content":"        System.out.println(\" in your list:\");","lastModifiedDate":"2024-02-12"},{"lineNumber":286,"author":{"gitId":"alalal47"},"content":"","lastModifiedDate":"2024-02-04"},{"lineNumber":287,"author":{"gitId":"alalal47"},"content":"        for (int i \u003d 0; i \u003c taskCounter; i ++) {","lastModifiedDate":"2024-01-31"},{"lineNumber":288,"author":{"gitId":"alalal47"},"content":"            System.out.print((i + 1) + \". \");","lastModifiedDate":"2024-02-12"},{"lineNumber":289,"author":{"gitId":"alalal47"},"content":"            taskList.get(i).printTask();","lastModifiedDate":"2024-02-21"},{"lineNumber":290,"author":{"gitId":"alalal47"},"content":"        }","lastModifiedDate":"2024-01-31"},{"lineNumber":291,"author":{"gitId":"alalal47"},"content":"    }","lastModifiedDate":"2024-01-30"},{"lineNumber":292,"author":{"gitId":"alalal47"},"content":"    public static void main(String[] args) {","lastModifiedDate":"2024-01-23"},{"lineNumber":293,"author":{"gitId":"alalal47"},"content":"        System.out.println(\"Hello! I\u0027m JigaChat\");","lastModifiedDate":"2024-01-23"},{"lineNumber":294,"author":{"gitId":"alalal47"},"content":"        System.out.println(\"What can I do for you? Type [help] to learn how to use JigaChat!\");","lastModifiedDate":"2024-02-12"},{"lineNumber":295,"author":{"gitId":"alalal47"},"content":"        JigaChat chat \u003d new JigaChat();","lastModifiedDate":"2024-01-31"},{"lineNumber":296,"author":{"gitId":"alalal47"},"content":"        if (!chat.previousData.data.exists()) {","lastModifiedDate":"2024-02-22"},{"lineNumber":297,"author":{"gitId":"alalal47"},"content":"            System.out.println(\"No existing data was found!\");","lastModifiedDate":"2024-02-22"},{"lineNumber":298,"author":{"gitId":"alalal47"},"content":"            try {","lastModifiedDate":"2024-02-22"},{"lineNumber":299,"author":{"gitId":"alalal47"},"content":"                if (chat.previousData.data.createNewFile()) {","lastModifiedDate":"2024-02-22"},{"lineNumber":300,"author":{"gitId":"alalal47"},"content":"                    System.out.println(\"New data file created\");","lastModifiedDate":"2024-02-22"},{"lineNumber":301,"author":{"gitId":"alalal47"},"content":"                    chat.previousData.writeToFile(\"0\");","lastModifiedDate":"2024-02-22"},{"lineNumber":302,"author":{"gitId":"alalal47"},"content":"                }","lastModifiedDate":"2024-02-22"},{"lineNumber":303,"author":{"gitId":"alalal47"},"content":"                else {","lastModifiedDate":"2024-02-22"},{"lineNumber":304,"author":{"gitId":"alalal47"},"content":"                    System.out.println(\"File creation failed\");","lastModifiedDate":"2024-02-22"},{"lineNumber":305,"author":{"gitId":"alalal47"},"content":"                }","lastModifiedDate":"2024-02-22"},{"lineNumber":306,"author":{"gitId":"alalal47"},"content":"            }","lastModifiedDate":"2024-02-22"},{"lineNumber":307,"author":{"gitId":"alalal47"},"content":"            catch(IOException e) {","lastModifiedDate":"2024-02-22"},{"lineNumber":308,"author":{"gitId":"alalal47"},"content":"                System.out.println(\"the hell?\");","lastModifiedDate":"2024-02-22"},{"lineNumber":309,"author":{"gitId":"alalal47"},"content":"            }","lastModifiedDate":"2024-02-22"},{"lineNumber":310,"author":{"gitId":"alalal47"},"content":"        }","lastModifiedDate":"2024-02-22"},{"lineNumber":311,"author":{"gitId":"alalal47"},"content":"        else {","lastModifiedDate":"2024-02-22"},{"lineNumber":312,"author":{"gitId":"alalal47"},"content":"            try {","lastModifiedDate":"2024-02-22"},{"lineNumber":313,"author":{"gitId":"alalal47"},"content":"                chat.initialisePreviousData();","lastModifiedDate":"2024-02-22"},{"lineNumber":314,"author":{"gitId":"alalal47"},"content":"                System.out.println(\"Data from your previous session was loaded\");","lastModifiedDate":"2024-02-22"},{"lineNumber":315,"author":{"gitId":"alalal47"},"content":"            }","lastModifiedDate":"2024-02-22"},{"lineNumber":316,"author":{"gitId":"alalal47"},"content":"            catch(NoSuchElementException e) {","lastModifiedDate":"2024-02-22"},{"lineNumber":317,"author":{"gitId":"alalal47"},"content":"                try {","lastModifiedDate":"2024-02-22"},{"lineNumber":318,"author":{"gitId":"alalal47"},"content":"                System.out.println(\"Previous Data corrupted and will be deleted!\");","lastModifiedDate":"2024-02-22"},{"lineNumber":319,"author":{"gitId":"alalal47"},"content":"                    chat.previousData.writeToFile(\"0\");","lastModifiedDate":"2024-02-22"},{"lineNumber":320,"author":{"gitId":"alalal47"},"content":"                }","lastModifiedDate":"2024-02-22"},{"lineNumber":321,"author":{"gitId":"alalal47"},"content":"                catch(IOException ex) {","lastModifiedDate":"2024-02-22"},{"lineNumber":322,"author":{"gitId":"alalal47"},"content":"                }","lastModifiedDate":"2024-02-22"},{"lineNumber":323,"author":{"gitId":"alalal47"},"content":"            }","lastModifiedDate":"2024-02-22"},{"lineNumber":324,"author":{"gitId":"alalal47"},"content":"        }","lastModifiedDate":"2024-02-22"},{"lineNumber":325,"author":{"gitId":"alalal47"},"content":"        while (1 \u003d\u003d 1) {","lastModifiedDate":"2024-01-31"},{"lineNumber":326,"author":{"gitId":"alalal47"},"content":"            String input;","lastModifiedDate":"2024-02-22"},{"lineNumber":327,"author":{"gitId":"alalal47"},"content":"            Scanner in \u003d new Scanner(System.in, \"UTF-8\");","lastModifiedDate":"2024-02-22"},{"lineNumber":328,"author":{"gitId":"alalal47"},"content":"            input \u003d in.nextLine();","lastModifiedDate":"2024-02-22"},{"lineNumber":329,"author":{"gitId":"alalal47"},"content":"            chat.readCommand(input);","lastModifiedDate":"2024-02-22"},{"lineNumber":330,"author":{"gitId":"alalal47"},"content":"        }","lastModifiedDate":"2024-01-31"},{"lineNumber":331,"author":{"gitId":"alalal47"},"content":"    }","lastModifiedDate":"2024-01-23"},{"lineNumber":332,"author":{"gitId":"alalal47"},"content":"}","lastModifiedDate":"2024-01-23"},{"lineNumber":333,"author":{"gitId":"alalal47"},"content":"","lastModifiedDate":"2024-01-31"}],"authorContributionMap":{"alalal47":333}},{"path":"src/main/java/Task.java","fileType":"java","lines":[{"lineNumber":1,"author":{"gitId":"alalal47"},"content":"public class Task {","lastModifiedDate":"2024-01-31"},{"lineNumber":2,"author":{"gitId":"alalal47"},"content":"        protected String description;","lastModifiedDate":"2024-01-31"},{"lineNumber":3,"author":{"gitId":"alalal47"},"content":"    protected boolean isDone;","lastModifiedDate":"2024-01-31"},{"lineNumber":4,"author":{"gitId":"alalal47"},"content":"","lastModifiedDate":"2024-01-31"},{"lineNumber":5,"author":{"gitId":"alalal47"},"content":"","lastModifiedDate":"2024-02-04"},{"lineNumber":6,"author":{"gitId":"alalal47"},"content":"    public Task(String description) {","lastModifiedDate":"2024-01-31"},{"lineNumber":7,"author":{"gitId":"alalal47"},"content":"        this.description \u003d description;","lastModifiedDate":"2024-01-31"},{"lineNumber":8,"author":{"gitId":"alalal47"},"content":"        this.isDone \u003d false;","lastModifiedDate":"2024-01-31"},{"lineNumber":9,"author":{"gitId":"alalal47"},"content":"    }","lastModifiedDate":"2024-01-31"},{"lineNumber":10,"author":{"gitId":"alalal47"},"content":"","lastModifiedDate":"2024-01-31"},{"lineNumber":11,"author":{"gitId":"alalal47"},"content":"    public void markAsDone() {","lastModifiedDate":"2024-01-31"},{"lineNumber":12,"author":{"gitId":"alalal47"},"content":"        this.isDone \u003d true;","lastModifiedDate":"2024-01-31"},{"lineNumber":13,"author":{"gitId":"alalal47"},"content":"        System.out.println(getTypeIcon() + getStatusIcon() + this.description);","lastModifiedDate":"2024-02-04"},{"lineNumber":14,"author":{"gitId":"alalal47"},"content":"    }","lastModifiedDate":"2024-01-31"},{"lineNumber":15,"author":{"gitId":"alalal47"},"content":"","lastModifiedDate":"2024-01-31"},{"lineNumber":16,"author":{"gitId":"alalal47"},"content":"    public void markAsDoneWithoutPrints() {","lastModifiedDate":"2024-02-22"},{"lineNumber":17,"author":{"gitId":"alalal47"},"content":"        this.isDone \u003d true;","lastModifiedDate":"2024-02-22"},{"lineNumber":18,"author":{"gitId":"alalal47"},"content":"    }","lastModifiedDate":"2024-02-22"},{"lineNumber":19,"author":{"gitId":"alalal47"},"content":"","lastModifiedDate":"2024-02-22"},{"lineNumber":20,"author":{"gitId":"alalal47"},"content":"    public void markAsUndone() {","lastModifiedDate":"2024-01-31"},{"lineNumber":21,"author":{"gitId":"alalal47"},"content":"        this.isDone \u003d false;","lastModifiedDate":"2024-01-31"},{"lineNumber":22,"author":{"gitId":"alalal47"},"content":"        System.out.println(getTypeIcon() + getStatusIcon() + this.description);","lastModifiedDate":"2024-02-04"},{"lineNumber":23,"author":{"gitId":"alalal47"},"content":"    }","lastModifiedDate":"2024-01-31"},{"lineNumber":24,"author":{"gitId":"alalal47"},"content":"","lastModifiedDate":"2024-01-31"},{"lineNumber":25,"author":{"gitId":"alalal47"},"content":"    public void markAsUndoneWithoutPrints() {","lastModifiedDate":"2024-02-22"},{"lineNumber":26,"author":{"gitId":"alalal47"},"content":"        this.isDone \u003d false;","lastModifiedDate":"2024-02-22"},{"lineNumber":27,"author":{"gitId":"alalal47"},"content":"    }","lastModifiedDate":"2024-02-22"},{"lineNumber":28,"author":{"gitId":"alalal47"},"content":"","lastModifiedDate":"2024-02-22"},{"lineNumber":29,"author":{"gitId":"alalal47"},"content":"    public String getStatusIcon() {","lastModifiedDate":"2024-01-31"},{"lineNumber":30,"author":{"gitId":"alalal47"},"content":"        return (isDone ? \"[X]\" : \"[ ]\"); // mark done task with X","lastModifiedDate":"2024-02-04"},{"lineNumber":31,"author":{"gitId":"alalal47"},"content":"    }","lastModifiedDate":"2024-02-04"},{"lineNumber":32,"author":{"gitId":"alalal47"},"content":"","lastModifiedDate":"2024-02-04"},{"lineNumber":33,"author":{"gitId":"alalal47"},"content":"    public void printTask() {","lastModifiedDate":"2024-02-04"},{"lineNumber":34,"author":{"gitId":"alalal47"},"content":"        return;","lastModifiedDate":"2024-02-04"},{"lineNumber":35,"author":{"gitId":"alalal47"},"content":"    }","lastModifiedDate":"2024-02-04"},{"lineNumber":36,"author":{"gitId":"alalal47"},"content":"","lastModifiedDate":"2024-02-04"},{"lineNumber":37,"author":{"gitId":"alalal47"},"content":"    public String getTypeIcon(){","lastModifiedDate":"2024-02-04"},{"lineNumber":38,"author":{"gitId":"alalal47"},"content":"        return \"?\";","lastModifiedDate":"2024-02-04"},{"lineNumber":39,"author":{"gitId":"alalal47"},"content":"    }","lastModifiedDate":"2024-01-31"},{"lineNumber":40,"author":{"gitId":"alalal47"},"content":"}","lastModifiedDate":"2024-01-31"}],"authorContributionMap":{"alalal47":40}},{"path":"src/main/java/ToDo.java","fileType":"java","lines":[{"lineNumber":1,"author":{"gitId":"alalal47"},"content":"public class ToDo extends Task{","lastModifiedDate":"2024-02-04"},{"lineNumber":2,"author":{"gitId":"alalal47"},"content":"        public ToDo(String description) {","lastModifiedDate":"2024-02-04"},{"lineNumber":3,"author":{"gitId":"alalal47"},"content":"        super(description);","lastModifiedDate":"2024-02-04"},{"lineNumber":4,"author":{"gitId":"alalal47"},"content":"    }","lastModifiedDate":"2024-02-04"},{"lineNumber":5,"author":{"gitId":"alalal47"},"content":"","lastModifiedDate":"2024-02-04"},{"lineNumber":6,"author":{"gitId":"alalal47"},"content":"    @Override","lastModifiedDate":"2024-02-04"},{"lineNumber":7,"author":{"gitId":"alalal47"},"content":"    public void printTask() {","lastModifiedDate":"2024-02-04"},{"lineNumber":8,"author":{"gitId":"alalal47"},"content":"        System.out.println (getTypeIcon() + getStatusIcon() + \" \" +  this.description);","lastModifiedDate":"2024-02-04"},{"lineNumber":9,"author":{"gitId":"alalal47"},"content":"    }","lastModifiedDate":"2024-02-04"},{"lineNumber":10,"author":{"gitId":"alalal47"},"content":"","lastModifiedDate":"2024-02-04"},{"lineNumber":11,"author":{"gitId":"alalal47"},"content":"    @Override","lastModifiedDate":"2024-02-04"},{"lineNumber":12,"author":{"gitId":"alalal47"},"content":"    public String getTypeIcon(){","lastModifiedDate":"2024-02-04"},{"lineNumber":13,"author":{"gitId":"alalal47"},"content":"        return \"[T]\";","lastModifiedDate":"2024-02-04"},{"lineNumber":14,"author":{"gitId":"alalal47"},"content":"    }","lastModifiedDate":"2024-02-04"},{"lineNumber":15,"author":{"gitId":"alalal47"},"content":"}","lastModifiedDate":"2024-02-04"}],"authorContributionMap":{"alalal47":15}}]
