{"authorDailyContributionsMap":{"soongensayo":[{"date":"2024-01-19","commitResults":[{"hash":"f9559d26f1a6f51b5cc886fa60aff3761679118c","isMergeCommit":false,"messageTitle":"Assign new chatbot name and implement initial skeleton version","messageBody":"","tags":["Level-0"],"fileTypesAndContributionMap":{"java":{"insertions":6,"deletions":10}}}]},{"date":"2024-01-27","commitResults":[{"hash":"4cfe50d2bb242e8675fa3db992f0e7c8ad0ca735","isMergeCommit":false,"messageTitle":"Add Echo","messageBody":"","tags":["Level-1"],"fileTypesAndContributionMap":{"java":{"insertions":15,"deletions":1}}},{"hash":"b479a4c5842bfec569e03cd067aaae1d2483af08","isMergeCommit":false,"messageTitle":"Add ability to store and display text","messageBody":"","tags":["Level-2"],"fileTypesAndContributionMap":{"java":{"insertions":14,"deletions":3}}},{"hash":"b6d03531069440328e151745a41a5fcbb5c2a262","isMergeCommit":false,"messageTitle":"Add ability to mark and unmark tasks as done","messageBody":"","tags":["Level-3"],"fileTypesAndContributionMap":{"java":{"insertions":49,"deletions":9}}}]},{"date":"2024-02-03","commitResults":[{"hash":"1941b37014612615bc83698ce35cf1e034be94bb","isMergeCommit":false,"messageTitle":"Add ToDos, Events, Deadlines","messageBody":"","tags":["Level-4"],"fileTypesAndContributionMap":{"java":{"insertions":69,"deletions":2}}}]},{"date":"2024-02-13","commitResults":[{"hash":"bb9d90abd9537e13142830ea48ed08cb70b16534","isMergeCommit":false,"messageTitle":"Add Error Handling","messageBody":"","tags":["A-Exceptions"],"fileTypesAndContributionMap":{"java":{"insertions":70,"deletions":53}}},{"hash":"457c3060c31ad6e9877a3f9c1512a5793580b798","isMergeCommit":true,"messageTitle":"Merge branch \u0027branch-level-5\u0027","messageBody":"Merge branch-level-5 back on to master\n","tags":["Level-5"],"fileTypesAndContributionMap":{}},{"hash":"a767669fb9c6b6c30e0452fea043cb72193258b2","isMergeCommit":false,"messageTitle":"Organise classes into package","messageBody":"","fileTypesAndContributionMap":{"java":{"insertions":12,"deletions":0}}},{"hash":"bc29b400bf6f194aff063c1e140297b618e27e18","isMergeCommit":true,"messageTitle":"Merge branch \u0027branch-A-Packages\u0027","messageBody":"","tags":["A-Packages"],"fileTypesAndContributionMap":{}}]}]},"authorFileTypeContributionMap":{"soongensayo":{"java":167,"md":0,"fxml":0,"sh":0,"bat":0,"gradle":0,"txt":0}},"authorContributionVariance":{"soongensayo":1078.2678},"authorDisplayNameMap":{"soongensayo":"CS2113-T11-2 LIM ..G EN"}}
