[{"path":"src/main/java/ByteBrew.java","fileType":"java","lines":[{"lineNumber":1,"author":{"gitId":"rouvinerh"},"content":"import java.util.Scanner;","lastModifiedDate":"2024-02-12"},{"lineNumber":2,"author":{"gitId":"rouvinerh"},"content":"","lastModifiedDate":"2024-02-12"},{"lineNumber":3,"author":{"gitId":"rouvinerh"},"content":"public class ByteBrew {","lastModifiedDate":"2024-02-12"},{"lineNumber":4,"author":{"gitId":"rouvinerh"},"content":"    public static String HORIZONTAL_LINE \u003d \"__________________________________________________\";","lastModifiedDate":"2024-02-12"},{"lineNumber":5,"author":{"gitId":"rouvinerh"},"content":"","lastModifiedDate":"2024-02-12"},{"lineNumber":6,"author":{"gitId":"rouvinerh"},"content":"    public static void startUp() {","lastModifiedDate":"2024-02-12"},{"lineNumber":7,"author":{"gitId":"rouvinerh"},"content":"        System.out.println(HORIZONTAL_LINE);","lastModifiedDate":"2024-02-12"},{"lineNumber":8,"author":{"gitId":"rouvinerh"},"content":"        System.out.println(\"Hello! I\u0027m ByteBrew!\");","lastModifiedDate":"2024-02-12"},{"lineNumber":9,"author":{"gitId":"rouvinerh"},"content":"        System.out.println(\"What can I do for you?\");","lastModifiedDate":"2024-02-12"},{"lineNumber":10,"author":{"gitId":"rouvinerh"},"content":"        System.out.println(HORIZONTAL_LINE);","lastModifiedDate":"2024-02-12"},{"lineNumber":11,"author":{"gitId":"rouvinerh"},"content":"    }","lastModifiedDate":"2024-02-12"},{"lineNumber":12,"author":{"gitId":"rouvinerh"},"content":"","lastModifiedDate":"2024-02-12"},{"lineNumber":13,"author":{"gitId":"rouvinerh"},"content":"    public static void shutDown() {","lastModifiedDate":"2024-02-12"},{"lineNumber":14,"author":{"gitId":"rouvinerh"},"content":"        System.out.println(HORIZONTAL_LINE);","lastModifiedDate":"2024-02-12"},{"lineNumber":15,"author":{"gitId":"rouvinerh"},"content":"        System.out.println(\"Bye! Hope to see you again soon!\");","lastModifiedDate":"2024-02-12"},{"lineNumber":16,"author":{"gitId":"rouvinerh"},"content":"        System.out.println(HORIZONTAL_LINE);","lastModifiedDate":"2024-02-12"},{"lineNumber":17,"author":{"gitId":"rouvinerh"},"content":"    }","lastModifiedDate":"2024-02-12"},{"lineNumber":18,"author":{"gitId":"rouvinerh"},"content":"","lastModifiedDate":"2024-02-12"},{"lineNumber":19,"author":{"gitId":"rouvinerh"},"content":"    public static void listTasks(Task[] tasks, int taskCount) {","lastModifiedDate":"2024-02-12"},{"lineNumber":20,"author":{"gitId":"rouvinerh"},"content":"        System.out.println(HORIZONTAL_LINE);","lastModifiedDate":"2024-02-12"},{"lineNumber":21,"author":{"gitId":"rouvinerh"},"content":"        System.out.println(\"Here\u0027s the task list: \");","lastModifiedDate":"2024-02-12"},{"lineNumber":22,"author":{"gitId":"rouvinerh"},"content":"","lastModifiedDate":"2024-02-12"},{"lineNumber":23,"author":{"gitId":"rouvinerh"},"content":"        for (int i \u003d 0; i \u003c taskCount; i++) {","lastModifiedDate":"2024-02-12"},{"lineNumber":24,"author":{"gitId":"rouvinerh"},"content":"            System.out.println((i + 1) + \". \"  + tasks[i]);","lastModifiedDate":"2024-02-12"},{"lineNumber":25,"author":{"gitId":"rouvinerh"},"content":"        }","lastModifiedDate":"2024-02-12"},{"lineNumber":26,"author":{"gitId":"rouvinerh"},"content":"","lastModifiedDate":"2024-02-12"},{"lineNumber":27,"author":{"gitId":"rouvinerh"},"content":"        System.out.println(HORIZONTAL_LINE);","lastModifiedDate":"2024-02-12"},{"lineNumber":28,"author":{"gitId":"rouvinerh"},"content":"    }","lastModifiedDate":"2024-02-12"},{"lineNumber":29,"author":{"gitId":"rouvinerh"},"content":"","lastModifiedDate":"2024-02-12"},{"lineNumber":30,"author":{"gitId":"rouvinerh"},"content":"    public static void markTask(Task[] tasks, int taskIndex, boolean isDone) {","lastModifiedDate":"2024-02-12"},{"lineNumber":31,"author":{"gitId":"rouvinerh"},"content":"        System.out.println(HORIZONTAL_LINE);","lastModifiedDate":"2024-02-12"},{"lineNumber":32,"author":{"gitId":"rouvinerh"},"content":"        Task taskToEdit \u003d tasks[taskIndex];","lastModifiedDate":"2024-02-12"},{"lineNumber":33,"author":{"gitId":"rouvinerh"},"content":"","lastModifiedDate":"2024-02-12"},{"lineNumber":34,"author":{"gitId":"rouvinerh"},"content":"        if (taskToEdit.isDone \u003d\u003d isDone) {","lastModifiedDate":"2024-02-12"},{"lineNumber":35,"author":{"gitId":"rouvinerh"},"content":"            System.out.println(\"Task is already marked as \" + (isDone ? \"done!\" : \"undone!\"));","lastModifiedDate":"2024-02-12"},{"lineNumber":36,"author":{"gitId":"rouvinerh"},"content":"            System.out.println(HORIZONTAL_LINE);","lastModifiedDate":"2024-02-12"},{"lineNumber":37,"author":{"gitId":"rouvinerh"},"content":"            return;","lastModifiedDate":"2024-02-12"},{"lineNumber":38,"author":{"gitId":"rouvinerh"},"content":"        }","lastModifiedDate":"2024-02-12"},{"lineNumber":39,"author":{"gitId":"rouvinerh"},"content":"","lastModifiedDate":"2024-02-12"},{"lineNumber":40,"author":{"gitId":"rouvinerh"},"content":"        else if (isDone) {","lastModifiedDate":"2024-02-12"},{"lineNumber":41,"author":{"gitId":"rouvinerh"},"content":"            System.out.println(\"Nice! I\u0027ve marked this task as done: \");","lastModifiedDate":"2024-02-12"},{"lineNumber":42,"author":{"gitId":"rouvinerh"},"content":"            taskToEdit.setStatus(true);","lastModifiedDate":"2024-02-12"},{"lineNumber":43,"author":{"gitId":"rouvinerh"},"content":"        }","lastModifiedDate":"2024-02-12"},{"lineNumber":44,"author":{"gitId":"rouvinerh"},"content":"","lastModifiedDate":"2024-02-12"},{"lineNumber":45,"author":{"gitId":"rouvinerh"},"content":"        else {","lastModifiedDate":"2024-02-12"},{"lineNumber":46,"author":{"gitId":"rouvinerh"},"content":"            System.out.println(\"OK, I\u0027ve marked this task as not done yet: \");","lastModifiedDate":"2024-02-12"},{"lineNumber":47,"author":{"gitId":"rouvinerh"},"content":"            taskToEdit.setStatus(false);","lastModifiedDate":"2024-02-12"},{"lineNumber":48,"author":{"gitId":"rouvinerh"},"content":"        }","lastModifiedDate":"2024-02-12"},{"lineNumber":49,"author":{"gitId":"rouvinerh"},"content":"","lastModifiedDate":"2024-02-12"},{"lineNumber":50,"author":{"gitId":"rouvinerh"},"content":"        System.out.println(taskToEdit);","lastModifiedDate":"2024-02-12"},{"lineNumber":51,"author":{"gitId":"rouvinerh"},"content":"        System.out.println(HORIZONTAL_LINE);","lastModifiedDate":"2024-02-12"},{"lineNumber":52,"author":{"gitId":"rouvinerh"},"content":"    }","lastModifiedDate":"2024-02-12"},{"lineNumber":53,"author":{"gitId":"rouvinerh"},"content":"","lastModifiedDate":"2024-02-12"},{"lineNumber":54,"author":{"gitId":"rouvinerh"},"content":"    public static String removeFirstWord(String input){","lastModifiedDate":"2024-02-12"},{"lineNumber":55,"author":{"gitId":"rouvinerh"},"content":"        return input.split(\" \",2)[1];","lastModifiedDate":"2024-02-12"},{"lineNumber":56,"author":{"gitId":"rouvinerh"},"content":"    }","lastModifiedDate":"2024-02-12"},{"lineNumber":57,"author":{"gitId":"rouvinerh"},"content":"","lastModifiedDate":"2024-02-12"},{"lineNumber":58,"author":{"gitId":"rouvinerh"},"content":"    public static void printAcknowledgement(String taskType, String description, int taskCount){","lastModifiedDate":"2024-02-12"},{"lineNumber":59,"author":{"gitId":"rouvinerh"},"content":"        System.out.println(HORIZONTAL_LINE);","lastModifiedDate":"2024-02-12"},{"lineNumber":60,"author":{"gitId":"rouvinerh"},"content":"        System.out.println(\"Added \" + taskType + \": \" + description);","lastModifiedDate":"2024-02-12"},{"lineNumber":61,"author":{"gitId":"rouvinerh"},"content":"        System.out.println(\"Total Number of Tasks: \" + taskCount);","lastModifiedDate":"2024-02-12"},{"lineNumber":62,"author":{"gitId":"rouvinerh"},"content":"        System.out.println(HORIZONTAL_LINE);","lastModifiedDate":"2024-02-12"},{"lineNumber":63,"author":{"gitId":"rouvinerh"},"content":"    }","lastModifiedDate":"2024-02-12"},{"lineNumber":64,"author":{"gitId":"rouvinerh"},"content":"","lastModifiedDate":"2024-02-12"},{"lineNumber":65,"author":{"gitId":"rouvinerh"},"content":"    public static String[] getDeadlineInformation(String input) {","lastModifiedDate":"2024-02-12"},{"lineNumber":66,"author":{"gitId":"rouvinerh"},"content":"        String inputWithoutTaskType \u003d removeFirstWord(input);","lastModifiedDate":"2024-02-12"},{"lineNumber":67,"author":{"gitId":"rouvinerh"},"content":"        String[] deadlineInformation \u003d new String[2];","lastModifiedDate":"2024-02-12"},{"lineNumber":68,"author":{"gitId":"rouvinerh"},"content":"        deadlineInformation[0] \u003d inputWithoutTaskType.split(\" /by \",2)[0];","lastModifiedDate":"2024-02-12"},{"lineNumber":69,"author":{"gitId":"rouvinerh"},"content":"        deadlineInformation[1] \u003d inputWithoutTaskType.split(\" /by \",2)[1];","lastModifiedDate":"2024-02-12"},{"lineNumber":70,"author":{"gitId":"rouvinerh"},"content":"        return deadlineInformation;","lastModifiedDate":"2024-02-12"},{"lineNumber":71,"author":{"gitId":"rouvinerh"},"content":"    }","lastModifiedDate":"2024-02-12"},{"lineNumber":72,"author":{"gitId":"rouvinerh"},"content":"","lastModifiedDate":"2024-02-12"},{"lineNumber":73,"author":{"gitId":"rouvinerh"},"content":"    public static String getEventDescription(String input) {","lastModifiedDate":"2024-02-12"},{"lineNumber":74,"author":{"gitId":"rouvinerh"},"content":"        String inputWithoutTaskType \u003d removeFirstWord(input);","lastModifiedDate":"2024-02-12"},{"lineNumber":75,"author":{"gitId":"rouvinerh"},"content":"        return inputWithoutTaskType.split(\" /from \",2)[0];","lastModifiedDate":"2024-02-12"},{"lineNumber":76,"author":{"gitId":"rouvinerh"},"content":"    }","lastModifiedDate":"2024-02-12"},{"lineNumber":77,"author":{"gitId":"rouvinerh"},"content":"","lastModifiedDate":"2024-02-12"},{"lineNumber":78,"author":{"gitId":"rouvinerh"},"content":"    public static String[] getEventTimings(String input) {","lastModifiedDate":"2024-02-12"},{"lineNumber":79,"author":{"gitId":"rouvinerh"},"content":"        String inputWithoutTaskType \u003d removeFirstWord(input);","lastModifiedDate":"2024-02-12"},{"lineNumber":80,"author":{"gitId":"rouvinerh"},"content":"        String[] timings \u003d new String[2];","lastModifiedDate":"2024-02-12"},{"lineNumber":81,"author":{"gitId":"rouvinerh"},"content":"        String timing \u003d inputWithoutTaskType.split(\" /from \", 2)[1];","lastModifiedDate":"2024-02-12"},{"lineNumber":82,"author":{"gitId":"rouvinerh"},"content":"","lastModifiedDate":"2024-02-12"},{"lineNumber":83,"author":{"gitId":"rouvinerh"},"content":"        timings[0] \u003d timing.split(\" /to \", 2)[0];","lastModifiedDate":"2024-02-12"},{"lineNumber":84,"author":{"gitId":"rouvinerh"},"content":"        timings[1] \u003d timing.split(\" /to \", 2)[1];","lastModifiedDate":"2024-02-12"},{"lineNumber":85,"author":{"gitId":"rouvinerh"},"content":"","lastModifiedDate":"2024-02-12"},{"lineNumber":86,"author":{"gitId":"rouvinerh"},"content":"        return timings;","lastModifiedDate":"2024-02-12"},{"lineNumber":87,"author":{"gitId":"rouvinerh"},"content":"    }","lastModifiedDate":"2024-02-12"},{"lineNumber":88,"author":{"gitId":"rouvinerh"},"content":"","lastModifiedDate":"2024-02-12"},{"lineNumber":89,"author":{"gitId":"rouvinerh"},"content":"    public static void printHelpMessage() {","lastModifiedDate":"2024-02-12"},{"lineNumber":90,"author":{"gitId":"rouvinerh"},"content":"        System.out.println(HORIZONTAL_LINE);","lastModifiedDate":"2024-02-12"},{"lineNumber":91,"author":{"gitId":"rouvinerh"},"content":"        System.out.println(\"Use either \u0027todo\u0027, \u0027event\u0027 or \u0027deadline\u0027 to add an item to the task list!\");","lastModifiedDate":"2024-02-12"},{"lineNumber":92,"author":{"gitId":"rouvinerh"},"content":"        System.out.println(\"Deadline Usage: deadline return book /by Sunday\");","lastModifiedDate":"2024-02-12"},{"lineNumber":93,"author":{"gitId":"rouvinerh"},"content":"        System.out.println(\"Event Usage: event project meeting /from Mon 2pm /to 4pm\");","lastModifiedDate":"2024-02-12"},{"lineNumber":94,"author":{"gitId":"rouvinerh"},"content":"        System.out.println(\"Todo Usage: todo borrow book\");","lastModifiedDate":"2024-02-12"},{"lineNumber":95,"author":{"gitId":"rouvinerh"},"content":"        System.out.println(\"Use \u0027bye\u0027 to end the bot!\");","lastModifiedDate":"2024-02-12"},{"lineNumber":96,"author":{"gitId":"rouvinerh"},"content":"        System.out.println(HORIZONTAL_LINE);","lastModifiedDate":"2024-02-12"},{"lineNumber":97,"author":{"gitId":"rouvinerh"},"content":"    }","lastModifiedDate":"2024-02-12"},{"lineNumber":98,"author":{"gitId":"rouvinerh"},"content":"","lastModifiedDate":"2024-02-12"},{"lineNumber":99,"author":{"gitId":"rouvinerh"},"content":"    public static void main(String[] args) {","lastModifiedDate":"2024-02-12"},{"lineNumber":100,"author":{"gitId":"rouvinerh"},"content":"        startUp();","lastModifiedDate":"2024-02-12"},{"lineNumber":101,"author":{"gitId":"rouvinerh"},"content":"        Scanner in \u003d new Scanner(System.in);","lastModifiedDate":"2024-02-12"},{"lineNumber":102,"author":{"gitId":"rouvinerh"},"content":"","lastModifiedDate":"2024-02-12"},{"lineNumber":103,"author":{"gitId":"rouvinerh"},"content":"        Task[] tasks \u003d new Task[100];","lastModifiedDate":"2024-02-12"},{"lineNumber":104,"author":{"gitId":"rouvinerh"},"content":"        int taskCount \u003d 0;","lastModifiedDate":"2024-02-12"},{"lineNumber":105,"author":{"gitId":"rouvinerh"},"content":"","lastModifiedDate":"2024-02-12"},{"lineNumber":106,"author":{"gitId":"rouvinerh"},"content":"        while (true) {","lastModifiedDate":"2024-02-12"},{"lineNumber":107,"author":{"gitId":"rouvinerh"},"content":"            String inputLine \u003d in.nextLine().trim();","lastModifiedDate":"2024-02-12"},{"lineNumber":108,"author":{"gitId":"rouvinerh"},"content":"            String[] words \u003d inputLine.split(\" \");","lastModifiedDate":"2024-02-12"},{"lineNumber":109,"author":{"gitId":"rouvinerh"},"content":"","lastModifiedDate":"2024-02-12"},{"lineNumber":110,"author":{"gitId":"rouvinerh"},"content":"            try {","lastModifiedDate":"2024-02-12"},{"lineNumber":111,"author":{"gitId":"rouvinerh"},"content":"                switch (words[0]) {","lastModifiedDate":"2024-02-12"},{"lineNumber":112,"author":{"gitId":"rouvinerh"},"content":"","lastModifiedDate":"2024-02-12"},{"lineNumber":113,"author":{"gitId":"rouvinerh"},"content":"                case \"bye\":","lastModifiedDate":"2024-02-12"},{"lineNumber":114,"author":{"gitId":"rouvinerh"},"content":"                    shutDown();","lastModifiedDate":"2024-02-12"},{"lineNumber":115,"author":{"gitId":"rouvinerh"},"content":"                    return;","lastModifiedDate":"2024-02-12"},{"lineNumber":116,"author":{"gitId":"rouvinerh"},"content":"","lastModifiedDate":"2024-02-12"},{"lineNumber":117,"author":{"gitId":"rouvinerh"},"content":"                case \"help\":","lastModifiedDate":"2024-02-12"},{"lineNumber":118,"author":{"gitId":"rouvinerh"},"content":"                    printHelpMessage();","lastModifiedDate":"2024-02-12"},{"lineNumber":119,"author":{"gitId":"rouvinerh"},"content":"                    continue;","lastModifiedDate":"2024-02-12"},{"lineNumber":120,"author":{"gitId":"rouvinerh"},"content":"","lastModifiedDate":"2024-02-12"},{"lineNumber":121,"author":{"gitId":"rouvinerh"},"content":"                case \"deadline\":","lastModifiedDate":"2024-02-12"},{"lineNumber":122,"author":{"gitId":"rouvinerh"},"content":"                    if (words.length \u003d\u003d 1) {","lastModifiedDate":"2024-02-12"},{"lineNumber":123,"author":{"gitId":"rouvinerh"},"content":"                        throw new ByteBrewException(\"Description of a deadline cannot be empty!\\n\" +","lastModifiedDate":"2024-02-12"},{"lineNumber":124,"author":{"gitId":"rouvinerh"},"content":"                                                    \"Usage: deadline return book /by Sunday\");","lastModifiedDate":"2024-02-12"},{"lineNumber":125,"author":{"gitId":"rouvinerh"},"content":"                    }","lastModifiedDate":"2024-02-12"},{"lineNumber":126,"author":{"gitId":"rouvinerh"},"content":"                    String[] deadlineInformation \u003d getDeadlineInformation(inputLine);","lastModifiedDate":"2024-02-12"},{"lineNumber":127,"author":{"gitId":"rouvinerh"},"content":"                    String deadlineDescription \u003d deadlineInformation[0];","lastModifiedDate":"2024-02-12"},{"lineNumber":128,"author":{"gitId":"rouvinerh"},"content":"                    String by \u003d deadlineInformation[1];","lastModifiedDate":"2024-02-12"},{"lineNumber":129,"author":{"gitId":"rouvinerh"},"content":"                    Deadline deadline \u003d new Deadline(deadlineDescription, by);","lastModifiedDate":"2024-02-12"},{"lineNumber":130,"author":{"gitId":"rouvinerh"},"content":"                    tasks[taskCount] \u003d deadline;","lastModifiedDate":"2024-02-12"},{"lineNumber":131,"author":{"gitId":"rouvinerh"},"content":"                    taskCount +\u003d 1;","lastModifiedDate":"2024-02-12"},{"lineNumber":132,"author":{"gitId":"rouvinerh"},"content":"                    printAcknowledgement(\"Deadline\", deadlineDescription, taskCount);","lastModifiedDate":"2024-02-12"},{"lineNumber":133,"author":{"gitId":"rouvinerh"},"content":"                    continue;","lastModifiedDate":"2024-02-12"},{"lineNumber":134,"author":{"gitId":"rouvinerh"},"content":"","lastModifiedDate":"2024-02-12"},{"lineNumber":135,"author":{"gitId":"rouvinerh"},"content":"                case \"event\":","lastModifiedDate":"2024-02-12"},{"lineNumber":136,"author":{"gitId":"rouvinerh"},"content":"                    if (words.length \u003d\u003d 1) {","lastModifiedDate":"2024-02-12"},{"lineNumber":137,"author":{"gitId":"rouvinerh"},"content":"                        throw new ByteBrewException(\"Description of an event cannot be empty!\\n\" +","lastModifiedDate":"2024-02-12"},{"lineNumber":138,"author":{"gitId":"rouvinerh"},"content":"                                                    \"Usage: event project meeting /from Mon 2pm /to 4pm\");","lastModifiedDate":"2024-02-12"},{"lineNumber":139,"author":{"gitId":"rouvinerh"},"content":"                    }","lastModifiedDate":"2024-02-12"},{"lineNumber":140,"author":{"gitId":"rouvinerh"},"content":"                    String[] timings \u003d getEventTimings(inputLine);","lastModifiedDate":"2024-02-12"},{"lineNumber":141,"author":{"gitId":"rouvinerh"},"content":"                    String eventDescription \u003d getEventDescription(inputLine);","lastModifiedDate":"2024-02-12"},{"lineNumber":142,"author":{"gitId":"rouvinerh"},"content":"                    Event event \u003d new Event(eventDescription, timings[0], timings[1]);","lastModifiedDate":"2024-02-12"},{"lineNumber":143,"author":{"gitId":"rouvinerh"},"content":"                    tasks[taskCount] \u003d event;","lastModifiedDate":"2024-02-12"},{"lineNumber":144,"author":{"gitId":"rouvinerh"},"content":"                    taskCount +\u003d 1;","lastModifiedDate":"2024-02-12"},{"lineNumber":145,"author":{"gitId":"rouvinerh"},"content":"                    printAcknowledgement(\"Event\", eventDescription, taskCount);","lastModifiedDate":"2024-02-12"},{"lineNumber":146,"author":{"gitId":"rouvinerh"},"content":"                    continue;","lastModifiedDate":"2024-02-12"},{"lineNumber":147,"author":{"gitId":"rouvinerh"},"content":"","lastModifiedDate":"2024-02-12"},{"lineNumber":148,"author":{"gitId":"rouvinerh"},"content":"                case \"todo\":","lastModifiedDate":"2024-02-12"},{"lineNumber":149,"author":{"gitId":"rouvinerh"},"content":"                    if (words.length \u003d\u003d 1) {","lastModifiedDate":"2024-02-12"},{"lineNumber":150,"author":{"gitId":"rouvinerh"},"content":"                        throw new ByteBrewException(\"Description of a todo cannot be empty!\\n\" +","lastModifiedDate":"2024-02-12"},{"lineNumber":151,"author":{"gitId":"rouvinerh"},"content":"                                                    \"Usage: todo borrow book\");","lastModifiedDate":"2024-02-12"},{"lineNumber":152,"author":{"gitId":"rouvinerh"},"content":"                    }","lastModifiedDate":"2024-02-12"},{"lineNumber":153,"author":{"gitId":"rouvinerh"},"content":"                    Todo newTodo \u003d new Todo(removeFirstWord(inputLine));","lastModifiedDate":"2024-02-12"},{"lineNumber":154,"author":{"gitId":"rouvinerh"},"content":"                    tasks[taskCount] \u003d newTodo;","lastModifiedDate":"2024-02-12"},{"lineNumber":155,"author":{"gitId":"rouvinerh"},"content":"                    taskCount +\u003d 1;","lastModifiedDate":"2024-02-12"},{"lineNumber":156,"author":{"gitId":"rouvinerh"},"content":"                    printAcknowledgement(\"Todo\", removeFirstWord(inputLine), taskCount);","lastModifiedDate":"2024-02-12"},{"lineNumber":157,"author":{"gitId":"rouvinerh"},"content":"                    continue;","lastModifiedDate":"2024-02-12"},{"lineNumber":158,"author":{"gitId":"rouvinerh"},"content":"","lastModifiedDate":"2024-02-12"},{"lineNumber":159,"author":{"gitId":"rouvinerh"},"content":"                case \"list\":","lastModifiedDate":"2024-02-12"},{"lineNumber":160,"author":{"gitId":"rouvinerh"},"content":"                    if (taskCount \u003d\u003d 0) {","lastModifiedDate":"2024-02-12"},{"lineNumber":161,"author":{"gitId":"rouvinerh"},"content":"                        throw new ByteBrewException(\"There is nothing in the list!\");","lastModifiedDate":"2024-02-12"},{"lineNumber":162,"author":{"gitId":"rouvinerh"},"content":"                    }","lastModifiedDate":"2024-02-12"},{"lineNumber":163,"author":{"gitId":"rouvinerh"},"content":"                    listTasks(tasks, taskCount);","lastModifiedDate":"2024-02-12"},{"lineNumber":164,"author":{"gitId":"rouvinerh"},"content":"                    continue;","lastModifiedDate":"2024-02-12"},{"lineNumber":165,"author":{"gitId":"rouvinerh"},"content":"","lastModifiedDate":"2024-02-12"},{"lineNumber":166,"author":{"gitId":"rouvinerh"},"content":"                case \"unmark\":","lastModifiedDate":"2024-02-12"},{"lineNumber":167,"author":{"gitId":"rouvinerh"},"content":"                    if (words.length \u003d\u003d 1) {","lastModifiedDate":"2024-02-12"},{"lineNumber":168,"author":{"gitId":"rouvinerh"},"content":"                        throw new ByteBrewException(\"Please specify an index to unmark!\\n\" +","lastModifiedDate":"2024-02-12"},{"lineNumber":169,"author":{"gitId":"rouvinerh"},"content":"                                                    \"Usage: unmark 1\");","lastModifiedDate":"2024-02-12"},{"lineNumber":170,"author":{"gitId":"rouvinerh"},"content":"                    }","lastModifiedDate":"2024-02-12"},{"lineNumber":171,"author":{"gitId":"rouvinerh"},"content":"                    int unmarkIndex \u003d Integer.parseInt(words[1]) - 1;","lastModifiedDate":"2024-02-12"},{"lineNumber":172,"author":{"gitId":"rouvinerh"},"content":"                    if (unmarkIndex \u003c 0 || unmarkIndex \u003e\u003d taskCount) {","lastModifiedDate":"2024-02-12"},{"lineNumber":173,"author":{"gitId":"rouvinerh"},"content":"                        throw new ByteBrewException(\"Please specify a valid index!\\n\" +","lastModifiedDate":"2024-02-12"},{"lineNumber":174,"author":{"gitId":"rouvinerh"},"content":"                                                    \"Current number of tasks: \" + taskCount);","lastModifiedDate":"2024-02-12"},{"lineNumber":175,"author":{"gitId":"rouvinerh"},"content":"                    }","lastModifiedDate":"2024-02-12"},{"lineNumber":176,"author":{"gitId":"rouvinerh"},"content":"                    markTask(tasks, unmarkIndex, false);","lastModifiedDate":"2024-02-12"},{"lineNumber":177,"author":{"gitId":"rouvinerh"},"content":"                    continue;","lastModifiedDate":"2024-02-12"},{"lineNumber":178,"author":{"gitId":"rouvinerh"},"content":"","lastModifiedDate":"2024-02-12"},{"lineNumber":179,"author":{"gitId":"rouvinerh"},"content":"                case \"mark\":","lastModifiedDate":"2024-02-12"},{"lineNumber":180,"author":{"gitId":"rouvinerh"},"content":"                    if (words.length \u003d\u003d 1) {","lastModifiedDate":"2024-02-12"},{"lineNumber":181,"author":{"gitId":"rouvinerh"},"content":"                        throw new ByteBrewException(\"Please specify an index to unmark!\\n\" +","lastModifiedDate":"2024-02-12"},{"lineNumber":182,"author":{"gitId":"rouvinerh"},"content":"                                                    \"Usage: mark 2\");","lastModifiedDate":"2024-02-12"},{"lineNumber":183,"author":{"gitId":"rouvinerh"},"content":"                    }","lastModifiedDate":"2024-02-12"},{"lineNumber":184,"author":{"gitId":"rouvinerh"},"content":"                    int markIndex \u003d Integer.parseInt(words[1]) - 1;","lastModifiedDate":"2024-02-12"},{"lineNumber":185,"author":{"gitId":"rouvinerh"},"content":"                    if (markIndex \u003c 0 || markIndex \u003e\u003d taskCount) {","lastModifiedDate":"2024-02-12"},{"lineNumber":186,"author":{"gitId":"rouvinerh"},"content":"                        throw new ByteBrewException(\"Please specify a valid index!\\n\" +","lastModifiedDate":"2024-02-12"},{"lineNumber":187,"author":{"gitId":"rouvinerh"},"content":"                                                    \"Current number of tasks: \" + taskCount);","lastModifiedDate":"2024-02-12"},{"lineNumber":188,"author":{"gitId":"rouvinerh"},"content":"                    }","lastModifiedDate":"2024-02-12"},{"lineNumber":189,"author":{"gitId":"rouvinerh"},"content":"                    markTask(tasks, markIndex, true);","lastModifiedDate":"2024-02-12"},{"lineNumber":190,"author":{"gitId":"rouvinerh"},"content":"                    continue;","lastModifiedDate":"2024-02-12"},{"lineNumber":191,"author":{"gitId":"rouvinerh"},"content":"","lastModifiedDate":"2024-02-12"},{"lineNumber":192,"author":{"gitId":"rouvinerh"},"content":"                default:","lastModifiedDate":"2024-02-12"},{"lineNumber":193,"author":{"gitId":"rouvinerh"},"content":"                    throw new ByteBrewException(\"Invalid command! Use \u0027help\u0027 to see the commands available!\");","lastModifiedDate":"2024-02-12"},{"lineNumber":194,"author":{"gitId":"rouvinerh"},"content":"                }","lastModifiedDate":"2024-02-12"},{"lineNumber":195,"author":{"gitId":"rouvinerh"},"content":"            }","lastModifiedDate":"2024-02-12"},{"lineNumber":196,"author":{"gitId":"rouvinerh"},"content":"            catch (ByteBrewException e) {","lastModifiedDate":"2024-02-12"},{"lineNumber":197,"author":{"gitId":"rouvinerh"},"content":"                System.out.print(e.getMessage());","lastModifiedDate":"2024-02-12"},{"lineNumber":198,"author":{"gitId":"rouvinerh"},"content":"            }","lastModifiedDate":"2024-02-12"},{"lineNumber":199,"author":{"gitId":"rouvinerh"},"content":"        }","lastModifiedDate":"2024-02-12"},{"lineNumber":200,"author":{"gitId":"rouvinerh"},"content":"    }","lastModifiedDate":"2024-02-12"},{"lineNumber":201,"author":{"gitId":"rouvinerh"},"content":"}","lastModifiedDate":"2024-02-12"}],"authorContributionMap":{"rouvinerh":201}},{"path":"src/main/java/ByteBrewException.java","fileType":"java","lines":[{"lineNumber":1,"author":{"gitId":"rouvinerh"},"content":"public class ByteBrewException extends Exception {","lastModifiedDate":"2024-02-12"},{"lineNumber":2,"author":{"gitId":"rouvinerh"},"content":"    public static String HORIZONTAL_LINE \u003d \"__________________________________________________\\n\";","lastModifiedDate":"2024-02-12"},{"lineNumber":3,"author":{"gitId":"rouvinerh"},"content":"    public ByteBrewException(String message) {","lastModifiedDate":"2024-02-12"},{"lineNumber":4,"author":{"gitId":"rouvinerh"},"content":"        super(HORIZONTAL_LINE + message + \"\\n\" + HORIZONTAL_LINE);","lastModifiedDate":"2024-02-12"},{"lineNumber":5,"author":{"gitId":"rouvinerh"},"content":"    }","lastModifiedDate":"2024-02-12"},{"lineNumber":6,"author":{"gitId":"rouvinerh"},"content":"}","lastModifiedDate":"2024-02-12"}],"authorContributionMap":{"rouvinerh":6}},{"path":"src/main/java/Deadline.java","fileType":"java","lines":[{"lineNumber":1,"author":{"gitId":"rouvinerh"},"content":"public class Deadline extends Task {","lastModifiedDate":"2024-02-05"},{"lineNumber":2,"author":{"gitId":"rouvinerh"},"content":"    protected String by;","lastModifiedDate":"2024-02-05"},{"lineNumber":3,"author":{"gitId":"rouvinerh"},"content":"","lastModifiedDate":"2024-02-05"},{"lineNumber":4,"author":{"gitId":"rouvinerh"},"content":"    public Deadline(String description, String by) {","lastModifiedDate":"2024-02-05"},{"lineNumber":5,"author":{"gitId":"rouvinerh"},"content":"        super(description);","lastModifiedDate":"2024-02-05"},{"lineNumber":6,"author":{"gitId":"rouvinerh"},"content":"        this.by \u003d by;","lastModifiedDate":"2024-02-05"},{"lineNumber":7,"author":{"gitId":"rouvinerh"},"content":"    }","lastModifiedDate":"2024-02-05"},{"lineNumber":8,"author":{"gitId":"rouvinerh"},"content":"","lastModifiedDate":"2024-02-05"},{"lineNumber":9,"author":{"gitId":"rouvinerh"},"content":"    @Override","lastModifiedDate":"2024-02-05"},{"lineNumber":10,"author":{"gitId":"rouvinerh"},"content":"    public String toString() {","lastModifiedDate":"2024-02-05"},{"lineNumber":11,"author":{"gitId":"rouvinerh"},"content":"        return \"[D] [\" + getStatusIcon() + \"] \" + getDescription() + \" (by: \" + by + \")\";","lastModifiedDate":"2024-02-05"},{"lineNumber":12,"author":{"gitId":"rouvinerh"},"content":"    }","lastModifiedDate":"2024-02-05"},{"lineNumber":13,"author":{"gitId":"rouvinerh"},"content":"}","lastModifiedDate":"2024-02-05"}],"authorContributionMap":{"rouvinerh":13}},{"path":"src/main/java/Event.java","fileType":"java","lines":[{"lineNumber":1,"author":{"gitId":"rouvinerh"},"content":"public class Event extends Task{","lastModifiedDate":"2024-02-05"},{"lineNumber":2,"author":{"gitId":"rouvinerh"},"content":"    private String from;","lastModifiedDate":"2024-02-05"},{"lineNumber":3,"author":{"gitId":"rouvinerh"},"content":"    private String to;","lastModifiedDate":"2024-02-05"},{"lineNumber":4,"author":{"gitId":"rouvinerh"},"content":"    public Event(String taskName, String from, String to) {","lastModifiedDate":"2024-02-05"},{"lineNumber":5,"author":{"gitId":"rouvinerh"},"content":"        super(taskName);","lastModifiedDate":"2024-02-05"},{"lineNumber":6,"author":{"gitId":"rouvinerh"},"content":"        this.from \u003d from;","lastModifiedDate":"2024-02-05"},{"lineNumber":7,"author":{"gitId":"rouvinerh"},"content":"        this.to \u003d to;","lastModifiedDate":"2024-02-05"},{"lineNumber":8,"author":{"gitId":"rouvinerh"},"content":"    }","lastModifiedDate":"2024-02-05"},{"lineNumber":9,"author":{"gitId":"rouvinerh"},"content":"","lastModifiedDate":"2024-02-05"},{"lineNumber":10,"author":{"gitId":"rouvinerh"},"content":"    @Override","lastModifiedDate":"2024-02-05"},{"lineNumber":11,"author":{"gitId":"rouvinerh"},"content":"    public String toString() {","lastModifiedDate":"2024-02-05"},{"lineNumber":12,"author":{"gitId":"rouvinerh"},"content":"        return \"[E] [\" + getStatusIcon() + \"] \" + getDescription() + \" (from: \" + from + \" to: \" + to + \")\";","lastModifiedDate":"2024-02-05"},{"lineNumber":13,"author":{"gitId":"rouvinerh"},"content":"    }","lastModifiedDate":"2024-02-05"},{"lineNumber":14,"author":{"gitId":"rouvinerh"},"content":"}","lastModifiedDate":"2024-02-05"}],"authorContributionMap":{"rouvinerh":14}},{"path":"src/main/java/Task.java","fileType":"java","lines":[{"lineNumber":1,"author":{"gitId":"rouvinerh"},"content":"public class Task {","lastModifiedDate":"2024-01-28"},{"lineNumber":2,"author":{"gitId":"rouvinerh"},"content":"    protected String description;","lastModifiedDate":"2024-01-28"},{"lineNumber":3,"author":{"gitId":"rouvinerh"},"content":"    protected boolean isDone;","lastModifiedDate":"2024-01-28"},{"lineNumber":4,"author":{"gitId":"rouvinerh"},"content":"","lastModifiedDate":"2024-01-28"},{"lineNumber":5,"author":{"gitId":"rouvinerh"},"content":"    public Task(String description) {","lastModifiedDate":"2024-01-28"},{"lineNumber":6,"author":{"gitId":"rouvinerh"},"content":"        this.description \u003d description;","lastModifiedDate":"2024-01-28"},{"lineNumber":7,"author":{"gitId":"rouvinerh"},"content":"        this.isDone \u003d false;","lastModifiedDate":"2024-01-28"},{"lineNumber":8,"author":{"gitId":"rouvinerh"},"content":"    }","lastModifiedDate":"2024-01-28"},{"lineNumber":9,"author":{"gitId":"rouvinerh"},"content":"","lastModifiedDate":"2024-01-28"},{"lineNumber":10,"author":{"gitId":"rouvinerh"},"content":"    public String getDescription() {","lastModifiedDate":"2024-01-28"},{"lineNumber":11,"author":{"gitId":"rouvinerh"},"content":"        return this.description;","lastModifiedDate":"2024-01-28"},{"lineNumber":12,"author":{"gitId":"rouvinerh"},"content":"    }","lastModifiedDate":"2024-01-28"},{"lineNumber":13,"author":{"gitId":"rouvinerh"},"content":"","lastModifiedDate":"2024-01-28"},{"lineNumber":14,"author":{"gitId":"rouvinerh"},"content":"    public String getStatusIcon() {","lastModifiedDate":"2024-01-28"},{"lineNumber":15,"author":{"gitId":"rouvinerh"},"content":"        return (isDone ? \"X\" : \" \");","lastModifiedDate":"2024-01-28"},{"lineNumber":16,"author":{"gitId":"rouvinerh"},"content":"    }","lastModifiedDate":"2024-01-28"},{"lineNumber":17,"author":{"gitId":"rouvinerh"},"content":"","lastModifiedDate":"2024-01-28"},{"lineNumber":18,"author":{"gitId":"rouvinerh"},"content":"    public void setStatus(boolean isDone) {","lastModifiedDate":"2024-02-05"},{"lineNumber":19,"author":{"gitId":"rouvinerh"},"content":"        this.isDone \u003d isDone;","lastModifiedDate":"2024-02-05"},{"lineNumber":20,"author":{"gitId":"rouvinerh"},"content":"    }","lastModifiedDate":"2024-01-28"},{"lineNumber":21,"author":{"gitId":"rouvinerh"},"content":"","lastModifiedDate":"2024-02-05"},{"lineNumber":22,"author":{"gitId":"rouvinerh"},"content":"    public String printTask() {","lastModifiedDate":"2024-02-05"},{"lineNumber":23,"author":{"gitId":"rouvinerh"},"content":"        return \"[\" + getStatusIcon() + \"]\" + getDescription();","lastModifiedDate":"2024-02-05"},{"lineNumber":24,"author":{"gitId":"rouvinerh"},"content":"    }","lastModifiedDate":"2024-02-05"},{"lineNumber":25,"author":{"gitId":"rouvinerh"},"content":"","lastModifiedDate":"2024-02-05"},{"lineNumber":26,"author":{"gitId":"rouvinerh"},"content":"}","lastModifiedDate":"2024-01-28"}],"authorContributionMap":{"rouvinerh":26}},{"path":"src/main/java/Todo.java","fileType":"java","lines":[{"lineNumber":1,"author":{"gitId":"rouvinerh"},"content":"public class Todo extends Task{","lastModifiedDate":"2024-02-05"},{"lineNumber":2,"author":{"gitId":"rouvinerh"},"content":"    public Todo(String taskName) {","lastModifiedDate":"2024-02-05"},{"lineNumber":3,"author":{"gitId":"rouvinerh"},"content":"        super(taskName);","lastModifiedDate":"2024-02-05"},{"lineNumber":4,"author":{"gitId":"rouvinerh"},"content":"    }","lastModifiedDate":"2024-02-05"},{"lineNumber":5,"author":{"gitId":"rouvinerh"},"content":"","lastModifiedDate":"2024-02-05"},{"lineNumber":6,"author":{"gitId":"rouvinerh"},"content":"    @Override","lastModifiedDate":"2024-02-05"},{"lineNumber":7,"author":{"gitId":"rouvinerh"},"content":"    public String toString() {","lastModifiedDate":"2024-02-05"},{"lineNumber":8,"author":{"gitId":"rouvinerh"},"content":"        return \"[T] [\" + getStatusIcon() + \"] \" + getDescription();","lastModifiedDate":"2024-02-05"},{"lineNumber":9,"author":{"gitId":"rouvinerh"},"content":"    }","lastModifiedDate":"2024-02-05"},{"lineNumber":10,"author":{"gitId":"rouvinerh"},"content":"}","lastModifiedDate":"2024-02-05"}],"authorContributionMap":{"rouvinerh":10}}]
