{"authorDailyContributionsMap":{"Vavinan":[{"date":"2024-01-24","commitResults":[{"hash":"e965c9dbddb3e819e130e13fddde3282f0033e02","isMergeCommit":false,"messageTitle":"Rename chatbot Duke to Zoro","messageBody":"","fileTypesAndContributionMap":{"java":{"insertions":1,"deletions":1},"bat":{"insertions":1,"deletions":1},"md":{"insertions":2,"deletions":2}}},{"hash":"d5e9b3cf68bd88cb23be8ac6bda628b143ee94e4","isMergeCommit":false,"messageTitle":"Level 0: Add Greet and Exit message","messageBody":"","tags":["Level-0"],"fileTypesAndContributionMap":{"java":{"insertions":7,"deletions":6}}}]},{"date":"2024-02-02","commitResults":[{"hash":"604ba5046cf5717472abfb06ee8106d9a5237631","isMergeCommit":false,"messageTitle":"Add Echo Feature","messageBody":"","tags":["Level-1"],"fileTypesAndContributionMap":{"java":{"insertions":28,"deletions":6}}},{"hash":"addd36fc3c532d7a2d7822e50099318843215937","isMergeCommit":false,"messageTitle":"Add Task List Feature","messageBody":"","tags":["Level-2"],"fileTypesAndContributionMap":{"java":{"insertions":29,"deletions":5}}},{"hash":"38143726bb18b2460b73de829da581b6a1dc6af3","isMergeCommit":false,"messageTitle":"Add Task Class","messageBody":"","fileTypesAndContributionMap":{"java":{"insertions":21,"deletions":0}}},{"hash":"abdcb8d291c5700fa150cc7ef2d2c2de62257a24","isMergeCommit":false,"messageTitle":"Add Task Management Feature","messageBody":"","tags":["Level-3"],"fileTypesAndContributionMap":{"java":{"insertions":50,"deletions":17}}},{"hash":"56f204e4bc691b18fcfac6e9dbbb1b35549dbf26","isMergeCommit":false,"messageTitle":"Format code to follow Coding Standards","messageBody":"","tags":["A-CodingStandard"],"fileTypesAndContributionMap":{"java":{"insertions":15,"deletions":12}}}]},{"date":"2024-02-07","commitResults":[{"hash":"8a9b6fe54ac77d5e0fc9c409cb4ca98c6dcc953d","isMergeCommit":false,"messageTitle":"Add TaskManager and UserInterface classes","messageBody":"","fileTypesAndContributionMap":{"java":{"insertions":4,"deletions":0}}},{"hash":"186ec5524424534d816b2203aacc909c02062033","isMergeCommit":false,"messageTitle":"Add Deadline, Event, and Todo classes.","messageBody":"","fileTypesAndContributionMap":{"java":{"insertions":6,"deletions":0}}},{"hash":"89b7882046a2c6c995162e862ac85b6551127980","isMergeCommit":false,"messageTitle":"Inherit Deadline, Event, and Todo from Task class.","messageBody":"","fileTypesAndContributionMap":{"java":{"insertions":41,"deletions":4}}},{"hash":"50497074f60374345e59abd29a79b5ee2d388c77","isMergeCommit":false,"messageTitle":"Add Support for Tracking three types of Tasks.","messageBody":"","tags":["Level-4"],"fileTypesAndContributionMap":{"java":{"insertions":146,"deletions":69}}}]},{"date":"2024-02-08","commitResults":[{"hash":"1535dd641b01a30ed0895034f7b6cbe8fbccc962","isMergeCommit":false,"messageTitle":"Update: if-else to switch, refine constants","messageBody":"","tags":["A-CodeQuality"],"fileTypesAndContributionMap":{"java":{"insertions":83,"deletions":44}}}]},{"date":"2024-02-15","commitResults":[{"hash":"ca6a9c131e30d3359324bffeb64ad02329490d08","isMergeCommit":false,"messageTitle":"Add exceptions: Inavlid Task Format","messageBody":"","tags":["A-Exceptions"],"fileTypesAndContributionMap":{"java":{"insertions":12,"deletions":0}}}]},{"date":"2024-02-16","commitResults":[{"hash":"43da4f0042fec3cc6b1ab84b9bb12e584c79e560","isMergeCommit":false,"messageTitle":"Extend Exception for Deadline, Event, and Todo Formats","messageBody":"","fileTypesAndContributionMap":{"java":{"insertions":14,"deletions":3}}},{"hash":"eee31f5b703bf121d1ff53c22ded59245f586c0e","isMergeCommit":false,"messageTitle":"Implement Exception Handling for Task Operations, Mark, Unmark","messageBody":"","fileTypesAndContributionMap":{"java":{"insertions":135,"deletions":71}}},{"hash":"fa4997ff0457b6c83f8b6eb10f77c8665dfc7faf","isMergeCommit":true,"messageTitle":"Merge branch \u0027branch-Level-5\u0027","messageBody":"","tags":["Level-5"],"fileTypesAndContributionMap":{}}]},{"date":"2024-02-22","commitResults":[{"hash":"ea76187ae7d3e97e56918238923434b251828830","isMergeCommit":false,"messageTitle":"Refactor TaskManager and UserInterface to use Java Collections","messageBody":"","tags":["A-Collections"],"fileTypesAndContributionMap":{"java":{"insertions":24,"deletions":25}}},{"hash":"87ce9be67f5cf6ce5255ee883361f8a7a2f69b6e","isMergeCommit":false,"messageTitle":"Add support for deleting tasks from the list","messageBody":"","fileTypesAndContributionMap":{"java":{"insertions":29,"deletions":3}}},{"hash":"dedea84dc89325e1a5d6e1888527c1e400d3ba01","isMergeCommit":false,"messageTitle":"Feature: Implement toFileString() in Task and its subclasses","messageBody":"","fileTypesAndContributionMap":{"java":{"insertions":20,"deletions":0}}},{"hash":"9f8a0e2c15f83eb3bd91bb62f33c5f583305f63e","isMergeCommit":false,"messageTitle":"Implement local task save feature","messageBody":"","fileTypesAndContributionMap":{"java":{"insertions":93,"deletions":6}}},{"hash":"df7fdb08b532ba055ed47fac530a926af2fec2c7","isMergeCommit":false,"messageTitle":"Create tasks.txt and add initial tasks","messageBody":"","fileTypesAndContributionMap":{"txt":{"insertions":5,"deletions":0}}},{"hash":"99519c62c2e4194c13d183d4697eb50549a15831","isMergeCommit":true,"messageTitle":"Merge branch \u0027branch-Level-6\u0027","messageBody":"","tags":["Level-6"],"fileTypesAndContributionMap":{}}]},{"date":"2024-02-23","commitResults":[{"hash":"5d205fc291358ad36870e2ee42d4cc1b6fde8092","isMergeCommit":true,"messageTitle":"Merge branch \u0027branch-Level-7\u0027","messageBody":"# Conflicts:\n#\tsrc/main/java/TaskManager.java\n","tags":["v0.1","Level-7","A-Jar"],"fileTypesAndContributionMap":{}}]},{"date":"2024-03-01","commitResults":[{"hash":"34bf626ba0d24d02b25148c74463ffbfada97926","isMergeCommit":false,"messageTitle":"Add new Exception classes: LoadFileException and SaveFileException","messageBody":"","fileTypesAndContributionMap":{"java":{"insertions":14,"deletions":0}}},{"hash":"2c8a5bc1daea26ce43ec0b64d7754ec87fe11558","isMergeCommit":false,"messageTitle":"Add: Storage, Parser, and CommandHandler","messageBody":"This commit introduces significant changes to the Zoro application:\n- Add Storage class to handle loading and saving task data from/to a file.\n- Introduce Parser class to parse task strings into Task objects\n- Add CommandHandler class to process user commands\n- Modify Zoro class to integrate CommandHandler\n- Update TaskManager, UserInterface classes to support changes\n","tags":["A-MoreOOP"],"fileTypesAndContributionMap":{"java":{"insertions":218,"deletions":119}}},{"hash":"4b0db1699dccdb990d86555b38d72fb7a8894f5f","isMergeCommit":false,"messageTitle":"Move classes to new package","messageBody":"Moved the following classes to a new package:\n- Storage\n- Parser\n- UserInterface\n- TaskManager\n- CommandHandler\n- Task\n- Todo\n- Event\n- Deadline\n\nThis relocation organizes the codebase better and improves maintainability.\n","fileTypesAndContributionMap":{"java":{"insertions":30,"deletions":6}}},{"hash":"bc7714ba927f5f1e3c17fce6cf46008e93363db5","isMergeCommit":false,"messageTitle":"Refactor: Update string constants","messageBody":"","fileTypesAndContributionMap":{"java":{"insertions":31,"deletions":18}}}]},{"date":"2024-03-02","commitResults":[{"hash":"6aafc7a902d1af024bcddcd0b10683dd7753dc2d","isMergeCommit":false,"messageTitle":"Add: InvalidDateTimeFormatException class","messageBody":"Added a new exception class, InvalidDateTimeFormatException, to handle invalid date and time format errors.\n","fileTypesAndContributionMap":{"java":{"insertions":7,"deletions":0}}},{"hash":"6ce643bf91df6afe26da5f48088237b416c6aeb7","isMergeCommit":false,"messageTitle":"Refactor: Use constants in Parser class","messageBody":"","fileTypesAndContributionMap":{"java":{"insertions":12,"deletions":6}}},{"hash":"83a52eb3cba4342d70216c40337cdb847a893c07","isMergeCommit":false,"messageTitle":"Refactor: Update classes to use Date and Time format","messageBody":"- Update CommandHandler, UserInterface, TaskManager, Event,\n  and Deadline classes to support date and time format for\n  deadline and event tasks.\n\n- This refactor ensures that the application can handle date and\n  time information correctly when parsing and processing task\n  details.\n","fileTypesAndContributionMap":{"java":{"insertions":107,"deletions":46}}},{"hash":"84761969fc01b711ab9c48a30eedac1cda0e4c3f","isMergeCommit":false,"messageTitle":"Implement Find method to search for tasks by keyword","messageBody":"","fileTypesAndContributionMap":{"java":{"insertions":34,"deletions":0}}},{"hash":"8c999ac833770ec803777fc1107a520f0a370450","isMergeCommit":false,"messageTitle":"Enhance readability with comprehensive documentation","messageBody":"","fileTypesAndContributionMap":{"java":{"insertions":458,"deletions":27}}},{"hash":"728e47d2e0988db78cac1844d7e7f5d21d569edf","isMergeCommit":true,"messageTitle":"Merge pull request #1 from Vavinan/branch-Level-8","messageBody":"Add branch-level-8 feature: Date and Time support for tasks.","tags":["Level-8"],"fileTypesAndContributionMap":{}},{"hash":"0310b295d664cb01182dd1dc952e59e0fc8a7c9c","isMergeCommit":true,"messageTitle":"Merge branch \u0027master\u0027 into branch-Level-9","messageBody":"# Conflicts:\n#\tsrc/main/java/Helper/UserInterface.java\n","fileTypesAndContributionMap":{}},{"hash":"e1d01329c39dd9d1332f34d90125ecb43dcd7c52","isMergeCommit":true,"messageTitle":"Merge branch \u0027master\u0027 into branch-A-JavaDoc","messageBody":"# Conflicts:\n#\tsrc/main/java/Helper/Deadline.java\n#\tsrc/main/java/Helper/Event.java\n#\tsrc/main/java/Helper/TaskManager.java\n#\tsrc/main/java/Helper/UserInterface.java\n","fileTypesAndContributionMap":{}},{"hash":"a52c176f0a8186d876c0e178fd0a753306e01526","isMergeCommit":true,"messageTitle":"Merge pull request #2 from Vavinan/branch-Level-9","messageBody":"Add: Find tasks by Keyword from branch-level-9","tags":["Level-9"],"fileTypesAndContributionMap":{}},{"hash":"24c3491a996a34493b942a5e269a303dd2b378e6","isMergeCommit":true,"messageTitle":"Merge branch \u0027master\u0027 into branch-A-JavaDoc","messageBody":"","fileTypesAndContributionMap":{}},{"hash":"a79a48e24a7c1a39e6316c017d32fc902a460bdf","isMergeCommit":true,"messageTitle":"Merge pull request #3 from Vavinan/branch-A-JavaDoc","messageBody":"Integrate Documentation from branch-A-JavaDoc","tags":["A-JavaDoc"],"fileTypesAndContributionMap":{}},{"hash":"a30a0580d64e8c97b6ed9e5bb9d5a0a054e8c5c2","isMergeCommit":false,"messageTitle":"Enhance console output formatting for readability","messageBody":"","fileTypesAndContributionMap":{"java":{"insertions":1,"deletions":1}}},{"hash":"9a006231e152c52941f988aeab1d68dfbc84ac29","isMergeCommit":false,"messageTitle":"Enhance: Implement Folder Creation if Nonexistent","messageBody":"","fileTypesAndContributionMap":{"java":{"insertions":8,"deletions":1}}},{"hash":"5b3fa024a0b69707e3986d34803027bbd9b7d69f","isMergeCommit":false,"messageTitle":"Update README.md","messageBody":"-Update README.md to display User Guide consist of\r\n   features, installation guide, and usage.","fileTypesAndContributionMap":{"md":{"insertions":176,"deletions":24}}}]}]},"authorFileTypeContributionMap":{"Vavinan":{"java":1222,"md":176,"fxml":0,"sh":0,"bat":1,"gradle":0,"txt":0}},"authorContributionVariance":{"Vavinan":25003.162},"authorDisplayNameMap":{"Vavinan":"CS2113-T15-2 JEEV..INAN"}}
