{"authorDailyContributionsMap":{"ChinYanXu":[{"date":"2024-01-25","commitResults":[{"hash":"0e04baf273bec8e2feec64d3c98e1a2c13b90e95","isMergeCommit":false,"messageTitle":"Update Duke.java and rename Duke.java to Serf.java","messageBody":"","tags":["Level-0"],"fileTypesAndContributionMap":{"java":{"insertions":12,"deletions":10}}}]},{"date":"2024-02-01","commitResults":[{"hash":"92fd0e03d02919d422f6a2d61aa83341a9738dc6","isMergeCommit":false,"messageTitle":"Add echo functionality","messageBody":"","tags":["Level-1"],"fileTypesAndContributionMap":{"java":{"insertions":31,"deletions":8}}},{"hash":"0a0caecec11ec82a95c30d63524abeb91252aa9e","isMergeCommit":false,"messageTitle":"Add text store functionality and list functionality","messageBody":"","tags":["Level-2"],"fileTypesAndContributionMap":{"java":{"insertions":33,"deletions":20}}}]},{"date":"2024-02-02","commitResults":[{"hash":"e03e8a7c59e98cb9cd3b5dd4fb637bbd29dc1580","isMergeCommit":false,"messageTitle":"Add markAsDone and markAsUndone functionality and Task class","messageBody":"","tags":["Level-3"],"fileTypesAndContributionMap":{"java":{"insertions":74,"deletions":9}}},{"hash":"5789c10c9beaf587daa8299a8f9ebc3bff3dda96","isMergeCommit":false,"messageTitle":"Ensure compliance with Java coding standard","messageBody":"","tags":["A-CodingStandard"],"fileTypesAndContributionMap":{"java":{"insertions":28,"deletions":21}}}]},{"date":"2024-02-09","commitResults":[{"hash":"9545200d5d3ef55d18fd1068f797b3e1dfc54c9d","isMergeCommit":false,"messageTitle":"Add Todo, Event and Deadline functionality","messageBody":"","fileTypesAndContributionMap":{"java":{"insertions":109,"deletions":13}}},{"hash":"0f9a833dfde4c17a4c6945f4e700c4179cc97ccf","isMergeCommit":false,"messageTitle":"Add Todo, Event and Deadline functionality","messageBody":"","fileTypesAndContributionMap":{"java":{"insertions":111,"deletions":23}}},{"hash":"77a6148cfdcce3a02bc4e1352a70d1578e1e7b04","isMergeCommit":true,"messageTitle":"Merge branch \u0027master\u0027 of github.com:ChinYanXu/ip","messageBody":"","fileTypesAndContributionMap":{}},{"hash":"e79bb7065c2cdf72af924e2f4bbbfb7cb699505f","isMergeCommit":false,"messageTitle":"Add Todo, Event and Deadline functionality","messageBody":"","tags":["Level-4"],"fileTypesAndContributionMap":{"java":{"insertions":0,"deletions":1}}},{"hash":"634398aee0cce33f83bf635d359ffb8b22324473","isMergeCommit":false,"messageTitle":"Add Text UI testing","messageBody":"","tags":["A-TextUiTesting"],"fileTypesAndContributionMap":{"txt":{"insertions":11,"deletions":0},"java":{"insertions":8,"deletions":5},"bat":{"insertions":1,"deletions":1}}}]},{"date":"2024-02-10","commitResults":[{"hash":"92bae9f87cc6eb1e199c0b00dc394976d04387c8","isMergeCommit":false,"messageTitle":"Refactor codebase","messageBody":"","tags":["A-CodeQuality"],"fileTypesAndContributionMap":{"java":{"insertions":207,"deletions":142}}}]},{"date":"2024-02-15","commitResults":[{"hash":"8d835d5b0580f19c63dd3e685e120056c3299836","isMergeCommit":false,"messageTitle":"Add error handling","messageBody":"","tags":["A-Exceptions"],"fileTypesAndContributionMap":{"java":{"insertions":183,"deletions":41}}},{"hash":"c309311342a01e8f0f37a658b9805f98fb69e3c9","isMergeCommit":true,"messageTitle":"Merge branch \u0027branch-Level-5\u0027","messageBody":"* branch-Level-5:\n  Add error handling\n","tags":["Level-5"],"fileTypesAndContributionMap":{}},{"hash":"ca97e094a83328208c205b76423340801faa7495","isMergeCommit":false,"messageTitle":"refactor code into packages","messageBody":"","fileTypesAndContributionMap":{"java":{"insertions":23,"deletions":5}}},{"hash":"a0e28a4ec7942a0b284c635bb73421f65215e44c","isMergeCommit":true,"messageTitle":"Merge branch \u0027branch-A-Packages\u0027","messageBody":"* branch-A-Packages:\n  refactor code into packages\n","tags":["A-Packages"],"fileTypesAndContributionMap":{}}]},{"date":"2024-02-23","commitResults":[{"hash":"a84cd681d61f015b758cfbc0a091747933352f6d","isMergeCommit":false,"messageTitle":"Add delete function","messageBody":"","tags":["Level-6"],"fileTypesAndContributionMap":{"java":{"insertions":116,"deletions":12}}},{"hash":"4a65ce60b4216db1342cf0f05d8483e946e18cd7","isMergeCommit":false,"messageTitle":"Convert array to arraylist","messageBody":"","tags":["A-Collections"],"fileTypesAndContributionMap":{"java":{"insertions":56,"deletions":53}}},{"hash":"747768afa279d701acb37940888f3de7b4854a6c","isMergeCommit":false,"messageTitle":"Add save functionality","messageBody":"","tags":["Level-7"],"fileTypesAndContributionMap":{"txt":{"insertions":4,"deletions":0},"java":{"insertions":75,"deletions":5}}},{"hash":"84f9bb27b65a72aa32a91c5a5ad87b15579887a9","isMergeCommit":true,"messageTitle":"Merge branch-Level-6 and branch-Level-7","messageBody":"","fileTypesAndContributionMap":{}},{"hash":"0a2dbff6f202958f17cb25e9679f7520a2f9c5a4","isMergeCommit":false,"messageTitle":"debug code","messageBody":"","tags":["A-Jar"],"fileTypesAndContributionMap":{"txt":{"insertions":4,"deletions":2},"java":{"insertions":9,"deletions":9}}}]},{"date":"2024-03-04","commitResults":[{"hash":"6746bdd5400dd1635704970b7fb9c6a3564c1b6f","isMergeCommit":false,"messageTitle":"Refactor closely related code","messageBody":"","fileTypesAndContributionMap":{"txt":{"insertions":8,"deletions":5},"java":{"insertions":155,"deletions":115}}}]},{"date":"2024-03-05","commitResults":[{"hash":"596c321c475bb8f3580f1548bf4ea5378c944fbb","isMergeCommit":false,"messageTitle":"Add find functionality","messageBody":"","tags":["Level-9"],"fileTypesAndContributionMap":{"txt":{"insertions":2,"deletions":0},"java":{"insertions":57,"deletions":6}}},{"hash":"32b08bf0c752868ffe4a0f369156b7bd4ea0ae13","isMergeCommit":false,"messageTitle":"Fix bugs for MoreOOP segment","messageBody":"","tags":["A-MoreOOP"],"fileTypesAndContributionMap":{"txt":{"insertions":17,"deletions":8},"java":{"insertions":81,"deletions":21}}}]},{"date":"2024-03-06","commitResults":[{"hash":"d6d237dab848562b978f99172b9ecfde0219792e","isMergeCommit":false,"messageTitle":"Add javadoc","messageBody":"","tags":["A-JavaDoc"],"fileTypesAndContributionMap":{"txt":{"insertions":3,"deletions":0},"java":{"insertions":462,"deletions":84}}},{"hash":"f31b2f338eaf3f181341b4b7e0ed6aecc258b3cf","isMergeCommit":true,"messageTitle":"Merge branch \u0027branch-A-JavaDoc\u0027","messageBody":"* branch-A-JavaDoc:\n  Add javadoc\n\n# Conflicts:\n#\tSerf.txt\n#\tsrc/main/java/taskmanager/Parser.java\n#\tsrc/main/java/taskmanager/TaskList.java\n#\tsrc/main/java/taskmanager/Ui.java\n","fileTypesAndContributionMap":{}},{"hash":"401281438aa319ac8b34116bf0a0dc67ebaf041b","isMergeCommit":false,"messageTitle":"Debug code after merge","messageBody":"","fileTypesAndContributionMap":{"txt":{"insertions":7,"deletions":32},"java":{"insertions":1,"deletions":2}}},{"hash":"f5f533879a07b2a4bc033b1afedc056a921be1fd","isMergeCommit":true,"messageTitle":"Merge branch \u0027branch-Level-9\u0027","messageBody":"* branch-Level-9:\n  Add find functionality\n\n# Conflicts:\n#\tSerf.txt\n#\tsrc/main/java/taskmanager/Parser.java\n#\tsrc/main/java/taskmanager/TaskList.java\n#\tsrc/main/java/taskmanager/Ui.java\n","fileTypesAndContributionMap":{}},{"hash":"f38c938365ddee92f1e5c7e13f61332f9f563f22","isMergeCommit":false,"messageTitle":"Fix bugs after merge between master and branch-Level-9","messageBody":"","fileTypesAndContributionMap":{"txt":{"insertions":8,"deletions":1},"java":{"insertions":47,"deletions":24}}}]}]},"authorFileTypeContributionMap":{"ChinYanXu":{"java":1113,"md":0,"fxml":0,"sh":0,"bat":1,"gradle":0,"txt":25}},"authorContributionVariance":{"ChinYanXu":17393.074},"authorDisplayNameMap":{"ChinYanXu":"CS2113-T12-4 CHIN..N XU"}}
