[{"path":"src/main/java/baron/Baron.java","fileType":"java","lines":[{"lineNumber":1,"author":{"gitId":"Joshuahoky"},"content":"package baron;","lastModifiedDate":"2024-02-16"},{"lineNumber":2,"author":{"gitId":"Joshuahoky"},"content":"","lastModifiedDate":"2024-02-16"},{"lineNumber":3,"author":{"gitId":"Joshuahoky"},"content":"import baronException.BaronException;","lastModifiedDate":"2024-02-29"},{"lineNumber":4,"author":{"gitId":"Joshuahoky"},"content":"import storage.FileStorage;","lastModifiedDate":"2024-02-29"},{"lineNumber":5,"author":{"gitId":"Joshuahoky"},"content":"import task.TaskList;","lastModifiedDate":"2024-02-16"},{"lineNumber":6,"author":{"gitId":"Joshuahoky"},"content":"import parser.Parser;","lastModifiedDate":"2024-02-16"},{"lineNumber":7,"author":{"gitId":"Joshuahoky"},"content":"","lastModifiedDate":"2024-02-16"},{"lineNumber":8,"author":{"gitId":"Joshuahoky"},"content":"import java.io.IOException;","lastModifiedDate":"2024-02-21"},{"lineNumber":9,"author":{"gitId":"Joshuahoky"},"content":"import java.util.Scanner;","lastModifiedDate":"2024-01-30"},{"lineNumber":10,"author":{"gitId":"Joshuahoky"},"content":"","lastModifiedDate":"2024-01-30"},{"lineNumber":11,"author":{"gitId":"Joshuahoky"},"content":"public class Baron {","lastModifiedDate":"2024-01-30"},{"lineNumber":12,"author":{"gitId":"Joshuahoky"},"content":"    public static void main(String[] args) throws IllegalArgumentException {","lastModifiedDate":"2024-02-16"},{"lineNumber":13,"author":{"gitId":"Joshuahoky"},"content":"        greetUser();","lastModifiedDate":"2024-02-08"},{"lineNumber":14,"author":{"gitId":"Joshuahoky"},"content":"","lastModifiedDate":"2024-02-29"},{"lineNumber":15,"author":{"gitId":"Joshuahoky"},"content":"        TaskList tasks \u003d new TaskList();","lastModifiedDate":"2024-02-23"},{"lineNumber":16,"author":{"gitId":"Joshuahoky"},"content":"","lastModifiedDate":"2024-02-29"},{"lineNumber":17,"author":{"gitId":"Joshuahoky"},"content":"        FileStorage.loadFile();","lastModifiedDate":"2024-02-21"},{"lineNumber":18,"author":{"gitId":"Joshuahoky"},"content":"","lastModifiedDate":"2024-02-29"},{"lineNumber":19,"author":{"gitId":"Joshuahoky"},"content":"        try {","lastModifiedDate":"2024-02-16"},{"lineNumber":20,"author":{"gitId":"Joshuahoky"},"content":"            getUserInput(tasks);","lastModifiedDate":"2024-02-23"},{"lineNumber":21,"author":{"gitId":"Joshuahoky"},"content":"        } catch (IllegalArgumentException e) {","lastModifiedDate":"2024-02-16"},{"lineNumber":22,"author":{"gitId":"Joshuahoky"},"content":"            System.out.println(\"Command cannot be empty. Please enter a valid command.\");","lastModifiedDate":"2024-02-16"},{"lineNumber":23,"author":{"gitId":"Joshuahoky"},"content":"        } catch (IOException | BaronException e) {","lastModifiedDate":"2024-02-29"},{"lineNumber":24,"author":{"gitId":"Joshuahoky"},"content":"            System.out.println(\"Error: \" + e.getMessage() + \"\\n\");","lastModifiedDate":"2024-02-21"},{"lineNumber":25,"author":{"gitId":"Joshuahoky"},"content":"        }","lastModifiedDate":"2024-02-16"},{"lineNumber":26,"author":{"gitId":"Joshuahoky"},"content":"    }","lastModifiedDate":"2024-02-08"},{"lineNumber":27,"author":{"gitId":"Joshuahoky"},"content":"","lastModifiedDate":"2024-02-08"},{"lineNumber":28,"author":{"gitId":"Joshuahoky"},"content":"    private static void greetUser() {","lastModifiedDate":"2024-02-08"},{"lineNumber":29,"author":{"gitId":"Joshuahoky"},"content":"        System.out.println(\"Hello! I\u0027m Baron\");","lastModifiedDate":"2024-01-30"},{"lineNumber":30,"author":{"gitId":"Joshuahoky"},"content":"        System.out.println(\"What can I do for you?\\n\");","lastModifiedDate":"2024-01-30"},{"lineNumber":31,"author":{"gitId":"Joshuahoky"},"content":"    }","lastModifiedDate":"2024-02-08"},{"lineNumber":32,"author":{"gitId":"Joshuahoky"},"content":"","lastModifiedDate":"2024-02-08"},{"lineNumber":33,"author":{"gitId":"Joshuahoky"},"content":"    public static void getUserInput(TaskList tasks) throws IOException, BaronException {","lastModifiedDate":"2024-02-29"},{"lineNumber":34,"author":{"gitId":"Joshuahoky"},"content":"        Scanner userInput \u003d new Scanner(System.in);","lastModifiedDate":"2024-01-30"},{"lineNumber":35,"author":{"gitId":"Joshuahoky"},"content":"","lastModifiedDate":"2024-02-29"},{"lineNumber":36,"author":{"gitId":"Joshuahoky"},"content":"        //noinspection InfiniteLoopStatement","lastModifiedDate":"2024-02-16"},{"lineNumber":37,"author":{"gitId":"Joshuahoky"},"content":"        while (true) {","lastModifiedDate":"2024-02-13"},{"lineNumber":38,"author":{"gitId":"Joshuahoky"},"content":"            String input \u003d userInput.nextLine();","lastModifiedDate":"2024-01-30"},{"lineNumber":39,"author":{"gitId":"Joshuahoky"},"content":"            input \u003d input.toLowerCase();","lastModifiedDate":"2024-02-05"},{"lineNumber":40,"author":{"gitId":"Joshuahoky"},"content":"            Parser.parseInput(input, tasks);","lastModifiedDate":"2024-02-13"},{"lineNumber":41,"author":{"gitId":"Joshuahoky"},"content":"        }","lastModifiedDate":"2024-02-05"},{"lineNumber":42,"author":{"gitId":"Joshuahoky"},"content":"    }","lastModifiedDate":"2024-01-30"},{"lineNumber":43,"author":{"gitId":"Joshuahoky"},"content":"","lastModifiedDate":"2024-02-13"},{"lineNumber":44,"author":{"gitId":"Joshuahoky"},"content":"    public static void printExitMessage() {","lastModifiedDate":"2024-02-16"},{"lineNumber":45,"author":{"gitId":"Joshuahoky"},"content":"        System.out.println(\"Bye. Hope to see you again soon!\");","lastModifiedDate":"2024-02-13"},{"lineNumber":46,"author":{"gitId":"Joshuahoky"},"content":"    }","lastModifiedDate":"2024-01-30"},{"lineNumber":47,"author":{"gitId":"Joshuahoky"},"content":"}","lastModifiedDate":"2024-01-30"}],"authorContributionMap":{"Joshuahoky":47}},{"path":"src/main/java/baronException/BaronException.java","fileType":"java","lines":[{"lineNumber":1,"author":{"gitId":"Joshuahoky"},"content":"package baronException;","lastModifiedDate":"2024-02-16"},{"lineNumber":2,"author":{"gitId":"Joshuahoky"},"content":"","lastModifiedDate":"2024-02-16"},{"lineNumber":3,"author":{"gitId":"Joshuahoky"},"content":"public class BaronException extends Exception {","lastModifiedDate":"2024-02-16"},{"lineNumber":4,"author":{"gitId":"Joshuahoky"},"content":"    public BaronException (String message) {","lastModifiedDate":"2024-02-29"},{"lineNumber":5,"author":{"gitId":"Joshuahoky"},"content":"        super(message);","lastModifiedDate":"2024-02-29"},{"lineNumber":6,"author":{"gitId":"Joshuahoky"},"content":"    }","lastModifiedDate":"2024-02-29"},{"lineNumber":7,"author":{"gitId":"Joshuahoky"},"content":"}","lastModifiedDate":"2024-02-16"}],"authorContributionMap":{"Joshuahoky":7}},{"path":"src/main/java/baronException/DeadlineMissingByException.java","fileType":"java","lines":[{"lineNumber":1,"author":{"gitId":"Joshuahoky"},"content":"package baronException;","lastModifiedDate":"2024-02-29"},{"lineNumber":2,"author":{"gitId":"Joshuahoky"},"content":"","lastModifiedDate":"2024-02-29"},{"lineNumber":3,"author":{"gitId":"Joshuahoky"},"content":"public class DeadlineMissingByException extends BaronException {","lastModifiedDate":"2024-02-29"},{"lineNumber":4,"author":{"gitId":"Joshuahoky"},"content":"    public DeadlineMissingByException(String message) {","lastModifiedDate":"2024-02-29"},{"lineNumber":5,"author":{"gitId":"Joshuahoky"},"content":"        super(message);","lastModifiedDate":"2024-02-29"},{"lineNumber":6,"author":{"gitId":"Joshuahoky"},"content":"    }","lastModifiedDate":"2024-02-29"},{"lineNumber":7,"author":{"gitId":"Joshuahoky"},"content":"","lastModifiedDate":"2024-02-29"},{"lineNumber":8,"author":{"gitId":"Joshuahoky"},"content":"    @Override","lastModifiedDate":"2024-02-29"},{"lineNumber":9,"author":{"gitId":"Joshuahoky"},"content":"    public String getMessage() {","lastModifiedDate":"2024-02-29"},{"lineNumber":10,"author":{"gitId":"Joshuahoky"},"content":"        return super.getMessage();","lastModifiedDate":"2024-02-29"},{"lineNumber":11,"author":{"gitId":"Joshuahoky"},"content":"    }","lastModifiedDate":"2024-02-29"},{"lineNumber":12,"author":{"gitId":"Joshuahoky"},"content":"}","lastModifiedDate":"2024-02-29"}],"authorContributionMap":{"Joshuahoky":12}},{"path":"src/main/java/baronException/EmptyDeadlineDescriptionException.java","fileType":"java","lines":[{"lineNumber":1,"author":{"gitId":"Joshuahoky"},"content":"package baronException;","lastModifiedDate":"2024-02-29"},{"lineNumber":2,"author":{"gitId":"Joshuahoky"},"content":"","lastModifiedDate":"2024-02-29"},{"lineNumber":3,"author":{"gitId":"Joshuahoky"},"content":"public class EmptyDeadlineDescriptionException extends BaronException{","lastModifiedDate":"2024-02-29"},{"lineNumber":4,"author":{"gitId":"Joshuahoky"},"content":"    public EmptyDeadlineDescriptionException(String message) {","lastModifiedDate":"2024-02-29"},{"lineNumber":5,"author":{"gitId":"Joshuahoky"},"content":"        super(message);","lastModifiedDate":"2024-02-29"},{"lineNumber":6,"author":{"gitId":"Joshuahoky"},"content":"    }","lastModifiedDate":"2024-02-29"},{"lineNumber":7,"author":{"gitId":"Joshuahoky"},"content":"","lastModifiedDate":"2024-02-29"},{"lineNumber":8,"author":{"gitId":"Joshuahoky"},"content":"    @Override","lastModifiedDate":"2024-02-29"},{"lineNumber":9,"author":{"gitId":"Joshuahoky"},"content":"    public String getMessage() {","lastModifiedDate":"2024-02-29"},{"lineNumber":10,"author":{"gitId":"Joshuahoky"},"content":"        return super.getMessage();","lastModifiedDate":"2024-02-29"},{"lineNumber":11,"author":{"gitId":"Joshuahoky"},"content":"    }","lastModifiedDate":"2024-02-29"},{"lineNumber":12,"author":{"gitId":"Joshuahoky"},"content":"}","lastModifiedDate":"2024-02-29"}],"authorContributionMap":{"Joshuahoky":12}},{"path":"src/main/java/baronException/EmptyEventDescriptionException.java","fileType":"java","lines":[{"lineNumber":1,"author":{"gitId":"Joshuahoky"},"content":"package baronException;","lastModifiedDate":"2024-02-29"},{"lineNumber":2,"author":{"gitId":"Joshuahoky"},"content":"","lastModifiedDate":"2024-02-29"},{"lineNumber":3,"author":{"gitId":"Joshuahoky"},"content":"public class EmptyEventDescriptionException extends BaronException {","lastModifiedDate":"2024-02-29"},{"lineNumber":4,"author":{"gitId":"Joshuahoky"},"content":"    public EmptyEventDescriptionException(String message) {","lastModifiedDate":"2024-02-29"},{"lineNumber":5,"author":{"gitId":"Joshuahoky"},"content":"        super(message);","lastModifiedDate":"2024-02-29"},{"lineNumber":6,"author":{"gitId":"Joshuahoky"},"content":"    }","lastModifiedDate":"2024-02-29"},{"lineNumber":7,"author":{"gitId":"Joshuahoky"},"content":"","lastModifiedDate":"2024-02-29"},{"lineNumber":8,"author":{"gitId":"Joshuahoky"},"content":"    @Override","lastModifiedDate":"2024-02-29"},{"lineNumber":9,"author":{"gitId":"Joshuahoky"},"content":"    public String getMessage() {","lastModifiedDate":"2024-02-29"},{"lineNumber":10,"author":{"gitId":"Joshuahoky"},"content":"        return super.getMessage();","lastModifiedDate":"2024-02-29"},{"lineNumber":11,"author":{"gitId":"Joshuahoky"},"content":"    }","lastModifiedDate":"2024-02-29"},{"lineNumber":12,"author":{"gitId":"Joshuahoky"},"content":"}","lastModifiedDate":"2024-02-29"}],"authorContributionMap":{"Joshuahoky":12}},{"path":"src/main/java/baronException/EmptyToDoDescriptionException.java","fileType":"java","lines":[{"lineNumber":1,"author":{"gitId":"Joshuahoky"},"content":"package baronException;","lastModifiedDate":"2024-02-29"},{"lineNumber":2,"author":{"gitId":"Joshuahoky"},"content":"","lastModifiedDate":"2024-02-29"},{"lineNumber":3,"author":{"gitId":"Joshuahoky"},"content":"public class EmptyToDoDescriptionException extends BaronException {","lastModifiedDate":"2024-02-29"},{"lineNumber":4,"author":{"gitId":"Joshuahoky"},"content":"    public EmptyToDoDescriptionException(String message) {","lastModifiedDate":"2024-02-29"},{"lineNumber":5,"author":{"gitId":"Joshuahoky"},"content":"        super(message);","lastModifiedDate":"2024-02-29"},{"lineNumber":6,"author":{"gitId":"Joshuahoky"},"content":"    }","lastModifiedDate":"2024-02-29"},{"lineNumber":7,"author":{"gitId":"Joshuahoky"},"content":"","lastModifiedDate":"2024-02-29"},{"lineNumber":8,"author":{"gitId":"Joshuahoky"},"content":"    @Override","lastModifiedDate":"2024-02-29"},{"lineNumber":9,"author":{"gitId":"Joshuahoky"},"content":"    public String getMessage() {","lastModifiedDate":"2024-02-29"},{"lineNumber":10,"author":{"gitId":"Joshuahoky"},"content":"        return super.getMessage();","lastModifiedDate":"2024-02-29"},{"lineNumber":11,"author":{"gitId":"Joshuahoky"},"content":"    }","lastModifiedDate":"2024-02-29"},{"lineNumber":12,"author":{"gitId":"Joshuahoky"},"content":"}","lastModifiedDate":"2024-02-29"}],"authorContributionMap":{"Joshuahoky":12}},{"path":"src/main/java/baronException/EventMissingFromException.java","fileType":"java","lines":[{"lineNumber":1,"author":{"gitId":"Joshuahoky"},"content":"package baronException;","lastModifiedDate":"2024-02-29"},{"lineNumber":2,"author":{"gitId":"Joshuahoky"},"content":"","lastModifiedDate":"2024-02-29"},{"lineNumber":3,"author":{"gitId":"Joshuahoky"},"content":"public class EventMissingFromException extends BaronException {","lastModifiedDate":"2024-02-29"},{"lineNumber":4,"author":{"gitId":"Joshuahoky"},"content":"    public EventMissingFromException(String message) {","lastModifiedDate":"2024-02-29"},{"lineNumber":5,"author":{"gitId":"Joshuahoky"},"content":"        super(message);","lastModifiedDate":"2024-02-29"},{"lineNumber":6,"author":{"gitId":"Joshuahoky"},"content":"    }","lastModifiedDate":"2024-02-29"},{"lineNumber":7,"author":{"gitId":"Joshuahoky"},"content":"","lastModifiedDate":"2024-02-29"},{"lineNumber":8,"author":{"gitId":"Joshuahoky"},"content":"    @Override","lastModifiedDate":"2024-02-29"},{"lineNumber":9,"author":{"gitId":"Joshuahoky"},"content":"    public String getMessage() {","lastModifiedDate":"2024-02-29"},{"lineNumber":10,"author":{"gitId":"Joshuahoky"},"content":"        return super.getMessage();","lastModifiedDate":"2024-02-29"},{"lineNumber":11,"author":{"gitId":"Joshuahoky"},"content":"    }","lastModifiedDate":"2024-02-29"},{"lineNumber":12,"author":{"gitId":"Joshuahoky"},"content":"}","lastModifiedDate":"2024-02-29"}],"authorContributionMap":{"Joshuahoky":12}},{"path":"src/main/java/baronException/EventMissingToException.java","fileType":"java","lines":[{"lineNumber":1,"author":{"gitId":"Joshuahoky"},"content":"package baronException;","lastModifiedDate":"2024-02-29"},{"lineNumber":2,"author":{"gitId":"Joshuahoky"},"content":"","lastModifiedDate":"2024-02-29"},{"lineNumber":3,"author":{"gitId":"Joshuahoky"},"content":"public class EventMissingToException extends BaronException {","lastModifiedDate":"2024-02-29"},{"lineNumber":4,"author":{"gitId":"Joshuahoky"},"content":"    public EventMissingToException(String message) {","lastModifiedDate":"2024-02-29"},{"lineNumber":5,"author":{"gitId":"Joshuahoky"},"content":"        super(message);","lastModifiedDate":"2024-02-29"},{"lineNumber":6,"author":{"gitId":"Joshuahoky"},"content":"    }","lastModifiedDate":"2024-02-29"},{"lineNumber":7,"author":{"gitId":"Joshuahoky"},"content":"","lastModifiedDate":"2024-02-29"},{"lineNumber":8,"author":{"gitId":"Joshuahoky"},"content":"    @Override","lastModifiedDate":"2024-02-29"},{"lineNumber":9,"author":{"gitId":"Joshuahoky"},"content":"    public String getMessage() {","lastModifiedDate":"2024-02-29"},{"lineNumber":10,"author":{"gitId":"Joshuahoky"},"content":"        return super.getMessage();","lastModifiedDate":"2024-02-29"},{"lineNumber":11,"author":{"gitId":"Joshuahoky"},"content":"    }","lastModifiedDate":"2024-02-29"},{"lineNumber":12,"author":{"gitId":"Joshuahoky"},"content":"}","lastModifiedDate":"2024-02-29"}],"authorContributionMap":{"Joshuahoky":12}},{"path":"src/main/java/parser/Parser.java","fileType":"java","lines":[{"lineNumber":1,"author":{"gitId":"Joshuahoky"},"content":"package parser;","lastModifiedDate":"2024-02-16"},{"lineNumber":2,"author":{"gitId":"Joshuahoky"},"content":"","lastModifiedDate":"2024-02-16"},{"lineNumber":3,"author":{"gitId":"Joshuahoky"},"content":"import baron.Baron;","lastModifiedDate":"2024-02-16"},{"lineNumber":4,"author":{"gitId":"Joshuahoky"},"content":"import baronException.BaronException;","lastModifiedDate":"2024-02-29"},{"lineNumber":5,"author":{"gitId":"Joshuahoky"},"content":"import task.TaskList;","lastModifiedDate":"2024-02-16"},{"lineNumber":6,"author":{"gitId":"Joshuahoky"},"content":"import storage.FileStorage;","lastModifiedDate":"2024-02-29"},{"lineNumber":7,"author":{"gitId":"Joshuahoky"},"content":"","lastModifiedDate":"2024-02-21"},{"lineNumber":8,"author":{"gitId":"Joshuahoky"},"content":"import java.io.IOException;","lastModifiedDate":"2024-02-21"},{"lineNumber":9,"author":{"gitId":"Joshuahoky"},"content":"","lastModifiedDate":"2024-02-13"},{"lineNumber":10,"author":{"gitId":"Joshuahoky"},"content":"public class Parser {","lastModifiedDate":"2024-02-13"},{"lineNumber":11,"author":{"gitId":"Joshuahoky"},"content":"    public static final String EXIT_COMMAND \u003d \"bye\";","lastModifiedDate":"2024-02-16"},{"lineNumber":12,"author":{"gitId":"Joshuahoky"},"content":"    public static final String LIST_COMMAND \u003d \"list\";","lastModifiedDate":"2024-02-13"},{"lineNumber":13,"author":{"gitId":"Joshuahoky"},"content":"    public static final String TODO_COMMAND \u003d \"todo\";","lastModifiedDate":"2024-02-13"},{"lineNumber":14,"author":{"gitId":"Joshuahoky"},"content":"    public static final String DEADLINE_COMMAND \u003d \"deadline\";","lastModifiedDate":"2024-02-13"},{"lineNumber":15,"author":{"gitId":"Joshuahoky"},"content":"    public static final String EVENT_COMMAND \u003d \"event\";","lastModifiedDate":"2024-02-13"},{"lineNumber":16,"author":{"gitId":"Joshuahoky"},"content":"    public static final String MARK_COMMAND \u003d \"mark\";","lastModifiedDate":"2024-02-13"},{"lineNumber":17,"author":{"gitId":"Joshuahoky"},"content":"    public static final String UNMARK_COMMAND \u003d \"unmark\";","lastModifiedDate":"2024-02-13"},{"lineNumber":18,"author":{"gitId":"Joshuahoky"},"content":"    public static final String DELETE_COMMAND \u003d \"delete\";","lastModifiedDate":"2024-02-21"},{"lineNumber":19,"author":{"gitId":"Joshuahoky"},"content":"","lastModifiedDate":"2024-02-21"},{"lineNumber":20,"author":{"gitId":"Joshuahoky"},"content":"    public static void parseInput(String input, TaskList tasks) throws NullPointerException, IOException, BaronException {","lastModifiedDate":"2024-02-29"},{"lineNumber":21,"author":{"gitId":"Joshuahoky"},"content":"        String[] inputArray \u003d input.split(\" \", 2);","lastModifiedDate":"2024-02-13"},{"lineNumber":22,"author":{"gitId":"Joshuahoky"},"content":"","lastModifiedDate":"2024-02-29"},{"lineNumber":23,"author":{"gitId":"Joshuahoky"},"content":"        if (input.equals(EXIT_COMMAND)) {","lastModifiedDate":"2024-02-16"},{"lineNumber":24,"author":{"gitId":"Joshuahoky"},"content":"            FileStorage.save();","lastModifiedDate":"2024-02-21"},{"lineNumber":25,"author":{"gitId":"Joshuahoky"},"content":"            Baron.printExitMessage();","lastModifiedDate":"2024-02-16"},{"lineNumber":26,"author":{"gitId":"Joshuahoky"},"content":"            System.exit(0);","lastModifiedDate":"2024-02-16"},{"lineNumber":27,"author":{"gitId":"Joshuahoky"},"content":"        } else if (input.equals(LIST_COMMAND)) {","lastModifiedDate":"2024-02-16"},{"lineNumber":28,"author":{"gitId":"Joshuahoky"},"content":"            tasks.displayTasksList();","lastModifiedDate":"2024-02-13"},{"lineNumber":29,"author":{"gitId":"Joshuahoky"},"content":"        } else if (input.startsWith(TODO_COMMAND)) {","lastModifiedDate":"2024-02-13"},{"lineNumber":30,"author":{"gitId":"Joshuahoky"},"content":"            tasks.addTask(TODO_COMMAND, inputArray);","lastModifiedDate":"2024-02-16"},{"lineNumber":31,"author":{"gitId":"Joshuahoky"},"content":"        } else if (input.startsWith(DEADLINE_COMMAND)) {","lastModifiedDate":"2024-02-13"},{"lineNumber":32,"author":{"gitId":"Joshuahoky"},"content":"            tasks.addTask(DEADLINE_COMMAND, inputArray);","lastModifiedDate":"2024-02-16"},{"lineNumber":33,"author":{"gitId":"Joshuahoky"},"content":"        } else if (input.startsWith(EVENT_COMMAND)) {","lastModifiedDate":"2024-02-13"},{"lineNumber":34,"author":{"gitId":"Joshuahoky"},"content":"            tasks.addTask(EVENT_COMMAND, inputArray);","lastModifiedDate":"2024-02-16"},{"lineNumber":35,"author":{"gitId":"Joshuahoky"},"content":"        } else if (input.startsWith(MARK_COMMAND)) {","lastModifiedDate":"2024-02-13"},{"lineNumber":36,"author":{"gitId":"Joshuahoky"},"content":"            int taskIndex \u003d Integer.parseInt(inputArray[1]) - 1;","lastModifiedDate":"2024-02-13"},{"lineNumber":37,"author":{"gitId":"Joshuahoky"},"content":"            tasks.markTask(taskIndex);","lastModifiedDate":"2024-02-13"},{"lineNumber":38,"author":{"gitId":"Joshuahoky"},"content":"        } else if (input.startsWith(UNMARK_COMMAND)) {","lastModifiedDate":"2024-02-13"},{"lineNumber":39,"author":{"gitId":"Joshuahoky"},"content":"            int taskIndex \u003d Integer.parseInt(inputArray[1]) - 1;","lastModifiedDate":"2024-02-13"},{"lineNumber":40,"author":{"gitId":"Joshuahoky"},"content":"            tasks.unmarkTask(taskIndex);","lastModifiedDate":"2024-02-13"},{"lineNumber":41,"author":{"gitId":"Joshuahoky"},"content":"        } else if (input.startsWith(DELETE_COMMAND)) {","lastModifiedDate":"2024-02-21"},{"lineNumber":42,"author":{"gitId":"Joshuahoky"},"content":"            int taskIndex \u003d Integer.parseInt(inputArray[1]) - 1;","lastModifiedDate":"2024-02-21"},{"lineNumber":43,"author":{"gitId":"Joshuahoky"},"content":"            tasks.deleteTask(taskIndex);","lastModifiedDate":"2024-02-21"},{"lineNumber":44,"author":{"gitId":"Joshuahoky"},"content":"        } else {","lastModifiedDate":"2024-02-13"},{"lineNumber":45,"author":{"gitId":"Joshuahoky"},"content":"            System.out.println(\"Sorry but that is not a valid command. Please enter a valid command.\");","lastModifiedDate":"2024-02-13"},{"lineNumber":46,"author":{"gitId":"Joshuahoky"},"content":"        }","lastModifiedDate":"2024-02-13"},{"lineNumber":47,"author":{"gitId":"Joshuahoky"},"content":"    }","lastModifiedDate":"2024-02-13"},{"lineNumber":48,"author":{"gitId":"Joshuahoky"},"content":"}","lastModifiedDate":"2024-02-13"}],"authorContributionMap":{"Joshuahoky":48}},{"path":"src/main/java/storage/FileStorage.java","fileType":"java","lines":[{"lineNumber":1,"author":{"gitId":"Joshuahoky"},"content":"package storage;","lastModifiedDate":"2024-02-29"},{"lineNumber":2,"author":{"gitId":"Joshuahoky"},"content":"","lastModifiedDate":"2024-02-21"},{"lineNumber":3,"author":{"gitId":"Joshuahoky"},"content":"import java.util.ArrayList;","lastModifiedDate":"2024-02-21"},{"lineNumber":4,"author":{"gitId":"Joshuahoky"},"content":"import java.util.Scanner;","lastModifiedDate":"2024-02-21"},{"lineNumber":5,"author":{"gitId":"Joshuahoky"},"content":"import java.io.IOException;","lastModifiedDate":"2024-02-21"},{"lineNumber":6,"author":{"gitId":"Joshuahoky"},"content":"import java.io.FileNotFoundException;","lastModifiedDate":"2024-02-21"},{"lineNumber":7,"author":{"gitId":"Joshuahoky"},"content":"import java.io.File;","lastModifiedDate":"2024-02-21"},{"lineNumber":8,"author":{"gitId":"Joshuahoky"},"content":"import java.io.FileWriter;","lastModifiedDate":"2024-02-21"},{"lineNumber":9,"author":{"gitId":"Joshuahoky"},"content":"","lastModifiedDate":"2024-02-21"},{"lineNumber":10,"author":{"gitId":"Joshuahoky"},"content":"import task.TaskList;","lastModifiedDate":"2024-02-21"},{"lineNumber":11,"author":{"gitId":"Joshuahoky"},"content":"","lastModifiedDate":"2024-02-21"},{"lineNumber":12,"author":{"gitId":"Joshuahoky"},"content":"public class FileStorage {","lastModifiedDate":"2024-02-21"},{"lineNumber":13,"author":{"gitId":"Joshuahoky"},"content":"    private static final String FILE_NAME \u003d \"tasks.txt\";","lastModifiedDate":"2024-02-21"},{"lineNumber":14,"author":{"gitId":"Joshuahoky"},"content":"    private static final String FILE_DIRECTORY \u003d \"./data\";","lastModifiedDate":"2024-02-21"},{"lineNumber":15,"author":{"gitId":"Joshuahoky"},"content":"    private static final String FILE_PATH \u003d FILE_DIRECTORY + \"/\" + FILE_NAME;","lastModifiedDate":"2024-02-21"},{"lineNumber":16,"author":{"gitId":"Joshuahoky"},"content":"","lastModifiedDate":"2024-02-21"},{"lineNumber":17,"author":{"gitId":"Joshuahoky"},"content":"    public static void loadFile() {","lastModifiedDate":"2024-02-21"},{"lineNumber":18,"author":{"gitId":"Joshuahoky"},"content":"        try {","lastModifiedDate":"2024-02-21"},{"lineNumber":19,"author":{"gitId":"Joshuahoky"},"content":"            File directory \u003d new File(FILE_DIRECTORY);","lastModifiedDate":"2024-02-21"},{"lineNumber":20,"author":{"gitId":"Joshuahoky"},"content":"            if (!directory.exists()) {","lastModifiedDate":"2024-02-21"},{"lineNumber":21,"author":{"gitId":"Joshuahoky"},"content":"                createDirectory(directory);","lastModifiedDate":"2024-02-29"},{"lineNumber":22,"author":{"gitId":"Joshuahoky"},"content":"            }","lastModifiedDate":"2024-02-29"},{"lineNumber":23,"author":{"gitId":"Joshuahoky"},"content":"            File file \u003d new File(FILE_PATH);","lastModifiedDate":"2024-02-29"},{"lineNumber":24,"author":{"gitId":"Joshuahoky"},"content":"            if (file.exists()) {","lastModifiedDate":"2024-02-29"},{"lineNumber":25,"author":{"gitId":"Joshuahoky"},"content":"                readDataFromFile(file);","lastModifiedDate":"2024-02-29"},{"lineNumber":26,"author":{"gitId":"Joshuahoky"},"content":"            } else {","lastModifiedDate":"2024-02-29"},{"lineNumber":27,"author":{"gitId":"Joshuahoky"},"content":"                createFile(file);","lastModifiedDate":"2024-02-29"},{"lineNumber":28,"author":{"gitId":"Joshuahoky"},"content":"            }","lastModifiedDate":"2024-02-29"},{"lineNumber":29,"author":{"gitId":"Joshuahoky"},"content":"        } catch (IOException e) {","lastModifiedDate":"2024-02-29"},{"lineNumber":30,"author":{"gitId":"Joshuahoky"},"content":"            System.out.println(\"Error: \" + e.getMessage() + \"\\n\");","lastModifiedDate":"2024-02-29"},{"lineNumber":31,"author":{"gitId":"Joshuahoky"},"content":"        }","lastModifiedDate":"2024-02-29"},{"lineNumber":32,"author":{"gitId":"Joshuahoky"},"content":"    }","lastModifiedDate":"2024-02-29"},{"lineNumber":33,"author":{"gitId":"Joshuahoky"},"content":"","lastModifiedDate":"2024-02-29"},{"lineNumber":34,"author":{"gitId":"Joshuahoky"},"content":"    public static void createDirectory(File directory) {","lastModifiedDate":"2024-02-29"},{"lineNumber":35,"author":{"gitId":"Joshuahoky"},"content":"        boolean directoryCreated \u003d directory.mkdir();","lastModifiedDate":"2024-02-21"},{"lineNumber":36,"author":{"gitId":"Joshuahoky"},"content":"","lastModifiedDate":"2024-02-29"},{"lineNumber":37,"author":{"gitId":"Joshuahoky"},"content":"        if (directoryCreated) {","lastModifiedDate":"2024-02-21"},{"lineNumber":38,"author":{"gitId":"Joshuahoky"},"content":"            System.out.println(\"Data folder created successfully.\\n\");","lastModifiedDate":"2024-02-21"},{"lineNumber":39,"author":{"gitId":"Joshuahoky"},"content":"        } else {","lastModifiedDate":"2024-02-21"},{"lineNumber":40,"author":{"gitId":"Joshuahoky"},"content":"            System.out.println(\"Failed to create data folder.\\n\");","lastModifiedDate":"2024-02-21"},{"lineNumber":41,"author":{"gitId":"Joshuahoky"},"content":"        }","lastModifiedDate":"2024-02-21"},{"lineNumber":42,"author":{"gitId":"Joshuahoky"},"content":"    }","lastModifiedDate":"2024-02-21"},{"lineNumber":43,"author":{"gitId":"Joshuahoky"},"content":"","lastModifiedDate":"2024-02-29"},{"lineNumber":44,"author":{"gitId":"Joshuahoky"},"content":"    public static void createFile(File file) throws IOException {","lastModifiedDate":"2024-02-29"},{"lineNumber":45,"author":{"gitId":"Joshuahoky"},"content":"        boolean fileCreated \u003d file.createNewFile();","lastModifiedDate":"2024-02-21"},{"lineNumber":46,"author":{"gitId":"Joshuahoky"},"content":"","lastModifiedDate":"2024-02-29"},{"lineNumber":47,"author":{"gitId":"Joshuahoky"},"content":"        if (fileCreated) {","lastModifiedDate":"2024-02-21"},{"lineNumber":48,"author":{"gitId":"Joshuahoky"},"content":"            System.out.println(\"Data file created successfully.\\n\");","lastModifiedDate":"2024-02-21"},{"lineNumber":49,"author":{"gitId":"Joshuahoky"},"content":"        } else {","lastModifiedDate":"2024-02-21"},{"lineNumber":50,"author":{"gitId":"Joshuahoky"},"content":"            System.out.println(\"Failed to create data file.\\n\");","lastModifiedDate":"2024-02-21"},{"lineNumber":51,"author":{"gitId":"Joshuahoky"},"content":"        }","lastModifiedDate":"2024-02-21"},{"lineNumber":52,"author":{"gitId":"Joshuahoky"},"content":"    }","lastModifiedDate":"2024-02-21"},{"lineNumber":53,"author":{"gitId":"Joshuahoky"},"content":"","lastModifiedDate":"2024-02-21"},{"lineNumber":54,"author":{"gitId":"Joshuahoky"},"content":"    public static void readDataFromFile(File file) throws FileNotFoundException {","lastModifiedDate":"2024-02-21"},{"lineNumber":55,"author":{"gitId":"Joshuahoky"},"content":"        Scanner sc \u003d new Scanner(file);","lastModifiedDate":"2024-02-21"},{"lineNumber":56,"author":{"gitId":"Joshuahoky"},"content":"        System.out.println(\"Retrieving file details.\");","lastModifiedDate":"2024-02-21"},{"lineNumber":57,"author":{"gitId":"Joshuahoky"},"content":"","lastModifiedDate":"2024-02-29"},{"lineNumber":58,"author":{"gitId":"Joshuahoky"},"content":"        while (sc.hasNextLine()) {","lastModifiedDate":"2024-02-23"},{"lineNumber":59,"author":{"gitId":"Joshuahoky"},"content":"            String line \u003d sc.nextLine();","lastModifiedDate":"2024-02-23"},{"lineNumber":60,"author":{"gitId":"Joshuahoky"},"content":"            System.out.println(line);","lastModifiedDate":"2024-02-23"},{"lineNumber":61,"author":{"gitId":"Joshuahoky"},"content":"            TaskList.readTaskFromFile(line);","lastModifiedDate":"2024-02-23"},{"lineNumber":62,"author":{"gitId":"Joshuahoky"},"content":"        }","lastModifiedDate":"2024-02-21"},{"lineNumber":63,"author":{"gitId":"Joshuahoky"},"content":"","lastModifiedDate":"2024-02-29"},{"lineNumber":64,"author":{"gitId":"Joshuahoky"},"content":"        System.out.println();","lastModifiedDate":"2024-02-21"},{"lineNumber":65,"author":{"gitId":"Joshuahoky"},"content":"        sc.close();","lastModifiedDate":"2024-02-21"},{"lineNumber":66,"author":{"gitId":"Joshuahoky"},"content":"    }","lastModifiedDate":"2024-02-21"},{"lineNumber":67,"author":{"gitId":"Joshuahoky"},"content":"","lastModifiedDate":"2024-02-21"},{"lineNumber":68,"author":{"gitId":"Joshuahoky"},"content":"    public static void save() throws IOException {","lastModifiedDate":"2024-02-21"},{"lineNumber":69,"author":{"gitId":"Joshuahoky"},"content":"        File file \u003d new File(FILE_PATH);","lastModifiedDate":"2024-02-21"},{"lineNumber":70,"author":{"gitId":"Joshuahoky"},"content":"","lastModifiedDate":"2024-02-29"},{"lineNumber":71,"author":{"gitId":"Joshuahoky"},"content":"        if (!file.exists()) {","lastModifiedDate":"2024-02-21"},{"lineNumber":72,"author":{"gitId":"Joshuahoky"},"content":"            boolean fileCreated \u003d file.createNewFile();","lastModifiedDate":"2024-02-21"},{"lineNumber":73,"author":{"gitId":"Joshuahoky"},"content":"            if (fileCreated) {","lastModifiedDate":"2024-02-21"},{"lineNumber":74,"author":{"gitId":"Joshuahoky"},"content":"                System.out.println(\"Data file created successfully.\\n\");","lastModifiedDate":"2024-02-21"},{"lineNumber":75,"author":{"gitId":"Joshuahoky"},"content":"            } else {","lastModifiedDate":"2024-02-21"},{"lineNumber":76,"author":{"gitId":"Joshuahoky"},"content":"                System.out.println(\"Failed to create data file.\\n\");","lastModifiedDate":"2024-02-21"},{"lineNumber":77,"author":{"gitId":"Joshuahoky"},"content":"            }","lastModifiedDate":"2024-02-21"},{"lineNumber":78,"author":{"gitId":"Joshuahoky"},"content":"        }","lastModifiedDate":"2024-02-21"},{"lineNumber":79,"author":{"gitId":"Joshuahoky"},"content":"        saveFile(file);","lastModifiedDate":"2024-02-21"},{"lineNumber":80,"author":{"gitId":"Joshuahoky"},"content":"    }","lastModifiedDate":"2024-02-21"},{"lineNumber":81,"author":{"gitId":"Joshuahoky"},"content":"    public static void saveFile(File file) throws IOException {","lastModifiedDate":"2024-02-21"},{"lineNumber":82,"author":{"gitId":"Joshuahoky"},"content":"        FileWriter fw \u003d new FileWriter(file);","lastModifiedDate":"2024-02-21"},{"lineNumber":83,"author":{"gitId":"Joshuahoky"},"content":"","lastModifiedDate":"2024-02-29"},{"lineNumber":84,"author":{"gitId":"Joshuahoky"},"content":"        for (int i \u003d 0; i \u003c TaskList.getLength(); i +\u003d 1) {","lastModifiedDate":"2024-02-21"},{"lineNumber":85,"author":{"gitId":"Joshuahoky"},"content":"            fw.write(TaskList.getTasks().get(i).getTaskAsString() + \"\\n\");","lastModifiedDate":"2024-02-23"},{"lineNumber":86,"author":{"gitId":"Joshuahoky"},"content":"        }","lastModifiedDate":"2024-02-21"},{"lineNumber":87,"author":{"gitId":"Joshuahoky"},"content":"","lastModifiedDate":"2024-02-29"},{"lineNumber":88,"author":{"gitId":"Joshuahoky"},"content":"        System.out.println(\"\\nWriting successful.\\n\");","lastModifiedDate":"2024-02-21"},{"lineNumber":89,"author":{"gitId":"Joshuahoky"},"content":"        fw.close();","lastModifiedDate":"2024-02-21"},{"lineNumber":90,"author":{"gitId":"Joshuahoky"},"content":"    }","lastModifiedDate":"2024-02-21"},{"lineNumber":91,"author":{"gitId":"Joshuahoky"},"content":"}","lastModifiedDate":"2024-02-21"}],"authorContributionMap":{"Joshuahoky":91}},{"path":"src/main/java/task/Deadline.java","fileType":"java","lines":[{"lineNumber":1,"author":{"gitId":"Joshuahoky"},"content":"package task;","lastModifiedDate":"2024-02-16"},{"lineNumber":2,"author":{"gitId":"Joshuahoky"},"content":"","lastModifiedDate":"2024-02-16"},{"lineNumber":3,"author":{"gitId":"Joshuahoky"},"content":"public class Deadline extends Task {","lastModifiedDate":"2024-02-05"},{"lineNumber":4,"author":{"gitId":"Joshuahoky"},"content":"    private String deadline;","lastModifiedDate":"2024-02-05"},{"lineNumber":5,"author":{"gitId":"Joshuahoky"},"content":"","lastModifiedDate":"2024-02-05"},{"lineNumber":6,"author":{"gitId":"Joshuahoky"},"content":"    public Deadline (String description, String deadline) {","lastModifiedDate":"2024-02-05"},{"lineNumber":7,"author":{"gitId":"Joshuahoky"},"content":"        super(description);","lastModifiedDate":"2024-02-05"},{"lineNumber":8,"author":{"gitId":"Joshuahoky"},"content":"        this.deadline \u003d deadline;","lastModifiedDate":"2024-02-05"},{"lineNumber":9,"author":{"gitId":"Joshuahoky"},"content":"    }","lastModifiedDate":"2024-02-05"},{"lineNumber":10,"author":{"gitId":"Joshuahoky"},"content":"","lastModifiedDate":"2024-02-05"},{"lineNumber":11,"author":{"gitId":"Joshuahoky"},"content":"    @Override","lastModifiedDate":"2024-02-05"},{"lineNumber":12,"author":{"gitId":"Joshuahoky"},"content":"    public String getTaskDetails() {","lastModifiedDate":"2024-02-05"},{"lineNumber":13,"author":{"gitId":"Joshuahoky"},"content":"        return \"[D][\" + this.getStatusIcon() + \"] \" + this.description + \" (by: \" + this.deadline + \")\";","lastModifiedDate":"2024-02-29"},{"lineNumber":14,"author":{"gitId":"Joshuahoky"},"content":"    }","lastModifiedDate":"2024-02-05"},{"lineNumber":15,"author":{"gitId":"Joshuahoky"},"content":"","lastModifiedDate":"2024-02-23"},{"lineNumber":16,"author":{"gitId":"Joshuahoky"},"content":"    @Override","lastModifiedDate":"2024-02-23"},{"lineNumber":17,"author":{"gitId":"Joshuahoky"},"content":"    public String getTaskAsString() {","lastModifiedDate":"2024-02-23"},{"lineNumber":18,"author":{"gitId":"Joshuahoky"},"content":"        return \"D | \" + this.getDoneAsInteger() + \" | \" + this.description + \" | \" + this.deadline;","lastModifiedDate":"2024-02-29"},{"lineNumber":19,"author":{"gitId":"Joshuahoky"},"content":"    }","lastModifiedDate":"2024-02-23"},{"lineNumber":20,"author":{"gitId":"Joshuahoky"},"content":"}","lastModifiedDate":"2024-02-05"}],"authorContributionMap":{"Joshuahoky":20}},{"path":"src/main/java/task/Event.java","fileType":"java","lines":[{"lineNumber":1,"author":{"gitId":"Joshuahoky"},"content":"package task;","lastModifiedDate":"2024-02-16"},{"lineNumber":2,"author":{"gitId":"Joshuahoky"},"content":"","lastModifiedDate":"2024-02-16"},{"lineNumber":3,"author":{"gitId":"Joshuahoky"},"content":"public class Event extends Task {","lastModifiedDate":"2024-02-05"},{"lineNumber":4,"author":{"gitId":"Joshuahoky"},"content":"    private String eventStart;","lastModifiedDate":"2024-02-05"},{"lineNumber":5,"author":{"gitId":"Joshuahoky"},"content":"    private String eventEnd;","lastModifiedDate":"2024-02-05"},{"lineNumber":6,"author":{"gitId":"Joshuahoky"},"content":"","lastModifiedDate":"2024-02-05"},{"lineNumber":7,"author":{"gitId":"Joshuahoky"},"content":"    public Event(String description, String eventStart, String eventEnd) {","lastModifiedDate":"2024-02-05"},{"lineNumber":8,"author":{"gitId":"Joshuahoky"},"content":"        super(description);","lastModifiedDate":"2024-02-05"},{"lineNumber":9,"author":{"gitId":"Joshuahoky"},"content":"        this.eventStart \u003d eventStart;","lastModifiedDate":"2024-02-05"},{"lineNumber":10,"author":{"gitId":"Joshuahoky"},"content":"        this.eventEnd \u003d eventEnd;","lastModifiedDate":"2024-02-05"},{"lineNumber":11,"author":{"gitId":"Joshuahoky"},"content":"    }","lastModifiedDate":"2024-02-05"},{"lineNumber":12,"author":{"gitId":"Joshuahoky"},"content":"","lastModifiedDate":"2024-02-05"},{"lineNumber":13,"author":{"gitId":"Joshuahoky"},"content":"    @Override","lastModifiedDate":"2024-02-05"},{"lineNumber":14,"author":{"gitId":"Joshuahoky"},"content":"    public String getTaskDetails() {","lastModifiedDate":"2024-02-05"},{"lineNumber":15,"author":{"gitId":"Joshuahoky"},"content":"        return \"[E][\" + this.getStatusIcon() + \"] \" + this.description + \" (from: \"","lastModifiedDate":"2024-02-29"},{"lineNumber":16,"author":{"gitId":"Joshuahoky"},"content":"                + this.eventStart + \" to: \" + this.eventEnd + \")\";","lastModifiedDate":"2024-02-29"},{"lineNumber":17,"author":{"gitId":"Joshuahoky"},"content":"    }","lastModifiedDate":"2024-02-05"},{"lineNumber":18,"author":{"gitId":"Joshuahoky"},"content":"","lastModifiedDate":"2024-02-23"},{"lineNumber":19,"author":{"gitId":"Joshuahoky"},"content":"    @Override","lastModifiedDate":"2024-02-23"},{"lineNumber":20,"author":{"gitId":"Joshuahoky"},"content":"    public String getTaskAsString() {","lastModifiedDate":"2024-02-23"},{"lineNumber":21,"author":{"gitId":"Joshuahoky"},"content":"        return \"E | \" + this.getDoneAsInteger() + \" | \" + this.description + \" | \"","lastModifiedDate":"2024-02-29"},{"lineNumber":22,"author":{"gitId":"Joshuahoky"},"content":"                + this.eventStart + \" \" + this.eventEnd;","lastModifiedDate":"2024-02-29"},{"lineNumber":23,"author":{"gitId":"Joshuahoky"},"content":"    }","lastModifiedDate":"2024-02-23"},{"lineNumber":24,"author":{"gitId":"Joshuahoky"},"content":"}","lastModifiedDate":"2024-02-05"}],"authorContributionMap":{"Joshuahoky":24}},{"path":"src/main/java/task/Task.java","fileType":"java","lines":[{"lineNumber":1,"author":{"gitId":"Joshuahoky"},"content":"package task;","lastModifiedDate":"2024-02-16"},{"lineNumber":2,"author":{"gitId":"Joshuahoky"},"content":"","lastModifiedDate":"2024-02-16"},{"lineNumber":3,"author":{"gitId":"Joshuahoky"},"content":"public class Task {","lastModifiedDate":"2024-02-01"},{"lineNumber":4,"author":{"gitId":"Joshuahoky"},"content":"    public static final String DONE \u003d \"1\";","lastModifiedDate":"2024-02-23"},{"lineNumber":5,"author":{"gitId":"Joshuahoky"},"content":"    public static final String NOT_DONE \u003d \"0\";","lastModifiedDate":"2024-02-23"},{"lineNumber":6,"author":{"gitId":"Joshuahoky"},"content":"","lastModifiedDate":"2024-02-23"},{"lineNumber":7,"author":{"gitId":"Joshuahoky"},"content":"    protected String description;","lastModifiedDate":"2024-02-01"},{"lineNumber":8,"author":{"gitId":"Joshuahoky"},"content":"    protected boolean isDone;","lastModifiedDate":"2024-02-01"},{"lineNumber":9,"author":{"gitId":"Joshuahoky"},"content":"","lastModifiedDate":"2024-02-01"},{"lineNumber":10,"author":{"gitId":"Joshuahoky"},"content":"    public Task(String description) {","lastModifiedDate":"2024-02-01"},{"lineNumber":11,"author":{"gitId":"Joshuahoky"},"content":"        this.description \u003d description;","lastModifiedDate":"2024-02-01"},{"lineNumber":12,"author":{"gitId":"Joshuahoky"},"content":"        this.isDone \u003d false;","lastModifiedDate":"2024-02-01"},{"lineNumber":13,"author":{"gitId":"Joshuahoky"},"content":"    }","lastModifiedDate":"2024-02-01"},{"lineNumber":14,"author":{"gitId":"Joshuahoky"},"content":"","lastModifiedDate":"2024-02-01"},{"lineNumber":15,"author":{"gitId":"Joshuahoky"},"content":"    public void setDone(String status) {","lastModifiedDate":"2024-02-23"},{"lineNumber":16,"author":{"gitId":"Joshuahoky"},"content":"        isDone \u003d status.equals(DONE);","lastModifiedDate":"2024-02-23"},{"lineNumber":17,"author":{"gitId":"Joshuahoky"},"content":"    }","lastModifiedDate":"2024-02-23"},{"lineNumber":18,"author":{"gitId":"Joshuahoky"},"content":"    public void markAsDone() {","lastModifiedDate":"2024-02-13"},{"lineNumber":19,"author":{"gitId":"Joshuahoky"},"content":"        this.isDone \u003d true;","lastModifiedDate":"2024-02-01"},{"lineNumber":20,"author":{"gitId":"Joshuahoky"},"content":"        System.out.println(\"\\tNice! I\u0027ve marked this task as done:\");","lastModifiedDate":"2024-02-05"},{"lineNumber":21,"author":{"gitId":"Joshuahoky"},"content":"        System.out.println(\"\\t\\t\" + getTaskDetails() + \"\\n\");","lastModifiedDate":"2024-02-05"},{"lineNumber":22,"author":{"gitId":"Joshuahoky"},"content":"    }","lastModifiedDate":"2024-02-01"},{"lineNumber":23,"author":{"gitId":"Joshuahoky"},"content":"","lastModifiedDate":"2024-02-01"},{"lineNumber":24,"author":{"gitId":"Joshuahoky"},"content":"    public void unmarkAsDone() {","lastModifiedDate":"2024-02-13"},{"lineNumber":25,"author":{"gitId":"Joshuahoky"},"content":"        this.isDone \u003d false;","lastModifiedDate":"2024-02-01"},{"lineNumber":26,"author":{"gitId":"Joshuahoky"},"content":"        System.out.println(\"\\tOK, I\u0027ve marked this task as not done yet:\");","lastModifiedDate":"2024-02-05"},{"lineNumber":27,"author":{"gitId":"Joshuahoky"},"content":"        System.out.println(\"\\t\\t\" + getTaskDetails() + \"\\n\");","lastModifiedDate":"2024-02-05"},{"lineNumber":28,"author":{"gitId":"Joshuahoky"},"content":"    }","lastModifiedDate":"2024-02-01"},{"lineNumber":29,"author":{"gitId":"Joshuahoky"},"content":"","lastModifiedDate":"2024-02-01"},{"lineNumber":30,"author":{"gitId":"Joshuahoky"},"content":"    public String getStatusIcon() {","lastModifiedDate":"2024-02-01"},{"lineNumber":31,"author":{"gitId":"Joshuahoky"},"content":"        return (this.isDone ? \"X\" : \" \");","lastModifiedDate":"2024-02-29"},{"lineNumber":32,"author":{"gitId":"Joshuahoky"},"content":"    }","lastModifiedDate":"2024-02-05"},{"lineNumber":33,"author":{"gitId":"Joshuahoky"},"content":"","lastModifiedDate":"2024-02-05"},{"lineNumber":34,"author":{"gitId":"Joshuahoky"},"content":"    public String getTaskDetails() {","lastModifiedDate":"2024-02-05"},{"lineNumber":35,"author":{"gitId":"Joshuahoky"},"content":"        return \"[T][\" + this.getStatusIcon() + \"] \" + this.description;","lastModifiedDate":"2024-02-29"},{"lineNumber":36,"author":{"gitId":"Joshuahoky"},"content":"    }","lastModifiedDate":"2024-02-01"},{"lineNumber":37,"author":{"gitId":"Joshuahoky"},"content":"","lastModifiedDate":"2024-02-23"},{"lineNumber":38,"author":{"gitId":"Joshuahoky"},"content":"    public String getTaskAsString() {","lastModifiedDate":"2024-02-23"},{"lineNumber":39,"author":{"gitId":"Joshuahoky"},"content":"        return \"\";","lastModifiedDate":"2024-02-23"},{"lineNumber":40,"author":{"gitId":"Joshuahoky"},"content":"    }","lastModifiedDate":"2024-02-23"},{"lineNumber":41,"author":{"gitId":"Joshuahoky"},"content":"","lastModifiedDate":"2024-02-23"},{"lineNumber":42,"author":{"gitId":"Joshuahoky"},"content":"    public String getDoneAsInteger() {","lastModifiedDate":"2024-02-23"},{"lineNumber":43,"author":{"gitId":"Joshuahoky"},"content":"        if (this.isDone) {","lastModifiedDate":"2024-02-23"},{"lineNumber":44,"author":{"gitId":"Joshuahoky"},"content":"            return \"1\";","lastModifiedDate":"2024-02-23"},{"lineNumber":45,"author":{"gitId":"Joshuahoky"},"content":"        }","lastModifiedDate":"2024-02-23"},{"lineNumber":46,"author":{"gitId":"Joshuahoky"},"content":"        return \"0\";","lastModifiedDate":"2024-02-23"},{"lineNumber":47,"author":{"gitId":"Joshuahoky"},"content":"    }","lastModifiedDate":"2024-02-23"},{"lineNumber":48,"author":{"gitId":"Joshuahoky"},"content":"}","lastModifiedDate":"2024-02-01"}],"authorContributionMap":{"Joshuahoky":48}},{"path":"src/main/java/task/TaskList.java","fileType":"java","lines":[{"lineNumber":1,"author":{"gitId":"Joshuahoky"},"content":"package task;","lastModifiedDate":"2024-02-16"},{"lineNumber":2,"author":{"gitId":"Joshuahoky"},"content":"","lastModifiedDate":"2024-02-16"},{"lineNumber":3,"author":{"gitId":"Joshuahoky"},"content":"import java.util.ArrayList;","lastModifiedDate":"2024-02-13"},{"lineNumber":4,"author":{"gitId":"Joshuahoky"},"content":"","lastModifiedDate":"2024-02-29"},{"lineNumber":5,"author":{"gitId":"Joshuahoky"},"content":"import baronException.BaronException;","lastModifiedDate":"2024-02-29"},{"lineNumber":6,"author":{"gitId":"Joshuahoky"},"content":"import baronException.DeadlineMissingByException;","lastModifiedDate":"2024-02-29"},{"lineNumber":7,"author":{"gitId":"Joshuahoky"},"content":"import baronException.EmptyDeadlineDescriptionException;","lastModifiedDate":"2024-02-29"},{"lineNumber":8,"author":{"gitId":"Joshuahoky"},"content":"import baronException.EmptyEventDescriptionException;","lastModifiedDate":"2024-02-29"},{"lineNumber":9,"author":{"gitId":"Joshuahoky"},"content":"import baronException.EmptyToDoDescriptionException;","lastModifiedDate":"2024-02-29"},{"lineNumber":10,"author":{"gitId":"Joshuahoky"},"content":"import baronException.EventMissingFromException;","lastModifiedDate":"2024-02-29"},{"lineNumber":11,"author":{"gitId":"Joshuahoky"},"content":"import baronException.EventMissingToException;","lastModifiedDate":"2024-02-29"},{"lineNumber":12,"author":{"gitId":"Joshuahoky"},"content":"","lastModifiedDate":"2024-02-29"},{"lineNumber":13,"author":{"gitId":"Joshuahoky"},"content":"import parser.Parser;","lastModifiedDate":"2024-02-16"},{"lineNumber":14,"author":{"gitId":"Joshuahoky"},"content":"","lastModifiedDate":"2024-02-13"},{"lineNumber":15,"author":{"gitId":"Joshuahoky"},"content":"public class TaskList {","lastModifiedDate":"2024-02-13"},{"lineNumber":16,"author":{"gitId":"Joshuahoky"},"content":"    public static final String TODO_TASK \u003d \"T\";","lastModifiedDate":"2024-02-23"},{"lineNumber":17,"author":{"gitId":"Joshuahoky"},"content":"    public static final String DEADLINE_TASK \u003d \"D\";","lastModifiedDate":"2024-02-23"},{"lineNumber":18,"author":{"gitId":"Joshuahoky"},"content":"    public static final String EVENT_TASK \u003d \"E\";","lastModifiedDate":"2024-02-23"},{"lineNumber":19,"author":{"gitId":"Joshuahoky"},"content":"","lastModifiedDate":"2024-02-23"},{"lineNumber":20,"author":{"gitId":"Joshuahoky"},"content":"    private static ArrayList\u003cTask\u003e tasks;","lastModifiedDate":"2024-02-21"},{"lineNumber":21,"author":{"gitId":"Joshuahoky"},"content":"    private static int taskCount;","lastModifiedDate":"2024-02-21"},{"lineNumber":22,"author":{"gitId":"Joshuahoky"},"content":"","lastModifiedDate":"2024-02-13"},{"lineNumber":23,"author":{"gitId":"Joshuahoky"},"content":"    public TaskList() {","lastModifiedDate":"2024-02-13"},{"lineNumber":24,"author":{"gitId":"Joshuahoky"},"content":"        tasks \u003d new ArrayList\u003c\u003e();","lastModifiedDate":"2024-02-21"},{"lineNumber":25,"author":{"gitId":"Joshuahoky"},"content":"        taskCount \u003d 0;","lastModifiedDate":"2024-02-21"},{"lineNumber":26,"author":{"gitId":"Joshuahoky"},"content":"    }","lastModifiedDate":"2024-02-13"},{"lineNumber":27,"author":{"gitId":"Joshuahoky"},"content":"","lastModifiedDate":"2024-02-13"},{"lineNumber":28,"author":{"gitId":"Joshuahoky"},"content":"    public static int getLength() {","lastModifiedDate":"2024-02-21"},{"lineNumber":29,"author":{"gitId":"Joshuahoky"},"content":"        return tasks.size();","lastModifiedDate":"2024-02-21"},{"lineNumber":30,"author":{"gitId":"Joshuahoky"},"content":"    }","lastModifiedDate":"2024-02-21"},{"lineNumber":31,"author":{"gitId":"Joshuahoky"},"content":"","lastModifiedDate":"2024-02-21"},{"lineNumber":32,"author":{"gitId":"Joshuahoky"},"content":"    public static ArrayList\u003cTask\u003e getTasks() {","lastModifiedDate":"2024-02-21"},{"lineNumber":33,"author":{"gitId":"Joshuahoky"},"content":"        return tasks;","lastModifiedDate":"2024-02-21"},{"lineNumber":34,"author":{"gitId":"Joshuahoky"},"content":"    }","lastModifiedDate":"2024-02-13"},{"lineNumber":35,"author":{"gitId":"Joshuahoky"},"content":"","lastModifiedDate":"2024-02-13"},{"lineNumber":36,"author":{"gitId":"Joshuahoky"},"content":"    public static void incrementTaskCount() {","lastModifiedDate":"2024-02-23"},{"lineNumber":37,"author":{"gitId":"Joshuahoky"},"content":"        taskCount +\u003d 1;","lastModifiedDate":"2024-02-23"},{"lineNumber":38,"author":{"gitId":"Joshuahoky"},"content":"    }","lastModifiedDate":"2024-02-23"},{"lineNumber":39,"author":{"gitId":"Joshuahoky"},"content":"","lastModifiedDate":"2024-02-23"},{"lineNumber":40,"author":{"gitId":"Joshuahoky"},"content":"    public void displayTasksList() {","lastModifiedDate":"2024-02-13"},{"lineNumber":41,"author":{"gitId":"Joshuahoky"},"content":"        if (tasks.isEmpty()) {","lastModifiedDate":"2024-02-23"},{"lineNumber":42,"author":{"gitId":"Joshuahoky"},"content":"            System.out.println(\"\\tYour list does not contain any tasks.\");","lastModifiedDate":"2024-02-21"},{"lineNumber":43,"author":{"gitId":"Joshuahoky"},"content":"        } else {","lastModifiedDate":"2024-02-21"},{"lineNumber":44,"author":{"gitId":"Joshuahoky"},"content":"            int taskNumber \u003d 1;","lastModifiedDate":"2024-02-13"},{"lineNumber":45,"author":{"gitId":"Joshuahoky"},"content":"            System.out.println(\"\\tHere are the tasks in your list:\");","lastModifiedDate":"2024-02-13"},{"lineNumber":46,"author":{"gitId":"Joshuahoky"},"content":"            for (Task task : tasks) {","lastModifiedDate":"2024-02-13"},{"lineNumber":47,"author":{"gitId":"Joshuahoky"},"content":"                System.out.println(\"\\t\" + taskNumber + \".\" + task.getTaskDetails());","lastModifiedDate":"2024-02-13"},{"lineNumber":48,"author":{"gitId":"Joshuahoky"},"content":"                taskNumber +\u003d 1;","lastModifiedDate":"2024-02-13"},{"lineNumber":49,"author":{"gitId":"Joshuahoky"},"content":"            }","lastModifiedDate":"2024-02-13"},{"lineNumber":50,"author":{"gitId":"Joshuahoky"},"content":"        }","lastModifiedDate":"2024-02-21"},{"lineNumber":51,"author":{"gitId":"Joshuahoky"},"content":"        System.out.println();","lastModifiedDate":"2024-02-13"},{"lineNumber":52,"author":{"gitId":"Joshuahoky"},"content":"    }","lastModifiedDate":"2024-02-13"},{"lineNumber":53,"author":{"gitId":"Joshuahoky"},"content":"","lastModifiedDate":"2024-02-13"},{"lineNumber":54,"author":{"gitId":"Joshuahoky"},"content":"    public void markTask(int taskIndex) throws IndexOutOfBoundsException {","lastModifiedDate":"2024-02-16"},{"lineNumber":55,"author":{"gitId":"Joshuahoky"},"content":"        try {","lastModifiedDate":"2024-02-16"},{"lineNumber":56,"author":{"gitId":"Joshuahoky"},"content":"            tasks.get(taskIndex).markAsDone();","lastModifiedDate":"2024-02-21"},{"lineNumber":57,"author":{"gitId":"Joshuahoky"},"content":"        } catch (IndexOutOfBoundsException e) {","lastModifiedDate":"2024-02-16"},{"lineNumber":58,"author":{"gitId":"Joshuahoky"},"content":"            System.out.println(\"Invalid task number. Please enter a valid task number\\n\");","lastModifiedDate":"2024-02-29"},{"lineNumber":59,"author":{"gitId":"Joshuahoky"},"content":"        }","lastModifiedDate":"2024-02-13"},{"lineNumber":60,"author":{"gitId":"Joshuahoky"},"content":"    }","lastModifiedDate":"2024-02-13"},{"lineNumber":61,"author":{"gitId":"Joshuahoky"},"content":"","lastModifiedDate":"2024-02-13"},{"lineNumber":62,"author":{"gitId":"Joshuahoky"},"content":"    public void unmarkTask(int taskIndex) throws IndexOutOfBoundsException {","lastModifiedDate":"2024-02-16"},{"lineNumber":63,"author":{"gitId":"Joshuahoky"},"content":"        try {","lastModifiedDate":"2024-02-16"},{"lineNumber":64,"author":{"gitId":"Joshuahoky"},"content":"            tasks.get(taskIndex).unmarkAsDone();","lastModifiedDate":"2024-02-29"},{"lineNumber":65,"author":{"gitId":"Joshuahoky"},"content":"        } catch (IndexOutOfBoundsException e) {","lastModifiedDate":"2024-02-16"},{"lineNumber":66,"author":{"gitId":"Joshuahoky"},"content":"            System.out.println(\"Invalid task number. Please enter a valid task number\\n\");","lastModifiedDate":"2024-02-21"},{"lineNumber":67,"author":{"gitId":"Joshuahoky"},"content":"        }","lastModifiedDate":"2024-02-13"},{"lineNumber":68,"author":{"gitId":"Joshuahoky"},"content":"    }","lastModifiedDate":"2024-02-13"},{"lineNumber":69,"author":{"gitId":"Joshuahoky"},"content":"","lastModifiedDate":"2024-02-13"},{"lineNumber":70,"author":{"gitId":"Joshuahoky"},"content":"    public void addTask(String taskType, String[] userInput) throws BaronException {","lastModifiedDate":"2024-02-29"},{"lineNumber":71,"author":{"gitId":"Joshuahoky"},"content":"        switch (taskType) {","lastModifiedDate":"2024-02-29"},{"lineNumber":72,"author":{"gitId":"Joshuahoky"},"content":"        case Parser.TODO_COMMAND:","lastModifiedDate":"2024-02-29"},{"lineNumber":73,"author":{"gitId":"Joshuahoky"},"content":"            handleToDo(userInput);","lastModifiedDate":"2024-02-16"},{"lineNumber":74,"author":{"gitId":"Joshuahoky"},"content":"            break;","lastModifiedDate":"2024-02-29"},{"lineNumber":75,"author":{"gitId":"Joshuahoky"},"content":"        case Parser.DEADLINE_COMMAND:","lastModifiedDate":"2024-02-29"},{"lineNumber":76,"author":{"gitId":"Joshuahoky"},"content":"            handleDeadline(userInput);","lastModifiedDate":"2024-02-16"},{"lineNumber":77,"author":{"gitId":"Joshuahoky"},"content":"            break;","lastModifiedDate":"2024-02-29"},{"lineNumber":78,"author":{"gitId":"Joshuahoky"},"content":"        case Parser.EVENT_COMMAND:","lastModifiedDate":"2024-02-29"},{"lineNumber":79,"author":{"gitId":"Joshuahoky"},"content":"            handleEvent(userInput);","lastModifiedDate":"2024-02-16"},{"lineNumber":80,"author":{"gitId":"Joshuahoky"},"content":"            break;","lastModifiedDate":"2024-02-29"},{"lineNumber":81,"author":{"gitId":"Joshuahoky"},"content":"        default:","lastModifiedDate":"2024-02-29"},{"lineNumber":82,"author":{"gitId":"Joshuahoky"},"content":"            System.out.println(\"Sorry but that is not a valid command. Please enter a valid command.\");","lastModifiedDate":"2024-02-29"},{"lineNumber":83,"author":{"gitId":"Joshuahoky"},"content":"            break;","lastModifiedDate":"2024-02-29"},{"lineNumber":84,"author":{"gitId":"Joshuahoky"},"content":"        }","lastModifiedDate":"2024-02-16"},{"lineNumber":85,"author":{"gitId":"Joshuahoky"},"content":"    }","lastModifiedDate":"2024-02-21"},{"lineNumber":86,"author":{"gitId":"Joshuahoky"},"content":"","lastModifiedDate":"2024-02-21"},{"lineNumber":87,"author":{"gitId":"Joshuahoky"},"content":"    public void deleteTask(int taskIndex) {","lastModifiedDate":"2024-02-21"},{"lineNumber":88,"author":{"gitId":"Joshuahoky"},"content":"        try {","lastModifiedDate":"2024-02-21"},{"lineNumber":89,"author":{"gitId":"Joshuahoky"},"content":"            Task task \u003d tasks.get(taskIndex);","lastModifiedDate":"2024-02-21"},{"lineNumber":90,"author":{"gitId":"Joshuahoky"},"content":"            tasks.remove(taskIndex);","lastModifiedDate":"2024-02-21"},{"lineNumber":91,"author":{"gitId":"Joshuahoky"},"content":"            taskCount -\u003d 1;","lastModifiedDate":"2024-02-21"},{"lineNumber":92,"author":{"gitId":"Joshuahoky"},"content":"            System.out.println(\"\\tNoted. I\u0027ve removed this task:\");","lastModifiedDate":"2024-02-21"},{"lineNumber":93,"author":{"gitId":"Joshuahoky"},"content":"            System.out.println(\"\\t\\t\" + task.getTaskDetails());","lastModifiedDate":"2024-02-21"},{"lineNumber":94,"author":{"gitId":"Joshuahoky"},"content":"            System.out.println(\"\\tNow you have \" + taskCount","lastModifiedDate":"2024-02-21"},{"lineNumber":95,"author":{"gitId":"Joshuahoky"},"content":"                    + (taskCount \u003d\u003d 1 ? \" task\" : \" tasks\") + \" in the list.\\n\");","lastModifiedDate":"2024-02-21"},{"lineNumber":96,"author":{"gitId":"Joshuahoky"},"content":"        } catch (IndexOutOfBoundsException e) {","lastModifiedDate":"2024-02-21"},{"lineNumber":97,"author":{"gitId":"Joshuahoky"},"content":"            System.out.println(\"Invalid task number. Please enter a valid task number.\\n\");","lastModifiedDate":"2024-02-21"},{"lineNumber":98,"author":{"gitId":"Joshuahoky"},"content":"        }","lastModifiedDate":"2024-02-21"},{"lineNumber":99,"author":{"gitId":"Joshuahoky"},"content":"    }","lastModifiedDate":"2024-02-13"},{"lineNumber":100,"author":{"gitId":"Joshuahoky"},"content":"","lastModifiedDate":"2024-02-16"},{"lineNumber":101,"author":{"gitId":"Joshuahoky"},"content":"    public void validTaskAdded() {","lastModifiedDate":"2024-02-16"},{"lineNumber":102,"author":{"gitId":"Joshuahoky"},"content":"        taskCount +\u003d 1;","lastModifiedDate":"2024-02-13"},{"lineNumber":103,"author":{"gitId":"Joshuahoky"},"content":"        System.out.println(\"\\tGot it. I\u0027ve added this task:\");","lastModifiedDate":"2024-02-13"},{"lineNumber":104,"author":{"gitId":"Joshuahoky"},"content":"        System.out.println(\"\\t\\t\" + tasks.get(taskCount - 1).getTaskDetails());","lastModifiedDate":"2024-02-13"},{"lineNumber":105,"author":{"gitId":"Joshuahoky"},"content":"        System.out.println(\"\\tNow you have \" + taskCount","lastModifiedDate":"2024-02-13"},{"lineNumber":106,"author":{"gitId":"Joshuahoky"},"content":"                + (taskCount \u003d\u003d 1 ? \" task\" : \" tasks\") + \" in the list.\\n\");","lastModifiedDate":"2024-02-13"},{"lineNumber":107,"author":{"gitId":"Joshuahoky"},"content":"    }","lastModifiedDate":"2024-02-13"},{"lineNumber":108,"author":{"gitId":"Joshuahoky"},"content":"","lastModifiedDate":"2024-02-13"},{"lineNumber":109,"author":{"gitId":"Joshuahoky"},"content":"    public void handleToDo(String[] userInput) throws ArrayIndexOutOfBoundsException {","lastModifiedDate":"2024-02-16"},{"lineNumber":110,"author":{"gitId":"Joshuahoky"},"content":"        try {","lastModifiedDate":"2024-02-16"},{"lineNumber":111,"author":{"gitId":"Joshuahoky"},"content":"            if (userInput[1].isEmpty()) {","lastModifiedDate":"2024-02-29"},{"lineNumber":112,"author":{"gitId":"Joshuahoky"},"content":"                throw new EmptyToDoDescriptionException(\"Todo task description cannot be empty.\\n\");","lastModifiedDate":"2024-02-29"},{"lineNumber":113,"author":{"gitId":"Joshuahoky"},"content":"            }","lastModifiedDate":"2024-02-29"},{"lineNumber":114,"author":{"gitId":"Joshuahoky"},"content":"            tasks.add(new ToDo(userInput[1]));","lastModifiedDate":"2024-02-16"},{"lineNumber":115,"author":{"gitId":"Joshuahoky"},"content":"            validTaskAdded();","lastModifiedDate":"2024-02-16"},{"lineNumber":116,"author":{"gitId":"Joshuahoky"},"content":"        } catch (EmptyToDoDescriptionException | ArrayIndexOutOfBoundsException e) {","lastModifiedDate":"2024-02-29"},{"lineNumber":117,"author":{"gitId":"Joshuahoky"},"content":"            System.out.println(\"Error: \" + e.getMessage() + \"\\n\");","lastModifiedDate":"2024-02-29"},{"lineNumber":118,"author":{"gitId":"Joshuahoky"},"content":"        }","lastModifiedDate":"2024-02-13"},{"lineNumber":119,"author":{"gitId":"Joshuahoky"},"content":"    }","lastModifiedDate":"2024-02-16"},{"lineNumber":120,"author":{"gitId":"Joshuahoky"},"content":"","lastModifiedDate":"2024-02-13"},{"lineNumber":121,"author":{"gitId":"Joshuahoky"},"content":"    public void handleDeadline(String[] userInput) throws ArrayIndexOutOfBoundsException {","lastModifiedDate":"2024-02-29"},{"lineNumber":122,"author":{"gitId":"Joshuahoky"},"content":"        try {","lastModifiedDate":"2024-02-16"},{"lineNumber":123,"author":{"gitId":"Joshuahoky"},"content":"            if (userInput[1].isEmpty()) {","lastModifiedDate":"2024-02-29"},{"lineNumber":124,"author":{"gitId":"Joshuahoky"},"content":"                throw new EmptyDeadlineDescriptionException(\"Deadline task description cannot be empty.\\n\");","lastModifiedDate":"2024-02-29"},{"lineNumber":125,"author":{"gitId":"Joshuahoky"},"content":"            }","lastModifiedDate":"2024-02-29"},{"lineNumber":126,"author":{"gitId":"Joshuahoky"},"content":"            if (!userInput[1].contains(\"/by\"))          {","lastModifiedDate":"2024-02-29"},{"lineNumber":127,"author":{"gitId":"Joshuahoky"},"content":"                throw new DeadlineMissingByException(\"Deadline task should contain /by.\");","lastModifiedDate":"2024-02-29"},{"lineNumber":128,"author":{"gitId":"Joshuahoky"},"content":"            }","lastModifiedDate":"2024-02-29"},{"lineNumber":129,"author":{"gitId":"Joshuahoky"},"content":"            String taskDetails \u003d userInput[1];","lastModifiedDate":"2024-02-16"},{"lineNumber":130,"author":{"gitId":"Joshuahoky"},"content":"            int dividerPosition \u003d taskDetails.indexOf(\"/by\");","lastModifiedDate":"2024-02-29"},{"lineNumber":131,"author":{"gitId":"Joshuahoky"},"content":"            String description \u003d taskDetails.substring(0, dividerPosition);","lastModifiedDate":"2024-02-13"},{"lineNumber":132,"author":{"gitId":"Joshuahoky"},"content":"            String deadline \u003d taskDetails.substring(dividerPosition + 4);","lastModifiedDate":"2024-02-13"},{"lineNumber":133,"author":{"gitId":"Joshuahoky"},"content":"            tasks.add(new Deadline(description, deadline));","lastModifiedDate":"2024-02-13"},{"lineNumber":134,"author":{"gitId":"Joshuahoky"},"content":"            validTaskAdded();","lastModifiedDate":"2024-02-16"},{"lineNumber":135,"author":{"gitId":"Joshuahoky"},"content":"        } catch (EmptyDeadlineDescriptionException | ArrayIndexOutOfBoundsException | DeadlineMissingByException e) {","lastModifiedDate":"2024-02-29"},{"lineNumber":136,"author":{"gitId":"Joshuahoky"},"content":"            System.out.println(\"Error: \" + e.getMessage() + \"\\n\");","lastModifiedDate":"2024-02-29"},{"lineNumber":137,"author":{"gitId":"Joshuahoky"},"content":"        }","lastModifiedDate":"2024-02-16"},{"lineNumber":138,"author":{"gitId":"Joshuahoky"},"content":"    }","lastModifiedDate":"2024-02-13"},{"lineNumber":139,"author":{"gitId":"Joshuahoky"},"content":"","lastModifiedDate":"2024-02-13"},{"lineNumber":140,"author":{"gitId":"Joshuahoky"},"content":"    public void handleEvent(String[] userInput) throws ArrayIndexOutOfBoundsException {","lastModifiedDate":"2024-02-29"},{"lineNumber":141,"author":{"gitId":"Joshuahoky"},"content":"        try {","lastModifiedDate":"2024-02-16"},{"lineNumber":142,"author":{"gitId":"Joshuahoky"},"content":"            if (userInput[1].isEmpty()) {","lastModifiedDate":"2024-02-29"},{"lineNumber":143,"author":{"gitId":"Joshuahoky"},"content":"                throw new EmptyEventDescriptionException(\"Event task description cannot be empty.\\n\");","lastModifiedDate":"2024-02-29"},{"lineNumber":144,"author":{"gitId":"Joshuahoky"},"content":"            }","lastModifiedDate":"2024-02-29"},{"lineNumber":145,"author":{"gitId":"Joshuahoky"},"content":"            if (!userInput[1].contains(\"/from\"))          {","lastModifiedDate":"2024-02-29"},{"lineNumber":146,"author":{"gitId":"Joshuahoky"},"content":"                throw new EventMissingFromException(\"Event task should contain /from.\");","lastModifiedDate":"2024-02-29"},{"lineNumber":147,"author":{"gitId":"Joshuahoky"},"content":"            }","lastModifiedDate":"2024-02-29"},{"lineNumber":148,"author":{"gitId":"Joshuahoky"},"content":"            if (!userInput[1].contains(\"/to\"))          {","lastModifiedDate":"2024-02-29"},{"lineNumber":149,"author":{"gitId":"Joshuahoky"},"content":"                throw new EventMissingToException(\"Event task should contain /to.\");","lastModifiedDate":"2024-02-29"},{"lineNumber":150,"author":{"gitId":"Joshuahoky"},"content":"            }","lastModifiedDate":"2024-02-29"},{"lineNumber":151,"author":{"gitId":"Joshuahoky"},"content":"            String taskDetails \u003d userInput[1];","lastModifiedDate":"2024-02-16"},{"lineNumber":152,"author":{"gitId":"Joshuahoky"},"content":"            int firstDividerPosition \u003d taskDetails.indexOf(\"/from\");","lastModifiedDate":"2024-02-29"},{"lineNumber":153,"author":{"gitId":"Joshuahoky"},"content":"            int secondDividerPosition \u003d taskDetails.indexOf(\"to\");","lastModifiedDate":"2024-02-13"},{"lineNumber":154,"author":{"gitId":"Joshuahoky"},"content":"            String description \u003d taskDetails.substring(0, firstDividerPosition);","lastModifiedDate":"2024-02-13"},{"lineNumber":155,"author":{"gitId":"Joshuahoky"},"content":"            String eventStart \u003d taskDetails.substring(firstDividerPosition + 6, secondDividerPosition - 1);","lastModifiedDate":"2024-02-13"},{"lineNumber":156,"author":{"gitId":"Joshuahoky"},"content":"            String eventEnd \u003d taskDetails.substring(secondDividerPosition + 3);","lastModifiedDate":"2024-02-13"},{"lineNumber":157,"author":{"gitId":"Joshuahoky"},"content":"            tasks.add(new Event(description, eventStart, eventEnd));","lastModifiedDate":"2024-02-13"},{"lineNumber":158,"author":{"gitId":"Joshuahoky"},"content":"            validTaskAdded();","lastModifiedDate":"2024-02-16"},{"lineNumber":159,"author":{"gitId":"Joshuahoky"},"content":"        } catch (EmptyEventDescriptionException | ArrayIndexOutOfBoundsException | EventMissingToException","lastModifiedDate":"2024-02-29"},{"lineNumber":160,"author":{"gitId":"Joshuahoky"},"content":"                 | EventMissingFromException e) {","lastModifiedDate":"2024-02-29"},{"lineNumber":161,"author":{"gitId":"Joshuahoky"},"content":"            System.out.println(\"Error: \" + e.getMessage() + \"\\n\");","lastModifiedDate":"2024-02-29"},{"lineNumber":162,"author":{"gitId":"Joshuahoky"},"content":"        }","lastModifiedDate":"2024-02-16"},{"lineNumber":163,"author":{"gitId":"Joshuahoky"},"content":"    }","lastModifiedDate":"2024-02-13"},{"lineNumber":164,"author":{"gitId":"Joshuahoky"},"content":"","lastModifiedDate":"2024-02-23"},{"lineNumber":165,"author":{"gitId":"Joshuahoky"},"content":"    public static void readTaskFromFile(String inputArray) {","lastModifiedDate":"2024-02-23"},{"lineNumber":166,"author":{"gitId":"Joshuahoky"},"content":"        String[] taskDetails \u003d inputArray.split(\"\\\\|\");","lastModifiedDate":"2024-02-23"},{"lineNumber":167,"author":{"gitId":"Joshuahoky"},"content":"        String status \u003d taskDetails[1].trim();","lastModifiedDate":"2024-02-23"},{"lineNumber":168,"author":{"gitId":"Joshuahoky"},"content":"        String description \u003d taskDetails[2].trim();","lastModifiedDate":"2024-02-23"},{"lineNumber":169,"author":{"gitId":"Joshuahoky"},"content":"","lastModifiedDate":"2024-02-29"},{"lineNumber":170,"author":{"gitId":"Joshuahoky"},"content":"        if (inputArray.startsWith(TODO_TASK)) {","lastModifiedDate":"2024-02-23"},{"lineNumber":171,"author":{"gitId":"Joshuahoky"},"content":"            Task tempToDo \u003d new ToDo(description);","lastModifiedDate":"2024-02-23"},{"lineNumber":172,"author":{"gitId":"Joshuahoky"},"content":"            tempToDo.setDone(status);","lastModifiedDate":"2024-02-23"},{"lineNumber":173,"author":{"gitId":"Joshuahoky"},"content":"            tasks.add(tempToDo);","lastModifiedDate":"2024-02-23"},{"lineNumber":174,"author":{"gitId":"Joshuahoky"},"content":"        } else if (inputArray.startsWith(DEADLINE_TASK)) {","lastModifiedDate":"2024-02-23"},{"lineNumber":175,"author":{"gitId":"Joshuahoky"},"content":"            String deadline \u003d taskDetails[3].trim();","lastModifiedDate":"2024-02-23"},{"lineNumber":176,"author":{"gitId":"Joshuahoky"},"content":"            Task tempDeadline \u003d new Deadline(description, deadline);","lastModifiedDate":"2024-02-23"},{"lineNumber":177,"author":{"gitId":"Joshuahoky"},"content":"            tempDeadline.setDone(status);","lastModifiedDate":"2024-02-23"},{"lineNumber":178,"author":{"gitId":"Joshuahoky"},"content":"            tasks.add(tempDeadline);","lastModifiedDate":"2024-02-23"},{"lineNumber":179,"author":{"gitId":"Joshuahoky"},"content":"        } else {","lastModifiedDate":"2024-02-23"},{"lineNumber":180,"author":{"gitId":"Joshuahoky"},"content":"            String eventInfo \u003d taskDetails[3].trim();","lastModifiedDate":"2024-02-23"},{"lineNumber":181,"author":{"gitId":"Joshuahoky"},"content":"            String[] eventParts \u003d eventInfo.split(\"\\\\s+\", 2);","lastModifiedDate":"2024-02-23"},{"lineNumber":182,"author":{"gitId":"Joshuahoky"},"content":"            String eventStart \u003d eventParts[0];","lastModifiedDate":"2024-02-23"},{"lineNumber":183,"author":{"gitId":"Joshuahoky"},"content":"            String eventEnd \u003d eventParts[1];","lastModifiedDate":"2024-02-23"},{"lineNumber":184,"author":{"gitId":"Joshuahoky"},"content":"            Task tempEvent \u003d new Event(description, eventStart, eventEnd);","lastModifiedDate":"2024-02-23"},{"lineNumber":185,"author":{"gitId":"Joshuahoky"},"content":"            tempEvent.setDone(status);","lastModifiedDate":"2024-02-23"},{"lineNumber":186,"author":{"gitId":"Joshuahoky"},"content":"            tasks.add(tempEvent);","lastModifiedDate":"2024-02-23"},{"lineNumber":187,"author":{"gitId":"Joshuahoky"},"content":"        }","lastModifiedDate":"2024-02-23"},{"lineNumber":188,"author":{"gitId":"Joshuahoky"},"content":"        incrementTaskCount();","lastModifiedDate":"2024-02-23"},{"lineNumber":189,"author":{"gitId":"Joshuahoky"},"content":"    }","lastModifiedDate":"2024-02-23"},{"lineNumber":190,"author":{"gitId":"Joshuahoky"},"content":"}","lastModifiedDate":"2024-02-13"}],"authorContributionMap":{"Joshuahoky":190}},{"path":"src/main/java/task/ToDo.java","fileType":"java","lines":[{"lineNumber":1,"author":{"gitId":"Joshuahoky"},"content":"package task;","lastModifiedDate":"2024-02-16"},{"lineNumber":2,"author":{"gitId":"Joshuahoky"},"content":"","lastModifiedDate":"2024-02-16"},{"lineNumber":3,"author":{"gitId":"Joshuahoky"},"content":"public class ToDo extends Task {","lastModifiedDate":"2024-02-05"},{"lineNumber":4,"author":{"gitId":"Joshuahoky"},"content":"    public ToDo(String description) {","lastModifiedDate":"2024-02-05"},{"lineNumber":5,"author":{"gitId":"Joshuahoky"},"content":"        super(description);","lastModifiedDate":"2024-02-05"},{"lineNumber":6,"author":{"gitId":"Joshuahoky"},"content":"    }","lastModifiedDate":"2024-02-05"},{"lineNumber":7,"author":{"gitId":"Joshuahoky"},"content":"","lastModifiedDate":"2024-02-23"},{"lineNumber":8,"author":{"gitId":"Joshuahoky"},"content":"    public String getTaskAsString() {","lastModifiedDate":"2024-02-23"},{"lineNumber":9,"author":{"gitId":"Joshuahoky"},"content":"        return \"T | \" + this.getDoneAsInteger() + \" | \" + this.description;","lastModifiedDate":"2024-02-29"},{"lineNumber":10,"author":{"gitId":"Joshuahoky"},"content":"    }","lastModifiedDate":"2024-02-23"},{"lineNumber":11,"author":{"gitId":"Joshuahoky"},"content":"}","lastModifiedDate":"2024-02-05"}],"authorContributionMap":{"Joshuahoky":11}}]
