{"authorDailyContributionsMap":{"Joshuahoky":[{"date":"2024-01-30","commitResults":[{"hash":"fc629eedbecff12ac3a741c9388ad12c55d3fb23","isMergeCommit":false,"messageTitle":"Rename Duke class to Baron Class","messageBody":"","fileTypesAndContributionMap":{"java":{"insertions":7,"deletions":10}}},{"hash":"a0c47898f84203c0205b5fb27da67ce0f29f730b","isMergeCommit":false,"messageTitle":"Add echo command functionality to Baron","messageBody":"","tags":["Level-1"],"fileTypesAndContributionMap":{"java":{"insertions":13,"deletions":3}}},{"hash":"4b23bc043ee26e314e99afb2b3d78f6aee5eb148","isMergeCommit":false,"messageTitle":"Add functionality to display list of commands","messageBody":"","tags":["Level-2"],"fileTypesAndContributionMap":{"java":{"insertions":22,"deletions":2}}}]},{"date":"2024-02-01","commitResults":[{"hash":"31ad2003cc91e405b43551bfb9765ba1091618bf","isMergeCommit":false,"messageTitle":"Add Task class to mark or unmark tasks","messageBody":"","tags":["Level-3"],"fileTypesAndContributionMap":{"java":{"insertions":42,"deletions":5}}}]},{"date":"2024-02-05","commitResults":[{"hash":"eb98bd3b102bd531de26665cef8a282dccee9292","isMergeCommit":false,"messageTitle":"Add ToDo, Event and Deadline classes with support tracking for each","messageBody":"","tags":["Level-4"],"fileTypesAndContributionMap":{"java":{"insertions":96,"deletions":23}}}]},{"date":"2024-02-06","commitResults":[{"hash":"95e844ad50a48ac53f22305a0cee3b533a25179a","isMergeCommit":false,"messageTitle":"Edit code to follow Java coding standard","messageBody":"","tags":["A-CodingStandard"],"fileTypesAndContributionMap":{"java":{"insertions":19,"deletions":16}}}]},{"date":"2024-02-08","commitResults":[{"hash":"0e9b96fe8f6d55e1dc3ad6f2ffcd8de05c1660b1","isMergeCommit":false,"messageTitle":"Refactor code in Baron to improve code quality","messageBody":"","tags":["A-CodeQuality"],"fileTypesAndContributionMap":{"java":{"insertions":4,"deletions":0}}},{"hash":"796705cefc3bb07c0c4ab45b227b00577f694a5d","isMergeCommit":false,"messageTitle":"Refactor code in Baron class and edit code to comply with coding standards","messageBody":"","fileTypesAndContributionMap":{"java":{"insertions":20,"deletions":19}}}]},{"date":"2024-02-13","commitResults":[{"hash":"13f5596b78d1c23f7b899979efc95349802d7119","isMergeCommit":false,"messageTitle":"Add Parser and TaskList classes to refactor code","messageBody":"","fileTypesAndContributionMap":{"java":{"insertions":94,"deletions":73}}},{"hash":"ad3e0577b379480753a43c38200dfd538e273add","isMergeCommit":false,"messageTitle":"Refactor Parser class code for easier readability","messageBody":"","fileTypesAndContributionMap":{"java":{"insertions":42,"deletions":17}}}]},{"date":"2024-02-16","commitResults":[{"hash":"5fde00d92c139ea1a08fbd8d275f18af5072170a","isMergeCommit":false,"messageTitle":"Add error handling functionality to Baron","messageBody":"","tags":["Level-5"],"fileTypesAndContributionMap":{"java":{"insertions":8,"deletions":1}}},{"hash":"7b27baaf8c69af12544236546a849db43aea16c6","isMergeCommit":false,"messageTitle":"Add error handling using exceptions","messageBody":"","tags":["A-Exceptions"],"fileTypesAndContributionMap":{"java":{"insertions":39,"deletions":32}}},{"hash":"0a00597c2841584e88f7ba12a6ef0649aff03af4","isMergeCommit":false,"messageTitle":"Organize code into packages","messageBody":"","tags":["A-Packages"],"fileTypesAndContributionMap":{"java":{"insertions":22,"deletions":1}}},{"hash":"e96759a27b08253496b32f9fcdef2e461a844c58","isMergeCommit":true,"messageTitle":"Merge branch \u0027branch-Level-5\u0027","messageBody":"","fileTypesAndContributionMap":{}},{"hash":"52d1f7278ad1a680f6aa56d5e23de4b76785bd0f","isMergeCommit":false,"messageTitle":"Fix bug with TaskList class","messageBody":"","fileTypesAndContributionMap":{"java":{"insertions":29,"deletions":16}}}]},{"date":"2024-02-21","commitResults":[{"hash":"d56968175a68daa81ac36febc2e98dd19fef4b12","isMergeCommit":false,"messageTitle":"Add support for deleting tasks from the list","messageBody":"","tags":["Level-6","A-Collections"],"fileTypesAndContributionMap":{"java":{"insertions":29,"deletions":6}}},{"hash":"75eb79f09a1da2546a516fb5db372f3b21715cfb","isMergeCommit":false,"messageTitle":"Add support for writing and reading from text file","messageBody":"","fileTypesAndContributionMap":{"java":{"insertions":95,"deletions":9}}},{"hash":"05e65c5cbed4085af2e123eba0bcd434cd66ac2b","isMergeCommit":true,"messageTitle":"Merge branch \u0027branch-Level-6\u0027","messageBody":"","fileTypesAndContributionMap":{}},{"hash":"7c09b2fcfd6d9613a6551ad9022621d540c80f8a","isMergeCommit":true,"messageTitle":"Merge branch \u0027branch-Level-7\u0027","messageBody":"# Conflicts:\n#\tsrc/main/java/parser/Parser.java\n","fileTypesAndContributionMap":{}}]},{"date":"2024-02-23","commitResults":[{"hash":"b0312512952211261e28115fc6299d1d364e62c8","isMergeCommit":false,"messageTitle":"Update save functionality to include loading tasks upon execution","messageBody":"","tags":["Level-7"],"fileTypesAndContributionMap":{"java":{"insertions":76,"deletions":9}}},{"hash":"b168d9b999d25cf602d4adc2e7a55cec465588a2","isMergeCommit":true,"messageTitle":"Merge branch \u0027branch-Level-7-update\u0027","messageBody":"","fileTypesAndContributionMap":{}}]},{"date":"2024-02-29","commitResults":[{"hash":"4c7642230d42fbb2353fd39ec14a64e2ca613adb","isMergeCommit":false,"messageTitle":"Edit code for easier readability and add more exception handling","messageBody":"","tags":["A-MoreOOP"],"fileTypesAndContributionMap":{"java":{"insertions":178,"deletions":45}}}]}]},"authorFileTypeContributionMap":{"Joshuahoky":{"java":558,"md":0,"fxml":0,"sh":0,"bat":0,"gradle":0,"txt":0}},"authorContributionVariance":{"Joshuahoky":3380.3474},"authorDisplayNameMap":{"Joshuahoky":"CS2113-F15-4 HO K..SHUA"}}
