[{"path":"src/main/java/Task.java","fileType":"java","lines":[{"lineNumber":1,"author":{"gitId":"z-wenqing"},"content":"public class Task {","lastModifiedDate":"2024-02-01"},{"lineNumber":2,"author":{"gitId":"z-wenqing"},"content":"    protected String description;","lastModifiedDate":"2024-02-01"},{"lineNumber":3,"author":{"gitId":"z-wenqing"},"content":"    protected boolean isDone;","lastModifiedDate":"2024-02-01"},{"lineNumber":4,"author":{"gitId":"z-wenqing"},"content":"","lastModifiedDate":"2024-02-01"},{"lineNumber":5,"author":{"gitId":"z-wenqing"},"content":"    public Task(String description) {","lastModifiedDate":"2024-02-01"},{"lineNumber":6,"author":{"gitId":"z-wenqing"},"content":"        this.description \u003d description;","lastModifiedDate":"2024-02-01"},{"lineNumber":7,"author":{"gitId":"z-wenqing"},"content":"        this.isDone \u003d false;","lastModifiedDate":"2024-02-01"},{"lineNumber":8,"author":{"gitId":"z-wenqing"},"content":"    }","lastModifiedDate":"2024-02-01"},{"lineNumber":9,"author":{"gitId":"z-wenqing"},"content":"","lastModifiedDate":"2024-02-01"},{"lineNumber":10,"author":{"gitId":"z-wenqing"},"content":"    public String getStatusIcon() {","lastModifiedDate":"2024-02-01"},{"lineNumber":11,"author":{"gitId":"z-wenqing"},"content":"        return (isDone ? \"X\" : \" \"); // mark done task with X","lastModifiedDate":"2024-02-01"},{"lineNumber":12,"author":{"gitId":"z-wenqing"},"content":"    }","lastModifiedDate":"2024-02-01"},{"lineNumber":13,"author":{"gitId":"z-wenqing"},"content":"","lastModifiedDate":"2024-02-01"},{"lineNumber":14,"author":{"gitId":"z-wenqing"},"content":"    public void markAsDone() {","lastModifiedDate":"2024-02-01"},{"lineNumber":15,"author":{"gitId":"z-wenqing"},"content":"        this.isDone \u003d true;","lastModifiedDate":"2024-02-01"},{"lineNumber":16,"author":{"gitId":"z-wenqing"},"content":"    }","lastModifiedDate":"2024-02-01"},{"lineNumber":17,"author":{"gitId":"z-wenqing"},"content":"    public void markAsNotDone() {","lastModifiedDate":"2024-02-01"},{"lineNumber":18,"author":{"gitId":"z-wenqing"},"content":"        this.isDone \u003d false;","lastModifiedDate":"2024-02-01"},{"lineNumber":19,"author":{"gitId":"z-wenqing"},"content":"    }","lastModifiedDate":"2024-02-01"},{"lineNumber":20,"author":{"gitId":"z-wenqing"},"content":"","lastModifiedDate":"2024-02-01"},{"lineNumber":21,"author":{"gitId":"z-wenqing"},"content":"    public String getDescription() {","lastModifiedDate":"2024-02-01"},{"lineNumber":22,"author":{"gitId":"z-wenqing"},"content":"        return description;","lastModifiedDate":"2024-02-01"},{"lineNumber":23,"author":{"gitId":"z-wenqing"},"content":"    }","lastModifiedDate":"2024-02-01"},{"lineNumber":24,"author":{"gitId":"z-wenqing"},"content":"","lastModifiedDate":"2024-02-01"},{"lineNumber":25,"author":{"gitId":"z-wenqing"},"content":"    public boolean isDone() {","lastModifiedDate":"2024-02-01"},{"lineNumber":26,"author":{"gitId":"z-wenqing"},"content":"        return isDone;","lastModifiedDate":"2024-02-01"},{"lineNumber":27,"author":{"gitId":"z-wenqing"},"content":"    }","lastModifiedDate":"2024-02-01"},{"lineNumber":28,"author":{"gitId":"z-wenqing"},"content":"}","lastModifiedDate":"2024-02-01"}],"authorContributionMap":{"z-wenqing":28}},{"path":"src/main/java/Wqchat.java","fileType":"java","lines":[{"lineNumber":1,"author":{"gitId":"z-wenqing"},"content":"import java.util.Scanner;","lastModifiedDate":"2024-01-31"},{"lineNumber":2,"author":{"gitId":"z-wenqing"},"content":"import java.util.ArrayList;","lastModifiedDate":"2024-02-01"},{"lineNumber":3,"author":{"gitId":"z-wenqing"},"content":"public class Wqchat {","lastModifiedDate":"2024-01-26"},{"lineNumber":4,"author":{"gitId":"z-wenqing"},"content":"    public static void printLine() {","lastModifiedDate":"2024-01-31"},{"lineNumber":5,"author":{"gitId":"z-wenqing"},"content":"        System.out.println(\"____________________________________________________________\");","lastModifiedDate":"2024-01-31"},{"lineNumber":6,"author":{"gitId":"z-wenqing"},"content":"    }","lastModifiedDate":"2024-01-31"},{"lineNumber":7,"author":{"gitId":"-"},"content":"    public static void main(String[] args) {","lastModifiedDate":"2019-07-29"},{"lineNumber":8,"author":{"gitId":"z-wenqing"},"content":"        ArrayList\u003cTask\u003e tasks \u003d new ArrayList\u003c\u003e(); // a list of tasks","lastModifiedDate":"2024-02-01"},{"lineNumber":9,"author":{"gitId":"z-wenqing"},"content":"","lastModifiedDate":"2024-01-31"},{"lineNumber":10,"author":{"gitId":"z-wenqing"},"content":"        printLine();","lastModifiedDate":"2024-01-31"},{"lineNumber":11,"author":{"gitId":"z-wenqing"},"content":"        System.out.println(\"Hello! I\u0027m Wqchat\");","lastModifiedDate":"2024-01-31"},{"lineNumber":12,"author":{"gitId":"z-wenqing"},"content":"        System.out.println(\"What can I do for you?\");","lastModifiedDate":"2024-01-26"},{"lineNumber":13,"author":{"gitId":"z-wenqing"},"content":"        printLine();","lastModifiedDate":"2024-01-31"},{"lineNumber":14,"author":{"gitId":"z-wenqing"},"content":"","lastModifiedDate":"2024-01-31"},{"lineNumber":15,"author":{"gitId":"z-wenqing"},"content":"        String line;","lastModifiedDate":"2024-01-31"},{"lineNumber":16,"author":{"gitId":"z-wenqing"},"content":"        Scanner in \u003d new Scanner(System.in);","lastModifiedDate":"2024-01-31"},{"lineNumber":17,"author":{"gitId":"z-wenqing"},"content":"        line \u003d in.nextLine();","lastModifiedDate":"2024-01-31"},{"lineNumber":18,"author":{"gitId":"z-wenqing"},"content":"","lastModifiedDate":"2024-01-31"},{"lineNumber":19,"author":{"gitId":"z-wenqing"},"content":"        while (!line.equals(\"bye\")) {","lastModifiedDate":"2024-01-31"},{"lineNumber":20,"author":{"gitId":"z-wenqing"},"content":"            if (line.equals(\"list\")) {","lastModifiedDate":"2024-02-01"},{"lineNumber":21,"author":{"gitId":"z-wenqing"},"content":"                printLine();","lastModifiedDate":"2024-01-31"},{"lineNumber":22,"author":{"gitId":"z-wenqing"},"content":"                System.out.println(\"Here are the tasks in your list: \");","lastModifiedDate":"2024-02-01"},{"lineNumber":23,"author":{"gitId":"z-wenqing"},"content":"                for (int i \u003d 0; i \u003c tasks.size(); i++) {","lastModifiedDate":"2024-02-01"},{"lineNumber":24,"author":{"gitId":"z-wenqing"},"content":"                    Task task \u003d tasks.get(i);","lastModifiedDate":"2024-02-01"},{"lineNumber":25,"author":{"gitId":"z-wenqing"},"content":"                    System.out.print(i + 1);","lastModifiedDate":"2024-02-01"},{"lineNumber":26,"author":{"gitId":"z-wenqing"},"content":"                    System.out.print(task.isDone() ? \".[X] \" : \".[ ] \");","lastModifiedDate":"2024-02-01"},{"lineNumber":27,"author":{"gitId":"z-wenqing"},"content":"                    System.out.println(task.getDescription());","lastModifiedDate":"2024-02-01"},{"lineNumber":28,"author":{"gitId":"z-wenqing"},"content":"                }","lastModifiedDate":"2024-02-01"},{"lineNumber":29,"author":{"gitId":"z-wenqing"},"content":"                printLine();","lastModifiedDate":"2024-01-31"},{"lineNumber":30,"author":{"gitId":"z-wenqing"},"content":"            } else if (line.startsWith(\"mark\")) {","lastModifiedDate":"2024-02-01"},{"lineNumber":31,"author":{"gitId":"z-wenqing"},"content":"                String[] words \u003d line.split(\" \");","lastModifiedDate":"2024-02-01"},{"lineNumber":32,"author":{"gitId":"z-wenqing"},"content":"                int index \u003d Integer.parseInt(words[1]);","lastModifiedDate":"2024-02-01"},{"lineNumber":33,"author":{"gitId":"z-wenqing"},"content":"                Task task \u003d tasks.get(index - 1);","lastModifiedDate":"2024-02-01"},{"lineNumber":34,"author":{"gitId":"z-wenqing"},"content":"                task.markAsDone();","lastModifiedDate":"2024-02-01"},{"lineNumber":35,"author":{"gitId":"z-wenqing"},"content":"","lastModifiedDate":"2024-01-31"},{"lineNumber":36,"author":{"gitId":"z-wenqing"},"content":"                printLine();","lastModifiedDate":"2024-02-01"},{"lineNumber":37,"author":{"gitId":"z-wenqing"},"content":"                System.out.println(\"Nice! I\u0027ve marked this task as done:\");","lastModifiedDate":"2024-02-01"},{"lineNumber":38,"author":{"gitId":"z-wenqing"},"content":"                System.out.print(\"[X] \");","lastModifiedDate":"2024-02-01"},{"lineNumber":39,"author":{"gitId":"z-wenqing"},"content":"                System.out.println(task.getDescription());","lastModifiedDate":"2024-02-01"},{"lineNumber":40,"author":{"gitId":"z-wenqing"},"content":"                printLine();","lastModifiedDate":"2024-02-01"},{"lineNumber":41,"author":{"gitId":"z-wenqing"},"content":"            } else if (line.startsWith(\"unmark\")) {","lastModifiedDate":"2024-02-01"},{"lineNumber":42,"author":{"gitId":"z-wenqing"},"content":"                String[] words \u003d line.split(\" \");","lastModifiedDate":"2024-02-01"},{"lineNumber":43,"author":{"gitId":"z-wenqing"},"content":"                int index \u003d Integer.parseInt(words[1]);","lastModifiedDate":"2024-02-01"},{"lineNumber":44,"author":{"gitId":"z-wenqing"},"content":"                Task task \u003d tasks.get(index - 1);","lastModifiedDate":"2024-02-01"},{"lineNumber":45,"author":{"gitId":"z-wenqing"},"content":"                task.markAsNotDone();","lastModifiedDate":"2024-02-01"},{"lineNumber":46,"author":{"gitId":"z-wenqing"},"content":"","lastModifiedDate":"2024-02-01"},{"lineNumber":47,"author":{"gitId":"z-wenqing"},"content":"                printLine();","lastModifiedDate":"2024-02-01"},{"lineNumber":48,"author":{"gitId":"z-wenqing"},"content":"                System.out.println(\"OK, I\u0027ve marked this task as not done yet:\");","lastModifiedDate":"2024-02-01"},{"lineNumber":49,"author":{"gitId":"z-wenqing"},"content":"                System.out.print(\"[ ] \");","lastModifiedDate":"2024-02-01"},{"lineNumber":50,"author":{"gitId":"z-wenqing"},"content":"                System.out.println(task.getDescription());","lastModifiedDate":"2024-02-01"},{"lineNumber":51,"author":{"gitId":"z-wenqing"},"content":"                printLine();","lastModifiedDate":"2024-02-01"},{"lineNumber":52,"author":{"gitId":"z-wenqing"},"content":"            } else {","lastModifiedDate":"2024-01-31"},{"lineNumber":53,"author":{"gitId":"z-wenqing"},"content":"                printLine();","lastModifiedDate":"2024-01-31"},{"lineNumber":54,"author":{"gitId":"z-wenqing"},"content":"                System.out.println(\"added: \" + line);","lastModifiedDate":"2024-02-01"},{"lineNumber":55,"author":{"gitId":"z-wenqing"},"content":"                printLine();","lastModifiedDate":"2024-01-31"},{"lineNumber":56,"author":{"gitId":"z-wenqing"},"content":"","lastModifiedDate":"2024-01-31"},{"lineNumber":57,"author":{"gitId":"z-wenqing"},"content":"                Task newTask \u003d new Task(line);","lastModifiedDate":"2024-02-01"},{"lineNumber":58,"author":{"gitId":"z-wenqing"},"content":"                tasks.add(newTask);","lastModifiedDate":"2024-02-01"},{"lineNumber":59,"author":{"gitId":"z-wenqing"},"content":"            }","lastModifiedDate":"2024-01-31"},{"lineNumber":60,"author":{"gitId":"z-wenqing"},"content":"            line \u003d in.nextLine();","lastModifiedDate":"2024-01-31"},{"lineNumber":61,"author":{"gitId":"z-wenqing"},"content":"        }","lastModifiedDate":"2024-01-31"},{"lineNumber":62,"author":{"gitId":"z-wenqing"},"content":"","lastModifiedDate":"2024-01-31"},{"lineNumber":63,"author":{"gitId":"z-wenqing"},"content":"        printLine();","lastModifiedDate":"2024-01-31"},{"lineNumber":64,"author":{"gitId":"z-wenqing"},"content":"        System.out.println(\"Bye. Hope to see you again soon!\");","lastModifiedDate":"2024-01-31"},{"lineNumber":65,"author":{"gitId":"z-wenqing"},"content":"        printLine();","lastModifiedDate":"2024-01-31"},{"lineNumber":66,"author":{"gitId":"-"},"content":"    }","lastModifiedDate":"2019-07-29"},{"lineNumber":67,"author":{"gitId":"-"},"content":"}","lastModifiedDate":"2019-07-29"}],"authorContributionMap":{"z-wenqing":64,"-":3}}]
