{"authorDailyContributionsMap":{"z-wenqing":[{"date":"2024-01-26","commitResults":[{"hash":"e71993007f13500323319175e724e5c48aaaebe5","isMergeCommit":false,"messageTitle":"Level 1-0","messageBody":"","fileTypesAndContributionMap":{"java":{"insertions":4,"deletions":2}}},{"hash":"3bf457e3fa09104a2de247b4355e002083c650b4","isMergeCommit":false,"messageTitle":"Level 1-0","messageBody":"","fileTypesAndContributionMap":{"java":{"insertions":6,"deletions":2}}},{"hash":"82697caa42373c622aaa4690a2993a71a80f6b32","isMergeCommit":false,"messageTitle":"Level 1-0","messageBody":"","fileTypesAndContributionMap":{"java":{"insertions":1,"deletions":1}}},{"hash":"5a48edd0ef8363f58cf7a8b011958b4ac04fff92","isMergeCommit":false,"messageTitle":"Level-0","messageBody":"","tags":["Level-0"],"fileTypesAndContributionMap":{"java":{"insertions":1,"deletions":1}}}]},{"date":"2024-01-31","commitResults":[{"hash":"6a9a0c28e8a493d3e602667dd8e3621781c19613","isMergeCommit":false,"messageTitle":"Level-1","messageBody":"","fileTypesAndContributionMap":{"java":{"insertions":25,"deletions":4}}},{"hash":"3d8e1fd988088ddc6d0d8d2d4dbd73d7d9c5a3db","isMergeCommit":false,"messageTitle":"Level-1","messageBody":"","tags":["Level-1"],"fileTypesAndContributionMap":{"java":{"insertions":6,"deletions":17}}},{"hash":"f328778ff36418d781e3a93de55fbd442390d6b2","isMergeCommit":false,"messageTitle":"Level-2","messageBody":"","tags":["Level-2"],"fileTypesAndContributionMap":{"java":{"insertions":23,"deletions":3}}}]},{"date":"2024-02-01","commitResults":[{"hash":"85ff3f21f0820bd7d26be5c39abaad58747218ee","isMergeCommit":false,"messageTitle":"Level-3","messageBody":"","tags":["Level-3"],"fileTypesAndContributionMap":{"java":{"insertions":62,"deletions":13}}},{"hash":"1674cc61472b6b77c307aacb6124e61181068c45","isMergeCommit":false,"messageTitle":"A-CodingStandard","messageBody":"","tags":["A-CodingStandard"],"fileTypesAndContributionMap":{"java":{"insertions":1,"deletions":1}}}]},{"date":"2024-02-07","commitResults":[{"hash":"14a38d81a68ed7f2c8615069fa4f5d8f85ad00b4","isMergeCommit":false,"messageTitle":"Store all tasks in an array","messageBody":"","fileTypesAndContributionMap":{"java":{"insertions":6,"deletions":0}}},{"hash":"025e8e7d010000a32738ca54701656c7385fb981","isMergeCommit":false,"messageTitle":"Add support for tracking todos","messageBody":"","fileTypesAndContributionMap":{"java":{"insertions":96,"deletions":23}}},{"hash":"80b5f822c01b37378b85c51c9a14da6457fc22c6","isMergeCommit":false,"messageTitle":"Add support for tracking deadlines","messageBody":"","fileTypesAndContributionMap":{"java":{"insertions":19,"deletions":1}}}]},{"date":"2024-02-08","commitResults":[{"hash":"796e34e7622de1de1a3ab28ff705f8e4458efcb7","isMergeCommit":false,"messageTitle":"Add support for tracking events","messageBody":"","tags":["Level-4"],"fileTypesAndContributionMap":{"java":{"insertions":16,"deletions":0}}},{"hash":"df240f37a4cef3a9033549b21cc67d936dc280d3","isMergeCommit":false,"messageTitle":"Replace magic numbers with constants","messageBody":"","fileTypesAndContributionMap":{"java":{"insertions":13,"deletions":8}}},{"hash":"464b50ca99322b13fbcff577b199619840471d5b","isMergeCommit":false,"messageTitle":"Refactor duplicated code into separate methods","messageBody":"","tags":["A-CodeQuality"],"fileTypesAndContributionMap":{"java":{"insertions":33,"deletions":33}}}]},{"date":"2024-02-14","commitResults":[{"hash":"1f09df8ebcdccfcdf8bb96bd196d977b2b01e795","isMergeCommit":false,"messageTitle":"Handle empty description for todo","messageBody":"","fileTypesAndContributionMap":{"java":{"insertions":11,"deletions":6}}},{"hash":"98c27016b8da41bc80bd11bf1bb4663593f4fcae","isMergeCommit":false,"messageTitle":"Handle invalid command","messageBody":"","fileTypesAndContributionMap":{"java":{"insertions":3,"deletions":1}}},{"hash":"bb432e90307ff9301bbe9588dc707ffb82b8598c","isMergeCommit":true,"messageTitle":"Merge branch \u0027branch-Level-5\u0027","messageBody":"","tags":["Level-5"],"fileTypesAndContributionMap":{}},{"hash":"f2c2243880f8e88178432f18f676b46d31c0a4ca","isMergeCommit":false,"messageTitle":"Handle Invalid Index","messageBody":"","fileTypesAndContributionMap":{"java":{"insertions":76,"deletions":15}}}]},{"date":"2024-02-15","commitResults":[{"hash":"400cbacb03bf02e2c158382b2a2502c9464918f4","isMergeCommit":false,"messageTitle":"Handle missing information in inputs","messageBody":"","tags":["A-Exceptions"],"fileTypesAndContributionMap":{"java":{"insertions":19,"deletions":11}}},{"hash":"1f29706642846c71f4141a1e44b009870046d37d","isMergeCommit":false,"messageTitle":"Handle MissingDueTimeException and MissingDescriptionException","messageBody":"","fileTypesAndContributionMap":{"java":{"insertions":33,"deletions":19}}},{"hash":"5c1964d8c312db6444236fadb037fa59345a301a","isMergeCommit":false,"messageTitle":"Divide classes into packages wqchat.logic and wqchat.task","messageBody":"","fileTypesAndContributionMap":{"java":{"insertions":0,"deletions":0}}},{"hash":"883578a3844d985e889be46cd2f1ebebed0710cc","isMergeCommit":false,"messageTitle":"Divide classes into packages","messageBody":"","tags":["A-Packages"],"fileTypesAndContributionMap":{"java":{"insertions":7,"deletions":3}}},{"hash":"9a255717f1899e88b3fa7a3710fdcac6671db2a6","isMergeCommit":true,"messageTitle":"Merge branch \u0027branch-A-Packages\u0027","messageBody":"","fileTypesAndContributionMap":{}}]},{"date":"2024-02-21","commitResults":[{"hash":"a23ac9099e8d8ca31b0a9e1ef12e1dadcd92038c","isMergeCommit":false,"messageTitle":"Use an ArrayList to store the tasks","messageBody":"","tags":["A-Collections"],"fileTypesAndContributionMap":{"java":{"insertions":12,"deletions":10}}},{"hash":"1f1e76fc2393b43513ff02147c5f687530f68544","isMergeCommit":false,"messageTitle":"Add support for deleting tasks from the list","messageBody":"","tags":["Level-6"],"fileTypesAndContributionMap":{"java":{"insertions":16,"deletions":0}}}]},{"date":"2024-02-22","commitResults":[{"hash":"48241d369ff0b51ae9d97e5765c47da5c2b72cfc","isMergeCommit":false,"messageTitle":"Save tasks in hard disk","messageBody":"","tags":["Level-7"],"fileTypesAndContributionMap":{"txt":{"insertions":3,"deletions":0},"java":{"insertions":113,"deletions":8}}},{"hash":"a4513b224e7734a8a47abf1453273146441016a8","isMergeCommit":true,"messageTitle":"Merge branch \u0027branch-Level-6\u0027","messageBody":"","fileTypesAndContributionMap":{}},{"hash":"89def1bfa81bdb89382b535485036bad80e4e685","isMergeCommit":true,"messageTitle":"Merge branch \u0027branch-Level-7\u0027","messageBody":"# Conflicts:\n#\tsrc/main/java/wqchat/logic/Wqchat.java\n","fileTypesAndContributionMap":{}},{"hash":"70dfc03ac467a67f6ba37c43bc0ce2ff983df5de","isMergeCommit":false,"messageTitle":"Bug fix: change tasks[taskCount]","messageBody":"","fileTypesAndContributionMap":{"txt":{"insertions":1,"deletions":0},"java":{"insertions":1,"deletions":1}}},{"hash":"c9ce8c88212ae931d9f6b4ce7b8aae81fc7eabdd","isMergeCommit":false,"messageTitle":"Fix delete task in file","messageBody":"","fileTypesAndContributionMap":{"txt":{"insertions":2,"deletions":0},"java":{"insertions":28,"deletions":8}}},{"hash":"389df8e8af1bd58580169b9b191be2f079838160","isMergeCommit":false,"messageTitle":"Update tasks","messageBody":"","fileTypesAndContributionMap":{"txt":{"insertions":1,"deletions":0}}}]},{"date":"2024-03-06","commitResults":[{"hash":"d1289e1e14d7d9126f94d0919a47c92a05295da3","isMergeCommit":false,"messageTitle":"Refactor methods to UI (printLine and printTaskCount)","messageBody":"","fileTypesAndContributionMap":{"java":{"insertions":57,"deletions":35}}},{"hash":"ae6c716ec2bc605bfb6ce9c8ba51b526be8cb277","isMergeCommit":false,"messageTitle":"Refractor printAddedTask, printGreetings and printList","messageBody":"","fileTypesAndContributionMap":{"java":{"insertions":44,"deletions":35}}},{"hash":"d0075b9c3726584535b4fe38fc10d41ff81800d2","isMergeCommit":false,"messageTitle":"Refractor storage class","messageBody":"","fileTypesAndContributionMap":{"java":{"insertions":132,"deletions":112}}},{"hash":"2f83e7b1312c2b268ad56cdd779672364769dd13","isMergeCommit":false,"messageTitle":"Refractor Parser class","messageBody":"","fileTypesAndContributionMap":{"java":{"insertions":46,"deletions":26}}},{"hash":"5161fbe02971694b86b82f654c4287f874d9e4ec","isMergeCommit":false,"messageTitle":"Refactor TaskList class","messageBody":"","fileTypesAndContributionMap":{"java":{"insertions":63,"deletions":60}}},{"hash":"d0ea3c774f1a194dc4d318d998224a818a7df7cb","isMergeCommit":false,"messageTitle":"Refactor WqchatException class","messageBody":"","tags":["A-MoreOOP"],"fileTypesAndContributionMap":{"java":{"insertions":70,"deletions":45}}},{"hash":"faa7f35b181fb7edd681044d87ff250a5e8333fd","isMergeCommit":false,"messageTitle":"Bug Fix: correct index for reading deadline due time from file","messageBody":"","fileTypesAndContributionMap":{"java":{"insertions":5,"deletions":3}}},{"hash":"015b07bbecdbc45d04abf45b2f3243b6327d22d9","isMergeCommit":false,"messageTitle":"Clean up some print lines into ui","messageBody":"","fileTypesAndContributionMap":{"java":{"insertions":45,"deletions":10}}},{"hash":"7ef9951498b7b8ae112785429848b79802bea3c1","isMergeCommit":false,"messageTitle":"Refactor handle invalid index to exception class","messageBody":"","fileTypesAndContributionMap":{"java":{"insertions":18,"deletions":25}}},{"hash":"0bba106dce05223171d2c33ad4176b46cc433d93","isMergeCommit":false,"messageTitle":"Add function for searching for a task using a keyword","messageBody":"","tags":["Level-9"],"fileTypesAndContributionMap":{"java":{"insertions":21,"deletions":2}}},{"hash":"6b4865234fa492a6027d5a0f679448ae643ac098","isMergeCommit":true,"messageTitle":"Merge pull request #1 from z-wenqing/branch-Level-9","messageBody":"Branch level 9","fileTypesAndContributionMap":{}},{"hash":"ffdf2989c262b899893deda62f33e5b7b172d416","isMergeCommit":false,"messageTitle":"Add Javadoc","messageBody":"","fileTypesAndContributionMap":{"java":{"insertions":118,"deletions":8}}},{"hash":"1beba76480d48f4b1b8be7037317f4c1f26b6589","isMergeCommit":true,"messageTitle":"Merge pull request #2 from z-wenqing/branch-A-JavaDoc","messageBody":"Add Javadoc","tags":["A-JavaDoc"],"fileTypesAndContributionMap":{}}]}]},"authorFileTypeContributionMap":{"z-wenqing":{"java":707,"md":0,"fxml":0,"sh":0,"bat":0,"gradle":0,"txt":7}},"authorContributionVariance":{"z-wenqing":20545.88},"authorDisplayNameMap":{"z-wenqing":"CS2113-T13-2 ZHAN..QING"}}
