[{"path":"src/main/java/Deadline.java","fileType":"java","lines":[{"lineNumber":1,"author":{"gitId":"j013n3"},"content":"public class Deadline extends Task {","lastModifiedDate":"2024-02-06"},{"lineNumber":2,"author":{"gitId":"j013n3"},"content":"    protected String by;","lastModifiedDate":"2024-02-06"},{"lineNumber":3,"author":{"gitId":"j013n3"},"content":"","lastModifiedDate":"2024-02-06"},{"lineNumber":4,"author":{"gitId":"j013n3"},"content":"    public Deadline(String description, String by) {","lastModifiedDate":"2024-02-06"},{"lineNumber":5,"author":{"gitId":"j013n3"},"content":"        super(description);","lastModifiedDate":"2024-02-06"},{"lineNumber":6,"author":{"gitId":"j013n3"},"content":"        this.by \u003d by;","lastModifiedDate":"2024-02-06"},{"lineNumber":7,"author":{"gitId":"j013n3"},"content":"        this.taskType \u003d \"[D]\";","lastModifiedDate":"2024-02-06"},{"lineNumber":8,"author":{"gitId":"j013n3"},"content":"    }","lastModifiedDate":"2024-02-06"},{"lineNumber":9,"author":{"gitId":"j013n3"},"content":"    public String getBy() {","lastModifiedDate":"2024-02-06"},{"lineNumber":10,"author":{"gitId":"j013n3"},"content":"        return by;","lastModifiedDate":"2024-02-06"},{"lineNumber":11,"author":{"gitId":"j013n3"},"content":"    }","lastModifiedDate":"2024-02-06"},{"lineNumber":12,"author":{"gitId":"j013n3"},"content":"","lastModifiedDate":"2024-02-06"},{"lineNumber":13,"author":{"gitId":"j013n3"},"content":"    public void setBy(String by) {","lastModifiedDate":"2024-02-06"},{"lineNumber":14,"author":{"gitId":"j013n3"},"content":"        this.by \u003d by;","lastModifiedDate":"2024-02-06"},{"lineNumber":15,"author":{"gitId":"j013n3"},"content":"    }","lastModifiedDate":"2024-02-06"},{"lineNumber":16,"author":{"gitId":"j013n3"},"content":"","lastModifiedDate":"2024-02-06"},{"lineNumber":17,"author":{"gitId":"j013n3"},"content":"    @Override","lastModifiedDate":"2024-02-06"},{"lineNumber":18,"author":{"gitId":"j013n3"},"content":"    public void printTask() {","lastModifiedDate":"2024-02-06"},{"lineNumber":19,"author":{"gitId":"j013n3"},"content":"        System.out.println(taskType + getStatusIcon() + \" \" + description + \" (by:\" + by + \")\");","lastModifiedDate":"2024-02-06"},{"lineNumber":20,"author":{"gitId":"j013n3"},"content":"    }","lastModifiedDate":"2024-02-06"},{"lineNumber":21,"author":{"gitId":"j013n3"},"content":"}","lastModifiedDate":"2024-02-06"},{"lineNumber":22,"author":{"gitId":"j013n3"},"content":"","lastModifiedDate":"2024-02-06"}],"authorContributionMap":{"j013n3":22}},{"path":"src/main/java/Duke.java","fileType":"java","lines":[{"lineNumber":1,"author":{"gitId":"j013n3"},"content":"import java.util.Scanner;","lastModifiedDate":"2024-02-03"},{"lineNumber":2,"author":{"gitId":"j013n3"},"content":"","lastModifiedDate":"2024-02-03"},{"lineNumber":3,"author":{"gitId":"-"},"content":"public class Duke {","lastModifiedDate":"2019-07-29"},{"lineNumber":4,"author":{"gitId":"j013n3"},"content":"    public static void printTasks(Task[] tasks, int taskCount) {","lastModifiedDate":"2024-02-03"},{"lineNumber":5,"author":{"gitId":"j013n3"},"content":"        System.out.println(\"Here are the tasks in your list:\");","lastModifiedDate":"2024-02-03"},{"lineNumber":6,"author":{"gitId":"j013n3"},"content":"        int taskNumber \u003d 1;","lastModifiedDate":"2024-02-03"},{"lineNumber":7,"author":{"gitId":"j013n3"},"content":"        for (int i \u003d 0; i \u003c taskCount; i++) {","lastModifiedDate":"2024-02-03"},{"lineNumber":8,"author":{"gitId":"j013n3"},"content":"            System.out.print(taskNumber + \".\");","lastModifiedDate":"2024-02-03"},{"lineNumber":9,"author":{"gitId":"j013n3"},"content":"            tasks[i].printTask();","lastModifiedDate":"2024-02-03"},{"lineNumber":10,"author":{"gitId":"j013n3"},"content":"            taskNumber++;","lastModifiedDate":"2024-02-03"},{"lineNumber":11,"author":{"gitId":"j013n3"},"content":"        }","lastModifiedDate":"2024-02-03"},{"lineNumber":12,"author":{"gitId":"j013n3"},"content":"    }","lastModifiedDate":"2024-02-03"},{"lineNumber":13,"author":{"gitId":"j013n3"},"content":"","lastModifiedDate":"2024-02-03"},{"lineNumber":14,"author":{"gitId":"j013n3"},"content":"    public static void markTask(Task[] tasks, int taskNumber) {","lastModifiedDate":"2024-02-03"},{"lineNumber":15,"author":{"gitId":"j013n3"},"content":"        System.out.println(\"Nice! I\u0027ve marked this task as done:\");","lastModifiedDate":"2024-02-03"},{"lineNumber":16,"author":{"gitId":"j013n3"},"content":"        tasks[taskNumber].markAsDone();","lastModifiedDate":"2024-02-03"},{"lineNumber":17,"author":{"gitId":"j013n3"},"content":"        System.out.print(\" \");","lastModifiedDate":"2024-02-03"},{"lineNumber":18,"author":{"gitId":"j013n3"},"content":"        tasks[taskNumber].printTask();","lastModifiedDate":"2024-02-03"},{"lineNumber":19,"author":{"gitId":"j013n3"},"content":"    }","lastModifiedDate":"2024-02-03"},{"lineNumber":20,"author":{"gitId":"j013n3"},"content":"","lastModifiedDate":"2024-02-03"},{"lineNumber":21,"author":{"gitId":"j013n3"},"content":"    public static void unmarkTask(Task[] tasks, int taskNumber) {","lastModifiedDate":"2024-02-03"},{"lineNumber":22,"author":{"gitId":"j013n3"},"content":"        System.out.println(\"OK, I\u0027ve marked this task as not done yet:\");","lastModifiedDate":"2024-02-03"},{"lineNumber":23,"author":{"gitId":"j013n3"},"content":"        tasks[taskNumber].markAsNotDone();","lastModifiedDate":"2024-02-03"},{"lineNumber":24,"author":{"gitId":"j013n3"},"content":"        System.out.print(\" \");","lastModifiedDate":"2024-02-03"},{"lineNumber":25,"author":{"gitId":"j013n3"},"content":"        tasks[taskNumber].printTask();","lastModifiedDate":"2024-02-03"},{"lineNumber":26,"author":{"gitId":"j013n3"},"content":"    }","lastModifiedDate":"2024-02-03"},{"lineNumber":27,"author":{"gitId":"j013n3"},"content":"","lastModifiedDate":"2024-02-03"},{"lineNumber":28,"author":{"gitId":"j013n3"},"content":"    public static void handleMarkAndUnmarkRequest(String userCommand,String[] arrayOfCommand,Task[] tasks) {","lastModifiedDate":"2024-02-16"},{"lineNumber":29,"author":{"gitId":"j013n3"},"content":"        arrayOfCommand \u003d userCommand.split(\" \",2);","lastModifiedDate":"2024-02-16"},{"lineNumber":30,"author":{"gitId":"j013n3"},"content":"        if (arrayOfCommand.length \u003c 2 || arrayOfCommand[1].isEmpty()) {","lastModifiedDate":"2024-02-16"},{"lineNumber":31,"author":{"gitId":"j013n3"},"content":"            System.out.print(Guide.MARK_AND_UNMARK_REQUEST_FORMAT);","lastModifiedDate":"2024-02-16"},{"lineNumber":32,"author":{"gitId":"j013n3"},"content":"            throw new StringIndexOutOfBoundsException();","lastModifiedDate":"2024-02-16"},{"lineNumber":33,"author":{"gitId":"j013n3"},"content":"        }","lastModifiedDate":"2024-02-16"},{"lineNumber":34,"author":{"gitId":"j013n3"},"content":"        int taskNumber \u003d Integer.parseInt(arrayOfCommand[1]);","lastModifiedDate":"2024-02-16"},{"lineNumber":35,"author":{"gitId":"j013n3"},"content":"        if (arrayOfCommand[0].equals(\"mark\")) {","lastModifiedDate":"2024-02-16"},{"lineNumber":36,"author":{"gitId":"j013n3"},"content":"            markTask(tasks, taskNumber - 1);","lastModifiedDate":"2024-02-16"},{"lineNumber":37,"author":{"gitId":"j013n3"},"content":"        } else {","lastModifiedDate":"2024-02-16"},{"lineNumber":38,"author":{"gitId":"j013n3"},"content":"            unmarkTask(tasks, taskNumber - 1);","lastModifiedDate":"2024-02-16"},{"lineNumber":39,"author":{"gitId":"j013n3"},"content":"        }","lastModifiedDate":"2024-02-16"},{"lineNumber":40,"author":{"gitId":"j013n3"},"content":"    }","lastModifiedDate":"2024-02-16"},{"lineNumber":41,"author":{"gitId":"j013n3"},"content":"","lastModifiedDate":"2024-02-16"},{"lineNumber":42,"author":{"gitId":"j013n3"},"content":"    public static void handleTodoDeadlineAndEvent(String userCommand,int taskCount,String[] arrayOfCommand,Task[] tasks){","lastModifiedDate":"2024-02-16"},{"lineNumber":43,"author":{"gitId":"j013n3"},"content":"        if (userCommand.startsWith(\"todo\")) {","lastModifiedDate":"2024-02-16"},{"lineNumber":44,"author":{"gitId":"j013n3"},"content":"            arrayOfCommand \u003d userCommand.split(\" \", 2);","lastModifiedDate":"2024-02-16"},{"lineNumber":45,"author":{"gitId":"j013n3"},"content":"            if (arrayOfCommand.length \u003c 2 || arrayOfCommand[1].isEmpty()) {","lastModifiedDate":"2024-02-16"},{"lineNumber":46,"author":{"gitId":"j013n3"},"content":"                System.out.println(Guide.TODO_REQUEST_FORMAT);","lastModifiedDate":"2024-02-16"},{"lineNumber":47,"author":{"gitId":"j013n3"},"content":"                throw new StringIndexOutOfBoundsException();","lastModifiedDate":"2024-02-16"},{"lineNumber":48,"author":{"gitId":"j013n3"},"content":"            }","lastModifiedDate":"2024-02-16"},{"lineNumber":49,"author":{"gitId":"j013n3"},"content":"            tasks[taskCount] \u003d new Todo(arrayOfCommand[1]);","lastModifiedDate":"2024-02-16"},{"lineNumber":50,"author":{"gitId":"j013n3"},"content":"        }","lastModifiedDate":"2024-02-16"},{"lineNumber":51,"author":{"gitId":"j013n3"},"content":"","lastModifiedDate":"2024-02-16"},{"lineNumber":52,"author":{"gitId":"j013n3"},"content":"        if (userCommand.startsWith(\"deadline\")) {","lastModifiedDate":"2024-02-16"},{"lineNumber":53,"author":{"gitId":"j013n3"},"content":"            arrayOfCommand \u003d userCommand.split(\"deadline | /by\");","lastModifiedDate":"2024-02-16"},{"lineNumber":54,"author":{"gitId":"j013n3"},"content":"            if (arrayOfCommand.length \u003c 2 || arrayOfCommand[1].isEmpty()) {","lastModifiedDate":"2024-02-16"},{"lineNumber":55,"author":{"gitId":"j013n3"},"content":"                System.out.println(Guide.DEADLINE_REQUEST_FORMAT);","lastModifiedDate":"2024-02-16"},{"lineNumber":56,"author":{"gitId":"j013n3"},"content":"                throw new StringIndexOutOfBoundsException();","lastModifiedDate":"2024-02-16"},{"lineNumber":57,"author":{"gitId":"j013n3"},"content":"            }","lastModifiedDate":"2024-02-16"},{"lineNumber":58,"author":{"gitId":"j013n3"},"content":"            tasks[taskCount] \u003d new Deadline(arrayOfCommand[1], arrayOfCommand[2]);","lastModifiedDate":"2024-02-16"},{"lineNumber":59,"author":{"gitId":"j013n3"},"content":"        }","lastModifiedDate":"2024-02-16"},{"lineNumber":60,"author":{"gitId":"j013n3"},"content":"","lastModifiedDate":"2024-02-16"},{"lineNumber":61,"author":{"gitId":"j013n3"},"content":"        if (userCommand.startsWith(\"event\")) {","lastModifiedDate":"2024-02-16"},{"lineNumber":62,"author":{"gitId":"j013n3"},"content":"            arrayOfCommand \u003d userCommand.split(\"event | /from | /to \");","lastModifiedDate":"2024-02-16"},{"lineNumber":63,"author":{"gitId":"j013n3"},"content":"            if (arrayOfCommand.length \u003c 3 || arrayOfCommand[1].isEmpty() || arrayOfCommand[2].isEmpty()) {","lastModifiedDate":"2024-02-16"},{"lineNumber":64,"author":{"gitId":"j013n3"},"content":"                System.out.println(Guide.EVENT_REQUEST_FORMAT);","lastModifiedDate":"2024-02-16"},{"lineNumber":65,"author":{"gitId":"j013n3"},"content":"                throw new StringIndexOutOfBoundsException();","lastModifiedDate":"2024-02-16"},{"lineNumber":66,"author":{"gitId":"j013n3"},"content":"            }","lastModifiedDate":"2024-02-16"},{"lineNumber":67,"author":{"gitId":"j013n3"},"content":"            tasks[taskCount] \u003d new Event(arrayOfCommand[1], arrayOfCommand[2], arrayOfCommand[3]);","lastModifiedDate":"2024-02-16"},{"lineNumber":68,"author":{"gitId":"j013n3"},"content":"        }","lastModifiedDate":"2024-02-16"},{"lineNumber":69,"author":{"gitId":"j013n3"},"content":"","lastModifiedDate":"2024-02-16"},{"lineNumber":70,"author":{"gitId":"j013n3"},"content":"        System.out.println(\"Got it. I\u0027ve added this task:\");","lastModifiedDate":"2024-02-16"},{"lineNumber":71,"author":{"gitId":"j013n3"},"content":"    }","lastModifiedDate":"2024-02-16"},{"lineNumber":72,"author":{"gitId":"j013n3"},"content":"","lastModifiedDate":"2024-02-16"},{"lineNumber":73,"author":{"gitId":"j013n3"},"content":"    public static void handleCommand(String userCommand) {","lastModifiedDate":"2024-02-15"},{"lineNumber":74,"author":{"gitId":"j013n3"},"content":"        Task[] tasks \u003d new Task[100];","lastModifiedDate":"2024-02-03"},{"lineNumber":75,"author":{"gitId":"j013n3"},"content":"        String[] arrayOfCommand \u003d new String[4];","lastModifiedDate":"2024-02-07"},{"lineNumber":76,"author":{"gitId":"j013n3"},"content":"        int taskCount \u003d 0;","lastModifiedDate":"2024-02-03"},{"lineNumber":77,"author":{"gitId":"j013n3"},"content":"        Scanner in \u003d new Scanner(System.in);","lastModifiedDate":"2024-02-03"},{"lineNumber":78,"author":{"gitId":"j013n3"},"content":"","lastModifiedDate":"2024-02-03"},{"lineNumber":79,"author":{"gitId":"j013n3"},"content":"        while (!(userCommand.equals(\"bye\"))) {","lastModifiedDate":"2024-02-03"},{"lineNumber":80,"author":{"gitId":"j013n3"},"content":"            if (userCommand.equals(\"list\")) {","lastModifiedDate":"2024-02-03"},{"lineNumber":81,"author":{"gitId":"j013n3"},"content":"                printTasks(tasks, taskCount);","lastModifiedDate":"2024-02-03"},{"lineNumber":82,"author":{"gitId":"j013n3"},"content":"                userCommand \u003d in.nextLine();","lastModifiedDate":"2024-02-03"},{"lineNumber":83,"author":{"gitId":"j013n3"},"content":"                continue;","lastModifiedDate":"2024-02-03"},{"lineNumber":84,"author":{"gitId":"j013n3"},"content":"            } else if (userCommand.contains(\"unmark\")) {","lastModifiedDate":"2024-02-07"},{"lineNumber":85,"author":{"gitId":"j013n3"},"content":"                handleMarkAndUnmarkRequest(userCommand, arrayOfCommand, tasks);","lastModifiedDate":"2024-02-16"},{"lineNumber":86,"author":{"gitId":"j013n3"},"content":"                userCommand \u003d in.nextLine();","lastModifiedDate":"2024-02-03"},{"lineNumber":87,"author":{"gitId":"j013n3"},"content":"                continue;","lastModifiedDate":"2024-02-03"},{"lineNumber":88,"author":{"gitId":"j013n3"},"content":"            } else if (userCommand.contains(\"mark\")) {","lastModifiedDate":"2024-02-07"},{"lineNumber":89,"author":{"gitId":"j013n3"},"content":"                handleMarkAndUnmarkRequest(userCommand, arrayOfCommand, tasks);","lastModifiedDate":"2024-02-16"},{"lineNumber":90,"author":{"gitId":"j013n3"},"content":"                userCommand \u003d in.nextLine();","lastModifiedDate":"2024-02-03"},{"lineNumber":91,"author":{"gitId":"j013n3"},"content":"                continue;","lastModifiedDate":"2024-02-03"},{"lineNumber":92,"author":{"gitId":"j013n3"},"content":"            } else if (userCommand.contains(\"todo\") || userCommand.contains(\"deadline\") || userCommand.contains(\"event\")) {","lastModifiedDate":"2024-02-16"},{"lineNumber":93,"author":{"gitId":"j013n3"},"content":"                handleTodoDeadlineAndEvent(userCommand, taskCount, arrayOfCommand, tasks);","lastModifiedDate":"2024-02-16"},{"lineNumber":94,"author":{"gitId":"j013n3"},"content":"            } else { System.out.println(Guide.REQUESTS_FORMAT);","lastModifiedDate":"2024-02-16"},{"lineNumber":95,"author":{"gitId":"j013n3"},"content":"                throw new IllegalArgumentException();","lastModifiedDate":"2024-02-16"},{"lineNumber":96,"author":{"gitId":"j013n3"},"content":"            }","lastModifiedDate":"2024-02-03"},{"lineNumber":97,"author":{"gitId":"j013n3"},"content":"","lastModifiedDate":"2024-02-03"},{"lineNumber":98,"author":{"gitId":"j013n3"},"content":"            tasks[taskCount].printTask();","lastModifiedDate":"2024-02-07"},{"lineNumber":99,"author":{"gitId":"j013n3"},"content":"            taskCount++;","lastModifiedDate":"2024-02-06"},{"lineNumber":100,"author":{"gitId":"j013n3"},"content":"            System.out.println(\"Now you have \" + taskCount + \" task(s) in the list.\");","lastModifiedDate":"2024-02-06"},{"lineNumber":101,"author":{"gitId":"j013n3"},"content":"            userCommand \u003d in.nextLine();","lastModifiedDate":"2024-02-06"},{"lineNumber":102,"author":{"gitId":"j013n3"},"content":"        }","lastModifiedDate":"2024-02-06"},{"lineNumber":103,"author":{"gitId":"j013n3"},"content":"","lastModifiedDate":"2024-02-06"},{"lineNumber":104,"author":{"gitId":"j013n3"},"content":"        System.out.println(\"Bye! Hope to see you again :)\");","lastModifiedDate":"2024-02-03"},{"lineNumber":105,"author":{"gitId":"-"},"content":"    }","lastModifiedDate":"2019-07-29"},{"lineNumber":106,"author":{"gitId":"j013n3"},"content":"","lastModifiedDate":"2024-02-06"},{"lineNumber":107,"author":{"gitId":"-"},"content":"    public static void main(String[] args) {","lastModifiedDate":"2024-02-15"},{"lineNumber":108,"author":{"gitId":"j013n3"},"content":"        System.out.println(\"Hello! I\u0027m Ms Chatty :)\");","lastModifiedDate":"2024-02-15"},{"lineNumber":109,"author":{"gitId":"j013n3"},"content":"        System.out.println(\"What can I do for you?\");","lastModifiedDate":"2024-02-15"},{"lineNumber":110,"author":{"gitId":"j013n3"},"content":"","lastModifiedDate":"2024-02-15"},{"lineNumber":111,"author":{"gitId":"j013n3"},"content":"        Scanner in \u003d new Scanner(System.in);","lastModifiedDate":"2024-02-15"},{"lineNumber":112,"author":{"gitId":"j013n3"},"content":"        String userCommand \u003d in.nextLine();","lastModifiedDate":"2024-02-15"},{"lineNumber":113,"author":{"gitId":"j013n3"},"content":"        handleCommand(userCommand);","lastModifiedDate":"2024-02-15"},{"lineNumber":114,"author":{"gitId":"-"},"content":"    }","lastModifiedDate":"2024-02-15"},{"lineNumber":115,"author":{"gitId":"-"},"content":"}","lastModifiedDate":"2024-02-15"}],"authorContributionMap":{"j013n3":110,"-":5}},{"path":"src/main/java/Event.java","fileType":"java","lines":[{"lineNumber":1,"author":{"gitId":"j013n3"},"content":"public class Event extends Task{","lastModifiedDate":"2024-02-06"},{"lineNumber":2,"author":{"gitId":"j013n3"},"content":"    protected String startOfEvent;","lastModifiedDate":"2024-02-06"},{"lineNumber":3,"author":{"gitId":"j013n3"},"content":"    protected String endOfEvent;","lastModifiedDate":"2024-02-06"},{"lineNumber":4,"author":{"gitId":"j013n3"},"content":"","lastModifiedDate":"2024-02-06"},{"lineNumber":5,"author":{"gitId":"j013n3"},"content":"    public Event(String description, String startOfEvent, String endOfEvent) {","lastModifiedDate":"2024-02-06"},{"lineNumber":6,"author":{"gitId":"j013n3"},"content":"        super(description);","lastModifiedDate":"2024-02-06"},{"lineNumber":7,"author":{"gitId":"j013n3"},"content":"        this.startOfEvent \u003d startOfEvent;","lastModifiedDate":"2024-02-06"},{"lineNumber":8,"author":{"gitId":"j013n3"},"content":"        this.endOfEvent \u003d endOfEvent;","lastModifiedDate":"2024-02-06"},{"lineNumber":9,"author":{"gitId":"j013n3"},"content":"        this.taskType \u003d \"[E]\";","lastModifiedDate":"2024-02-06"},{"lineNumber":10,"author":{"gitId":"j013n3"},"content":"    }","lastModifiedDate":"2024-02-06"},{"lineNumber":11,"author":{"gitId":"j013n3"},"content":"","lastModifiedDate":"2024-02-06"},{"lineNumber":12,"author":{"gitId":"j013n3"},"content":"    public String getStartOfEvent() {","lastModifiedDate":"2024-02-06"},{"lineNumber":13,"author":{"gitId":"j013n3"},"content":"        return startOfEvent;","lastModifiedDate":"2024-02-06"},{"lineNumber":14,"author":{"gitId":"j013n3"},"content":"    }","lastModifiedDate":"2024-02-06"},{"lineNumber":15,"author":{"gitId":"j013n3"},"content":"","lastModifiedDate":"2024-02-06"},{"lineNumber":16,"author":{"gitId":"j013n3"},"content":"    public void setStartOfEvent(String startOfEvent) {","lastModifiedDate":"2024-02-06"},{"lineNumber":17,"author":{"gitId":"j013n3"},"content":"        this.startOfEvent \u003d startOfEvent;","lastModifiedDate":"2024-02-06"},{"lineNumber":18,"author":{"gitId":"j013n3"},"content":"    }","lastModifiedDate":"2024-02-06"},{"lineNumber":19,"author":{"gitId":"j013n3"},"content":"","lastModifiedDate":"2024-02-06"},{"lineNumber":20,"author":{"gitId":"j013n3"},"content":"    public String getEndOfEvent() {","lastModifiedDate":"2024-02-06"},{"lineNumber":21,"author":{"gitId":"j013n3"},"content":"        return endOfEvent;","lastModifiedDate":"2024-02-06"},{"lineNumber":22,"author":{"gitId":"j013n3"},"content":"    }","lastModifiedDate":"2024-02-06"},{"lineNumber":23,"author":{"gitId":"j013n3"},"content":"","lastModifiedDate":"2024-02-06"},{"lineNumber":24,"author":{"gitId":"j013n3"},"content":"    public void setEndOfEvent(String endOfEvent) {","lastModifiedDate":"2024-02-06"},{"lineNumber":25,"author":{"gitId":"j013n3"},"content":"        this.endOfEvent \u003d endOfEvent;","lastModifiedDate":"2024-02-06"},{"lineNumber":26,"author":{"gitId":"j013n3"},"content":"    }","lastModifiedDate":"2024-02-06"},{"lineNumber":27,"author":{"gitId":"j013n3"},"content":"    @Override","lastModifiedDate":"2024-02-06"},{"lineNumber":28,"author":{"gitId":"j013n3"},"content":"    public void printTask() {","lastModifiedDate":"2024-02-06"},{"lineNumber":29,"author":{"gitId":"j013n3"},"content":"        System.out.println(taskType + getStatusIcon() + \" \" + description + \" (from: \" + startOfEvent + \" to: \" + endOfEvent + \")\");","lastModifiedDate":"2024-02-06"},{"lineNumber":30,"author":{"gitId":"j013n3"},"content":"    }","lastModifiedDate":"2024-02-06"},{"lineNumber":31,"author":{"gitId":"j013n3"},"content":"}","lastModifiedDate":"2024-02-06"}],"authorContributionMap":{"j013n3":31}},{"path":"src/main/java/Guide.java","fileType":"java","lines":[{"lineNumber":1,"author":{"gitId":"j013n3"},"content":"public class Guide {","lastModifiedDate":"2024-02-16"},{"lineNumber":2,"author":{"gitId":"j013n3"},"content":"    public static String MARK_AND_UNMARK_REQUEST_FORMAT \u003d \"Please input request in the following format:\\n\"","lastModifiedDate":"2024-02-16"},{"lineNumber":3,"author":{"gitId":"j013n3"},"content":"            + \"mark [task number]\\n\"","lastModifiedDate":"2024-02-16"},{"lineNumber":4,"author":{"gitId":"j013n3"},"content":"            + \"unmark [task number]\";","lastModifiedDate":"2024-02-16"},{"lineNumber":5,"author":{"gitId":"j013n3"},"content":"    public static String TODO_REQUEST_FORMAT \u003d \"Please input request in the following format:\\n\"","lastModifiedDate":"2024-02-16"},{"lineNumber":6,"author":{"gitId":"j013n3"},"content":"            + \"todo [task description]\";","lastModifiedDate":"2024-02-16"},{"lineNumber":7,"author":{"gitId":"j013n3"},"content":"    public static String DEADLINE_REQUEST_FORMAT \u003d \"Please input request in the following format:\\n\"","lastModifiedDate":"2024-02-16"},{"lineNumber":8,"author":{"gitId":"j013n3"},"content":"            + \"deadline [task description] /by [due date]\";","lastModifiedDate":"2024-02-16"},{"lineNumber":9,"author":{"gitId":"j013n3"},"content":"    public static String EVENT_REQUEST_FORMAT \u003d \"Please input request in the following format:\\n\"","lastModifiedDate":"2024-02-16"},{"lineNumber":10,"author":{"gitId":"j013n3"},"content":"            + \"event [task description] /from [start of event] /to [end of event]\";","lastModifiedDate":"2024-02-16"},{"lineNumber":11,"author":{"gitId":"j013n3"},"content":"    public static String REQUESTS_FORMAT \u003d \"Please input request in the following format:\\n\"","lastModifiedDate":"2024-02-16"},{"lineNumber":12,"author":{"gitId":"j013n3"},"content":"            + \"To mark task as done:\\n\"","lastModifiedDate":"2024-02-16"},{"lineNumber":13,"author":{"gitId":"j013n3"},"content":"            + \"mark [task number]\\n\\n\"","lastModifiedDate":"2024-02-16"},{"lineNumber":14,"author":{"gitId":"j013n3"},"content":"            + \"To mark task as undone:\\n\"","lastModifiedDate":"2024-02-16"},{"lineNumber":15,"author":{"gitId":"j013n3"},"content":"            + \"unmark [task number]\\n\\n\"","lastModifiedDate":"2024-02-16"},{"lineNumber":16,"author":{"gitId":"j013n3"},"content":"            + \"To add task without date or time\\n\"","lastModifiedDate":"2024-02-16"},{"lineNumber":17,"author":{"gitId":"j013n3"},"content":"            + \"todo [task description]\\n\\n\"","lastModifiedDate":"2024-02-16"},{"lineNumber":18,"author":{"gitId":"j013n3"},"content":"            + \"To add task that needs to be done before a specific date and/or time\\n\"","lastModifiedDate":"2024-02-16"},{"lineNumber":19,"author":{"gitId":"j013n3"},"content":"            + \"deadline [task description] /by [due date]\\n\\n\"","lastModifiedDate":"2024-02-16"},{"lineNumber":20,"author":{"gitId":"j013n3"},"content":"            + \"To add tasks that start at a specific date and/or time and ends at a specific date and/or time\\n\"","lastModifiedDate":"2024-02-16"},{"lineNumber":21,"author":{"gitId":"j013n3"},"content":"            + \"event [task description] /from [start of event] /to [end of event]\\n\\n\";","lastModifiedDate":"2024-02-16"},{"lineNumber":22,"author":{"gitId":"j013n3"},"content":"}","lastModifiedDate":"2024-02-16"}],"authorContributionMap":{"j013n3":22}},{"path":"src/main/java/Task.java","fileType":"java","lines":[{"lineNumber":1,"author":{"gitId":"j013n3"},"content":"public class Task {","lastModifiedDate":"2024-02-03"},{"lineNumber":2,"author":{"gitId":"j013n3"},"content":"    protected String description;","lastModifiedDate":"2024-02-03"},{"lineNumber":3,"author":{"gitId":"j013n3"},"content":"    protected boolean isDone;","lastModifiedDate":"2024-02-03"},{"lineNumber":4,"author":{"gitId":"j013n3"},"content":"","lastModifiedDate":"2024-02-03"},{"lineNumber":5,"author":{"gitId":"j013n3"},"content":"    protected String taskType;","lastModifiedDate":"2024-02-06"},{"lineNumber":6,"author":{"gitId":"j013n3"},"content":"","lastModifiedDate":"2024-02-06"},{"lineNumber":7,"author":{"gitId":"j013n3"},"content":"    public Task(String description) {","lastModifiedDate":"2024-02-03"},{"lineNumber":8,"author":{"gitId":"j013n3"},"content":"        this.description \u003d description;","lastModifiedDate":"2024-02-03"},{"lineNumber":9,"author":{"gitId":"j013n3"},"content":"        this.isDone \u003d false;","lastModifiedDate":"2024-02-03"},{"lineNumber":10,"author":{"gitId":"j013n3"},"content":"    }","lastModifiedDate":"2024-02-03"},{"lineNumber":11,"author":{"gitId":"j013n3"},"content":"    public static int extractNumber(String userCommand) {","lastModifiedDate":"2024-02-07"},{"lineNumber":12,"author":{"gitId":"j013n3"},"content":"        String numberExtracted \u003d userCommand.replaceAll(\"[^0-9]\", \"\");","lastModifiedDate":"2024-02-07"},{"lineNumber":13,"author":{"gitId":"j013n3"},"content":"        return Integer.parseInt(numberExtracted);","lastModifiedDate":"2024-02-07"},{"lineNumber":14,"author":{"gitId":"j013n3"},"content":"    }","lastModifiedDate":"2024-02-07"},{"lineNumber":15,"author":{"gitId":"j013n3"},"content":"","lastModifiedDate":"2024-02-03"},{"lineNumber":16,"author":{"gitId":"j013n3"},"content":"    public String getStatusIcon() {","lastModifiedDate":"2024-02-03"},{"lineNumber":17,"author":{"gitId":"j013n3"},"content":"        return (isDone ? \"[X]\" : \"[ ]\");","lastModifiedDate":"2024-02-03"},{"lineNumber":18,"author":{"gitId":"j013n3"},"content":"    }","lastModifiedDate":"2024-02-03"},{"lineNumber":19,"author":{"gitId":"j013n3"},"content":"","lastModifiedDate":"2024-02-03"},{"lineNumber":20,"author":{"gitId":"j013n3"},"content":"    public void markAsDone() {","lastModifiedDate":"2024-02-03"},{"lineNumber":21,"author":{"gitId":"j013n3"},"content":"        this.isDone \u003d true;","lastModifiedDate":"2024-02-03"},{"lineNumber":22,"author":{"gitId":"j013n3"},"content":"    }","lastModifiedDate":"2024-02-03"},{"lineNumber":23,"author":{"gitId":"j013n3"},"content":"","lastModifiedDate":"2024-02-03"},{"lineNumber":24,"author":{"gitId":"j013n3"},"content":"    public void markAsNotDone() {","lastModifiedDate":"2024-02-03"},{"lineNumber":25,"author":{"gitId":"j013n3"},"content":"        this.isDone \u003d false;","lastModifiedDate":"2024-02-03"},{"lineNumber":26,"author":{"gitId":"j013n3"},"content":"    }","lastModifiedDate":"2024-02-03"},{"lineNumber":27,"author":{"gitId":"j013n3"},"content":"","lastModifiedDate":"2024-02-03"},{"lineNumber":28,"author":{"gitId":"j013n3"},"content":"    public void printTask() {","lastModifiedDate":"2024-02-03"},{"lineNumber":29,"author":{"gitId":"j013n3"},"content":"        System.out.println(getStatusIcon() + \" \" + description);","lastModifiedDate":"2024-02-03"},{"lineNumber":30,"author":{"gitId":"j013n3"},"content":"    }","lastModifiedDate":"2024-02-03"},{"lineNumber":31,"author":{"gitId":"j013n3"},"content":"","lastModifiedDate":"2024-02-06"},{"lineNumber":32,"author":{"gitId":"j013n3"},"content":"}","lastModifiedDate":"2024-02-03"}],"authorContributionMap":{"j013n3":32}},{"path":"src/main/java/Todo.java","fileType":"java","lines":[{"lineNumber":1,"author":{"gitId":"j013n3"},"content":"public class Todo extends Task {","lastModifiedDate":"2024-02-06"},{"lineNumber":2,"author":{"gitId":"j013n3"},"content":"","lastModifiedDate":"2024-02-06"},{"lineNumber":3,"author":{"gitId":"j013n3"},"content":"    public Todo (String description) {","lastModifiedDate":"2024-02-06"},{"lineNumber":4,"author":{"gitId":"j013n3"},"content":"        super(description);","lastModifiedDate":"2024-02-06"},{"lineNumber":5,"author":{"gitId":"j013n3"},"content":"        this.taskType \u003d \"[T]\";","lastModifiedDate":"2024-02-06"},{"lineNumber":6,"author":{"gitId":"j013n3"},"content":"    }","lastModifiedDate":"2024-02-06"},{"lineNumber":7,"author":{"gitId":"j013n3"},"content":"","lastModifiedDate":"2024-02-06"},{"lineNumber":8,"author":{"gitId":"j013n3"},"content":"    @Override","lastModifiedDate":"2024-02-06"},{"lineNumber":9,"author":{"gitId":"j013n3"},"content":"    public void printTask() {","lastModifiedDate":"2024-02-06"},{"lineNumber":10,"author":{"gitId":"j013n3"},"content":"        System.out.println(taskType + getStatusIcon() + \" \" + description);","lastModifiedDate":"2024-02-06"},{"lineNumber":11,"author":{"gitId":"j013n3"},"content":"    }","lastModifiedDate":"2024-02-06"},{"lineNumber":12,"author":{"gitId":"j013n3"},"content":"}","lastModifiedDate":"2024-02-06"},{"lineNumber":13,"author":{"gitId":"j013n3"},"content":"","lastModifiedDate":"2024-02-06"}],"authorContributionMap":{"j013n3":13}}]
