{"authorDailyContributionsMap":{"j013n3":[{"date":"2024-02-03","commitResults":[{"hash":"fe627d26442144240539205c4ffc385529d8f9f5","isMergeCommit":false,"messageTitle":"Rename chatbot, add greetings by chatbot and exit.","messageBody":"","tags":["Level-0"],"fileTypesAndContributionMap":{"java":{"insertions":3,"deletions":6}}},{"hash":"dd9a20d7ebae6022f0f935c5316ee2884fe86ef1","isMergeCommit":false,"messageTitle":"Edit chatbot to echo all commands except bye which causes an exit","messageBody":"","tags":["Level-1"],"fileTypesAndContributionMap":{"java":{"insertions":11,"deletions":0}}},{"hash":"d167a76b27a30a22d7cec3dace69df43168b7991","isMergeCommit":false,"messageTitle":"Add ability to store items and print item list","messageBody":"","tags":["Level-2"],"fileTypesAndContributionMap":{"java":{"insertions":20,"deletions":1}}},{"hash":"bee01dcbb40e8a03496f74ba6fd46a23ae80b377","isMergeCommit":false,"messageTitle":"Add \"Task\" Class","messageBody":"","tags":["A-Classes"],"fileTypesAndContributionMap":{"java":{"insertions":25,"deletions":0}}},{"hash":"c8a830e1379763f60e39d849ad6f8d7487599054","isMergeCommit":false,"messageTitle":"Add \"markTask\" method","messageBody":"","fileTypesAndContributionMap":{"java":{"insertions":23,"deletions":5}}},{"hash":"3694640d0cb880789ed87266e17ae7c851c86259","isMergeCommit":false,"messageTitle":"Add \"unmarkTask\" method","messageBody":"","tags":["Level-3"],"fileTypesAndContributionMap":{"java":{"insertions":15,"deletions":0}}},{"hash":"a6d26aeb369c046ef687445988a3ebfb52af5852","isMergeCommit":false,"messageTitle":"Rename to follow coding standards","messageBody":"","tags":["A-CodingStandard"],"fileTypesAndContributionMap":{"java":{"insertions":21,"deletions":21}}}]},{"date":"2024-02-06","commitResults":[{"hash":"c3dd868b95a3cddcac2a1ea32ba365b86cb7ff47","isMergeCommit":false,"messageTitle":"Add \"Event\" class","messageBody":"","fileTypesAndContributionMap":{"java":{"insertions":35,"deletions":0}}},{"hash":"fa9bbb2a0686094c95cf778834bc674ba7b90f08","isMergeCommit":false,"messageTitle":"Add \"Todo\" class","messageBody":"","fileTypesAndContributionMap":{"java":{"insertions":13,"deletions":1}}},{"hash":"7b7546b75f93deac53f1f3f722caa61f5c506378","isMergeCommit":false,"messageTitle":"Add \"Deadline\" class","messageBody":"","tags":["A-Inheritance"],"fileTypesAndContributionMap":{"java":{"insertions":21,"deletions":1}}},{"hash":"0e16da1dabb00d67cdbd1591aaacf4f4e31146d2","isMergeCommit":false,"messageTitle":"Add support for tracking todos, deadlines and events","messageBody":"","tags":["Level-4"],"fileTypesAndContributionMap":{"java":{"insertions":47,"deletions":7}}}]},{"date":"2024-02-07","commitResults":[{"hash":"05f821d8f3ae6d34cbdcfa38cb82ef3c3ff0b057","isMergeCommit":false,"messageTitle":"Edit to improve Deadline\u0027s readability","messageBody":"","fileTypesAndContributionMap":{"java":{"insertions":1,"deletions":1}}},{"hash":"b5622f4358b7bf11168b4dc531a3a7c07d1a2a7d","isMergeCommit":false,"messageTitle":"Add extractNumber method","messageBody":"","fileTypesAndContributionMap":{"java":{"insertions":4,"deletions":0}}},{"hash":"c5fe19224c2a74ac637eae1fb175865005c40c17","isMergeCommit":false,"messageTitle":"Improve code quality","messageBody":"","fileTypesAndContributionMap":{"java":{"insertions":0,"deletions":1}}},{"hash":"75fb1e10ad48040768eb0885a8a12156d7b5dedf","isMergeCommit":false,"messageTitle":"Improve code\u0027s readability","messageBody":"","tags":["A-CodeQuality"],"fileTypesAndContributionMap":{"java":{"insertions":15,"deletions":40}}},{"hash":"fb68668225314f1dc5c52ad251ca3d2196d79672","isMergeCommit":false,"messageTitle":"Test using the I/O redirection technique","messageBody":"","fileTypesAndContributionMap":{"sh":{"insertions":0,"deletions":0}}}]},{"date":"2024-02-15","commitResults":[{"hash":"024ec3dc6be7ce13c2b20616e2dfea5fae975943","isMergeCommit":false,"messageTitle":"Add \"handleCommand\" method","messageBody":"","fileTypesAndContributionMap":{"java":{"insertions":12,"deletions":8}}}]},{"date":"2024-02-16","commitResults":[{"hash":"833cd80731b21d9a2d2b91e660bfc58303af6b32","isMergeCommit":false,"messageTitle":"Add \"handleMarkAndUnmarkRequest\" method","messageBody":"","fileTypesAndContributionMap":{"java":{"insertions":18,"deletions":6}}},{"hash":"085c57ed8c1ae30ed106635bd98b66caeabd7a29","isMergeCommit":false,"messageTitle":"Add \"handleTodoDeadlineAndEvent\" method","messageBody":"","fileTypesAndContributionMap":{"java":{"insertions":23,"deletions":10}}},{"hash":"4ec7807ffb46501d4df2c45c02d578a8752447f8","isMergeCommit":false,"messageTitle":"Add to handle request format errors","messageBody":"","tags":["Level-5"],"fileTypesAndContributionMap":{"java":{"insertions":17,"deletions":8}}},{"hash":"26835f1362c0a8ff63aea486e6ac1ac46ce847f0","isMergeCommit":false,"messageTitle":"Add correct request format as constant variable","messageBody":"","tags":["branch-Level-5"],"fileTypesAndContributionMap":{"java":{"insertions":17,"deletions":0}}}]},{"date":"2024-02-20","commitResults":[{"hash":"2772ad424487a24ff3a5d9b500e3be45c9749953","isMergeCommit":false,"messageTitle":"Add try/catch","messageBody":"","fileTypesAndContributionMap":{"java":{"insertions":17,"deletions":24}}},{"hash":"499b7938f24011c49337fb13d3ed3c5ae7ef2368","isMergeCommit":false,"messageTitle":"Edit try/catch","messageBody":"","tags":["A-Exceptions"],"fileTypesAndContributionMap":{"java":{"insertions":77,"deletions":44}}}]},{"date":"2024-02-21","commitResults":[{"hash":"93823f29255ccf46fb74c34b9c983e0ed97887ad","isMergeCommit":false,"messageTitle":"Add support for deleting task from list","messageBody":"","tags":["branch-Level-6","Level-6","A-Collections"],"fileTypesAndContributionMap":{"java":{"insertions":35,"deletions":19}}}]},{"date":"2024-02-23","commitResults":[{"hash":"bc65d51092fd17b215e58b8a4bd819cb9c4add8c","isMergeCommit":false,"messageTitle":"Add \"taskInFileFormat\" methods and FileSaver","messageBody":"","tags":["branch-Level-7","Level-7"],"fileTypesAndContributionMap":{"java":{"insertions":170,"deletions":45}}},{"hash":"eeba65dfaf7befd1a479bfd0ad5a5e3c50662fc8","isMergeCommit":true,"messageTitle":"Resolve merge conflicts","messageBody":"","fileTypesAndContributionMap":{}},{"hash":"b88163517643b3d8883f22873181cf5e51a529d7","isMergeCommit":false,"messageTitle":"Edit taskInFileFormat method","messageBody":"","tags":["A-Jar"],"fileTypesAndContributionMap":{"java":{"insertions":45,"deletions":10}}}]},{"date":"2024-03-05","commitResults":[{"hash":"d392ff413270f8505f72ead5ac1f96feca70f4ee","isMergeCommit":false,"messageTitle":"Add Ui Class","messageBody":"","fileTypesAndContributionMap":{"java":{"insertions":18,"deletions":0}}},{"hash":"a176bf8c21b64b223fece8e82766c498109715dd","isMergeCommit":false,"messageTitle":"Change to Storage Class","messageBody":"","fileTypesAndContributionMap":{"java":{"insertions":91,"deletions":0}}},{"hash":"20e7e6ef5e2c3f248404902de110a2dece2e5e53","isMergeCommit":false,"messageTitle":"Add TaskList Class","messageBody":"","fileTypesAndContributionMap":{"java":{"insertions":74,"deletions":0}}},{"hash":"c71ee5d88ebefc155b83ebfbc5dffd78d283dc32","isMergeCommit":false,"messageTitle":"Add Parser Class","messageBody":"","fileTypesAndContributionMap":{"java":{"insertions":65,"deletions":0}}},{"hash":"5962bed6459c7df822f5c8c7647b151288feeb2b","isMergeCommit":false,"messageTitle":"Edit main","messageBody":"","tags":["A-MoreOOP"],"fileTypesAndContributionMap":{"java":{"insertions":6,"deletions":140}}},{"hash":"876076857c1008c6dea27e8cc6e513fa0446b30c","isMergeCommit":false,"messageTitle":"Edit handleCommand to include \"find\" command","messageBody":"","fileTypesAndContributionMap":{"java":{"insertions":3,"deletions":0}}},{"hash":"2b5002f54bf20aff2ec4fc10041c123987ae0a97","isMergeCommit":false,"messageTitle":"Combine case \"unmark\" and \"mark\"","messageBody":"","fileTypesAndContributionMap":{"java":{"insertions":0,"deletions":3}}},{"hash":"57960d6116035539e6d0012a6e85b60d23b2991c","isMergeCommit":false,"messageTitle":"Add getDescription method","messageBody":"","fileTypesAndContributionMap":{"java":{"insertions":3,"deletions":1}}},{"hash":"cb1873f64a074e9d142af9eaaa86ded5ec61dd8e","isMergeCommit":false,"messageTitle":"Add \"findKeyword\" method","messageBody":"","fileTypesAndContributionMap":{"java":{"insertions":10,"deletions":0}}},{"hash":"7c870204918cc0bbe3660e8429ea9cf7d3e49b3b","isMergeCommit":true,"messageTitle":"Merge pull request #1 from j013n3/branch-Level-9","messageBody":"Add Branch level 9","tags":["Level-9"],"fileTypesAndContributionMap":{}}]},{"date":"2024-03-06","commitResults":[{"hash":"79905e0761771194f497d1eb21ae467f40160348","isMergeCommit":false,"messageTitle":"Add JavaDoc","messageBody":"","fileTypesAndContributionMap":{"java":{"insertions":112,"deletions":7}}}]},{"date":"2024-03-07","commitResults":[{"hash":"8f71f4196639b5d7bf822aac473e2edb40961454","isMergeCommit":false,"messageTitle":"Add JavaDoc for Event class","messageBody":"","fileTypesAndContributionMap":{"java":{"insertions":44,"deletions":2}}},{"hash":"5b22a29b7c567a8b976513f518bab0dca1207e38","isMergeCommit":false,"messageTitle":"Add more JavaDoc for Storage","messageBody":"","fileTypesAndContributionMap":{"java":{"insertions":7,"deletions":0}}},{"hash":"db1dbbf959184a28be35f032ad79200008898fbc","isMergeCommit":false,"messageTitle":"Add JavaDoc for Task class","messageBody":"","fileTypesAndContributionMap":{"java":{"insertions":46,"deletions":1}}},{"hash":"a11c4aaae5cd974f3cd1e01110f39bcd1d5a4829","isMergeCommit":false,"messageTitle":"Add JavaDoc for Todo class","messageBody":"","fileTypesAndContributionMap":{"java":{"insertions":19,"deletions":0}}},{"hash":"0524a9c5295e23f6e9fc67f0716bd16326c71eac","isMergeCommit":true,"messageTitle":"Merge pull request #2 from j013n3/branch-A-JavaDoc","messageBody":"Branch a java doc","tags":["A-JavaDoc"],"fileTypesAndContributionMap":{}}]}]},"authorFileTypeContributionMap":{"j013n3":{"java":739,"md":0,"fxml":0,"sh":0,"bat":0,"gradle":0,"txt":0}},"authorContributionVariance":{"j013n3":6170.002},"authorDisplayNameMap":{"j013n3":"CS2113T-T09-4 CHEO..LENE"}}
