[{"path":"src/main/java/Duke.java","fileType":"java","lines":[{"lineNumber":1,"author":{"gitId":"ChenKangg"},"content":"import task.*;","lastModifiedDate":"2024-02-15"},{"lineNumber":2,"author":{"gitId":"ChenKangg"},"content":"","lastModifiedDate":"2024-02-15"},{"lineNumber":3,"author":{"gitId":"ChenKangg"},"content":"import java.util.Scanner;","lastModifiedDate":"2024-01-30"},{"lineNumber":4,"author":{"gitId":"ChenKangg"},"content":"import java.util.ArrayList;","lastModifiedDate":"2024-02-17"},{"lineNumber":5,"author":{"gitId":"ChenKangg"},"content":"","lastModifiedDate":"2024-01-30"},{"lineNumber":6,"author":{"gitId":"-"},"content":"public class Duke {","lastModifiedDate":"2019-07-29"},{"lineNumber":7,"author":{"gitId":"ChenKangg"},"content":"    public static ArrayList\u003cTask\u003e tasks \u003d new ArrayList\u003c\u003e();","lastModifiedDate":"2024-02-19"},{"lineNumber":8,"author":{"gitId":"ChenKangg"},"content":"","lastModifiedDate":"2024-02-19"},{"lineNumber":9,"author":{"gitId":"ChenKangg"},"content":"    public static void printLine(){","lastModifiedDate":"2024-02-15"},{"lineNumber":10,"author":{"gitId":"ChenKangg"},"content":"        System.out.println(\"____________________________________________________________\");","lastModifiedDate":"2024-02-15"},{"lineNumber":11,"author":{"gitId":"ChenKangg"},"content":"    }","lastModifiedDate":"2024-02-15"},{"lineNumber":12,"author":{"gitId":"ChenKangg"},"content":"","lastModifiedDate":"2024-02-19"},{"lineNumber":13,"author":{"gitId":"-"},"content":"    public static void main(String[] args) {","lastModifiedDate":"2019-07-29"},{"lineNumber":14,"author":{"gitId":"ChenKangg"},"content":"        //Display initial greeting message","lastModifiedDate":"2024-02-04"},{"lineNumber":15,"author":{"gitId":"ChenKangg"},"content":"        printLine();","lastModifiedDate":"2024-02-15"},{"lineNumber":16,"author":{"gitId":"ChenKangg"},"content":"        System.out.println(\"Hello! I\u0027m Colin\");","lastModifiedDate":"2024-01-30"},{"lineNumber":17,"author":{"gitId":"ChenKangg"},"content":"        printLine();","lastModifiedDate":"2024-02-19"},{"lineNumber":18,"author":{"gitId":"ChenKangg"},"content":"        System.out.println(\"Here are your current tasks:\");","lastModifiedDate":"2024-02-19"},{"lineNumber":19,"author":{"gitId":"ChenKangg"},"content":"        SaveFile.loadTasksFromFile();","lastModifiedDate":"2024-02-19"},{"lineNumber":20,"author":{"gitId":"ChenKangg"},"content":"        printLine();","lastModifiedDate":"2024-02-19"},{"lineNumber":21,"author":{"gitId":"ChenKangg"},"content":"        System.out.println(\"What can I do for you?\");","lastModifiedDate":"2024-01-30"},{"lineNumber":22,"author":{"gitId":"ChenKangg"},"content":"        printLine();","lastModifiedDate":"2024-02-15"},{"lineNumber":23,"author":{"gitId":"ChenKangg"},"content":"","lastModifiedDate":"2024-01-30"},{"lineNumber":24,"author":{"gitId":"ChenKangg"},"content":"        //Create Scanner object to read user input","lastModifiedDate":"2024-02-04"},{"lineNumber":25,"author":{"gitId":"ChenKangg"},"content":"        Scanner scanner \u003d new Scanner(System.in);","lastModifiedDate":"2024-01-30"},{"lineNumber":26,"author":{"gitId":"ChenKangg"},"content":"        String userInput;","lastModifiedDate":"2024-01-30"},{"lineNumber":27,"author":{"gitId":"ChenKangg"},"content":"        int taskIndex;","lastModifiedDate":"2024-02-15"},{"lineNumber":28,"author":{"gitId":"ChenKangg"},"content":"","lastModifiedDate":"2024-01-30"},{"lineNumber":29,"author":{"gitId":"ChenKangg"},"content":"        //Continue reading user input, detecting any keywords and executing the respective commands","lastModifiedDate":"2024-02-04"},{"lineNumber":30,"author":{"gitId":"ChenKangg"},"content":"        while (true) {","lastModifiedDate":"2024-01-30"},{"lineNumber":31,"author":{"gitId":"ChenKangg"},"content":"            userInput \u003d scanner.nextLine();","lastModifiedDate":"2024-01-30"},{"lineNumber":32,"author":{"gitId":"ChenKangg"},"content":"","lastModifiedDate":"2024-01-30"},{"lineNumber":33,"author":{"gitId":"ChenKangg"},"content":"            printLine();","lastModifiedDate":"2024-02-15"},{"lineNumber":34,"author":{"gitId":"ChenKangg"},"content":"            try {","lastModifiedDate":"2024-02-15"},{"lineNumber":35,"author":{"gitId":"ChenKangg"},"content":"                if (userInput.equalsIgnoreCase(\"bye\")) {","lastModifiedDate":"2024-01-30"},{"lineNumber":36,"author":{"gitId":"ChenKangg"},"content":"                    SaveFile.saveTasksToFile();","lastModifiedDate":"2024-02-19"},{"lineNumber":37,"author":{"gitId":"ChenKangg"},"content":"                    //Exit bot","lastModifiedDate":"2024-02-04"},{"lineNumber":38,"author":{"gitId":"ChenKangg"},"content":"                    System.out.println(\"Bye. Hope to see you again soon!\");","lastModifiedDate":"2024-01-30"},{"lineNumber":39,"author":{"gitId":"ChenKangg"},"content":"                    printLine();","lastModifiedDate":"2024-02-15"},{"lineNumber":40,"author":{"gitId":"ChenKangg"},"content":"                    break;","lastModifiedDate":"2024-01-30"},{"lineNumber":41,"author":{"gitId":"ChenKangg"},"content":"","lastModifiedDate":"2024-01-30"},{"lineNumber":42,"author":{"gitId":"ChenKangg"},"content":"                } else if (userInput.equalsIgnoreCase(\"list\")) {","lastModifiedDate":"2024-01-30"},{"lineNumber":43,"author":{"gitId":"ChenKangg"},"content":"                    //Lists out all the tasks added, else print out no tasks added","lastModifiedDate":"2024-02-04"},{"lineNumber":44,"author":{"gitId":"ChenKangg"},"content":"                    if (tasks.isEmpty()) {","lastModifiedDate":"2024-02-17"},{"lineNumber":45,"author":{"gitId":"ChenKangg"},"content":"                        System.out.println(\"No tasks added yet.\");","lastModifiedDate":"2024-01-30"},{"lineNumber":46,"author":{"gitId":"ChenKangg"},"content":"                    } else {","lastModifiedDate":"2024-01-30"},{"lineNumber":47,"author":{"gitId":"ChenKangg"},"content":"                        System.out.println(\"Here are the tasks in your list:\");","lastModifiedDate":"2024-02-17"},{"lineNumber":48,"author":{"gitId":"ChenKangg"},"content":"                        for (int i \u003d 0; i \u003c tasks.size(); i++) {","lastModifiedDate":"2024-02-17"},{"lineNumber":49,"author":{"gitId":"ChenKangg"},"content":"                            System.out.println(\" \" + (i + 1) + \".\" + tasks.get(i));","lastModifiedDate":"2024-02-17"},{"lineNumber":50,"author":{"gitId":"ChenKangg"},"content":"                        }","lastModifiedDate":"2024-01-30"},{"lineNumber":51,"author":{"gitId":"ChenKangg"},"content":"                    }","lastModifiedDate":"2024-01-30"},{"lineNumber":52,"author":{"gitId":"ChenKangg"},"content":"","lastModifiedDate":"2024-01-30"},{"lineNumber":53,"author":{"gitId":"ChenKangg"},"content":"                } else if (userInput.startsWith(\"mark\")) {","lastModifiedDate":"2024-01-30"},{"lineNumber":54,"author":{"gitId":"ChenKangg"},"content":"                    //Feature to mark tasks as done","lastModifiedDate":"2024-02-04"},{"lineNumber":55,"author":{"gitId":"ChenKangg"},"content":"                    taskIndex \u003d DukeException.getTaskIndex(userInput.split(\" \")[1], tasks);","lastModifiedDate":"2024-02-17"},{"lineNumber":56,"author":{"gitId":"ChenKangg"},"content":"                    tasks.get(taskIndex).markAsDone();","lastModifiedDate":"2024-02-17"},{"lineNumber":57,"author":{"gitId":"ChenKangg"},"content":"                    System.out.println(\"Nice! I\u0027ve marked this task as done:\");","lastModifiedDate":"2024-01-30"},{"lineNumber":58,"author":{"gitId":"ChenKangg"},"content":"                    System.out.println(\"  \" + tasks.get(taskIndex));","lastModifiedDate":"2024-02-17"},{"lineNumber":59,"author":{"gitId":"ChenKangg"},"content":"","lastModifiedDate":"2024-01-30"},{"lineNumber":60,"author":{"gitId":"ChenKangg"},"content":"                } else if (userInput.startsWith(\"unmark\")) {","lastModifiedDate":"2024-01-30"},{"lineNumber":61,"author":{"gitId":"ChenKangg"},"content":"                    //Feature to unmark tasks as not done","lastModifiedDate":"2024-02-04"},{"lineNumber":62,"author":{"gitId":"ChenKangg"},"content":"                    taskIndex \u003d DukeException.getTaskIndex(userInput.split(\" \")[1], tasks);","lastModifiedDate":"2024-02-17"},{"lineNumber":63,"author":{"gitId":"ChenKangg"},"content":"                    tasks.get(taskIndex).markAsNotDone();","lastModifiedDate":"2024-02-17"},{"lineNumber":64,"author":{"gitId":"ChenKangg"},"content":"                    System.out.println(\"OK, I\u0027ve marked this task as not done yet:\");","lastModifiedDate":"2024-01-30"},{"lineNumber":65,"author":{"gitId":"ChenKangg"},"content":"                    System.out.println(\"  \" + tasks.get(taskIndex));","lastModifiedDate":"2024-02-17"},{"lineNumber":66,"author":{"gitId":"ChenKangg"},"content":"","lastModifiedDate":"2024-01-30"},{"lineNumber":67,"author":{"gitId":"ChenKangg"},"content":"                } else if (userInput.startsWith(\"todo\")) {","lastModifiedDate":"2024-02-04"},{"lineNumber":68,"author":{"gitId":"ChenKangg"},"content":"                    //Feature to track tasks without any date/time attached to it","lastModifiedDate":"2024-02-04"},{"lineNumber":69,"author":{"gitId":"ChenKangg"},"content":"                    DukeException.checkDescription(userInput);","lastModifiedDate":"2024-02-15"},{"lineNumber":70,"author":{"gitId":"ChenKangg"},"content":"                    String description \u003d userInput.substring(5).trim();","lastModifiedDate":"2024-02-04"},{"lineNumber":71,"author":{"gitId":"ChenKangg"},"content":"                    tasks.add(new ToDo(description));","lastModifiedDate":"2024-02-17"},{"lineNumber":72,"author":{"gitId":"ChenKangg"},"content":"","lastModifiedDate":"2024-02-17"},{"lineNumber":73,"author":{"gitId":"ChenKangg"},"content":"                    System.out.println(\"Got it. I\u0027ve added this task:\");","lastModifiedDate":"2024-02-04"},{"lineNumber":74,"author":{"gitId":"ChenKangg"},"content":"                    System.out.println(\"  \" + tasks.get(tasks.size() - 1));","lastModifiedDate":"2024-02-17"},{"lineNumber":75,"author":{"gitId":"ChenKangg"},"content":"                    System.out.println(\"Now you have \" + tasks.size() + \" tasks in the list.\");","lastModifiedDate":"2024-02-17"},{"lineNumber":76,"author":{"gitId":"ChenKangg"},"content":"","lastModifiedDate":"2024-02-04"},{"lineNumber":77,"author":{"gitId":"ChenKangg"},"content":"                } else if (userInput.startsWith(\"deadline\")) {","lastModifiedDate":"2024-02-04"},{"lineNumber":78,"author":{"gitId":"ChenKangg"},"content":"                    //Feature to track tasks that need to be done before a specific date/time","lastModifiedDate":"2024-02-04"},{"lineNumber":79,"author":{"gitId":"ChenKangg"},"content":"                    DukeException.checkDescription(userInput);","lastModifiedDate":"2024-02-15"},{"lineNumber":80,"author":{"gitId":"ChenKangg"},"content":"                    String[] parts \u003d userInput.substring(9).split(\"/by \");","lastModifiedDate":"2024-02-04"},{"lineNumber":81,"author":{"gitId":"ChenKangg"},"content":"                    if (parts.length !\u003d 2) {","lastModifiedDate":"2024-02-15"},{"lineNumber":82,"author":{"gitId":"ChenKangg"},"content":"                        System.out.println(\"OOPS!!! Please enter a valid deadline format.\");","lastModifiedDate":"2024-02-15"},{"lineNumber":83,"author":{"gitId":"ChenKangg"},"content":"                        throw new DukeException();","lastModifiedDate":"2024-02-15"},{"lineNumber":84,"author":{"gitId":"ChenKangg"},"content":"                    }","lastModifiedDate":"2024-02-15"},{"lineNumber":85,"author":{"gitId":"ChenKangg"},"content":"                    String description \u003d parts[0].trim();","lastModifiedDate":"2024-02-04"},{"lineNumber":86,"author":{"gitId":"ChenKangg"},"content":"                    String by \u003d parts[1].trim();","lastModifiedDate":"2024-02-04"},{"lineNumber":87,"author":{"gitId":"ChenKangg"},"content":"                    tasks.add(new Deadline(description, by));","lastModifiedDate":"2024-02-17"},{"lineNumber":88,"author":{"gitId":"ChenKangg"},"content":"                    System.out.println(\"Got it. I\u0027ve added this task:\");","lastModifiedDate":"2024-02-04"},{"lineNumber":89,"author":{"gitId":"ChenKangg"},"content":"                    System.out.println(\"  \" + tasks.get(tasks.size() - 1));","lastModifiedDate":"2024-02-17"},{"lineNumber":90,"author":{"gitId":"ChenKangg"},"content":"                    System.out.println(\"Now you have \" + tasks.size() + \" tasks in the list.\");","lastModifiedDate":"2024-02-17"},{"lineNumber":91,"author":{"gitId":"ChenKangg"},"content":"","lastModifiedDate":"2024-02-04"},{"lineNumber":92,"author":{"gitId":"ChenKangg"},"content":"                } else if (userInput.startsWith(\"event\")) {","lastModifiedDate":"2024-02-04"},{"lineNumber":93,"author":{"gitId":"ChenKangg"},"content":"                    //Feature to track tasks that start at a specific date/time and ends at a specific date/time","lastModifiedDate":"2024-02-04"},{"lineNumber":94,"author":{"gitId":"ChenKangg"},"content":"                    DukeException.checkDescription(userInput);","lastModifiedDate":"2024-02-15"},{"lineNumber":95,"author":{"gitId":"ChenKangg"},"content":"                    String[] parts \u003d userInput.substring(6).split(\"/from |/to \");","lastModifiedDate":"2024-02-04"},{"lineNumber":96,"author":{"gitId":"ChenKangg"},"content":"                    if (parts.length !\u003d 3) {","lastModifiedDate":"2024-02-15"},{"lineNumber":97,"author":{"gitId":"ChenKangg"},"content":"                        System.out.println(\"OOPS!!! Please enter a valid event format.\");","lastModifiedDate":"2024-02-15"},{"lineNumber":98,"author":{"gitId":"ChenKangg"},"content":"                        throw new DukeException();","lastModifiedDate":"2024-02-15"},{"lineNumber":99,"author":{"gitId":"ChenKangg"},"content":"                    }","lastModifiedDate":"2024-02-15"},{"lineNumber":100,"author":{"gitId":"ChenKangg"},"content":"                    String description \u003d parts[0].trim();","lastModifiedDate":"2024-02-04"},{"lineNumber":101,"author":{"gitId":"ChenKangg"},"content":"                    String from \u003d parts[1].trim();","lastModifiedDate":"2024-02-04"},{"lineNumber":102,"author":{"gitId":"ChenKangg"},"content":"                    String to \u003d parts[2].trim();","lastModifiedDate":"2024-02-04"},{"lineNumber":103,"author":{"gitId":"ChenKangg"},"content":"                    tasks.add(new Event(description, from, to));","lastModifiedDate":"2024-02-17"},{"lineNumber":104,"author":{"gitId":"ChenKangg"},"content":"                    System.out.println(\"Got it. I\u0027ve added this task:\");","lastModifiedDate":"2024-02-04"},{"lineNumber":105,"author":{"gitId":"ChenKangg"},"content":"                    System.out.println(\"  \" + tasks.get(tasks.size() - 1));","lastModifiedDate":"2024-02-17"},{"lineNumber":106,"author":{"gitId":"ChenKangg"},"content":"                    System.out.println(\"Now you have \" + tasks.size() + \" tasks in the list.\");","lastModifiedDate":"2024-02-17"},{"lineNumber":107,"author":{"gitId":"ChenKangg"},"content":"","lastModifiedDate":"2024-02-17"},{"lineNumber":108,"author":{"gitId":"ChenKangg"},"content":"                } else if (userInput.startsWith(\"delete\")) {","lastModifiedDate":"2024-02-17"},{"lineNumber":109,"author":{"gitId":"ChenKangg"},"content":"                    taskIndex \u003d DukeException.getTaskIndex(userInput.split(\" \")[1], tasks);","lastModifiedDate":"2024-02-17"},{"lineNumber":110,"author":{"gitId":"ChenKangg"},"content":"                    Task removedTask \u003d tasks.remove(taskIndex);","lastModifiedDate":"2024-02-17"},{"lineNumber":111,"author":{"gitId":"ChenKangg"},"content":"                    System.out.println(\"Noted. I\u0027ve removed this task:\");","lastModifiedDate":"2024-02-17"},{"lineNumber":112,"author":{"gitId":"ChenKangg"},"content":"                    System.out.println(\"  \" + removedTask);","lastModifiedDate":"2024-02-17"},{"lineNumber":113,"author":{"gitId":"ChenKangg"},"content":"                    System.out.println(\"Now you have \" + tasks.size() + \" tasks in the list.\");","lastModifiedDate":"2024-02-17"},{"lineNumber":114,"author":{"gitId":"ChenKangg"},"content":"","lastModifiedDate":"2024-02-04"},{"lineNumber":115,"author":{"gitId":"ChenKangg"},"content":"                }  else {","lastModifiedDate":"2024-02-04"},{"lineNumber":116,"author":{"gitId":"ChenKangg"},"content":"                    //Handles the case if invalid input","lastModifiedDate":"2024-02-04"},{"lineNumber":117,"author":{"gitId":"ChenKangg"},"content":"                    System.out.println(\"OOPS!!! I\u0027m sorry, but I don\u0027t know what that means :(\");","lastModifiedDate":"2024-02-15"},{"lineNumber":118,"author":{"gitId":"ChenKangg"},"content":"                    throw new DukeException();","lastModifiedDate":"2024-02-15"},{"lineNumber":119,"author":{"gitId":"ChenKangg"},"content":"                }","lastModifiedDate":"2024-01-30"},{"lineNumber":120,"author":{"gitId":"ChenKangg"},"content":"","lastModifiedDate":"2024-02-15"},{"lineNumber":121,"author":{"gitId":"ChenKangg"},"content":"            } catch (DukeException ignored) {","lastModifiedDate":"2024-02-15"},{"lineNumber":122,"author":{"gitId":"ChenKangg"},"content":"","lastModifiedDate":"2024-02-15"},{"lineNumber":123,"author":{"gitId":"ChenKangg"},"content":"            } catch (IndexOutOfBoundsException e) {","lastModifiedDate":"2024-02-15"},{"lineNumber":124,"author":{"gitId":"ChenKangg"},"content":"                System.out.println(\"OOPS!!! Invalid input\");","lastModifiedDate":"2024-02-15"},{"lineNumber":125,"author":{"gitId":"ChenKangg"},"content":"            }","lastModifiedDate":"2024-02-15"},{"lineNumber":126,"author":{"gitId":"ChenKangg"},"content":"","lastModifiedDate":"2024-02-15"},{"lineNumber":127,"author":{"gitId":"ChenKangg"},"content":"            printLine();","lastModifiedDate":"2024-02-15"},{"lineNumber":128,"author":{"gitId":"ChenKangg"},"content":"        }","lastModifiedDate":"2024-01-30"},{"lineNumber":129,"author":{"gitId":"ChenKangg"},"content":"        // Close the Scanner","lastModifiedDate":"2024-01-30"},{"lineNumber":130,"author":{"gitId":"ChenKangg"},"content":"        scanner.close();","lastModifiedDate":"2024-01-30"},{"lineNumber":131,"author":{"gitId":"-"},"content":"    }","lastModifiedDate":"2019-07-29"},{"lineNumber":132,"author":{"gitId":"-"},"content":"}","lastModifiedDate":"2019-07-29"}],"authorContributionMap":{"ChenKangg":128,"-":4}},{"path":"src/main/java/SaveFile.java","fileType":"java","lines":[{"lineNumber":1,"author":{"gitId":"ChenKangg"},"content":"import task.Task;","lastModifiedDate":"2024-02-19"},{"lineNumber":2,"author":{"gitId":"ChenKangg"},"content":"","lastModifiedDate":"2024-02-19"},{"lineNumber":3,"author":{"gitId":"ChenKangg"},"content":"import java.io.File;","lastModifiedDate":"2024-02-19"},{"lineNumber":4,"author":{"gitId":"ChenKangg"},"content":"import java.io.FileWriter;","lastModifiedDate":"2024-02-19"},{"lineNumber":5,"author":{"gitId":"ChenKangg"},"content":"import java.io.IOException;","lastModifiedDate":"2024-02-19"},{"lineNumber":6,"author":{"gitId":"ChenKangg"},"content":"import java.util.ArrayList;","lastModifiedDate":"2024-02-19"},{"lineNumber":7,"author":{"gitId":"ChenKangg"},"content":"import java.util.Scanner;","lastModifiedDate":"2024-02-19"},{"lineNumber":8,"author":{"gitId":"ChenKangg"},"content":"","lastModifiedDate":"2024-02-19"},{"lineNumber":9,"author":{"gitId":"ChenKangg"},"content":"public class SaveFile {","lastModifiedDate":"2024-02-19"},{"lineNumber":10,"author":{"gitId":"ChenKangg"},"content":"    private static final String FILE_PATH \u003d \"./data/duke.txt\";","lastModifiedDate":"2024-02-19"},{"lineNumber":11,"author":{"gitId":"ChenKangg"},"content":"    static ArrayList\u003cTask\u003e tasks \u003d Duke.tasks;","lastModifiedDate":"2024-02-19"},{"lineNumber":12,"author":{"gitId":"ChenKangg"},"content":"","lastModifiedDate":"2024-02-19"},{"lineNumber":13,"author":{"gitId":"ChenKangg"},"content":"    public static void loadTasksFromFile() {","lastModifiedDate":"2024-02-19"},{"lineNumber":14,"author":{"gitId":"ChenKangg"},"content":"        try {","lastModifiedDate":"2024-02-19"},{"lineNumber":15,"author":{"gitId":"ChenKangg"},"content":"            File file \u003d new File(FILE_PATH);","lastModifiedDate":"2024-02-19"},{"lineNumber":16,"author":{"gitId":"ChenKangg"},"content":"            if (file.exists()) {","lastModifiedDate":"2024-02-19"},{"lineNumber":17,"author":{"gitId":"ChenKangg"},"content":"                Scanner scanner \u003d new Scanner(file);","lastModifiedDate":"2024-02-19"},{"lineNumber":18,"author":{"gitId":"ChenKangg"},"content":"                while (scanner.hasNextLine()) {","lastModifiedDate":"2024-02-19"},{"lineNumber":19,"author":{"gitId":"ChenKangg"},"content":"                    System.out.println(scanner.nextLine());","lastModifiedDate":"2024-02-19"},{"lineNumber":20,"author":{"gitId":"ChenKangg"},"content":"                }","lastModifiedDate":"2024-02-19"},{"lineNumber":21,"author":{"gitId":"ChenKangg"},"content":"                scanner.close();","lastModifiedDate":"2024-02-19"},{"lineNumber":22,"author":{"gitId":"ChenKangg"},"content":"            }","lastModifiedDate":"2024-02-19"},{"lineNumber":23,"author":{"gitId":"ChenKangg"},"content":"        } catch (IOException e) {","lastModifiedDate":"2024-02-19"},{"lineNumber":24,"author":{"gitId":"ChenKangg"},"content":"            System.out.println(\"No existing data file found. Starting with an empty task list.\");","lastModifiedDate":"2024-02-19"},{"lineNumber":25,"author":{"gitId":"ChenKangg"},"content":"        }","lastModifiedDate":"2024-02-19"},{"lineNumber":26,"author":{"gitId":"ChenKangg"},"content":"    }","lastModifiedDate":"2024-02-19"},{"lineNumber":27,"author":{"gitId":"ChenKangg"},"content":"","lastModifiedDate":"2024-02-19"},{"lineNumber":28,"author":{"gitId":"ChenKangg"},"content":"    public static void saveTasksToFile() {","lastModifiedDate":"2024-02-19"},{"lineNumber":29,"author":{"gitId":"ChenKangg"},"content":"        try {","lastModifiedDate":"2024-02-19"},{"lineNumber":30,"author":{"gitId":"ChenKangg"},"content":"            FileWriter writer \u003d new FileWriter(FILE_PATH);","lastModifiedDate":"2024-02-19"},{"lineNumber":31,"author":{"gitId":"ChenKangg"},"content":"            for (Task task : tasks) {","lastModifiedDate":"2024-02-19"},{"lineNumber":32,"author":{"gitId":"ChenKangg"},"content":"                writer.write(task.toFileString() + \"\\n\");","lastModifiedDate":"2024-02-19"},{"lineNumber":33,"author":{"gitId":"ChenKangg"},"content":"            }","lastModifiedDate":"2024-02-19"},{"lineNumber":34,"author":{"gitId":"ChenKangg"},"content":"            writer.close();","lastModifiedDate":"2024-02-19"},{"lineNumber":35,"author":{"gitId":"ChenKangg"},"content":"","lastModifiedDate":"2024-02-19"},{"lineNumber":36,"author":{"gitId":"ChenKangg"},"content":"        } catch (IOException e) {","lastModifiedDate":"2024-02-19"},{"lineNumber":37,"author":{"gitId":"ChenKangg"},"content":"            System.out.println(\"Error saving tasks to file.\");","lastModifiedDate":"2024-02-19"},{"lineNumber":38,"author":{"gitId":"ChenKangg"},"content":"        }","lastModifiedDate":"2024-02-19"},{"lineNumber":39,"author":{"gitId":"ChenKangg"},"content":"    }","lastModifiedDate":"2024-02-19"},{"lineNumber":40,"author":{"gitId":"ChenKangg"},"content":"}","lastModifiedDate":"2024-02-19"}],"authorContributionMap":{"ChenKangg":40}},{"path":"src/main/java/task/Deadline.java","fileType":"java","lines":[{"lineNumber":1,"author":{"gitId":"ChenKangg"},"content":"package task;","lastModifiedDate":"2024-02-15"},{"lineNumber":2,"author":{"gitId":"ChenKangg"},"content":"","lastModifiedDate":"2024-02-15"},{"lineNumber":3,"author":{"gitId":"ChenKangg"},"content":"public class Deadline extends Task {","lastModifiedDate":"2024-02-07"},{"lineNumber":4,"author":{"gitId":"ChenKangg"},"content":"    protected String by;","lastModifiedDate":"2024-02-07"},{"lineNumber":5,"author":{"gitId":"ChenKangg"},"content":"","lastModifiedDate":"2024-02-07"},{"lineNumber":6,"author":{"gitId":"ChenKangg"},"content":"    public Deadline(String description, String by) {","lastModifiedDate":"2024-02-07"},{"lineNumber":7,"author":{"gitId":"ChenKangg"},"content":"        super(description);","lastModifiedDate":"2024-02-07"},{"lineNumber":8,"author":{"gitId":"ChenKangg"},"content":"        this.by \u003d by;","lastModifiedDate":"2024-02-07"},{"lineNumber":9,"author":{"gitId":"ChenKangg"},"content":"    }","lastModifiedDate":"2024-02-07"},{"lineNumber":10,"author":{"gitId":"ChenKangg"},"content":"","lastModifiedDate":"2024-02-07"},{"lineNumber":11,"author":{"gitId":"ChenKangg"},"content":"    @Override","lastModifiedDate":"2024-02-07"},{"lineNumber":12,"author":{"gitId":"ChenKangg"},"content":"    public String toString() {","lastModifiedDate":"2024-02-07"},{"lineNumber":13,"author":{"gitId":"ChenKangg"},"content":"        return \"[D]\" + super.getStatusIcon() + \" \" + super.getDescription() + \" (by: \" + by + \")\";","lastModifiedDate":"2024-02-07"},{"lineNumber":14,"author":{"gitId":"ChenKangg"},"content":"    }","lastModifiedDate":"2024-02-07"},{"lineNumber":15,"author":{"gitId":"ChenKangg"},"content":"","lastModifiedDate":"2024-02-19"},{"lineNumber":16,"author":{"gitId":"ChenKangg"},"content":"    @Override","lastModifiedDate":"2024-02-19"},{"lineNumber":17,"author":{"gitId":"ChenKangg"},"content":"    public String toFileString() {","lastModifiedDate":"2024-02-19"},{"lineNumber":18,"author":{"gitId":"ChenKangg"},"content":"        return \"D | \" + (isDone ? \"1\" : \"0\") + \" | \" + description + \" | \" + by;","lastModifiedDate":"2024-02-19"},{"lineNumber":19,"author":{"gitId":"ChenKangg"},"content":"    }","lastModifiedDate":"2024-02-19"},{"lineNumber":20,"author":{"gitId":"ChenKangg"},"content":"}","lastModifiedDate":"2024-02-07"}],"authorContributionMap":{"ChenKangg":20}},{"path":"src/main/java/task/DukeException.java","fileType":"java","lines":[{"lineNumber":1,"author":{"gitId":"ChenKangg"},"content":"package task;","lastModifiedDate":"2024-02-15"},{"lineNumber":2,"author":{"gitId":"ChenKangg"},"content":"","lastModifiedDate":"2024-02-15"},{"lineNumber":3,"author":{"gitId":"ChenKangg"},"content":"import java.util.ArrayList;","lastModifiedDate":"2024-02-17"},{"lineNumber":4,"author":{"gitId":"ChenKangg"},"content":"","lastModifiedDate":"2024-02-17"},{"lineNumber":5,"author":{"gitId":"ChenKangg"},"content":"public class DukeException extends Exception {","lastModifiedDate":"2024-02-15"},{"lineNumber":6,"author":{"gitId":"ChenKangg"},"content":"","lastModifiedDate":"2024-02-15"},{"lineNumber":7,"author":{"gitId":"ChenKangg"},"content":"    public static int getTaskIndex(String userInput, ArrayList\u003cTask\u003e tasks) throws DukeException {","lastModifiedDate":"2024-02-17"},{"lineNumber":8,"author":{"gitId":"ChenKangg"},"content":"        try {","lastModifiedDate":"2024-02-15"},{"lineNumber":9,"author":{"gitId":"ChenKangg"},"content":"            int taskIndex \u003d Integer.parseInt(userInput) - 1;","lastModifiedDate":"2024-02-15"},{"lineNumber":10,"author":{"gitId":"ChenKangg"},"content":"            if (taskIndex \u003c 0 || taskIndex \u003e\u003d tasks.size()) {","lastModifiedDate":"2024-02-17"},{"lineNumber":11,"author":{"gitId":"ChenKangg"},"content":"                System.out.println(\"OOPS!!! Please enter a valid task number.\");","lastModifiedDate":"2024-02-15"},{"lineNumber":12,"author":{"gitId":"ChenKangg"},"content":"                throw new DukeException();","lastModifiedDate":"2024-02-15"},{"lineNumber":13,"author":{"gitId":"ChenKangg"},"content":"            }","lastModifiedDate":"2024-02-15"},{"lineNumber":14,"author":{"gitId":"ChenKangg"},"content":"            return taskIndex;","lastModifiedDate":"2024-02-15"},{"lineNumber":15,"author":{"gitId":"ChenKangg"},"content":"","lastModifiedDate":"2024-02-15"},{"lineNumber":16,"author":{"gitId":"ChenKangg"},"content":"        } catch (ArrayIndexOutOfBoundsException e) {","lastModifiedDate":"2024-02-15"},{"lineNumber":17,"author":{"gitId":"ChenKangg"},"content":"            System.out.println(\"OOPS!!! Invalid input.\");","lastModifiedDate":"2024-02-15"},{"lineNumber":18,"author":{"gitId":"ChenKangg"},"content":"            throw new DukeException();","lastModifiedDate":"2024-02-15"},{"lineNumber":19,"author":{"gitId":"ChenKangg"},"content":"        }","lastModifiedDate":"2024-02-15"},{"lineNumber":20,"author":{"gitId":"ChenKangg"},"content":"    }","lastModifiedDate":"2024-02-15"},{"lineNumber":21,"author":{"gitId":"ChenKangg"},"content":"","lastModifiedDate":"2024-02-15"},{"lineNumber":22,"author":{"gitId":"ChenKangg"},"content":"    public static void checkDescription (String line) throws DukeException {","lastModifiedDate":"2024-02-15"},{"lineNumber":23,"author":{"gitId":"ChenKangg"},"content":"        String[] userInput \u003d line.split(\" \");","lastModifiedDate":"2024-02-15"},{"lineNumber":24,"author":{"gitId":"ChenKangg"},"content":"        if (userInput.length \u003d\u003d 1) {","lastModifiedDate":"2024-02-15"},{"lineNumber":25,"author":{"gitId":"ChenKangg"},"content":"            System.out.println(\"OOPS!!! No task description\");","lastModifiedDate":"2024-02-15"},{"lineNumber":26,"author":{"gitId":"ChenKangg"},"content":"            throw new DukeException();","lastModifiedDate":"2024-02-15"},{"lineNumber":27,"author":{"gitId":"ChenKangg"},"content":"        }","lastModifiedDate":"2024-02-15"},{"lineNumber":28,"author":{"gitId":"ChenKangg"},"content":"    }","lastModifiedDate":"2024-02-15"},{"lineNumber":29,"author":{"gitId":"ChenKangg"},"content":"}","lastModifiedDate":"2024-02-15"}],"authorContributionMap":{"ChenKangg":29}},{"path":"src/main/java/task/Event.java","fileType":"java","lines":[{"lineNumber":1,"author":{"gitId":"ChenKangg"},"content":"package task;","lastModifiedDate":"2024-02-15"},{"lineNumber":2,"author":{"gitId":"ChenKangg"},"content":"","lastModifiedDate":"2024-02-15"},{"lineNumber":3,"author":{"gitId":"ChenKangg"},"content":"public class Event extends Task {","lastModifiedDate":"2024-02-07"},{"lineNumber":4,"author":{"gitId":"ChenKangg"},"content":"    protected String from;","lastModifiedDate":"2024-02-07"},{"lineNumber":5,"author":{"gitId":"ChenKangg"},"content":"    protected String to;","lastModifiedDate":"2024-02-07"},{"lineNumber":6,"author":{"gitId":"ChenKangg"},"content":"","lastModifiedDate":"2024-02-07"},{"lineNumber":7,"author":{"gitId":"ChenKangg"},"content":"    public Event(String description, String from, String to) {","lastModifiedDate":"2024-02-07"},{"lineNumber":8,"author":{"gitId":"ChenKangg"},"content":"        super(description);","lastModifiedDate":"2024-02-07"},{"lineNumber":9,"author":{"gitId":"ChenKangg"},"content":"        this.from \u003d from;","lastModifiedDate":"2024-02-07"},{"lineNumber":10,"author":{"gitId":"ChenKangg"},"content":"        this.to \u003d to;","lastModifiedDate":"2024-02-07"},{"lineNumber":11,"author":{"gitId":"ChenKangg"},"content":"    }","lastModifiedDate":"2024-02-07"},{"lineNumber":12,"author":{"gitId":"ChenKangg"},"content":"","lastModifiedDate":"2024-02-07"},{"lineNumber":13,"author":{"gitId":"ChenKangg"},"content":"    @Override","lastModifiedDate":"2024-02-07"},{"lineNumber":14,"author":{"gitId":"ChenKangg"},"content":"    public String toString() {","lastModifiedDate":"2024-02-07"},{"lineNumber":15,"author":{"gitId":"ChenKangg"},"content":"        return \"[E]\" + super.getStatusIcon() + \" \" + super.getDescription() + \" (from: \" + from + \" to: \" + to + \")\";","lastModifiedDate":"2024-02-07"},{"lineNumber":16,"author":{"gitId":"ChenKangg"},"content":"    }","lastModifiedDate":"2024-02-07"},{"lineNumber":17,"author":{"gitId":"ChenKangg"},"content":"","lastModifiedDate":"2024-02-19"},{"lineNumber":18,"author":{"gitId":"ChenKangg"},"content":"    @Override","lastModifiedDate":"2024-02-19"},{"lineNumber":19,"author":{"gitId":"ChenKangg"},"content":"    public String toFileString() {","lastModifiedDate":"2024-02-19"},{"lineNumber":20,"author":{"gitId":"ChenKangg"},"content":"        return \"E | \" + (isDone ? \"1\" : \"0\") + \" | \" + description + \" | \" + from + \" to \" + to;","lastModifiedDate":"2024-02-19"},{"lineNumber":21,"author":{"gitId":"ChenKangg"},"content":"    }","lastModifiedDate":"2024-02-19"},{"lineNumber":22,"author":{"gitId":"ChenKangg"},"content":"}","lastModifiedDate":"2024-02-07"}],"authorContributionMap":{"ChenKangg":22}},{"path":"src/main/java/task/Task.java","fileType":"java","lines":[{"lineNumber":1,"author":{"gitId":"ChenKangg"},"content":"package task;","lastModifiedDate":"2024-02-15"},{"lineNumber":2,"author":{"gitId":"ChenKangg"},"content":"","lastModifiedDate":"2024-02-15"},{"lineNumber":3,"author":{"gitId":"ChenKangg"},"content":"public class Task {","lastModifiedDate":"2024-02-07"},{"lineNumber":4,"author":{"gitId":"ChenKangg"},"content":"    protected String description;","lastModifiedDate":"2024-02-07"},{"lineNumber":5,"author":{"gitId":"ChenKangg"},"content":"    protected boolean isDone;","lastModifiedDate":"2024-02-07"},{"lineNumber":6,"author":{"gitId":"ChenKangg"},"content":"","lastModifiedDate":"2024-02-07"},{"lineNumber":7,"author":{"gitId":"ChenKangg"},"content":"    public Task(String description) {","lastModifiedDate":"2024-02-07"},{"lineNumber":8,"author":{"gitId":"ChenKangg"},"content":"        this.description \u003d description;","lastModifiedDate":"2024-02-07"},{"lineNumber":9,"author":{"gitId":"ChenKangg"},"content":"        this.isDone \u003d false;","lastModifiedDate":"2024-02-07"},{"lineNumber":10,"author":{"gitId":"ChenKangg"},"content":"    }","lastModifiedDate":"2024-02-07"},{"lineNumber":11,"author":{"gitId":"ChenKangg"},"content":"","lastModifiedDate":"2024-02-07"},{"lineNumber":12,"author":{"gitId":"ChenKangg"},"content":"    public String getStatusIcon() {","lastModifiedDate":"2024-02-07"},{"lineNumber":13,"author":{"gitId":"ChenKangg"},"content":"        return (isDone ? \"[X]\" : \"[ ]\");","lastModifiedDate":"2024-02-07"},{"lineNumber":14,"author":{"gitId":"ChenKangg"},"content":"    }","lastModifiedDate":"2024-02-07"},{"lineNumber":15,"author":{"gitId":"ChenKangg"},"content":"","lastModifiedDate":"2024-02-07"},{"lineNumber":16,"author":{"gitId":"ChenKangg"},"content":"    public void markAsDone() {","lastModifiedDate":"2024-02-07"},{"lineNumber":17,"author":{"gitId":"ChenKangg"},"content":"        this.isDone \u003d true;","lastModifiedDate":"2024-02-07"},{"lineNumber":18,"author":{"gitId":"ChenKangg"},"content":"    }","lastModifiedDate":"2024-02-07"},{"lineNumber":19,"author":{"gitId":"ChenKangg"},"content":"","lastModifiedDate":"2024-02-07"},{"lineNumber":20,"author":{"gitId":"ChenKangg"},"content":"    public void markAsNotDone() {","lastModifiedDate":"2024-02-07"},{"lineNumber":21,"author":{"gitId":"ChenKangg"},"content":"        this.isDone \u003d false;","lastModifiedDate":"2024-02-07"},{"lineNumber":22,"author":{"gitId":"ChenKangg"},"content":"    }","lastModifiedDate":"2024-02-07"},{"lineNumber":23,"author":{"gitId":"ChenKangg"},"content":"","lastModifiedDate":"2024-02-07"},{"lineNumber":24,"author":{"gitId":"ChenKangg"},"content":"    public String getDescription() {","lastModifiedDate":"2024-02-07"},{"lineNumber":25,"author":{"gitId":"ChenKangg"},"content":"        return description;","lastModifiedDate":"2024-02-07"},{"lineNumber":26,"author":{"gitId":"ChenKangg"},"content":"    }","lastModifiedDate":"2024-02-07"},{"lineNumber":27,"author":{"gitId":"ChenKangg"},"content":"","lastModifiedDate":"2024-02-15"},{"lineNumber":28,"author":{"gitId":"ChenKangg"},"content":"    public String toFileString() {","lastModifiedDate":"2024-02-19"},{"lineNumber":29,"author":{"gitId":"ChenKangg"},"content":"        return \"\";","lastModifiedDate":"2024-02-19"},{"lineNumber":30,"author":{"gitId":"ChenKangg"},"content":"    }","lastModifiedDate":"2024-02-19"},{"lineNumber":31,"author":{"gitId":"ChenKangg"},"content":"}","lastModifiedDate":"2024-02-07"}],"authorContributionMap":{"ChenKangg":31}},{"path":"src/main/java/task/ToDo.java","fileType":"java","lines":[{"lineNumber":1,"author":{"gitId":"ChenKangg"},"content":"package task;","lastModifiedDate":"2024-02-15"},{"lineNumber":2,"author":{"gitId":"ChenKangg"},"content":"","lastModifiedDate":"2024-02-15"},{"lineNumber":3,"author":{"gitId":"ChenKangg"},"content":"public class ToDo extends Task {","lastModifiedDate":"2024-02-07"},{"lineNumber":4,"author":{"gitId":"ChenKangg"},"content":"    public ToDo(String description) {","lastModifiedDate":"2024-02-07"},{"lineNumber":5,"author":{"gitId":"ChenKangg"},"content":"        super(description);","lastModifiedDate":"2024-02-07"},{"lineNumber":6,"author":{"gitId":"ChenKangg"},"content":"        this.isDone \u003d false;","lastModifiedDate":"2024-02-19"},{"lineNumber":7,"author":{"gitId":"ChenKangg"},"content":"    }","lastModifiedDate":"2024-02-07"},{"lineNumber":8,"author":{"gitId":"ChenKangg"},"content":"","lastModifiedDate":"2024-02-07"},{"lineNumber":9,"author":{"gitId":"ChenKangg"},"content":"    @Override","lastModifiedDate":"2024-02-07"},{"lineNumber":10,"author":{"gitId":"ChenKangg"},"content":"    public String toString() {","lastModifiedDate":"2024-02-07"},{"lineNumber":11,"author":{"gitId":"ChenKangg"},"content":"        return \"[T]\" + super.getStatusIcon() + \" \" + super.getDescription();","lastModifiedDate":"2024-02-07"},{"lineNumber":12,"author":{"gitId":"ChenKangg"},"content":"    }","lastModifiedDate":"2024-02-07"},{"lineNumber":13,"author":{"gitId":"ChenKangg"},"content":"","lastModifiedDate":"2024-02-19"},{"lineNumber":14,"author":{"gitId":"ChenKangg"},"content":"    @Override","lastModifiedDate":"2024-02-19"},{"lineNumber":15,"author":{"gitId":"ChenKangg"},"content":"    public String toFileString() {","lastModifiedDate":"2024-02-19"},{"lineNumber":16,"author":{"gitId":"ChenKangg"},"content":"        return \"T | \" + (isDone ? \"1\" : \"0\") + \" | \" + description;","lastModifiedDate":"2024-02-19"},{"lineNumber":17,"author":{"gitId":"ChenKangg"},"content":"    }","lastModifiedDate":"2024-02-19"},{"lineNumber":18,"author":{"gitId":"ChenKangg"},"content":"}","lastModifiedDate":"2024-02-07"}],"authorContributionMap":{"ChenKangg":18}}]
