[{"path":"src/main/java/Duke.java","fileType":"java","lines":[{"lineNumber":1,"author":{"gitId":"ChenKangg"},"content":"import java.util.Scanner;","lastModifiedDate":"2024-01-30"},{"lineNumber":2,"author":{"gitId":"ChenKangg"},"content":"","lastModifiedDate":"2024-01-30"},{"lineNumber":3,"author":{"gitId":"ChenKangg"},"content":"class Task {","lastModifiedDate":"2024-01-30"},{"lineNumber":4,"author":{"gitId":"ChenKangg"},"content":"    protected String description;","lastModifiedDate":"2024-01-30"},{"lineNumber":5,"author":{"gitId":"ChenKangg"},"content":"    protected boolean isDone;","lastModifiedDate":"2024-01-30"},{"lineNumber":6,"author":{"gitId":"ChenKangg"},"content":"","lastModifiedDate":"2024-01-30"},{"lineNumber":7,"author":{"gitId":"ChenKangg"},"content":"    public Task(String description) {","lastModifiedDate":"2024-01-30"},{"lineNumber":8,"author":{"gitId":"ChenKangg"},"content":"        this.description \u003d description;","lastModifiedDate":"2024-01-30"},{"lineNumber":9,"author":{"gitId":"ChenKangg"},"content":"        this.isDone \u003d false;","lastModifiedDate":"2024-01-30"},{"lineNumber":10,"author":{"gitId":"ChenKangg"},"content":"    }","lastModifiedDate":"2024-01-30"},{"lineNumber":11,"author":{"gitId":"ChenKangg"},"content":"","lastModifiedDate":"2024-01-30"},{"lineNumber":12,"author":{"gitId":"ChenKangg"},"content":"    public String getStatusIcon() {","lastModifiedDate":"2024-01-30"},{"lineNumber":13,"author":{"gitId":"ChenKangg"},"content":"        return (isDone ? \"[X]\" : \"[ ]\");","lastModifiedDate":"2024-01-30"},{"lineNumber":14,"author":{"gitId":"ChenKangg"},"content":"    }","lastModifiedDate":"2024-01-30"},{"lineNumber":15,"author":{"gitId":"ChenKangg"},"content":"","lastModifiedDate":"2024-01-30"},{"lineNumber":16,"author":{"gitId":"ChenKangg"},"content":"    public void markAsDone() {","lastModifiedDate":"2024-01-30"},{"lineNumber":17,"author":{"gitId":"ChenKangg"},"content":"        this.isDone \u003d true;","lastModifiedDate":"2024-01-30"},{"lineNumber":18,"author":{"gitId":"ChenKangg"},"content":"    }","lastModifiedDate":"2024-01-30"},{"lineNumber":19,"author":{"gitId":"ChenKangg"},"content":"","lastModifiedDate":"2024-01-30"},{"lineNumber":20,"author":{"gitId":"ChenKangg"},"content":"    public void markAsNotDone() {","lastModifiedDate":"2024-01-30"},{"lineNumber":21,"author":{"gitId":"ChenKangg"},"content":"        this.isDone \u003d false;","lastModifiedDate":"2024-01-30"},{"lineNumber":22,"author":{"gitId":"ChenKangg"},"content":"    }","lastModifiedDate":"2024-01-30"},{"lineNumber":23,"author":{"gitId":"ChenKangg"},"content":"","lastModifiedDate":"2024-01-30"},{"lineNumber":24,"author":{"gitId":"ChenKangg"},"content":"    public String getDescription() {","lastModifiedDate":"2024-01-30"},{"lineNumber":25,"author":{"gitId":"ChenKangg"},"content":"        return description;","lastModifiedDate":"2024-01-30"},{"lineNumber":26,"author":{"gitId":"ChenKangg"},"content":"    }","lastModifiedDate":"2024-01-30"},{"lineNumber":27,"author":{"gitId":"ChenKangg"},"content":"}","lastModifiedDate":"2024-01-30"},{"lineNumber":28,"author":{"gitId":"ChenKangg"},"content":"","lastModifiedDate":"2024-01-30"},{"lineNumber":29,"author":{"gitId":"ChenKangg"},"content":"class ToDo extends Task {","lastModifiedDate":"2024-02-04"},{"lineNumber":30,"author":{"gitId":"ChenKangg"},"content":"    public ToDo(String description) {","lastModifiedDate":"2024-02-04"},{"lineNumber":31,"author":{"gitId":"ChenKangg"},"content":"        super(description);","lastModifiedDate":"2024-02-04"},{"lineNumber":32,"author":{"gitId":"ChenKangg"},"content":"    }","lastModifiedDate":"2024-02-04"},{"lineNumber":33,"author":{"gitId":"ChenKangg"},"content":"","lastModifiedDate":"2024-02-04"},{"lineNumber":34,"author":{"gitId":"ChenKangg"},"content":"    @Override","lastModifiedDate":"2024-02-04"},{"lineNumber":35,"author":{"gitId":"ChenKangg"},"content":"    public String toString() {","lastModifiedDate":"2024-02-04"},{"lineNumber":36,"author":{"gitId":"ChenKangg"},"content":"        return \"[T]\" + super.getStatusIcon() + \" \" + super.getDescription();","lastModifiedDate":"2024-02-04"},{"lineNumber":37,"author":{"gitId":"ChenKangg"},"content":"    }","lastModifiedDate":"2024-02-04"},{"lineNumber":38,"author":{"gitId":"ChenKangg"},"content":"}","lastModifiedDate":"2024-02-04"},{"lineNumber":39,"author":{"gitId":"ChenKangg"},"content":"","lastModifiedDate":"2024-02-04"},{"lineNumber":40,"author":{"gitId":"ChenKangg"},"content":"class Deadline extends Task {","lastModifiedDate":"2024-02-04"},{"lineNumber":41,"author":{"gitId":"ChenKangg"},"content":"    protected String by;","lastModifiedDate":"2024-02-04"},{"lineNumber":42,"author":{"gitId":"ChenKangg"},"content":"","lastModifiedDate":"2024-02-04"},{"lineNumber":43,"author":{"gitId":"ChenKangg"},"content":"    public Deadline(String description, String by) {","lastModifiedDate":"2024-02-04"},{"lineNumber":44,"author":{"gitId":"ChenKangg"},"content":"        super(description);","lastModifiedDate":"2024-02-04"},{"lineNumber":45,"author":{"gitId":"ChenKangg"},"content":"        this.by \u003d by;","lastModifiedDate":"2024-02-04"},{"lineNumber":46,"author":{"gitId":"ChenKangg"},"content":"    }","lastModifiedDate":"2024-02-04"},{"lineNumber":47,"author":{"gitId":"ChenKangg"},"content":"","lastModifiedDate":"2024-02-04"},{"lineNumber":48,"author":{"gitId":"ChenKangg"},"content":"    @Override","lastModifiedDate":"2024-02-04"},{"lineNumber":49,"author":{"gitId":"ChenKangg"},"content":"    public String toString() {","lastModifiedDate":"2024-02-04"},{"lineNumber":50,"author":{"gitId":"ChenKangg"},"content":"        return \"[D]\" + super.getStatusIcon() + \" \" + super.getDescription() + \" (by: \" + by + \")\";","lastModifiedDate":"2024-02-04"},{"lineNumber":51,"author":{"gitId":"ChenKangg"},"content":"    }","lastModifiedDate":"2024-02-04"},{"lineNumber":52,"author":{"gitId":"ChenKangg"},"content":"}","lastModifiedDate":"2024-02-04"},{"lineNumber":53,"author":{"gitId":"ChenKangg"},"content":"","lastModifiedDate":"2024-02-04"},{"lineNumber":54,"author":{"gitId":"ChenKangg"},"content":"class Event extends Task {","lastModifiedDate":"2024-02-04"},{"lineNumber":55,"author":{"gitId":"ChenKangg"},"content":"    protected String from;","lastModifiedDate":"2024-02-04"},{"lineNumber":56,"author":{"gitId":"ChenKangg"},"content":"    protected String to;","lastModifiedDate":"2024-02-04"},{"lineNumber":57,"author":{"gitId":"ChenKangg"},"content":"","lastModifiedDate":"2024-02-04"},{"lineNumber":58,"author":{"gitId":"ChenKangg"},"content":"    public Event(String description, String from, String to) {","lastModifiedDate":"2024-02-04"},{"lineNumber":59,"author":{"gitId":"ChenKangg"},"content":"        super(description);","lastModifiedDate":"2024-02-04"},{"lineNumber":60,"author":{"gitId":"ChenKangg"},"content":"        this.from \u003d from;","lastModifiedDate":"2024-02-04"},{"lineNumber":61,"author":{"gitId":"ChenKangg"},"content":"        this.to \u003d to;","lastModifiedDate":"2024-02-04"},{"lineNumber":62,"author":{"gitId":"ChenKangg"},"content":"    }","lastModifiedDate":"2024-02-04"},{"lineNumber":63,"author":{"gitId":"ChenKangg"},"content":"","lastModifiedDate":"2024-02-04"},{"lineNumber":64,"author":{"gitId":"ChenKangg"},"content":"    @Override","lastModifiedDate":"2024-02-04"},{"lineNumber":65,"author":{"gitId":"ChenKangg"},"content":"    public String toString() {","lastModifiedDate":"2024-02-04"},{"lineNumber":66,"author":{"gitId":"ChenKangg"},"content":"        return \"[E]\" + super.getStatusIcon() + \" \" + super.getDescription() + \" (from: \" + from + \" to: \" + to + \")\";","lastModifiedDate":"2024-02-04"},{"lineNumber":67,"author":{"gitId":"ChenKangg"},"content":"    }","lastModifiedDate":"2024-02-04"},{"lineNumber":68,"author":{"gitId":"ChenKangg"},"content":"}","lastModifiedDate":"2024-02-04"},{"lineNumber":69,"author":{"gitId":"ChenKangg"},"content":"","lastModifiedDate":"2024-02-04"},{"lineNumber":70,"author":{"gitId":"-"},"content":"public class Duke {","lastModifiedDate":"2019-07-29"},{"lineNumber":71,"author":{"gitId":"-"},"content":"    public static void main(String[] args) {","lastModifiedDate":"2019-07-29"},{"lineNumber":72,"author":{"gitId":"ChenKangg"},"content":"        //Display initial greeting message","lastModifiedDate":"2024-02-04"},{"lineNumber":73,"author":{"gitId":"ChenKangg"},"content":"        System.out.println(\"____________________________________________________________\");","lastModifiedDate":"2024-01-30"},{"lineNumber":74,"author":{"gitId":"ChenKangg"},"content":"        System.out.println(\"Hello! I\u0027m Colin\");","lastModifiedDate":"2024-01-30"},{"lineNumber":75,"author":{"gitId":"ChenKangg"},"content":"        System.out.println(\"What can I do for you?\");","lastModifiedDate":"2024-01-30"},{"lineNumber":76,"author":{"gitId":"ChenKangg"},"content":"        System.out.println(\"____________________________________________________________\");","lastModifiedDate":"2024-01-30"},{"lineNumber":77,"author":{"gitId":"ChenKangg"},"content":"","lastModifiedDate":"2024-01-30"},{"lineNumber":78,"author":{"gitId":"ChenKangg"},"content":"        //Create Scanner object to read user input","lastModifiedDate":"2024-02-04"},{"lineNumber":79,"author":{"gitId":"ChenKangg"},"content":"        Scanner scanner \u003d new Scanner(System.in);","lastModifiedDate":"2024-01-30"},{"lineNumber":80,"author":{"gitId":"ChenKangg"},"content":"        String userInput;","lastModifiedDate":"2024-01-30"},{"lineNumber":81,"author":{"gitId":"ChenKangg"},"content":"        Task[] tasks \u003d new Task[100]; // Array to store tasks","lastModifiedDate":"2024-01-30"},{"lineNumber":82,"author":{"gitId":"ChenKangg"},"content":"        int taskCount \u003d 0;","lastModifiedDate":"2024-01-30"},{"lineNumber":83,"author":{"gitId":"ChenKangg"},"content":"","lastModifiedDate":"2024-01-30"},{"lineNumber":84,"author":{"gitId":"ChenKangg"},"content":"        //Continue reading user input, detecting any keywords and executing the respective commands","lastModifiedDate":"2024-02-04"},{"lineNumber":85,"author":{"gitId":"ChenKangg"},"content":"        while (true) {","lastModifiedDate":"2024-01-30"},{"lineNumber":86,"author":{"gitId":"ChenKangg"},"content":"            userInput \u003d scanner.nextLine();","lastModifiedDate":"2024-01-30"},{"lineNumber":87,"author":{"gitId":"ChenKangg"},"content":"","lastModifiedDate":"2024-01-30"},{"lineNumber":88,"author":{"gitId":"ChenKangg"},"content":"            System.out.println(\"____________________________________________________________\");","lastModifiedDate":"2024-01-30"},{"lineNumber":89,"author":{"gitId":"ChenKangg"},"content":"","lastModifiedDate":"2024-01-30"},{"lineNumber":90,"author":{"gitId":"ChenKangg"},"content":"            if (userInput.equalsIgnoreCase(\"bye\")) {","lastModifiedDate":"2024-01-30"},{"lineNumber":91,"author":{"gitId":"ChenKangg"},"content":"                //Exit bot","lastModifiedDate":"2024-02-04"},{"lineNumber":92,"author":{"gitId":"ChenKangg"},"content":"                System.out.println(\"Bye. Hope to see you again soon!\");","lastModifiedDate":"2024-01-30"},{"lineNumber":93,"author":{"gitId":"ChenKangg"},"content":"                System.out.println(\"____________________________________________________________\");","lastModifiedDate":"2024-01-30"},{"lineNumber":94,"author":{"gitId":"ChenKangg"},"content":"                break;","lastModifiedDate":"2024-01-30"},{"lineNumber":95,"author":{"gitId":"ChenKangg"},"content":"","lastModifiedDate":"2024-01-30"},{"lineNumber":96,"author":{"gitId":"ChenKangg"},"content":"            } else if (userInput.equalsIgnoreCase(\"list\")) {","lastModifiedDate":"2024-01-30"},{"lineNumber":97,"author":{"gitId":"ChenKangg"},"content":"                //Lists out all the tasks added, else print out no tasks added","lastModifiedDate":"2024-02-04"},{"lineNumber":98,"author":{"gitId":"ChenKangg"},"content":"                if (taskCount \u003d\u003d 0) {","lastModifiedDate":"2024-01-30"},{"lineNumber":99,"author":{"gitId":"ChenKangg"},"content":"                    System.out.println(\"No tasks added yet.\");","lastModifiedDate":"2024-01-30"},{"lineNumber":100,"author":{"gitId":"ChenKangg"},"content":"                } else {","lastModifiedDate":"2024-01-30"},{"lineNumber":101,"author":{"gitId":"ChenKangg"},"content":"                    for (int i \u003d 0; i \u003c taskCount; i++) {","lastModifiedDate":"2024-01-30"},{"lineNumber":102,"author":{"gitId":"ChenKangg"},"content":"                        System.out.println(\" \" + (i + 1) + \".\" + tasks[i]);","lastModifiedDate":"2024-02-04"},{"lineNumber":103,"author":{"gitId":"ChenKangg"},"content":"                    }","lastModifiedDate":"2024-01-30"},{"lineNumber":104,"author":{"gitId":"ChenKangg"},"content":"                }","lastModifiedDate":"2024-01-30"},{"lineNumber":105,"author":{"gitId":"ChenKangg"},"content":"","lastModifiedDate":"2024-01-30"},{"lineNumber":106,"author":{"gitId":"ChenKangg"},"content":"            } else if (userInput.startsWith(\"mark\")) {","lastModifiedDate":"2024-01-30"},{"lineNumber":107,"author":{"gitId":"ChenKangg"},"content":"                //Feature to mark tasks as done","lastModifiedDate":"2024-02-04"},{"lineNumber":108,"author":{"gitId":"ChenKangg"},"content":"                int taskIndex \u003d Integer.parseInt(userInput.split(\" \")[1]) - 1;","lastModifiedDate":"2024-01-30"},{"lineNumber":109,"author":{"gitId":"ChenKangg"},"content":"                tasks[taskIndex].markAsDone();","lastModifiedDate":"2024-01-30"},{"lineNumber":110,"author":{"gitId":"ChenKangg"},"content":"                System.out.println(\"Nice! I\u0027ve marked this task as done:\");","lastModifiedDate":"2024-01-30"},{"lineNumber":111,"author":{"gitId":"ChenKangg"},"content":"                System.out.println(\"  \" + tasks[taskIndex].getStatusIcon() + \" \" + tasks[taskIndex].getDescription());","lastModifiedDate":"2024-01-30"},{"lineNumber":112,"author":{"gitId":"ChenKangg"},"content":"","lastModifiedDate":"2024-01-30"},{"lineNumber":113,"author":{"gitId":"ChenKangg"},"content":"            } else if (userInput.startsWith(\"unmark\")) {","lastModifiedDate":"2024-01-30"},{"lineNumber":114,"author":{"gitId":"ChenKangg"},"content":"                //Feature to unmark tasks as not done","lastModifiedDate":"2024-02-04"},{"lineNumber":115,"author":{"gitId":"ChenKangg"},"content":"                int taskIndex \u003d Integer.parseInt(userInput.split(\" \")[1]) - 1;","lastModifiedDate":"2024-01-30"},{"lineNumber":116,"author":{"gitId":"ChenKangg"},"content":"                tasks[taskIndex].markAsNotDone();","lastModifiedDate":"2024-01-30"},{"lineNumber":117,"author":{"gitId":"ChenKangg"},"content":"                System.out.println(\"OK, I\u0027ve marked this task as not done yet:\");","lastModifiedDate":"2024-01-30"},{"lineNumber":118,"author":{"gitId":"ChenKangg"},"content":"                System.out.println(\"  \" + tasks[taskIndex].getStatusIcon() + \" \" + tasks[taskIndex].getDescription());","lastModifiedDate":"2024-01-30"},{"lineNumber":119,"author":{"gitId":"ChenKangg"},"content":"","lastModifiedDate":"2024-01-30"},{"lineNumber":120,"author":{"gitId":"ChenKangg"},"content":"            } else if (userInput.startsWith(\"todo\")) {","lastModifiedDate":"2024-02-04"},{"lineNumber":121,"author":{"gitId":"ChenKangg"},"content":"                //Feature to track tasks without any date/time attached to it","lastModifiedDate":"2024-02-04"},{"lineNumber":122,"author":{"gitId":"ChenKangg"},"content":"                String description \u003d userInput.substring(5).trim();","lastModifiedDate":"2024-02-04"},{"lineNumber":123,"author":{"gitId":"ChenKangg"},"content":"                tasks[taskCount] \u003d new ToDo(description);","lastModifiedDate":"2024-02-04"},{"lineNumber":124,"author":{"gitId":"ChenKangg"},"content":"                taskCount++;","lastModifiedDate":"2024-01-30"},{"lineNumber":125,"author":{"gitId":"ChenKangg"},"content":"                System.out.println(\"Got it. I\u0027ve added this task:\");","lastModifiedDate":"2024-02-04"},{"lineNumber":126,"author":{"gitId":"ChenKangg"},"content":"                System.out.println(\"  \" + tasks[taskCount - 1]);","lastModifiedDate":"2024-02-04"},{"lineNumber":127,"author":{"gitId":"ChenKangg"},"content":"                System.out.println(\"Now you have \" + taskCount + \" tasks in the list.\");","lastModifiedDate":"2024-02-04"},{"lineNumber":128,"author":{"gitId":"ChenKangg"},"content":"","lastModifiedDate":"2024-02-04"},{"lineNumber":129,"author":{"gitId":"ChenKangg"},"content":"            } else if (userInput.startsWith(\"deadline\")) {","lastModifiedDate":"2024-02-04"},{"lineNumber":130,"author":{"gitId":"ChenKangg"},"content":"                //Feature to track tasks that need to be done before a specific date/time","lastModifiedDate":"2024-02-04"},{"lineNumber":131,"author":{"gitId":"ChenKangg"},"content":"                String[] parts \u003d userInput.substring(9).split(\"/by\");","lastModifiedDate":"2024-02-04"},{"lineNumber":132,"author":{"gitId":"ChenKangg"},"content":"                String description \u003d parts[0].trim();","lastModifiedDate":"2024-02-04"},{"lineNumber":133,"author":{"gitId":"ChenKangg"},"content":"                String by \u003d parts[1].trim();","lastModifiedDate":"2024-02-04"},{"lineNumber":134,"author":{"gitId":"ChenKangg"},"content":"                tasks[taskCount] \u003d new Deadline(description, by);","lastModifiedDate":"2024-02-04"},{"lineNumber":135,"author":{"gitId":"ChenKangg"},"content":"                taskCount++;","lastModifiedDate":"2024-02-04"},{"lineNumber":136,"author":{"gitId":"ChenKangg"},"content":"                System.out.println(\"Got it. I\u0027ve added this task:\");","lastModifiedDate":"2024-02-04"},{"lineNumber":137,"author":{"gitId":"ChenKangg"},"content":"                System.out.println(\"  \" + tasks[taskCount - 1]);","lastModifiedDate":"2024-02-04"},{"lineNumber":138,"author":{"gitId":"ChenKangg"},"content":"                System.out.println(\"Now you have \" + taskCount + \" tasks in the list.\");","lastModifiedDate":"2024-02-04"},{"lineNumber":139,"author":{"gitId":"ChenKangg"},"content":"                ","lastModifiedDate":"2024-02-04"},{"lineNumber":140,"author":{"gitId":"ChenKangg"},"content":"            } else if (userInput.startsWith(\"event\")) {","lastModifiedDate":"2024-02-04"},{"lineNumber":141,"author":{"gitId":"ChenKangg"},"content":"                //Feature to track tasks that start at a specific date/time and ends at a specific date/time","lastModifiedDate":"2024-02-04"},{"lineNumber":142,"author":{"gitId":"ChenKangg"},"content":"                String[] parts \u003d userInput.substring(6).split(\"/from|/to\");","lastModifiedDate":"2024-02-04"},{"lineNumber":143,"author":{"gitId":"ChenKangg"},"content":"                String description \u003d parts[0].trim();","lastModifiedDate":"2024-02-04"},{"lineNumber":144,"author":{"gitId":"ChenKangg"},"content":"                String from \u003d parts[1].trim();","lastModifiedDate":"2024-02-04"},{"lineNumber":145,"author":{"gitId":"ChenKangg"},"content":"                String to \u003d parts[2].trim();","lastModifiedDate":"2024-02-04"},{"lineNumber":146,"author":{"gitId":"ChenKangg"},"content":"                tasks[taskCount] \u003d new Event(description, from, to);","lastModifiedDate":"2024-02-04"},{"lineNumber":147,"author":{"gitId":"ChenKangg"},"content":"                taskCount++;","lastModifiedDate":"2024-02-04"},{"lineNumber":148,"author":{"gitId":"ChenKangg"},"content":"                System.out.println(\"Got it. I\u0027ve added this task:\");","lastModifiedDate":"2024-02-04"},{"lineNumber":149,"author":{"gitId":"ChenKangg"},"content":"                System.out.println(\"  \" + tasks[taskCount - 1]);","lastModifiedDate":"2024-02-04"},{"lineNumber":150,"author":{"gitId":"ChenKangg"},"content":"                System.out.println(\"Now you have \" + taskCount + \" tasks in the list.\");","lastModifiedDate":"2024-02-04"},{"lineNumber":151,"author":{"gitId":"ChenKangg"},"content":"","lastModifiedDate":"2024-02-04"},{"lineNumber":152,"author":{"gitId":"ChenKangg"},"content":"            } else {","lastModifiedDate":"2024-02-04"},{"lineNumber":153,"author":{"gitId":"ChenKangg"},"content":"                //Handles the case if invalid input ","lastModifiedDate":"2024-02-04"},{"lineNumber":154,"author":{"gitId":"ChenKangg"},"content":"                System.out.println(\"Invalid command.\");","lastModifiedDate":"2024-02-04"},{"lineNumber":155,"author":{"gitId":"ChenKangg"},"content":"            }","lastModifiedDate":"2024-01-30"},{"lineNumber":156,"author":{"gitId":"ChenKangg"},"content":"            System.out.println(\"____________________________________________________________\");","lastModifiedDate":"2024-01-30"},{"lineNumber":157,"author":{"gitId":"ChenKangg"},"content":"        }","lastModifiedDate":"2024-01-30"},{"lineNumber":158,"author":{"gitId":"ChenKangg"},"content":"        // Close the Scanner","lastModifiedDate":"2024-01-30"},{"lineNumber":159,"author":{"gitId":"ChenKangg"},"content":"        scanner.close();","lastModifiedDate":"2024-01-30"},{"lineNumber":160,"author":{"gitId":"-"},"content":"    }","lastModifiedDate":"2019-07-29"},{"lineNumber":161,"author":{"gitId":"-"},"content":"}","lastModifiedDate":"2019-07-29"}],"authorContributionMap":{"ChenKangg":157,"-":4}}]
