{"authorDailyContributionsMap":{"ChenKangg":[{"date":"2024-01-30","commitResults":[{"hash":"a67b9d8e4484cbc5f971658e9abb0b26712d80a6","isMergeCommit":false,"messageTitle":"Level-0","messageBody":"","tags":["Level-0"],"fileTypesAndContributionMap":{"java":{"insertions":11,"deletions":6}}},{"hash":"36627afb3c9ee079890fb2c9ac89b776fe9abc9d","isMergeCommit":false,"messageTitle":"Level-1","messageBody":"","tags":["Level-1"],"fileTypesAndContributionMap":{"java":{"insertions":22,"deletions":2}}},{"hash":"57a76068504e03247b613529e67788eafee7d058","isMergeCommit":false,"messageTitle":"Level-2","messageBody":"","tags":["Level-2"],"fileTypesAndContributionMap":{"java":{"insertions":27,"deletions":12}}},{"hash":"b5c1fcc152698cf094c81bd8169a517fde143106","isMergeCommit":false,"messageTitle":"Level-3","messageBody":"","tags":["Level-3"],"fileTypesAndContributionMap":{"java":{"insertions":42,"deletions":6}}}]},{"date":"2024-02-04","commitResults":[{"hash":"043684d06d9723bd867fd001830d935411f47e10","isMergeCommit":false,"messageTitle":"Level-4","messageBody":"","tags":["Level-4"],"fileTypesAndContributionMap":{"java":{"insertions":73,"deletions":5}}},{"hash":"2732f08fdf5a12783f4ad58c12fd76a58de0642b","isMergeCommit":false,"messageTitle":"A-CodeQuality","messageBody":"","tags":["A-CodeQuality"],"fileTypesAndContributionMap":{"java":{"insertions":11,"deletions":4}}}]},{"date":"2024-02-07","commitResults":[{"hash":"3878c8d5db08b7ef755b4ee4168bca43a39bdc87","isMergeCommit":false,"messageTitle":"Update classes","messageBody":"","tags":["A-CodingStandard"],"fileTypesAndContributionMap":{"java":{"insertions":64,"deletions":68}}}]}]},"authorFileTypeContributionMap":{"ChenKangg":{"java":153,"md":0,"fxml":0,"sh":0,"bat":0,"gradle":0,"txt":0}},"authorContributionVariance":{"ChenKangg":1811.3278},"authorDisplayNameMap":{"ChenKangg":"CS2113-T12-4 CHEO..KANG"}}
