{"authorDailyContributionsMap":{"Dheekshitha2":[{"date":"2024-02-03","commitResults":[{"hash":"b77ea2f9f5f892627fa3e1c83583020209744a14","isMergeCommit":false,"messageTitle":"Add level-0 functionality","messageBody":"","fileTypesAndContributionMap":{"java":{"insertions":10,"deletions":10}}},{"hash":"79124a6727796596c4a33fe0bca07a6e5fc822c5","isMergeCommit":false,"messageTitle":"Add level-1 functionality: Echo","messageBody":"","fileTypesAndContributionMap":{"java":{"insertions":20,"deletions":4}}}]},{"date":"2024-02-05","commitResults":[{"hash":"3714609776016dc2696317e740e00c18ba3eefad","isMergeCommit":false,"messageTitle":"Level 1 Echo","messageBody":"","fileTypesAndContributionMap":{"java":{"insertions":24,"deletions":11}}},{"hash":"75e5af5bbfc9152b3d514e72f65939b66361a238","isMergeCommit":false,"messageTitle":"Level 2: Add, List","messageBody":"","fileTypesAndContributionMap":{"java":{"insertions":23,"deletions":12}}},{"hash":"d670f1a2bb17da453b276a729f69e4cfec7e2d07","isMergeCommit":false,"messageTitle":"Level 3: Mark as Done","messageBody":"","fileTypesAndContributionMap":{"java":{"insertions":55,"deletions":4}}}]},{"date":"2024-02-08","commitResults":[{"hash":"63abe8c81e3089e1f1df36ddb0ec7426a269e241","isMergeCommit":false,"messageTitle":"Level 4: ToDos, Events, Deadlines","messageBody":"","fileTypesAndContributionMap":{"java":{"insertions":6,"deletions":0}}},{"hash":"6604dff19d74be9b0a1bb663aaa895adb02fd6df","isMergeCommit":false,"messageTitle":"Level 4 Level 4. ToDos, Events, Deadlines","messageBody":"","fileTypesAndContributionMap":{"java":{"insertions":114,"deletions":46}}}]}]},"authorFileTypeContributionMap":{"Dheekshitha2":{"java":175,"md":0,"fxml":0,"sh":0,"bat":0,"gradle":0,"txt":0}},"authorContributionVariance":{"Dheekshitha2":1936.2178},"authorDisplayNameMap":{"Dheekshitha2":"CS2113-T12-3 DHEE..HNAN"}}
