{"authorDailyContributionsMap":{"Dheekshitha2":[{"date":"2024-02-03","commitResults":[{"hash":"b77ea2f9f5f892627fa3e1c83583020209744a14","isMergeCommit":false,"messageTitle":"Add level-0 functionality","messageBody":"","fileTypesAndContributionMap":{"java":{"insertions":10,"deletions":10}}},{"hash":"79124a6727796596c4a33fe0bca07a6e5fc822c5","isMergeCommit":false,"messageTitle":"Add level-1 functionality: Echo","messageBody":"","fileTypesAndContributionMap":{"java":{"insertions":20,"deletions":4}}}]},{"date":"2024-02-05","commitResults":[{"hash":"3714609776016dc2696317e740e00c18ba3eefad","isMergeCommit":false,"messageTitle":"Level 1 Echo","messageBody":"","tags":["Level-1"],"fileTypesAndContributionMap":{"java":{"insertions":24,"deletions":11}}},{"hash":"75e5af5bbfc9152b3d514e72f65939b66361a238","isMergeCommit":false,"messageTitle":"Level 2: Add, List","messageBody":"","tags":["Level-2"],"fileTypesAndContributionMap":{"java":{"insertions":23,"deletions":12}}},{"hash":"d670f1a2bb17da453b276a729f69e4cfec7e2d07","isMergeCommit":false,"messageTitle":"Level 3: Mark as Done","messageBody":"","tags":["Level-3"],"fileTypesAndContributionMap":{"java":{"insertions":55,"deletions":4}}}]},{"date":"2024-02-08","commitResults":[{"hash":"63abe8c81e3089e1f1df36ddb0ec7426a269e241","isMergeCommit":false,"messageTitle":"Level 4: ToDos, Events, Deadlines","messageBody":"","fileTypesAndContributionMap":{"java":{"insertions":6,"deletions":0}}},{"hash":"6604dff19d74be9b0a1bb663aaa895adb02fd6df","isMergeCommit":false,"messageTitle":"Level 4 Level 4. ToDos, Events, Deadlines","messageBody":"","tags":["Level-4"],"fileTypesAndContributionMap":{"java":{"insertions":114,"deletions":46}}}]},{"date":"2024-02-15","commitResults":[{"hash":"4ff531e560cdc8c504a55d1e744cc505fd72bd15","isMergeCommit":false,"messageTitle":"Level 5 Handle errors","messageBody":"","tags":["Level-5"],"fileTypesAndContributionMap":{"java":{"insertions":82,"deletions":34}}},{"hash":"92dc09336b3cb6eb6dcca532314e5070275709cc","isMergeCommit":false,"messageTitle":"Revert \"Level 5 Handle errors\"","messageBody":"This reverts commit 4ff531e560cdc8c504a55d1e744cc505fd72bd15.\n","fileTypesAndContributionMap":{"java":{"insertions":34,"deletions":82}}},{"hash":"b2f1dbf02eb05ae7aec2c359ccf341b24deadf75","isMergeCommit":false,"messageTitle":"Revert \"Revert \"Level 5 Handle errors\"\"","messageBody":"This reverts commit 92dc09336b3cb6eb6dcca532314e5070275709cc.\n","fileTypesAndContributionMap":{"java":{"insertions":82,"deletions":34}}},{"hash":"e30362e5867f4aea892114ecda497d25458eae62","isMergeCommit":false,"messageTitle":"Revert \"Revert \"Revert \"Level 5 Handle errors\"\"\"","messageBody":"This reverts commit b2f1dbf02eb05ae7aec2c359ccf341b24deadf75.\n","fileTypesAndContributionMap":{"java":{"insertions":34,"deletions":82}}},{"hash":"1d47910387cd66c0893dad727f8305a2b4974b37","isMergeCommit":false,"messageTitle":"Level 5 Handle Errors","messageBody":"","fileTypesAndContributionMap":{"java":{"insertions":82,"deletions":34}}}]},{"date":"2024-02-23","commitResults":[{"hash":"6202dc19de281f9b4fa2a2b23d69e6b8afe8bbc2","isMergeCommit":false,"messageTitle":"A-CodingStandard: Tweaked code to comply with the coding standard of avoiding magic numbers and strings","messageBody":"","tags":["A-CodingStandard"],"fileTypesAndContributionMap":{"java":{"insertions":27,"deletions":20}}},{"hash":"f613d2e51d02ec51a709826c8585f25ee688aab8","isMergeCommit":false,"messageTitle":"Level 6: Delete tasks","messageBody":"","tags":["Level-6"],"fileTypesAndContributionMap":{"java":{"insertions":24,"deletions":1}}},{"hash":"54a2c538b384849a8bdfb1ceaab220b164308d8a","isMergeCommit":false,"messageTitle":"Level 7: Save tasks in the hard disk","messageBody":"","tags":["Level-7"],"fileTypesAndContributionMap":{"txt":{"insertions":4,"deletions":0},"java":{"insertions":90,"deletions":6}}},{"hash":"c25b83748cfdfe0b3672a955b4c09cc27c25863e","isMergeCommit":true,"messageTitle":"resolved merge conflicts","messageBody":"","tags":["A-Jar"],"fileTypesAndContributionMap":{}}]},{"date":"2024-02-24","commitResults":[{"hash":"b419f7cab17582778c2ede15babd6ea0863b4ee2","isMergeCommit":false,"messageTitle":"added minor changes","messageBody":"","fileTypesAndContributionMap":{"txt":{"insertions":2,"deletions":2},"java":{"insertions":5,"deletions":2}}},{"hash":"358fb7a2175ba28748207525b73372d7303e88fb","isMergeCommit":false,"messageTitle":"A-collections: used Java collection class","messageBody":"","tags":["A-Collections"],"fileTypesAndContributionMap":{"java":{"insertions":2,"deletions":0}}},{"hash":"9a1e7a4d0b82cc68d43df0a389cabf97eaba5430","isMergeCommit":false,"messageTitle":"A-CodeQuality: Changed handleevent such that i do not have deep nesting and long mtds","messageBody":"","tags":["A-CodeQuality"],"fileTypesAndContributionMap":{"txt":{"insertions":1,"deletions":0},"java":{"insertions":25,"deletions":7}}},{"hash":"7d980514dc3b9c2b44abfaf1f54e22b2e7026c03","isMergeCommit":false,"messageTitle":"A-Exceptions: Defined a class to represent exceptions specific to Alice","messageBody":"","tags":["A-Exceptions"],"fileTypesAndContributionMap":{"java":{"insertions":1,"deletions":0}}}]},{"date":"2024-03-06","commitResults":[{"hash":"49b596ce389c244e3bcf359d95da53de7321e408","isMergeCommit":false,"messageTitle":"A-MoreOOP: refactored my project to make it more OOP","messageBody":"","tags":["A-MoreOOP"],"fileTypesAndContributionMap":{"txt":{"insertions":5,"deletions":3},"java":{"insertions":366,"deletions":235}}}]},{"date":"2024-03-07","commitResults":[{"hash":"f181ac2b269b13f68a68ea0bcd9b6d1bdf71b1a9","isMergeCommit":false,"messageTitle":"Level 8 Dates and Times","messageBody":"","tags":["Level-8"],"fileTypesAndContributionMap":{"txt":{"insertions":10,"deletions":4},"java":{"insertions":90,"deletions":37}}},{"hash":"1519cdeee324c349847da8ccbc6312bc6e0682ad","isMergeCommit":false,"messageTitle":"Level 9: Find tasks containing specified keyword","messageBody":"","tags":["Level-9"],"fileTypesAndContributionMap":{"txt":{"insertions":0,"deletions":1},"java":{"insertions":44,"deletions":6}}},{"hash":"a53a4b23a22c97a9b6ead92067cb6035aacad199","isMergeCommit":true,"messageTitle":"Merge pull request #1 from Dheekshitha2/branch-Level-8","messageBody":"Level 8 Dates and Times","tags":["A-JavaDoc"],"fileTypesAndContributionMap":{}},{"hash":"4931c0cb7a2213790d9ae1f467c4159e6deb3d62","isMergeCommit":true,"messageTitle":"Merge pull request #2 from Dheekshitha2/branch-Level-9","messageBody":"Level 9: Find tasks containing specified keyword","fileTypesAndContributionMap":{}},{"hash":"5cd4e345f62f25bf339ca1444b3c9424ee494364","isMergeCommit":false,"messageTitle":"A-JavaDoc: Added documentation to explain functionalities of the non-private classes and methods","messageBody":"","fileTypesAndContributionMap":{"txt":{"insertions":1,"deletions":8},"java":{"insertions":158,"deletions":27}}},{"hash":"71434ce6650b09168484677c662924a52689a927","isMergeCommit":false,"messageTitle":"A-UserGuide: Updated README to explain the chatbot functionalities","messageBody":"","fileTypesAndContributionMap":{"md":{"insertions":53,"deletions":16}}}]}]},"authorFileTypeContributionMap":{"Dheekshitha2":{"java":715,"md":53,"fxml":0,"sh":0,"bat":0,"gradle":0,"txt":5}},"authorContributionVariance":{"Dheekshitha2":18230.14},"authorDisplayNameMap":{"Dheekshitha2":"CS2113-T12-3 DHEE..HNAN"}}
