[{"path":"src/main/java/Deadline.java","fileType":"java","lines":[{"lineNumber":1,"author":{"gitId":"Cryolian"},"content":"public class Deadline extends Task {","lastModifiedDate":"2024-02-04"},{"lineNumber":2,"author":{"gitId":"Cryolian"},"content":"","lastModifiedDate":"2024-02-04"},{"lineNumber":3,"author":{"gitId":"Cryolian"},"content":"    protected String deadline \u003d \"Unknown\";","lastModifiedDate":"2024-02-04"},{"lineNumber":4,"author":{"gitId":"Cryolian"},"content":"    private final int MAX_INPUT_SPLIT \u003d 2;","lastModifiedDate":"2024-02-13"},{"lineNumber":5,"author":{"gitId":"Cryolian"},"content":"","lastModifiedDate":"2024-02-04"},{"lineNumber":6,"author":{"gitId":"Cryolian"},"content":"    public Deadline(String input) throws JohnException{","lastModifiedDate":"2024-02-13"},{"lineNumber":7,"author":{"gitId":"Cryolian"},"content":"","lastModifiedDate":"2024-02-04"},{"lineNumber":8,"author":{"gitId":"Cryolian"},"content":"        if (!input.contains(\"/by\")) {","lastModifiedDate":"2024-02-04"},{"lineNumber":9,"author":{"gitId":"Cryolian"},"content":"            throw new JohnException();","lastModifiedDate":"2024-02-13"},{"lineNumber":10,"author":{"gitId":"Cryolian"},"content":"        }","lastModifiedDate":"2024-02-04"},{"lineNumber":11,"author":{"gitId":"Cryolian"},"content":"","lastModifiedDate":"2024-02-04"},{"lineNumber":12,"author":{"gitId":"Cryolian"},"content":"        String[] inputSplit \u003d input.split(\"/by\", MAX_INPUT_SPLIT);","lastModifiedDate":"2024-02-13"},{"lineNumber":13,"author":{"gitId":"Cryolian"},"content":"","lastModifiedDate":"2024-02-04"},{"lineNumber":14,"author":{"gitId":"Cryolian"},"content":"        try {","lastModifiedDate":"2024-02-13"},{"lineNumber":15,"author":{"gitId":"Cryolian"},"content":"","lastModifiedDate":"2024-02-04"},{"lineNumber":16,"author":{"gitId":"Cryolian"},"content":"            super.name \u003d inputSplit[0].trim();","lastModifiedDate":"2024-02-13"},{"lineNumber":17,"author":{"gitId":"Cryolian"},"content":"            this.deadline \u003d inputSplit[1].trim();","lastModifiedDate":"2024-02-04"},{"lineNumber":18,"author":{"gitId":"Cryolian"},"content":"","lastModifiedDate":"2024-02-04"},{"lineNumber":19,"author":{"gitId":"Cryolian"},"content":"        } catch (ArrayIndexOutOfBoundsException e) {","lastModifiedDate":"2024-02-13"},{"lineNumber":20,"author":{"gitId":"Cryolian"},"content":"            System.out.println(\"Invalid Input\");","lastModifiedDate":"2024-02-13"},{"lineNumber":21,"author":{"gitId":"Cryolian"},"content":"        }","lastModifiedDate":"2024-02-13"},{"lineNumber":22,"author":{"gitId":"Cryolian"},"content":"    }","lastModifiedDate":"2024-02-04"},{"lineNumber":23,"author":{"gitId":"Cryolian"},"content":"","lastModifiedDate":"2024-02-04"},{"lineNumber":24,"author":{"gitId":"Cryolian"},"content":"    @Override","lastModifiedDate":"2024-02-04"},{"lineNumber":25,"author":{"gitId":"Cryolian"},"content":"    public String toString() {","lastModifiedDate":"2024-02-04"},{"lineNumber":26,"author":{"gitId":"Cryolian"},"content":"        return \"[D]\" + super.toString() + \" (by: \" + deadline.trim() + \")\";","lastModifiedDate":"2024-02-04"},{"lineNumber":27,"author":{"gitId":"Cryolian"},"content":"    }","lastModifiedDate":"2024-02-04"},{"lineNumber":28,"author":{"gitId":"Cryolian"},"content":"","lastModifiedDate":"2024-02-04"},{"lineNumber":29,"author":{"gitId":"Cryolian"},"content":"}","lastModifiedDate":"2024-02-04"}],"authorContributionMap":{"Cryolian":29}},{"path":"src/main/java/Event.java","fileType":"java","lines":[{"lineNumber":1,"author":{"gitId":"Cryolian"},"content":"public class Event extends Task {","lastModifiedDate":"2024-02-04"},{"lineNumber":2,"author":{"gitId":"Cryolian"},"content":"","lastModifiedDate":"2024-02-04"},{"lineNumber":3,"author":{"gitId":"Cryolian"},"content":"    protected String from \u003d \"Unknown\";","lastModifiedDate":"2024-02-04"},{"lineNumber":4,"author":{"gitId":"Cryolian"},"content":"    protected String to \u003d \"Unknown\";","lastModifiedDate":"2024-02-04"},{"lineNumber":5,"author":{"gitId":"Cryolian"},"content":"    private final int MAX_INPUT_SPLIT \u003d 2;","lastModifiedDate":"2024-02-13"},{"lineNumber":6,"author":{"gitId":"Cryolian"},"content":"","lastModifiedDate":"2024-02-04"},{"lineNumber":7,"author":{"gitId":"Cryolian"},"content":"    public Event(String input) throws JohnException {","lastModifiedDate":"2024-02-13"},{"lineNumber":8,"author":{"gitId":"Cryolian"},"content":"","lastModifiedDate":"2024-02-04"},{"lineNumber":9,"author":{"gitId":"Cryolian"},"content":"        String[] inputSplit;","lastModifiedDate":"2024-02-04"},{"lineNumber":10,"author":{"gitId":"Cryolian"},"content":"","lastModifiedDate":"2024-02-04"},{"lineNumber":11,"author":{"gitId":"Cryolian"},"content":"        if (!checkValidInput(input)) {","lastModifiedDate":"2024-02-13"},{"lineNumber":12,"author":{"gitId":"Cryolian"},"content":"            throw new JohnException();","lastModifiedDate":"2024-02-13"},{"lineNumber":13,"author":{"gitId":"Cryolian"},"content":"        }","lastModifiedDate":"2024-02-04"},{"lineNumber":14,"author":{"gitId":"Cryolian"},"content":"","lastModifiedDate":"2024-02-04"},{"lineNumber":15,"author":{"gitId":"Cryolian"},"content":"        try {","lastModifiedDate":"2024-02-13"},{"lineNumber":16,"author":{"gitId":"Cryolian"},"content":"","lastModifiedDate":"2024-02-04"},{"lineNumber":17,"author":{"gitId":"Cryolian"},"content":"            inputSplit \u003d input.split(\"/from\", MAX_INPUT_SPLIT);","lastModifiedDate":"2024-02-13"},{"lineNumber":18,"author":{"gitId":"Cryolian"},"content":"            this.name \u003d inputSplit[0].trim();","lastModifiedDate":"2024-02-13"},{"lineNumber":19,"author":{"gitId":"Cryolian"},"content":"","lastModifiedDate":"2024-02-04"},{"lineNumber":20,"author":{"gitId":"Cryolian"},"content":"            inputSplit \u003d inputSplit[1].split(\"/to\", MAX_INPUT_SPLIT);","lastModifiedDate":"2024-02-13"},{"lineNumber":21,"author":{"gitId":"Cryolian"},"content":"","lastModifiedDate":"2024-02-04"},{"lineNumber":22,"author":{"gitId":"Cryolian"},"content":"            this.from \u003d inputSplit[0].trim();","lastModifiedDate":"2024-02-13"},{"lineNumber":23,"author":{"gitId":"Cryolian"},"content":"            this.to \u003d inputSplit[1].trim();","lastModifiedDate":"2024-02-04"},{"lineNumber":24,"author":{"gitId":"Cryolian"},"content":"","lastModifiedDate":"2024-02-04"},{"lineNumber":25,"author":{"gitId":"Cryolian"},"content":"        } catch (ArrayIndexOutOfBoundsException e) {","lastModifiedDate":"2024-02-13"},{"lineNumber":26,"author":{"gitId":"Cryolian"},"content":"            System.out.println(\"Invalid Input\");","lastModifiedDate":"2024-02-13"},{"lineNumber":27,"author":{"gitId":"Cryolian"},"content":"        }","lastModifiedDate":"2024-02-04"},{"lineNumber":28,"author":{"gitId":"Cryolian"},"content":"","lastModifiedDate":"2024-02-04"},{"lineNumber":29,"author":{"gitId":"Cryolian"},"content":"    }","lastModifiedDate":"2024-02-04"},{"lineNumber":30,"author":{"gitId":"Cryolian"},"content":"","lastModifiedDate":"2024-02-04"},{"lineNumber":31,"author":{"gitId":"Cryolian"},"content":"    private boolean checkValidInput(String input) {","lastModifiedDate":"2024-02-13"},{"lineNumber":32,"author":{"gitId":"Cryolian"},"content":"        return input.contains(\"/from\") \u0026\u0026 input.contains(\"/to\");","lastModifiedDate":"2024-02-13"},{"lineNumber":33,"author":{"gitId":"Cryolian"},"content":"    }","lastModifiedDate":"2024-02-04"},{"lineNumber":34,"author":{"gitId":"Cryolian"},"content":"","lastModifiedDate":"2024-02-04"},{"lineNumber":35,"author":{"gitId":"Cryolian"},"content":"    @Override","lastModifiedDate":"2024-02-04"},{"lineNumber":36,"author":{"gitId":"Cryolian"},"content":"    public String toString() {","lastModifiedDate":"2024-02-04"},{"lineNumber":37,"author":{"gitId":"Cryolian"},"content":"        return \"[E]\" + super.toString() + \" (from: \" + from.trim() + \" to: \" + to.trim() + \")\";","lastModifiedDate":"2024-02-04"},{"lineNumber":38,"author":{"gitId":"Cryolian"},"content":"    }","lastModifiedDate":"2024-02-04"},{"lineNumber":39,"author":{"gitId":"Cryolian"},"content":"","lastModifiedDate":"2024-02-04"},{"lineNumber":40,"author":{"gitId":"Cryolian"},"content":"}","lastModifiedDate":"2024-02-04"}],"authorContributionMap":{"Cryolian":40}},{"path":"src/main/java/John.java","fileType":"java","lines":[{"lineNumber":1,"author":{"gitId":"Cryolian"},"content":"import java.util.ArrayList;","lastModifiedDate":"2024-01-27"},{"lineNumber":2,"author":{"gitId":"Cryolian"},"content":"import java.util.Scanner;","lastModifiedDate":"2024-01-27"},{"lineNumber":3,"author":{"gitId":"Cryolian"},"content":"import java.util.List;","lastModifiedDate":"2024-01-27"},{"lineNumber":4,"author":{"gitId":"Cryolian"},"content":"","lastModifiedDate":"2024-01-27"},{"lineNumber":5,"author":{"gitId":"Cryolian"},"content":"public class John {","lastModifiedDate":"2024-01-24"},{"lineNumber":6,"author":{"gitId":"Cryolian"},"content":"","lastModifiedDate":"2024-01-27"},{"lineNumber":7,"author":{"gitId":"Cryolian"},"content":"    private static List\u003cTask\u003e taskList \u003d new ArrayList\u003c\u003e();","lastModifiedDate":"2024-01-27"},{"lineNumber":8,"author":{"gitId":"Cryolian"},"content":"","lastModifiedDate":"2024-01-27"},{"lineNumber":9,"author":{"gitId":"-"},"content":"    public static void main(String[] args) {","lastModifiedDate":"2019-07-29"},{"lineNumber":10,"author":{"gitId":"Cryolian"},"content":"","lastModifiedDate":"2024-01-20"},{"lineNumber":11,"author":{"gitId":"Cryolian"},"content":"        printWelcomeMessage();","lastModifiedDate":"2024-02-13"},{"lineNumber":12,"author":{"gitId":"Cryolian"},"content":"        Scanner in \u003d new Scanner(System.in);","lastModifiedDate":"2024-02-13"},{"lineNumber":13,"author":{"gitId":"Cryolian"},"content":"        String userInput \u003d in.next();","lastModifiedDate":"2024-01-27"},{"lineNumber":14,"author":{"gitId":"Cryolian"},"content":"","lastModifiedDate":"2024-01-27"},{"lineNumber":15,"author":{"gitId":"Cryolian"},"content":"        while (!userInput.equalsIgnoreCase(\"bye\")) {","lastModifiedDate":"2024-01-27"},{"lineNumber":16,"author":{"gitId":"Cryolian"},"content":"            UserInput.parseInput(userInput, in, taskList);","lastModifiedDate":"2024-02-13"},{"lineNumber":17,"author":{"gitId":"Cryolian"},"content":"            userInput \u003d in.next();","lastModifiedDate":"2024-01-27"},{"lineNumber":18,"author":{"gitId":"Cryolian"},"content":"            System.out.println(\"\");","lastModifiedDate":"2024-02-08"},{"lineNumber":19,"author":{"gitId":"Cryolian"},"content":"        }","lastModifiedDate":"2024-01-27"},{"lineNumber":20,"author":{"gitId":"Cryolian"},"content":"","lastModifiedDate":"2024-01-27"},{"lineNumber":21,"author":{"gitId":"Cryolian"},"content":"        printExitMessage();","lastModifiedDate":"2024-02-13"},{"lineNumber":22,"author":{"gitId":"Cryolian"},"content":"","lastModifiedDate":"2024-02-13"},{"lineNumber":23,"author":{"gitId":"Cryolian"},"content":"    }","lastModifiedDate":"2024-02-13"},{"lineNumber":24,"author":{"gitId":"Cryolian"},"content":"","lastModifiedDate":"2024-02-13"},{"lineNumber":25,"author":{"gitId":"Cryolian"},"content":"    private static void printExitMessage() {","lastModifiedDate":"2024-02-13"},{"lineNumber":26,"author":{"gitId":"Cryolian"},"content":"        System.out.println(\"Bye. Hope to see you again soon!\");","lastModifiedDate":"2024-01-20"},{"lineNumber":27,"author":{"gitId":"Cryolian"},"content":"    }","lastModifiedDate":"2024-02-13"},{"lineNumber":28,"author":{"gitId":"Cryolian"},"content":"","lastModifiedDate":"2024-01-27"},{"lineNumber":29,"author":{"gitId":"Cryolian"},"content":"    private static void printWelcomeMessage() {","lastModifiedDate":"2024-02-13"},{"lineNumber":30,"author":{"gitId":"Cryolian"},"content":"        System.out.println(\"Hello! I\u0027m John Chadbot.\\n\" + \"What can I do for you?\\n\");","lastModifiedDate":"2024-02-13"},{"lineNumber":31,"author":{"gitId":"-"},"content":"    }","lastModifiedDate":"2019-07-29"},{"lineNumber":32,"author":{"gitId":"-"},"content":"}","lastModifiedDate":"2019-07-29"}],"authorContributionMap":{"Cryolian":29,"-":3}},{"path":"src/main/java/JohnException.java","fileType":"java","lines":[{"lineNumber":1,"author":{"gitId":"Cryolian"},"content":"public class JohnException extends Exception{","lastModifiedDate":"2024-02-13"},{"lineNumber":2,"author":{"gitId":"Cryolian"},"content":"","lastModifiedDate":"2024-02-13"},{"lineNumber":3,"author":{"gitId":"Cryolian"},"content":"}","lastModifiedDate":"2024-02-13"}],"authorContributionMap":{"Cryolian":3}},{"path":"src/main/java/Task.java","fileType":"java","lines":[{"lineNumber":1,"author":{"gitId":"Cryolian"},"content":"public abstract class Task {","lastModifiedDate":"2024-02-13"},{"lineNumber":2,"author":{"gitId":"Cryolian"},"content":"","lastModifiedDate":"2024-01-27"},{"lineNumber":3,"author":{"gitId":"Cryolian"},"content":"    protected String name;","lastModifiedDate":"2024-02-04"},{"lineNumber":4,"author":{"gitId":"Cryolian"},"content":"    protected boolean isCompleted \u003d false;","lastModifiedDate":"2024-02-04"},{"lineNumber":5,"author":{"gitId":"Cryolian"},"content":"","lastModifiedDate":"2024-01-27"},{"lineNumber":6,"author":{"gitId":"Cryolian"},"content":"    public Task() {","lastModifiedDate":"2024-01-27"},{"lineNumber":7,"author":{"gitId":"Cryolian"},"content":"        name \u003d \"Unnamed\";","lastModifiedDate":"2024-01-27"},{"lineNumber":8,"author":{"gitId":"Cryolian"},"content":"    }","lastModifiedDate":"2024-01-27"},{"lineNumber":9,"author":{"gitId":"Cryolian"},"content":"","lastModifiedDate":"2024-01-27"},{"lineNumber":10,"author":{"gitId":"Cryolian"},"content":"    public Task(String input) {","lastModifiedDate":"2024-01-27"},{"lineNumber":11,"author":{"gitId":"Cryolian"},"content":"        this.name \u003d input;","lastModifiedDate":"2024-01-27"},{"lineNumber":12,"author":{"gitId":"Cryolian"},"content":"    }","lastModifiedDate":"2024-01-27"},{"lineNumber":13,"author":{"gitId":"Cryolian"},"content":"","lastModifiedDate":"2024-01-27"},{"lineNumber":14,"author":{"gitId":"Cryolian"},"content":"    public String getName() {","lastModifiedDate":"2024-01-27"},{"lineNumber":15,"author":{"gitId":"Cryolian"},"content":"        return this.name;","lastModifiedDate":"2024-01-27"},{"lineNumber":16,"author":{"gitId":"Cryolian"},"content":"    }","lastModifiedDate":"2024-01-27"},{"lineNumber":17,"author":{"gitId":"Cryolian"},"content":"","lastModifiedDate":"2024-01-27"},{"lineNumber":18,"author":{"gitId":"Cryolian"},"content":"    public void setName(String name) {","lastModifiedDate":"2024-01-27"},{"lineNumber":19,"author":{"gitId":"Cryolian"},"content":"        this.name \u003d name;","lastModifiedDate":"2024-01-27"},{"lineNumber":20,"author":{"gitId":"Cryolian"},"content":"    }","lastModifiedDate":"2024-01-27"},{"lineNumber":21,"author":{"gitId":"Cryolian"},"content":"","lastModifiedDate":"2024-01-27"},{"lineNumber":22,"author":{"gitId":"Cryolian"},"content":"    public boolean getCompletedStatus() {","lastModifiedDate":"2024-01-27"},{"lineNumber":23,"author":{"gitId":"Cryolian"},"content":"        return isCompleted;","lastModifiedDate":"2024-02-01"},{"lineNumber":24,"author":{"gitId":"Cryolian"},"content":"    }","lastModifiedDate":"2024-01-27"},{"lineNumber":25,"author":{"gitId":"Cryolian"},"content":"","lastModifiedDate":"2024-01-27"},{"lineNumber":26,"author":{"gitId":"Cryolian"},"content":"    public void markCompleted() {","lastModifiedDate":"2024-01-27"},{"lineNumber":27,"author":{"gitId":"Cryolian"},"content":"        this.isCompleted \u003d true;","lastModifiedDate":"2024-02-01"},{"lineNumber":28,"author":{"gitId":"Cryolian"},"content":"    }","lastModifiedDate":"2024-01-27"},{"lineNumber":29,"author":{"gitId":"Cryolian"},"content":"","lastModifiedDate":"2024-01-27"},{"lineNumber":30,"author":{"gitId":"Cryolian"},"content":"    public void markUncompleted() {","lastModifiedDate":"2024-01-27"},{"lineNumber":31,"author":{"gitId":"Cryolian"},"content":"        this.isCompleted \u003d false;","lastModifiedDate":"2024-02-01"},{"lineNumber":32,"author":{"gitId":"Cryolian"},"content":"    }","lastModifiedDate":"2024-01-27"},{"lineNumber":33,"author":{"gitId":"Cryolian"},"content":"","lastModifiedDate":"2024-01-27"},{"lineNumber":34,"author":{"gitId":"Cryolian"},"content":"    @Override","lastModifiedDate":"2024-02-04"},{"lineNumber":35,"author":{"gitId":"Cryolian"},"content":"    public String toString() {","lastModifiedDate":"2024-02-04"},{"lineNumber":36,"author":{"gitId":"Cryolian"},"content":"        if (isCompleted) {","lastModifiedDate":"2024-02-01"},{"lineNumber":37,"author":{"gitId":"Cryolian"},"content":"            return String.format(\"%s %s\", \"[X]\", this.name);","lastModifiedDate":"2024-02-04"},{"lineNumber":38,"author":{"gitId":"Cryolian"},"content":"        } else {","lastModifiedDate":"2024-01-27"},{"lineNumber":39,"author":{"gitId":"Cryolian"},"content":"            return String.format(\"%s %s\", \"[ ]\", this.name);","lastModifiedDate":"2024-02-04"},{"lineNumber":40,"author":{"gitId":"Cryolian"},"content":"        }","lastModifiedDate":"2024-01-27"},{"lineNumber":41,"author":{"gitId":"Cryolian"},"content":"","lastModifiedDate":"2024-02-04"},{"lineNumber":42,"author":{"gitId":"Cryolian"},"content":"    }","lastModifiedDate":"2024-01-27"},{"lineNumber":43,"author":{"gitId":"Cryolian"},"content":"","lastModifiedDate":"2024-01-27"},{"lineNumber":44,"author":{"gitId":"Cryolian"},"content":"    public void printName() {","lastModifiedDate":"2024-01-27"},{"lineNumber":45,"author":{"gitId":"Cryolian"},"content":"        System.out.print(this.name);","lastModifiedDate":"2024-02-01"},{"lineNumber":46,"author":{"gitId":"Cryolian"},"content":"    }","lastModifiedDate":"2024-01-27"},{"lineNumber":47,"author":{"gitId":"Cryolian"},"content":"","lastModifiedDate":"2024-01-27"},{"lineNumber":48,"author":{"gitId":"Cryolian"},"content":"}","lastModifiedDate":"2024-01-27"}],"authorContributionMap":{"Cryolian":48}},{"path":"src/main/java/ToDo.java","fileType":"java","lines":[{"lineNumber":1,"author":{"gitId":"Cryolian"},"content":"public class ToDo extends Task{","lastModifiedDate":"2024-02-04"},{"lineNumber":2,"author":{"gitId":"Cryolian"},"content":"","lastModifiedDate":"2024-02-04"},{"lineNumber":3,"author":{"gitId":"Cryolian"},"content":"    public ToDo(String name) {","lastModifiedDate":"2024-02-04"},{"lineNumber":4,"author":{"gitId":"Cryolian"},"content":"        super(name);","lastModifiedDate":"2024-02-04"},{"lineNumber":5,"author":{"gitId":"Cryolian"},"content":"    }","lastModifiedDate":"2024-02-04"},{"lineNumber":6,"author":{"gitId":"Cryolian"},"content":"","lastModifiedDate":"2024-02-04"},{"lineNumber":7,"author":{"gitId":"Cryolian"},"content":"    @Override","lastModifiedDate":"2024-02-04"},{"lineNumber":8,"author":{"gitId":"Cryolian"},"content":"    public String toString() {","lastModifiedDate":"2024-02-04"},{"lineNumber":9,"author":{"gitId":"Cryolian"},"content":"        return \"[T]\" + super.toString();","lastModifiedDate":"2024-02-04"},{"lineNumber":10,"author":{"gitId":"Cryolian"},"content":"    }","lastModifiedDate":"2024-02-04"},{"lineNumber":11,"author":{"gitId":"Cryolian"},"content":"    ","lastModifiedDate":"2024-02-04"},{"lineNumber":12,"author":{"gitId":"Cryolian"},"content":"}","lastModifiedDate":"2024-02-04"}],"authorContributionMap":{"Cryolian":12}},{"path":"src/main/java/UserInput.java","fileType":"java","lines":[{"lineNumber":1,"author":{"gitId":"Cryolian"},"content":"import java.util.Scanner;","lastModifiedDate":"2024-02-13"},{"lineNumber":2,"author":{"gitId":"Cryolian"},"content":"import java.util.InputMismatchException;","lastModifiedDate":"2024-02-13"},{"lineNumber":3,"author":{"gitId":"Cryolian"},"content":"import java.util.List;","lastModifiedDate":"2024-02-13"},{"lineNumber":4,"author":{"gitId":"Cryolian"},"content":"","lastModifiedDate":"2024-02-13"},{"lineNumber":5,"author":{"gitId":"Cryolian"},"content":"public class UserInput {","lastModifiedDate":"2024-02-13"},{"lineNumber":6,"author":{"gitId":"Cryolian"},"content":"    public static void parseInput(String input, Scanner in, List\u003cTask\u003e taskList) {","lastModifiedDate":"2024-02-13"},{"lineNumber":7,"author":{"gitId":"Cryolian"},"content":"","lastModifiedDate":"2024-02-13"},{"lineNumber":8,"author":{"gitId":"Cryolian"},"content":"        int taskID;","lastModifiedDate":"2024-02-13"},{"lineNumber":9,"author":{"gitId":"Cryolian"},"content":"","lastModifiedDate":"2024-02-13"},{"lineNumber":10,"author":{"gitId":"Cryolian"},"content":"        switch (input.toLowerCase()) {","lastModifiedDate":"2024-02-13"},{"lineNumber":11,"author":{"gitId":"Cryolian"},"content":"","lastModifiedDate":"2024-02-13"},{"lineNumber":12,"author":{"gitId":"Cryolian"},"content":"        case \"list\":","lastModifiedDate":"2024-02-13"},{"lineNumber":13,"author":{"gitId":"Cryolian"},"content":"            printLists(taskList);","lastModifiedDate":"2024-02-13"},{"lineNumber":14,"author":{"gitId":"Cryolian"},"content":"            break;","lastModifiedDate":"2024-02-13"},{"lineNumber":15,"author":{"gitId":"Cryolian"},"content":"","lastModifiedDate":"2024-02-13"},{"lineNumber":16,"author":{"gitId":"Cryolian"},"content":"        case \"bye\":","lastModifiedDate":"2024-02-13"},{"lineNumber":17,"author":{"gitId":"Cryolian"},"content":"            break;","lastModifiedDate":"2024-02-13"},{"lineNumber":18,"author":{"gitId":"Cryolian"},"content":"","lastModifiedDate":"2024-02-13"},{"lineNumber":19,"author":{"gitId":"Cryolian"},"content":"        case \"mark\":","lastModifiedDate":"2024-02-13"},{"lineNumber":20,"author":{"gitId":"Cryolian"},"content":"            taskID \u003d in.nextInt();","lastModifiedDate":"2024-02-13"},{"lineNumber":21,"author":{"gitId":"Cryolian"},"content":"            executeMark(taskList, taskID);","lastModifiedDate":"2024-02-13"},{"lineNumber":22,"author":{"gitId":"Cryolian"},"content":"            break;","lastModifiedDate":"2024-02-13"},{"lineNumber":23,"author":{"gitId":"Cryolian"},"content":"","lastModifiedDate":"2024-02-13"},{"lineNumber":24,"author":{"gitId":"Cryolian"},"content":"        case \"unmark\":","lastModifiedDate":"2024-02-13"},{"lineNumber":25,"author":{"gitId":"Cryolian"},"content":"            try {","lastModifiedDate":"2024-02-13"},{"lineNumber":26,"author":{"gitId":"Cryolian"},"content":"                taskID \u003d in.nextInt();","lastModifiedDate":"2024-02-13"},{"lineNumber":27,"author":{"gitId":"Cryolian"},"content":"                executeUnmark(taskList, taskID);","lastModifiedDate":"2024-02-13"},{"lineNumber":28,"author":{"gitId":"Cryolian"},"content":"            } catch (InputMismatchException e) {","lastModifiedDate":"2024-02-13"},{"lineNumber":29,"author":{"gitId":"Cryolian"},"content":"                System.out.println(\"A number please\");","lastModifiedDate":"2024-02-13"},{"lineNumber":30,"author":{"gitId":"Cryolian"},"content":"            }","lastModifiedDate":"2024-02-13"},{"lineNumber":31,"author":{"gitId":"Cryolian"},"content":"            break;","lastModifiedDate":"2024-02-13"},{"lineNumber":32,"author":{"gitId":"Cryolian"},"content":"","lastModifiedDate":"2024-02-13"},{"lineNumber":33,"author":{"gitId":"Cryolian"},"content":"        case \"todo\":","lastModifiedDate":"2024-02-13"},{"lineNumber":34,"author":{"gitId":"Cryolian"},"content":"            input \u003d in.nextLine();","lastModifiedDate":"2024-02-13"},{"lineNumber":35,"author":{"gitId":"Cryolian"},"content":"            parseToDo(input, taskList);","lastModifiedDate":"2024-02-13"},{"lineNumber":36,"author":{"gitId":"Cryolian"},"content":"            break;","lastModifiedDate":"2024-02-13"},{"lineNumber":37,"author":{"gitId":"Cryolian"},"content":"","lastModifiedDate":"2024-02-13"},{"lineNumber":38,"author":{"gitId":"Cryolian"},"content":"        case \"deadline\":","lastModifiedDate":"2024-02-13"},{"lineNumber":39,"author":{"gitId":"Cryolian"},"content":"            input \u003d in.nextLine();","lastModifiedDate":"2024-02-13"},{"lineNumber":40,"author":{"gitId":"Cryolian"},"content":"            parseDeadline(input, taskList);","lastModifiedDate":"2024-02-13"},{"lineNumber":41,"author":{"gitId":"Cryolian"},"content":"            break;","lastModifiedDate":"2024-02-13"},{"lineNumber":42,"author":{"gitId":"Cryolian"},"content":"","lastModifiedDate":"2024-02-13"},{"lineNumber":43,"author":{"gitId":"Cryolian"},"content":"        case \"event\":","lastModifiedDate":"2024-02-13"},{"lineNumber":44,"author":{"gitId":"Cryolian"},"content":"            input \u003d in.nextLine();","lastModifiedDate":"2024-02-13"},{"lineNumber":45,"author":{"gitId":"Cryolian"},"content":"            parseEvent(input, taskList);","lastModifiedDate":"2024-02-13"},{"lineNumber":46,"author":{"gitId":"Cryolian"},"content":"            break;","lastModifiedDate":"2024-02-13"},{"lineNumber":47,"author":{"gitId":"Cryolian"},"content":"","lastModifiedDate":"2024-02-13"},{"lineNumber":48,"author":{"gitId":"Cryolian"},"content":"        default:","lastModifiedDate":"2024-02-13"},{"lineNumber":49,"author":{"gitId":"Cryolian"},"content":"            System.out.println(\"Please input a valid command\");","lastModifiedDate":"2024-02-13"},{"lineNumber":50,"author":{"gitId":"Cryolian"},"content":"            break;","lastModifiedDate":"2024-02-13"},{"lineNumber":51,"author":{"gitId":"Cryolian"},"content":"        }","lastModifiedDate":"2024-02-13"},{"lineNumber":52,"author":{"gitId":"Cryolian"},"content":"    }","lastModifiedDate":"2024-02-13"},{"lineNumber":53,"author":{"gitId":"Cryolian"},"content":"","lastModifiedDate":"2024-02-13"},{"lineNumber":54,"author":{"gitId":"Cryolian"},"content":"    private static void printLists(List\u003cTask\u003e taskList) {","lastModifiedDate":"2024-02-13"},{"lineNumber":55,"author":{"gitId":"Cryolian"},"content":"","lastModifiedDate":"2024-02-13"},{"lineNumber":56,"author":{"gitId":"Cryolian"},"content":"        for (int i \u003d 1; i \u003c\u003d taskList.size(); i +\u003d 1) {","lastModifiedDate":"2024-02-13"},{"lineNumber":57,"author":{"gitId":"Cryolian"},"content":"            System.out.print(i + \".\");","lastModifiedDate":"2024-02-13"},{"lineNumber":58,"author":{"gitId":"Cryolian"},"content":"            System.out.println(taskList.get(i - 1));","lastModifiedDate":"2024-02-13"},{"lineNumber":59,"author":{"gitId":"Cryolian"},"content":"        }","lastModifiedDate":"2024-02-13"},{"lineNumber":60,"author":{"gitId":"Cryolian"},"content":"    }","lastModifiedDate":"2024-02-13"},{"lineNumber":61,"author":{"gitId":"Cryolian"},"content":"","lastModifiedDate":"2024-02-13"},{"lineNumber":62,"author":{"gitId":"Cryolian"},"content":"    private static void executeMark(List\u003cTask\u003e taskList, int taskID) {","lastModifiedDate":"2024-02-13"},{"lineNumber":63,"author":{"gitId":"Cryolian"},"content":"        try {","lastModifiedDate":"2024-02-13"},{"lineNumber":64,"author":{"gitId":"Cryolian"},"content":"","lastModifiedDate":"2024-02-13"},{"lineNumber":65,"author":{"gitId":"Cryolian"},"content":"            taskList.get(taskID - 1).markCompleted();","lastModifiedDate":"2024-02-13"},{"lineNumber":66,"author":{"gitId":"Cryolian"},"content":"            System.out.println(\"Marking as done:\");","lastModifiedDate":"2024-02-13"},{"lineNumber":67,"author":{"gitId":"Cryolian"},"content":"            System.out.println(taskList.get(taskID - 1));","lastModifiedDate":"2024-02-13"},{"lineNumber":68,"author":{"gitId":"Cryolian"},"content":"","lastModifiedDate":"2024-02-13"},{"lineNumber":69,"author":{"gitId":"Cryolian"},"content":"        } catch (IndexOutOfBoundsException e) {","lastModifiedDate":"2024-02-13"},{"lineNumber":70,"author":{"gitId":"Cryolian"},"content":"","lastModifiedDate":"2024-02-13"},{"lineNumber":71,"author":{"gitId":"Cryolian"},"content":"            System.out.println(\"Invalid Index\");","lastModifiedDate":"2024-02-13"},{"lineNumber":72,"author":{"gitId":"Cryolian"},"content":"","lastModifiedDate":"2024-02-13"},{"lineNumber":73,"author":{"gitId":"Cryolian"},"content":"        }","lastModifiedDate":"2024-02-13"},{"lineNumber":74,"author":{"gitId":"Cryolian"},"content":"    }","lastModifiedDate":"2024-02-13"},{"lineNumber":75,"author":{"gitId":"Cryolian"},"content":"","lastModifiedDate":"2024-02-13"},{"lineNumber":76,"author":{"gitId":"Cryolian"},"content":"    private static void executeUnmark(List\u003cTask\u003e taskList, int taskID) {","lastModifiedDate":"2024-02-13"},{"lineNumber":77,"author":{"gitId":"Cryolian"},"content":"        try {","lastModifiedDate":"2024-02-13"},{"lineNumber":78,"author":{"gitId":"Cryolian"},"content":"","lastModifiedDate":"2024-02-13"},{"lineNumber":79,"author":{"gitId":"Cryolian"},"content":"            taskList.get(taskID - 1).markUncompleted();","lastModifiedDate":"2024-02-13"},{"lineNumber":80,"author":{"gitId":"Cryolian"},"content":"            System.out.println(\"Marking as undone:\");","lastModifiedDate":"2024-02-13"},{"lineNumber":81,"author":{"gitId":"Cryolian"},"content":"            System.out.println(taskList.get(taskID - 1));","lastModifiedDate":"2024-02-13"},{"lineNumber":82,"author":{"gitId":"Cryolian"},"content":"","lastModifiedDate":"2024-02-13"},{"lineNumber":83,"author":{"gitId":"Cryolian"},"content":"        } catch (IndexOutOfBoundsException e) {","lastModifiedDate":"2024-02-13"},{"lineNumber":84,"author":{"gitId":"Cryolian"},"content":"","lastModifiedDate":"2024-02-13"},{"lineNumber":85,"author":{"gitId":"Cryolian"},"content":"            System.out.println(\"Invalid index\");","lastModifiedDate":"2024-02-13"},{"lineNumber":86,"author":{"gitId":"Cryolian"},"content":"","lastModifiedDate":"2024-02-13"},{"lineNumber":87,"author":{"gitId":"Cryolian"},"content":"        }","lastModifiedDate":"2024-02-13"},{"lineNumber":88,"author":{"gitId":"Cryolian"},"content":"    }","lastModifiedDate":"2024-02-13"},{"lineNumber":89,"author":{"gitId":"Cryolian"},"content":"","lastModifiedDate":"2024-02-13"},{"lineNumber":90,"author":{"gitId":"Cryolian"},"content":"    private static void parseToDo(String input, List\u003cTask\u003e taskList) {","lastModifiedDate":"2024-02-13"},{"lineNumber":91,"author":{"gitId":"Cryolian"},"content":"","lastModifiedDate":"2024-02-13"},{"lineNumber":92,"author":{"gitId":"Cryolian"},"content":"        taskList.add(new ToDo(input.trim()));","lastModifiedDate":"2024-02-13"},{"lineNumber":93,"author":{"gitId":"Cryolian"},"content":"        System.out.println(\"Added ToDo: \" + input);","lastModifiedDate":"2024-02-13"},{"lineNumber":94,"author":{"gitId":"Cryolian"},"content":"","lastModifiedDate":"2024-02-13"},{"lineNumber":95,"author":{"gitId":"Cryolian"},"content":"    }","lastModifiedDate":"2024-02-13"},{"lineNumber":96,"author":{"gitId":"Cryolian"},"content":"","lastModifiedDate":"2024-02-13"},{"lineNumber":97,"author":{"gitId":"Cryolian"},"content":"    private static void parseDeadline(String input, List\u003cTask\u003e taskList) {","lastModifiedDate":"2024-02-13"},{"lineNumber":98,"author":{"gitId":"Cryolian"},"content":"        try {","lastModifiedDate":"2024-02-13"},{"lineNumber":99,"author":{"gitId":"Cryolian"},"content":"","lastModifiedDate":"2024-02-13"},{"lineNumber":100,"author":{"gitId":"Cryolian"},"content":"            taskList.add(new Deadline(input));","lastModifiedDate":"2024-02-13"},{"lineNumber":101,"author":{"gitId":"Cryolian"},"content":"            System.out.println(\"Added Deadline: \" + taskList.get(taskList.size() - 1).getName());","lastModifiedDate":"2024-02-13"},{"lineNumber":102,"author":{"gitId":"Cryolian"},"content":"","lastModifiedDate":"2024-02-13"},{"lineNumber":103,"author":{"gitId":"Cryolian"},"content":"        } catch (JohnException e) {","lastModifiedDate":"2024-02-13"},{"lineNumber":104,"author":{"gitId":"Cryolian"},"content":"","lastModifiedDate":"2024-02-13"},{"lineNumber":105,"author":{"gitId":"Cryolian"},"content":"            System.out.println(\"Invald input\");","lastModifiedDate":"2024-02-13"},{"lineNumber":106,"author":{"gitId":"Cryolian"},"content":"","lastModifiedDate":"2024-02-13"},{"lineNumber":107,"author":{"gitId":"Cryolian"},"content":"        }","lastModifiedDate":"2024-02-13"},{"lineNumber":108,"author":{"gitId":"Cryolian"},"content":"    }","lastModifiedDate":"2024-02-13"},{"lineNumber":109,"author":{"gitId":"Cryolian"},"content":"","lastModifiedDate":"2024-02-13"},{"lineNumber":110,"author":{"gitId":"Cryolian"},"content":"    private static void parseEvent(String input, List\u003cTask\u003e taskList) {","lastModifiedDate":"2024-02-13"},{"lineNumber":111,"author":{"gitId":"Cryolian"},"content":"        try {","lastModifiedDate":"2024-02-13"},{"lineNumber":112,"author":{"gitId":"Cryolian"},"content":"","lastModifiedDate":"2024-02-13"},{"lineNumber":113,"author":{"gitId":"Cryolian"},"content":"            taskList.add(new Event(input));","lastModifiedDate":"2024-02-13"},{"lineNumber":114,"author":{"gitId":"Cryolian"},"content":"            System.out.println(\"Added Event: \" + taskList.get(taskList.size() - 1).getName());","lastModifiedDate":"2024-02-13"},{"lineNumber":115,"author":{"gitId":"Cryolian"},"content":"","lastModifiedDate":"2024-02-13"},{"lineNumber":116,"author":{"gitId":"Cryolian"},"content":"        } catch (JohnException e) {","lastModifiedDate":"2024-02-13"},{"lineNumber":117,"author":{"gitId":"Cryolian"},"content":"","lastModifiedDate":"2024-02-13"},{"lineNumber":118,"author":{"gitId":"Cryolian"},"content":"            System.out.println(\"Invalid input\");","lastModifiedDate":"2024-02-13"},{"lineNumber":119,"author":{"gitId":"Cryolian"},"content":"","lastModifiedDate":"2024-02-13"},{"lineNumber":120,"author":{"gitId":"Cryolian"},"content":"        }","lastModifiedDate":"2024-02-13"},{"lineNumber":121,"author":{"gitId":"Cryolian"},"content":"    }","lastModifiedDate":"2024-02-13"},{"lineNumber":122,"author":{"gitId":"Cryolian"},"content":"","lastModifiedDate":"2024-02-13"},{"lineNumber":123,"author":{"gitId":"Cryolian"},"content":"}","lastModifiedDate":"2024-02-13"}],"authorContributionMap":{"Cryolian":123}}]
