{"authorDailyContributionsMap":{"T0nyLin":[{"date":"2024-01-23","commitResults":[{"hash":"416e6c2f7355ee5ef5a527a93018e99fa9205c6e","isMergeCommit":false,"messageTitle":"Implement an initial skeletal version","messageBody":"","tags":["Level-0"],"fileTypesAndContributionMap":{"java":{"insertions":6,"deletions":6}}}]},{"date":"2024-01-28","commitResults":[{"hash":"efa76bbbcbb474275d0cd59a9a87194413a7552c","isMergeCommit":false,"messageTitle":"Echo commands entered by the user.","messageBody":"","fileTypesAndContributionMap":{"java":{"insertions":13,"deletions":2}}},{"hash":"1705a68ce0d8175d61b2d62eb4ebc824ad564e51","isMergeCommit":false,"messageTitle":"Program exits when user types bye","messageBody":"","tags":["Level-1"],"fileTypesAndContributionMap":{"java":{"insertions":7,"deletions":1}}},{"hash":"06bcb402d42ea29cb82f29303bd99d4b995a9528","isMergeCommit":false,"messageTitle":"Able to store whatever user typed into an array","messageBody":"","fileTypesAndContributionMap":{"java":{"insertions":6,"deletions":3}}},{"hash":"e2db99ff426b32c2e39f28dc29a540b8bcf57ab6","isMergeCommit":false,"messageTitle":"Display user inputs back to user when requested","messageBody":"","fileTypesAndContributionMap":{"java":{"insertions":13,"deletions":5}}},{"hash":"af9a94c903a17bfc2a7bcdbf9e72cd7fd6099a0b","isMergeCommit":false,"messageTitle":"Fix error of adding the word \u0027list\u0027 as part of the whole list","messageBody":"","tags":["Level-2"],"fileTypesAndContributionMap":{"java":{"insertions":5,"deletions":4}}},{"hash":"eaef312ba727a7e79ad5b9ff832fc913ee51e9a4","isMergeCommit":false,"messageTitle":"Create Task class","messageBody":"","fileTypesAndContributionMap":{"java":{"insertions":2,"deletions":0}}}]},{"date":"2024-01-31","commitResults":[{"hash":"b342e02d2e630c7762111dd55917f968d78593b3","isMergeCommit":false,"messageTitle":"Use \\t to tab in print message, instead of spaces","messageBody":"","fileTypesAndContributionMap":{"java":{"insertions":3,"deletions":2}}},{"hash":"8278eb03f2ac7008f421845d1eda63e9c0be1784","isMergeCommit":false,"messageTitle":"Add markDone and markNotDone methods in Task class","messageBody":"","fileTypesAndContributionMap":{"java":{"insertions":18,"deletions":0}}},{"hash":"bf4726329ca0ad3b297941e6582cf3d50a8514b9","isMergeCommit":false,"messageTitle":"make chatbot interactive with marking or unmarking tasks in the list","messageBody":"","tags":["Level-3"],"fileTypesAndContributionMap":{"java":{"insertions":33,"deletions":10}}}]},{"date":"2024-02-02","commitResults":[{"hash":"c151ef93173d5f1967fede857a283ca9cc8094cb","isMergeCommit":false,"messageTitle":"Add a check to see if mark/unmark number is within the list","messageBody":"","fileTypesAndContributionMap":{"java":{"insertions":9,"deletions":5}}},{"hash":"26bbc014a7da7ef864fbb832936d8f772f8ea47a","isMergeCommit":false,"messageTitle":"Add a space after left brace of code block","messageBody":"","fileTypesAndContributionMap":{"java":{"insertions":3,"deletions":3}}}]}]},"authorFileTypeContributionMap":{"T0nyLin":{"java":83,"md":0,"fxml":0,"sh":0,"bat":0,"gradle":0,"txt":0}},"authorContributionVariance":{"T0nyLin":462.37335},"authorDisplayNameMap":{"T0nyLin":"NYAN..HTET"}}
