{"authorDailyContributionsMap":{"T0nyLin":[{"date":"2024-01-23","commitResults":[{"hash":"416e6c2f7355ee5ef5a527a93018e99fa9205c6e","isMergeCommit":false,"messageTitle":"Implement an initial skeletal version","messageBody":"","tags":["Level-0"],"fileTypesAndContributionMap":{"java":{"insertions":6,"deletions":6}}}]},{"date":"2024-01-28","commitResults":[{"hash":"efa76bbbcbb474275d0cd59a9a87194413a7552c","isMergeCommit":false,"messageTitle":"Echo commands entered by the user.","messageBody":"","fileTypesAndContributionMap":{"java":{"insertions":13,"deletions":2}}},{"hash":"1705a68ce0d8175d61b2d62eb4ebc824ad564e51","isMergeCommit":false,"messageTitle":"Program exits when user types bye","messageBody":"","tags":["Level-1"],"fileTypesAndContributionMap":{"java":{"insertions":7,"deletions":1}}},{"hash":"06bcb402d42ea29cb82f29303bd99d4b995a9528","isMergeCommit":false,"messageTitle":"Able to store whatever user typed into an array","messageBody":"","fileTypesAndContributionMap":{"java":{"insertions":6,"deletions":3}}},{"hash":"e2db99ff426b32c2e39f28dc29a540b8bcf57ab6","isMergeCommit":false,"messageTitle":"Display user inputs back to user when requested","messageBody":"","fileTypesAndContributionMap":{"java":{"insertions":13,"deletions":5}}},{"hash":"af9a94c903a17bfc2a7bcdbf9e72cd7fd6099a0b","isMergeCommit":false,"messageTitle":"Fix error of adding the word \u0027list\u0027 as part of the whole list","messageBody":"","tags":["Level-2"],"fileTypesAndContributionMap":{"java":{"insertions":5,"deletions":4}}},{"hash":"eaef312ba727a7e79ad5b9ff832fc913ee51e9a4","isMergeCommit":false,"messageTitle":"Create Task class","messageBody":"","fileTypesAndContributionMap":{"java":{"insertions":2,"deletions":0}}}]},{"date":"2024-01-31","commitResults":[{"hash":"b342e02d2e630c7762111dd55917f968d78593b3","isMergeCommit":false,"messageTitle":"Use \\t to tab in print message, instead of spaces","messageBody":"","fileTypesAndContributionMap":{"java":{"insertions":3,"deletions":2}}},{"hash":"8278eb03f2ac7008f421845d1eda63e9c0be1784","isMergeCommit":false,"messageTitle":"Add markDone and markNotDone methods in Task class","messageBody":"","fileTypesAndContributionMap":{"java":{"insertions":18,"deletions":0}}},{"hash":"bf4726329ca0ad3b297941e6582cf3d50a8514b9","isMergeCommit":false,"messageTitle":"make chatbot interactive with marking or unmarking tasks in the list","messageBody":"","tags":["Level-3"],"fileTypesAndContributionMap":{"java":{"insertions":33,"deletions":10}}}]},{"date":"2024-02-02","commitResults":[{"hash":"c151ef93173d5f1967fede857a283ca9cc8094cb","isMergeCommit":false,"messageTitle":"Add a check to see if mark/unmark number is within the list","messageBody":"","fileTypesAndContributionMap":{"java":{"insertions":9,"deletions":5}}},{"hash":"26bbc014a7da7ef864fbb832936d8f772f8ea47a","isMergeCommit":false,"messageTitle":"Add a space after left brace of code block","messageBody":"","tags":["A-CodingStandard"],"fileTypesAndContributionMap":{"java":{"insertions":3,"deletions":3}}}]},{"date":"2024-02-06","commitResults":[{"hash":"60bde2edee862d354b92bb36e665a17408be7972","isMergeCommit":false,"messageTitle":"Replace variable names","messageBody":"","fileTypesAndContributionMap":{"java":{"insertions":17,"deletions":17}}},{"hash":"dfc561fae90e8e2e4981205a6a9ea48819a21ec7","isMergeCommit":false,"messageTitle":"Create three new subclasses to extend Task class","messageBody":"","fileTypesAndContributionMap":{"java":{"insertions":15,"deletions":0}}}]},{"date":"2024-02-08","commitResults":[{"hash":"fe3380353217332eb476a763ff320103de8e73d0","isMergeCommit":false,"messageTitle":"Add Override toString for the Task class and the other 3 subclasses","messageBody":"","fileTypesAndContributionMap":{"java":{"insertions":33,"deletions":1}}},{"hash":"614d2f460ff0e2a373438a2c30e9d647914d2d2a","isMergeCommit":false,"messageTitle":"Implement code to add a Todo task","messageBody":"","fileTypesAndContributionMap":{"java":{"insertions":26,"deletions":13}}},{"hash":"e396876e35f1b66fa86c17528c78e23ce0aabcd5","isMergeCommit":false,"messageTitle":"Implement code to add a Deadline task","messageBody":"","fileTypesAndContributionMap":{"java":{"insertions":15,"deletions":1}}},{"hash":"3060083ba3109cc639a62f7fce6ac5a8f2f6df98","isMergeCommit":false,"messageTitle":"Implement code to add a Event task","messageBody":"","tags":["Level-4"],"fileTypesAndContributionMap":{"java":{"insertions":24,"deletions":13}}},{"hash":"89c6eebc112e72ad5485d5fa9edccefe603eadf3","isMergeCommit":false,"messageTitle":"Test using the I/O redirection technique","messageBody":"","tags":["A-TextUiTesting"],"fileTypesAndContributionMap":{"txt":{"insertions":1,"deletions":0},"java":{"insertions":2,"deletions":2}}}]},{"date":"2024-02-12","commitResults":[{"hash":"206665384646729002af9cedde8c3ee622e3e4a0","isMergeCommit":false,"messageTitle":"Add a constant for line breaker, which make the code look a bit cleaner","messageBody":"","fileTypesAndContributionMap":{"java":{"insertions":37,"deletions":42}}},{"hash":"112f5bf4ee7018293c88f1982cb54b383c52466d","isMergeCommit":false,"messageTitle":"Change Duke file name to chatbot name, and change constant variable name to all CAPS","messageBody":"","fileTypesAndContributionMap":{"java":{"insertions":16,"deletions":16}}},{"hash":"f0bebd6fc3b0e60617dbbcebb127053e36a9953d","isMergeCommit":false,"messageTitle":"Create new methods to extract from main method","messageBody":"","tags":["A-CodeQuality"],"fileTypesAndContributionMap":{"java":{"insertions":110,"deletions":102}}},{"hash":"26c2b603960bd34b8586fb6fa79a3fc4ff3e336d","isMergeCommit":false,"messageTitle":"Change Duke file name to chatbot name","messageBody":"","fileTypesAndContributionMap":{"bat":{"insertions":1,"deletions":1},"md":{"insertions":2,"deletions":2}}},{"hash":"c4fafc71db4a22303035f17bbc5700529ef31eff","isMergeCommit":false,"messageTitle":"Create new file to handle errors","messageBody":"","fileTypesAndContributionMap":{"java":{"insertions":2,"deletions":0}}}]},{"date":"2024-02-13","commitResults":[{"hash":"be5594c83166b02037d97fc3ecd1212040c956f6","isMergeCommit":false,"messageTitle":"Add try/catch to handle exception for empty command","messageBody":"","tags":["A-Exceptions"],"fileTypesAndContributionMap":{"java":{"insertions":53,"deletions":21}}},{"hash":"1a70547b3da0236821ea38e70e60aad9452759fe","isMergeCommit":true,"messageTitle":"Merge branch \u0027branch-Level-5\u0027","messageBody":"* branch-Level-5:\n  Add try/catch to handle exception for empty command\n  Create new file to handle errors\n","tags":["Level-5"],"fileTypesAndContributionMap":{}}]},{"date":"2024-02-20","commitResults":[{"hash":"4678ac6241fd85cf9b8d6680cdfe15b32a508fbe","isMergeCommit":false,"messageTitle":"Replace normal array to ArrayList\u003cTask\u003e","messageBody":"","tags":["A-Collections"],"fileTypesAndContributionMap":{"java":{"insertions":31,"deletions":31}}},{"hash":"58400326f9a5f43e00dcf23ddea40bb55436b909","isMergeCommit":false,"messageTitle":"Perform deletion of task from the list","messageBody":"","tags":["Level-6"],"fileTypesAndContributionMap":{"java":{"insertions":30,"deletions":9}}}]},{"date":"2024-02-21","commitResults":[{"hash":"0bb61f07b2aebd938f2ec296e6d8c5b041e0796c","isMergeCommit":false,"messageTitle":"Add task type method in each task, instead of using a normal String during print.","messageBody":"","fileTypesAndContributionMap":{"java":{"insertions":14,"deletions":3}}},{"hash":"3082728c6cb1e4d9119573dadef06e5f2cdb3765","isMergeCommit":false,"messageTitle":"Create new file to save data to File","messageBody":"","fileTypesAndContributionMap":{"java":{"insertions":31,"deletions":0}}},{"hash":"bdfbd779d67d83d55261e428d08eca4cc3814786","isMergeCommit":false,"messageTitle":"Create new file to save data to a File","messageBody":"","fileTypesAndContributionMap":{"java":{"insertions":5,"deletions":8}}},{"hash":"86bfa8f1040e7ff5c667ef08c60470d681ec9826","isMergeCommit":false,"messageTitle":"Save task command for todo tasks into textfile.","messageBody":"","fileTypesAndContributionMap":{"java":{"insertions":42,"deletions":6}}},{"hash":"76add4931fa958b660986d46d3c0eb815f712d39","isMergeCommit":false,"messageTitle":"Save deadline and event task commands into textfile.","messageBody":"","fileTypesAndContributionMap":{"java":{"insertions":27,"deletions":10}}},{"hash":"a2fe35df78a1f7ad77bc40913acc69c35f8f1ac1","isMergeCommit":false,"messageTitle":"Create new saveData method to reduce duplicated codes in each task methods","messageBody":"","fileTypesAndContributionMap":{"java":{"insertions":29,"deletions":36}}},{"hash":"eec8949168786459bcecf95b5838f0b707c8a68b","isMergeCommit":false,"messageTitle":"Use description variable this time, as it was missed even though it was initiated.","messageBody":"","fileTypesAndContributionMap":{"java":{"insertions":1,"deletions":2}}},{"hash":"3b3e011d1c0ab3a295464117794ff02d7e091a65","isMergeCommit":false,"messageTitle":"Create new fileLoader to load data from existing textfile.","messageBody":"","fileTypesAndContributionMap":{"java":{"insertions":18,"deletions":0}}},{"hash":"f43f5fe3852af1b5c3cc336f92f651caf2d1b2ef","isMergeCommit":false,"messageTitle":"Remove checkFileExists() method from FileSaver, and edit all related IOexception throws.","messageBody":"","fileTypesAndContributionMap":{"java":{"insertions":15,"deletions":31}}},{"hash":"cc7064df32b871be4d3e170abb92a08088b85634","isMergeCommit":false,"messageTitle":"Load data from textfile.","messageBody":"","fileTypesAndContributionMap":{"java":{"insertions":38,"deletions":8}}},{"hash":"86d171adeeb310b4aef11c2eff900f4b8e6e1b3a","isMergeCommit":false,"messageTitle":"Mark task on list, will update the list and also write to textfile","messageBody":"","tags":["Level-7"],"fileTypesAndContributionMap":{"java":{"insertions":34,"deletions":14}}},{"hash":"2389451a864a169ce68714be287ec5bd9cce503c","isMergeCommit":true,"messageTitle":"Merge branch \u0027branch-Level-6\u0027","messageBody":"* branch-Level-6:\n  Perform deletion of task from the list\n  Replace normal array to ArrayList\u003cTask\u003e\n","fileTypesAndContributionMap":{}},{"hash":"debe62ff9a843f926b940fbd384ee9a9db06201a","isMergeCommit":true,"messageTitle":"Merge branch \u0027branch-Level-7\u0027","messageBody":"* branch-Level-7:\n  Mark task on list, will update the list and also write to textfile\n  Load data from textfile.\n  Remove checkFileExists() method from FileSaver, and edit all related IOexception throws.\n  Create new fileLoader to load data from existing textfile.\n  Use description variable this time, as it was missed even though it was initiated.\n  Create new saveData method to reduce duplicated codes in each task methods\n  Save deadline and event task commands into textfile.\n  Save task command for todo tasks into textfile.\n  Create new file to save data to a File\n  Create new file to save data to File\n  Add task type method in each task, instead of using a normal String during print.\n\n# Conflicts:\n#\tsrc/main/java/Tony.java\n","fileTypesAndContributionMap":{}},{"hash":"02ece764941f51cf5e9abf82924dfc2497c85931","isMergeCommit":false,"messageTitle":"Update file when marking/unmarking/deleting tasks.","messageBody":"","fileTypesAndContributionMap":{"java":{"insertions":35,"deletions":27}}},{"hash":"3aff48344b65596f2633174e02fc7b9514acfc7f","isMergeCommit":false,"messageTitle":"Format the way the strings are printed","messageBody":"","fileTypesAndContributionMap":{"java":{"insertions":5,"deletions":5}}},{"hash":"efee4cbfd4ec1fab8425a8320af2d4cdff57cd63","isMergeCommit":false,"messageTitle":"Organise classes into packages","messageBody":"","fileTypesAndContributionMap":{"java":{"insertions":41,"deletions":10}}},{"hash":"f6ccac76fdae3b2512337b190edd903726c3b75f","isMergeCommit":true,"messageTitle":"Merge branch \u0027branch-A-Packages\u0027","messageBody":"* branch-A-Packages:\n  Organise classes into packages\n","tags":["A-Packages"],"fileTypesAndContributionMap":{}},{"hash":"36b4b8bda6c941a3c61e8c80adf23eed3f6607e0","isMergeCommit":false,"messageTitle":"Repackage again","messageBody":"","fileTypesAndContributionMap":{"java":{"insertions":18,"deletions":19}}},{"hash":"202d34c569ac2deafacb183c1701752d668b4ecd","isMergeCommit":false,"messageTitle":"Reformat the print lines","messageBody":"","tags":["A-Jar"],"fileTypesAndContributionMap":{"java":{"insertions":5,"deletions":5}}}]},{"date":"2024-02-27","commitResults":[{"hash":"1504906b457d9f53e9e2cc5dc8803fee6b3f15f7","isMergeCommit":false,"messageTitle":"Created new UI class that prints lines for user.","messageBody":"","fileTypesAndContributionMap":{"java":{"insertions":105,"deletions":77}}},{"hash":"a1707d4ce4ae194f209eff9f5080178ea16c8d7f","isMergeCommit":false,"messageTitle":"Clear content in file when task list is empty","messageBody":"","fileTypesAndContributionMap":{"java":{"insertions":9,"deletions":1}}}]},{"date":"2024-02-28","commitResults":[{"hash":"b77815a29ef825190bc11748858c3e8dc1bdd0cd","isMergeCommit":false,"messageTitle":"Add a space after \u0027by:\u0027","messageBody":"","fileTypesAndContributionMap":{"java":{"insertions":1,"deletions":1}}},{"hash":"94c86b806762cb06bf11731a95b440b1fd1e65be","isMergeCommit":false,"messageTitle":"Modify FileLoader, FileSaver and Ui classes to be instantiated as objects","messageBody":"","fileTypesAndContributionMap":{"java":{"insertions":103,"deletions":69}}},{"hash":"389261652d7d8ec49a25708cac587e8e73ac2474","isMergeCommit":false,"messageTitle":"Change package name to utility","messageBody":"","fileTypesAndContributionMap":{"java":{"insertions":3,"deletions":3}}},{"hash":"b62ceb37439c0cd5d4927abb3b38b31d722510f1","isMergeCommit":false,"messageTitle":"Add new Parser class, and transfer relevant methods into it","messageBody":"","fileTypesAndContributionMap":{"java":{"insertions":170,"deletions":140}}},{"hash":"c2585e8ee6b181e7279163ecf5e8b5ab868af55b","isMergeCommit":false,"messageTitle":"Remove duplication of LINE_SEPARATOR","messageBody":"","fileTypesAndContributionMap":{"java":{"insertions":21,"deletions":42}}},{"hash":"d4a37b5ccc276e5167d66ee1c59fd23a664cdea9","isMergeCommit":false,"messageTitle":"Create new Command interface","messageBody":"","fileTypesAndContributionMap":{"java":{"insertions":11,"deletions":0}}},{"hash":"0827167b9cd83a3984cdd53c73c3aedbb9521353","isMergeCommit":false,"messageTitle":"Create MarkCommand class that implements the Command interface","messageBody":"","fileTypesAndContributionMap":{"java":{"insertions":91,"deletions":51}}},{"hash":"faa73ca3b3eb179a03c34f3cb883002e765e7fb2","isMergeCommit":false,"messageTitle":"Create ListCommand class that implements the Command interface","messageBody":"","fileTypesAndContributionMap":{"java":{"insertions":16,"deletions":1}}},{"hash":"6ee234be97496207fb759e26a92d792b2ae3ddd7","isMergeCommit":false,"messageTitle":"Create ByeCommand class that implements the Command interface","messageBody":"","fileTypesAndContributionMap":{"java":{"insertions":17,"deletions":2}}},{"hash":"9a961ee0bed9ca956dd2f5ecc4303bd5821a3c50","isMergeCommit":false,"messageTitle":"Create ToDoCommand class that implements the Command interface","messageBody":"","fileTypesAndContributionMap":{"java":{"insertions":67,"deletions":24}}},{"hash":"1d4b928164752d96d65de00007dc16f84d2ff4e1","isMergeCommit":false,"messageTitle":"Create DeadlineCommand class that implements the Command interface","messageBody":"","fileTypesAndContributionMap":{"java":{"insertions":52,"deletions":18}}},{"hash":"9d27bd8033777691da5a7d3055c0761826605f62","isMergeCommit":false,"messageTitle":"Create EventCommand class that implements the Command interface","messageBody":"","fileTypesAndContributionMap":{"java":{"insertions":52,"deletions":31}}},{"hash":"ed783bd15fd563143aa42ee4124345f77b1e5388","isMergeCommit":false,"messageTitle":"Create DeleteCommand class that implements the Command interface","messageBody":"","fileTypesAndContributionMap":{"java":{"insertions":50,"deletions":18}}},{"hash":"1917a753180d9f5ba4b869bd078bb3b0eb6dfd7f","isMergeCommit":false,"messageTitle":"Add back checkArrayLength() back into Parser class","messageBody":"","fileTypesAndContributionMap":{"java":{"insertions":25,"deletions":30}}}]}]},"authorFileTypeContributionMap":{"T0nyLin":{"java":686,"md":2,"fxml":0,"sh":0,"bat":1,"gradle":0,"txt":1}},"authorContributionVariance":{"T0nyLin":37504.926},"authorDisplayNameMap":{"T0nyLin":"CS2113T-T09-1 NYAN..HTET"}}
