[{"path":"src/main/java/Moby.java","fileType":"java","lines":[{"lineNumber":1,"author":{"gitId":"ChongXern"},"content":"import customexceptions.IncompletePromptException;","lastModifiedDate":"2024-02-18"},{"lineNumber":2,"author":{"gitId":"ChongXern"},"content":"import interactions.*;","lastModifiedDate":"2024-02-18"},{"lineNumber":3,"author":{"gitId":"ChongXern"},"content":"import customexceptions.*;","lastModifiedDate":"2024-02-18"},{"lineNumber":4,"author":{"gitId":"ChongXern"},"content":"import java.util.Scanner;","lastModifiedDate":"2024-02-18"},{"lineNumber":5,"author":{"gitId":"ChongXern"},"content":"import java.util.Arrays;","lastModifiedDate":"2024-02-18"},{"lineNumber":6,"author":{"gitId":"ChongXern"},"content":"public class Moby {","lastModifiedDate":"2024-02-18"},{"lineNumber":7,"author":{"gitId":"ChongXern"},"content":"    protected static void chat(Chatbot bot, ToDoList list, String line)","lastModifiedDate":"2024-02-18"},{"lineNumber":8,"author":{"gitId":"ChongXern"},"content":"            throws IncompletePromptException, UnknownPromptException {","lastModifiedDate":"2024-02-18"},{"lineNumber":9,"author":{"gitId":"ChongXern"},"content":"        String[] words \u003d line.split(\" \");","lastModifiedDate":"2024-02-18"},{"lineNumber":10,"author":{"gitId":"ChongXern"},"content":"        String keyword \u003d words[0];","lastModifiedDate":"2024-02-18"},{"lineNumber":11,"author":{"gitId":"ChongXern"},"content":"        String[] botInstructions \u003d Chatbot.INSTRUCTIONS;","lastModifiedDate":"2024-02-18"},{"lineNumber":12,"author":{"gitId":"ChongXern"},"content":"        if (words.length \u003d\u003d 1) {","lastModifiedDate":"2024-02-18"},{"lineNumber":13,"author":{"gitId":"ChongXern"},"content":"            boolean isTypo \u003d bot.isTypo(line);","lastModifiedDate":"2024-02-18"},{"lineNumber":14,"author":{"gitId":"ChongXern"},"content":"            if (Arrays.binarySearch(botInstructions, keyword) \u003e\u003d 0) {","lastModifiedDate":"2024-02-18"},{"lineNumber":15,"author":{"gitId":"ChongXern"},"content":"                throw new IncompletePromptException();","lastModifiedDate":"2024-02-18"},{"lineNumber":16,"author":{"gitId":"ChongXern"},"content":"            }","lastModifiedDate":"2024-02-18"},{"lineNumber":17,"author":{"gitId":"ChongXern"},"content":"            if (!isTypo) {","lastModifiedDate":"2024-02-18"},{"lineNumber":18,"author":{"gitId":"ChongXern"},"content":"                throw new UnknownPromptException();","lastModifiedDate":"2024-02-18"},{"lineNumber":19,"author":{"gitId":"ChongXern"},"content":"            }","lastModifiedDate":"2024-02-18"},{"lineNumber":20,"author":{"gitId":"ChongXern"},"content":"        } else {","lastModifiedDate":"2024-02-18"},{"lineNumber":21,"author":{"gitId":"ChongXern"},"content":"            switch (keyword) {","lastModifiedDate":"2024-02-18"},{"lineNumber":22,"author":{"gitId":"ChongXern"},"content":"            case \"echo\":","lastModifiedDate":"2024-02-18"},{"lineNumber":23,"author":{"gitId":"ChongXern"},"content":"                bot.echo(line);","lastModifiedDate":"2024-02-18"},{"lineNumber":24,"author":{"gitId":"ChongXern"},"content":"                break;","lastModifiedDate":"2024-02-18"},{"lineNumber":25,"author":{"gitId":"ChongXern"},"content":"            case \"rename\":","lastModifiedDate":"2024-02-18"},{"lineNumber":26,"author":{"gitId":"ChongXern"},"content":"                bot.rename(line);","lastModifiedDate":"2024-02-18"},{"lineNumber":27,"author":{"gitId":"ChongXern"},"content":"                break;","lastModifiedDate":"2024-02-18"},{"lineNumber":28,"author":{"gitId":"ChongXern"},"content":"            case \"mark\":","lastModifiedDate":"2024-02-18"},{"lineNumber":29,"author":{"gitId":"ChongXern"},"content":"                list.mark(line, true);","lastModifiedDate":"2024-02-18"},{"lineNumber":30,"author":{"gitId":"ChongXern"},"content":"                break;","lastModifiedDate":"2024-02-18"},{"lineNumber":31,"author":{"gitId":"ChongXern"},"content":"            case \"unmark\":","lastModifiedDate":"2024-02-18"},{"lineNumber":32,"author":{"gitId":"ChongXern"},"content":"                list.mark(line, false);","lastModifiedDate":"2024-02-18"},{"lineNumber":33,"author":{"gitId":"ChongXern"},"content":"                break;","lastModifiedDate":"2024-02-18"},{"lineNumber":34,"author":{"gitId":"ChongXern"},"content":"            case \"todo\":","lastModifiedDate":"2024-02-18"},{"lineNumber":35,"author":{"gitId":"ChongXern"},"content":"                list.addNewTask(line, \"todo\");","lastModifiedDate":"2024-02-18"},{"lineNumber":36,"author":{"gitId":"ChongXern"},"content":"                break;","lastModifiedDate":"2024-02-18"},{"lineNumber":37,"author":{"gitId":"ChongXern"},"content":"            case \"deadline\":","lastModifiedDate":"2024-02-18"},{"lineNumber":38,"author":{"gitId":"ChongXern"},"content":"                list.addNewTask(line, \"deadline\");","lastModifiedDate":"2024-02-18"},{"lineNumber":39,"author":{"gitId":"ChongXern"},"content":"                break;","lastModifiedDate":"2024-02-18"},{"lineNumber":40,"author":{"gitId":"ChongXern"},"content":"            case \"event\":","lastModifiedDate":"2024-02-18"},{"lineNumber":41,"author":{"gitId":"ChongXern"},"content":"                list.addNewTask(line, \"event\");","lastModifiedDate":"2024-02-18"},{"lineNumber":42,"author":{"gitId":"ChongXern"},"content":"                break;","lastModifiedDate":"2024-02-18"},{"lineNumber":43,"author":{"gitId":"ChongXern"},"content":"            default:","lastModifiedDate":"2024-02-18"},{"lineNumber":44,"author":{"gitId":"ChongXern"},"content":"                throw new UnknownPromptException();","lastModifiedDate":"2024-02-18"},{"lineNumber":45,"author":{"gitId":"ChongXern"},"content":"            }","lastModifiedDate":"2024-02-18"},{"lineNumber":46,"author":{"gitId":"ChongXern"},"content":"        }","lastModifiedDate":"2024-02-18"},{"lineNumber":47,"author":{"gitId":"ChongXern"},"content":"    }","lastModifiedDate":"2024-02-18"},{"lineNumber":48,"author":{"gitId":"ChongXern"},"content":"","lastModifiedDate":"2024-02-18"},{"lineNumber":49,"author":{"gitId":"ChongXern"},"content":"    public static void main(String[] args) {","lastModifiedDate":"2024-02-18"},{"lineNumber":50,"author":{"gitId":"ChongXern"},"content":"        Chatbot bot \u003d new Chatbot();","lastModifiedDate":"2024-02-18"},{"lineNumber":51,"author":{"gitId":"ChongXern"},"content":"        ToDoList list \u003d new ToDoList();","lastModifiedDate":"2024-02-18"},{"lineNumber":52,"author":{"gitId":"ChongXern"},"content":"        bot.greet();","lastModifiedDate":"2024-02-18"},{"lineNumber":53,"author":{"gitId":"ChongXern"},"content":"        String line;","lastModifiedDate":"2024-02-18"},{"lineNumber":54,"author":{"gitId":"ChongXern"},"content":"        Scanner in \u003d new Scanner(System.in);","lastModifiedDate":"2024-02-18"},{"lineNumber":55,"author":{"gitId":"ChongXern"},"content":"        while (true) {","lastModifiedDate":"2024-02-18"},{"lineNumber":56,"author":{"gitId":"ChongXern"},"content":"            System.out.print(\"YOU: \");","lastModifiedDate":"2024-02-18"},{"lineNumber":57,"author":{"gitId":"ChongXern"},"content":"            line \u003d in.nextLine();","lastModifiedDate":"2024-02-18"},{"lineNumber":58,"author":{"gitId":"ChongXern"},"content":"            System.out.print(bot.getName() + \": \");","lastModifiedDate":"2024-02-18"},{"lineNumber":59,"author":{"gitId":"ChongXern"},"content":"            if (line.equals(\"bye\")) {","lastModifiedDate":"2024-02-18"},{"lineNumber":60,"author":{"gitId":"ChongXern"},"content":"                break;","lastModifiedDate":"2024-02-18"},{"lineNumber":61,"author":{"gitId":"ChongXern"},"content":"            }","lastModifiedDate":"2024-02-18"},{"lineNumber":62,"author":{"gitId":"ChongXern"},"content":"            if (line.equals(\"list\")) {","lastModifiedDate":"2024-02-18"},{"lineNumber":63,"author":{"gitId":"ChongXern"},"content":"                list.printList();","lastModifiedDate":"2024-02-18"},{"lineNumber":64,"author":{"gitId":"ChongXern"},"content":"            } else {","lastModifiedDate":"2024-02-18"},{"lineNumber":65,"author":{"gitId":"ChongXern"},"content":"                try {","lastModifiedDate":"2024-02-18"},{"lineNumber":66,"author":{"gitId":"ChongXern"},"content":"                    chat(bot, list, line);","lastModifiedDate":"2024-02-18"},{"lineNumber":67,"author":{"gitId":"ChongXern"},"content":"                } catch (IncompletePromptException e) {","lastModifiedDate":"2024-02-18"},{"lineNumber":68,"author":{"gitId":"ChongXern"},"content":"                    System.out.println(\"Sorry, your sentence appears to be incomplete. Could you complete your sentence?\");","lastModifiedDate":"2024-02-18"},{"lineNumber":69,"author":{"gitId":"ChongXern"},"content":"                } catch (UnknownPromptException e) {","lastModifiedDate":"2024-02-18"},{"lineNumber":70,"author":{"gitId":"ChongXern"},"content":"                    System.out.println(\"Sorry, I do not understand what you\u0027re saying.\");","lastModifiedDate":"2024-02-18"},{"lineNumber":71,"author":{"gitId":"ChongXern"},"content":"                }","lastModifiedDate":"2024-02-18"},{"lineNumber":72,"author":{"gitId":"ChongXern"},"content":"            }","lastModifiedDate":"2024-02-18"},{"lineNumber":73,"author":{"gitId":"ChongXern"},"content":"        }","lastModifiedDate":"2024-02-18"},{"lineNumber":74,"author":{"gitId":"ChongXern"},"content":"        bot.exit();","lastModifiedDate":"2024-02-18"},{"lineNumber":75,"author":{"gitId":"ChongXern"},"content":"    }","lastModifiedDate":"2024-02-18"},{"lineNumber":76,"author":{"gitId":"ChongXern"},"content":"}","lastModifiedDate":"2024-02-18"}],"authorContributionMap":{"ChongXern":76}},{"path":"src/main/java/customexceptions/IncompletePromptException.java","fileType":"java","lines":[{"lineNumber":1,"author":{"gitId":"ChongXern"},"content":"package customexceptions;","lastModifiedDate":"2024-02-18"},{"lineNumber":2,"author":{"gitId":"ChongXern"},"content":"","lastModifiedDate":"2024-02-18"},{"lineNumber":3,"author":{"gitId":"ChongXern"},"content":"public class IncompletePromptException extends Exception {","lastModifiedDate":"2024-02-18"},{"lineNumber":4,"author":{"gitId":"ChongXern"},"content":"}","lastModifiedDate":"2024-02-18"}],"authorContributionMap":{"ChongXern":4}},{"path":"src/main/java/customexceptions/UnknownPromptException.java","fileType":"java","lines":[{"lineNumber":1,"author":{"gitId":"ChongXern"},"content":"package customexceptions;","lastModifiedDate":"2024-02-18"},{"lineNumber":2,"author":{"gitId":"ChongXern"},"content":"","lastModifiedDate":"2024-02-18"},{"lineNumber":3,"author":{"gitId":"ChongXern"},"content":"public class UnknownPromptException extends Exception {","lastModifiedDate":"2024-02-18"},{"lineNumber":4,"author":{"gitId":"ChongXern"},"content":"}","lastModifiedDate":"2024-02-18"}],"authorContributionMap":{"ChongXern":4}},{"path":"src/main/java/interactions/Chatbot.java","fileType":"java","lines":[{"lineNumber":1,"author":{"gitId":"ChongXern"},"content":"package interactions;","lastModifiedDate":"2024-02-18"},{"lineNumber":2,"author":{"gitId":"ChongXern"},"content":"import customexceptions.*;","lastModifiedDate":"2024-02-18"},{"lineNumber":3,"author":{"gitId":"ChongXern"},"content":"","lastModifiedDate":"2024-02-18"},{"lineNumber":4,"author":{"gitId":"ChongXern"},"content":"public class Chatbot {","lastModifiedDate":"2024-02-18"},{"lineNumber":5,"author":{"gitId":"ChongXern"},"content":"    // Sorted instructions","lastModifiedDate":"2024-02-18"},{"lineNumber":6,"author":{"gitId":"ChongXern"},"content":"    public static final String[] INSTRUCTIONS \u003d {\"bye\", \"deadline\", \"event\", \"list\", \"mark\",","lastModifiedDate":"2024-02-18"},{"lineNumber":7,"author":{"gitId":"ChongXern"},"content":"            \"rename\", \"todo\"};","lastModifiedDate":"2024-02-18"},{"lineNumber":8,"author":{"gitId":"ChongXern"},"content":"    public String getName() {","lastModifiedDate":"2024-02-18"},{"lineNumber":9,"author":{"gitId":"ChongXern"},"content":"        return name;","lastModifiedDate":"2024-02-18"},{"lineNumber":10,"author":{"gitId":"ChongXern"},"content":"    }","lastModifiedDate":"2024-02-18"},{"lineNumber":11,"author":{"gitId":"ChongXern"},"content":"    private String name;","lastModifiedDate":"2024-02-18"},{"lineNumber":12,"author":{"gitId":"ChongXern"},"content":"    public Chatbot() {","lastModifiedDate":"2024-02-18"},{"lineNumber":13,"author":{"gitId":"ChongXern"},"content":"        name \u003d \"MOBY\";","lastModifiedDate":"2024-02-18"},{"lineNumber":14,"author":{"gitId":"ChongXern"},"content":"    }","lastModifiedDate":"2024-02-18"},{"lineNumber":15,"author":{"gitId":"ChongXern"},"content":"    public void rename(String line) {","lastModifiedDate":"2024-02-18"},{"lineNumber":16,"author":{"gitId":"ChongXern"},"content":"        String newName \u003d line.substring(7);","lastModifiedDate":"2024-02-18"},{"lineNumber":17,"author":{"gitId":"ChongXern"},"content":"        this.name \u003d newName.toUpperCase();","lastModifiedDate":"2024-02-18"},{"lineNumber":18,"author":{"gitId":"ChongXern"},"content":"        System.out.println(\"Renamed chatbot to \" + this.name);","lastModifiedDate":"2024-02-18"},{"lineNumber":19,"author":{"gitId":"ChongXern"},"content":"    }","lastModifiedDate":"2024-02-18"},{"lineNumber":20,"author":{"gitId":"ChongXern"},"content":"    public void greet() { ","lastModifiedDate":"2024-02-18"},{"lineNumber":21,"author":{"gitId":"ChongXern"},"content":"        System.out.println(name + \": Hello! I\u0027m \" + name + \"!\");","lastModifiedDate":"2024-02-18"},{"lineNumber":22,"author":{"gitId":"ChongXern"},"content":"        System.out.println(name + \": What can I do for you?\");","lastModifiedDate":"2024-02-18"},{"lineNumber":23,"author":{"gitId":"ChongXern"},"content":"    }","lastModifiedDate":"2024-02-18"},{"lineNumber":24,"author":{"gitId":"ChongXern"},"content":"    public void echo(String line) {","lastModifiedDate":"2024-02-18"},{"lineNumber":25,"author":{"gitId":"ChongXern"},"content":"        System.out.println(line);","lastModifiedDate":"2024-02-18"},{"lineNumber":26,"author":{"gitId":"ChongXern"},"content":"    }","lastModifiedDate":"2024-02-18"},{"lineNumber":27,"author":{"gitId":"ChongXern"},"content":"    public boolean isTypo(String line) { // identifies and deals with typo","lastModifiedDate":"2024-02-18"},{"lineNumber":28,"author":{"gitId":"ChongXern"},"content":"        String[] words \u003d line.split(\" \");","lastModifiedDate":"2024-02-18"},{"lineNumber":29,"author":{"gitId":"ChongXern"},"content":"        String typo \u003d words[0];","lastModifiedDate":"2024-02-18"},{"lineNumber":30,"author":{"gitId":"ChongXern"},"content":"        int typoSize \u003d typo.length();","lastModifiedDate":"2024-02-18"},{"lineNumber":31,"author":{"gitId":"ChongXern"},"content":"        for (String instruction : INSTRUCTIONS) {","lastModifiedDate":"2024-02-18"},{"lineNumber":32,"author":{"gitId":"ChongXern"},"content":"            if (!instruction.equals(typo) \u0026\u0026 instruction.startsWith(typo)) {","lastModifiedDate":"2024-02-18"},{"lineNumber":33,"author":{"gitId":"ChongXern"},"content":"                System.out.println(\"Did you mean: \" + instruction + \"?\");","lastModifiedDate":"2024-02-18"},{"lineNumber":34,"author":{"gitId":"ChongXern"},"content":"                return true;","lastModifiedDate":"2024-02-18"},{"lineNumber":35,"author":{"gitId":"ChongXern"},"content":"            }","lastModifiedDate":"2024-02-18"},{"lineNumber":36,"author":{"gitId":"ChongXern"},"content":"        }","lastModifiedDate":"2024-02-18"},{"lineNumber":37,"author":{"gitId":"ChongXern"},"content":"        return false;","lastModifiedDate":"2024-02-18"},{"lineNumber":38,"author":{"gitId":"ChongXern"},"content":"    }","lastModifiedDate":"2024-02-18"},{"lineNumber":39,"author":{"gitId":"ChongXern"},"content":"    public void exit() {","lastModifiedDate":"2024-02-18"},{"lineNumber":40,"author":{"gitId":"ChongXern"},"content":"        System.out.println(\"Bye. Hope to see you again soon!\");","lastModifiedDate":"2024-02-18"},{"lineNumber":41,"author":{"gitId":"ChongXern"},"content":"    }","lastModifiedDate":"2024-02-18"},{"lineNumber":42,"author":{"gitId":"ChongXern"},"content":"}","lastModifiedDate":"2024-02-18"}],"authorContributionMap":{"ChongXern":42}},{"path":"src/main/java/interactions/Task.java","fileType":"java","lines":[{"lineNumber":1,"author":{"gitId":"ChongXern"},"content":"package interactions;","lastModifiedDate":"2024-02-18"},{"lineNumber":2,"author":{"gitId":"ChongXern"},"content":"import java.util.Scanner;","lastModifiedDate":"2024-02-18"},{"lineNumber":3,"author":{"gitId":"ChongXern"},"content":"import interactions.Chatbot;","lastModifiedDate":"2024-02-18"},{"lineNumber":4,"author":{"gitId":"ChongXern"},"content":"public class Task {","lastModifiedDate":"2024-02-05"},{"lineNumber":5,"author":{"gitId":"ChongXern"},"content":"    private String task;","lastModifiedDate":"2024-02-18"},{"lineNumber":6,"author":{"gitId":"ChongXern"},"content":"    private boolean isMarked;","lastModifiedDate":"2024-02-18"},{"lineNumber":7,"author":{"gitId":"ChongXern"},"content":"","lastModifiedDate":"2024-02-18"},{"lineNumber":8,"author":{"gitId":"ChongXern"},"content":"    public void setHaveToDo(boolean haveToDo) {","lastModifiedDate":"2024-02-18"},{"lineNumber":9,"author":{"gitId":"ChongXern"},"content":"        this.haveToDo \u003d haveToDo;","lastModifiedDate":"2024-02-18"},{"lineNumber":10,"author":{"gitId":"ChongXern"},"content":"    }","lastModifiedDate":"2024-02-18"},{"lineNumber":11,"author":{"gitId":"ChongXern"},"content":"","lastModifiedDate":"2024-02-18"},{"lineNumber":12,"author":{"gitId":"ChongXern"},"content":"    protected boolean haveToDo;","lastModifiedDate":"2024-02-18"},{"lineNumber":13,"author":{"gitId":"ChongXern"},"content":"    public String getTask() {","lastModifiedDate":"2024-02-05"},{"lineNumber":14,"author":{"gitId":"ChongXern"},"content":"        return task;","lastModifiedDate":"2024-02-05"},{"lineNumber":15,"author":{"gitId":"ChongXern"},"content":"    }","lastModifiedDate":"2024-02-05"},{"lineNumber":16,"author":{"gitId":"ChongXern"},"content":"    public boolean isMarked() {","lastModifiedDate":"2024-02-05"},{"lineNumber":17,"author":{"gitId":"ChongXern"},"content":"        return isMarked;","lastModifiedDate":"2024-02-05"},{"lineNumber":18,"author":{"gitId":"ChongXern"},"content":"    }","lastModifiedDate":"2024-02-05"},{"lineNumber":19,"author":{"gitId":"ChongXern"},"content":"    public void setMarked(boolean marked) {","lastModifiedDate":"2024-02-05"},{"lineNumber":20,"author":{"gitId":"ChongXern"},"content":"        isMarked \u003d marked;","lastModifiedDate":"2024-02-05"},{"lineNumber":21,"author":{"gitId":"ChongXern"},"content":"    }","lastModifiedDate":"2024-02-05"},{"lineNumber":22,"author":{"gitId":"ChongXern"},"content":"    public Task(String task) {","lastModifiedDate":"2024-02-05"},{"lineNumber":23,"author":{"gitId":"ChongXern"},"content":"        this.task \u003d task;","lastModifiedDate":"2024-02-05"},{"lineNumber":24,"author":{"gitId":"ChongXern"},"content":"        this.isMarked \u003d false;","lastModifiedDate":"2024-02-05"},{"lineNumber":25,"author":{"gitId":"ChongXern"},"content":"    }","lastModifiedDate":"2024-02-05"},{"lineNumber":26,"author":{"gitId":"ChongXern"},"content":"    public void print() {","lastModifiedDate":"2024-02-17"},{"lineNumber":27,"author":{"gitId":"ChongXern"},"content":"        System.out.print(\"[\" + (isMarked() ? \"X\" : \" \") + \"] \");","lastModifiedDate":"2024-02-05"},{"lineNumber":28,"author":{"gitId":"ChongXern"},"content":"        System.out.println(getTask());","lastModifiedDate":"2024-02-05"},{"lineNumber":29,"author":{"gitId":"ChongXern"},"content":"    }","lastModifiedDate":"2024-02-05"},{"lineNumber":30,"author":{"gitId":"ChongXern"},"content":"}","lastModifiedDate":"2024-02-05"}],"authorContributionMap":{"ChongXern":30}},{"path":"src/main/java/interactions/TaskList.java","fileType":"java","lines":[{"lineNumber":1,"author":{"gitId":"ChongXern"},"content":"package interactions;","lastModifiedDate":"2024-02-18"},{"lineNumber":2,"author":{"gitId":"ChongXern"},"content":"import java.util.Scanner;","lastModifiedDate":"2024-02-18"},{"lineNumber":3,"author":{"gitId":"ChongXern"},"content":"import interactions.Task;","lastModifiedDate":"2024-02-18"},{"lineNumber":4,"author":{"gitId":"ChongXern"},"content":"import interactions.Chatbot;","lastModifiedDate":"2024-02-18"},{"lineNumber":5,"author":{"gitId":"ChongXern"},"content":"","lastModifiedDate":"2024-02-18"},{"lineNumber":6,"author":{"gitId":"ChongXern"},"content":"public class TaskList {","lastModifiedDate":"2024-02-18"},{"lineNumber":7,"author":{"gitId":"ChongXern"},"content":"    protected Task[] list;","lastModifiedDate":"2024-02-18"},{"lineNumber":8,"author":{"gitId":"ChongXern"},"content":"    protected int currSize;","lastModifiedDate":"2024-02-18"},{"lineNumber":9,"author":{"gitId":"ChongXern"},"content":"    protected int TOTAL_SIZE \u003d 100;","lastModifiedDate":"2024-02-18"},{"lineNumber":10,"author":{"gitId":"ChongXern"},"content":"    protected static final String INDENT \u003d \"      \";","lastModifiedDate":"2024-02-18"},{"lineNumber":11,"author":{"gitId":"ChongXern"},"content":"    public TaskList() {","lastModifiedDate":"2024-02-18"},{"lineNumber":12,"author":{"gitId":"ChongXern"},"content":"        currSize \u003d 0;","lastModifiedDate":"2024-02-18"},{"lineNumber":13,"author":{"gitId":"ChongXern"},"content":"        list \u003d new Task[TOTAL_SIZE];","lastModifiedDate":"2024-02-18"},{"lineNumber":14,"author":{"gitId":"ChongXern"},"content":"    }","lastModifiedDate":"2024-02-18"},{"lineNumber":15,"author":{"gitId":"ChongXern"},"content":"    public void mark(String line, boolean isMark) {","lastModifiedDate":"2024-02-18"},{"lineNumber":16,"author":{"gitId":"ChongXern"},"content":"        int index \u003d Integer.parseInt(line.substring(isMark ? 5 : 7));","lastModifiedDate":"2024-02-18"},{"lineNumber":17,"author":{"gitId":"ChongXern"},"content":"        Task markedTask \u003d list[index - 1];","lastModifiedDate":"2024-02-18"},{"lineNumber":18,"author":{"gitId":"ChongXern"},"content":"        if (markedTask.isMarked() \u003d\u003d isMark) {","lastModifiedDate":"2024-02-18"},{"lineNumber":19,"author":{"gitId":"ChongXern"},"content":"            System.out.println(\"This task is already set as \" + (isMark ? \"marked.\" : \"unmarked.\"));","lastModifiedDate":"2024-02-18"},{"lineNumber":20,"author":{"gitId":"ChongXern"},"content":"            return;","lastModifiedDate":"2024-02-18"},{"lineNumber":21,"author":{"gitId":"ChongXern"},"content":"        }","lastModifiedDate":"2024-02-18"},{"lineNumber":22,"author":{"gitId":"ChongXern"},"content":"        if (isMark) {","lastModifiedDate":"2024-02-18"},{"lineNumber":23,"author":{"gitId":"ChongXern"},"content":"            System.out.println(\"Nice! I\u0027ve marked this task as done:\");","lastModifiedDate":"2024-02-18"},{"lineNumber":24,"author":{"gitId":"ChongXern"},"content":"        } else {","lastModifiedDate":"2024-02-18"},{"lineNumber":25,"author":{"gitId":"ChongXern"},"content":"            System.out.println(\"OK, I\u0027ve marked this task as not done yet:\");","lastModifiedDate":"2024-02-18"},{"lineNumber":26,"author":{"gitId":"ChongXern"},"content":"        }","lastModifiedDate":"2024-02-18"},{"lineNumber":27,"author":{"gitId":"ChongXern"},"content":"        System.out.print(INDENT);","lastModifiedDate":"2024-02-18"},{"lineNumber":28,"author":{"gitId":"ChongXern"},"content":"        markedTask.setMarked(isMark);","lastModifiedDate":"2024-02-18"},{"lineNumber":29,"author":{"gitId":"ChongXern"},"content":"        markedTask.print();","lastModifiedDate":"2024-02-18"},{"lineNumber":30,"author":{"gitId":"ChongXern"},"content":"    }","lastModifiedDate":"2024-02-18"},{"lineNumber":31,"author":{"gitId":"ChongXern"},"content":"    public void printList() {","lastModifiedDate":"2024-02-18"},{"lineNumber":32,"author":{"gitId":"ChongXern"},"content":"        System.out.println(\"Here are the tasks in your list:\");","lastModifiedDate":"2024-02-18"},{"lineNumber":33,"author":{"gitId":"ChongXern"},"content":"        if (currSize \u003e 0) {","lastModifiedDate":"2024-02-18"},{"lineNumber":34,"author":{"gitId":"ChongXern"},"content":"            for (int i \u003d 0; i \u003c currSize; i++) {","lastModifiedDate":"2024-02-18"},{"lineNumber":35,"author":{"gitId":"ChongXern"},"content":"                System.out.print(\"      \");","lastModifiedDate":"2024-02-18"},{"lineNumber":36,"author":{"gitId":"ChongXern"},"content":"                Task task \u003d list[i];","lastModifiedDate":"2024-02-18"},{"lineNumber":37,"author":{"gitId":"ChongXern"},"content":"                System.out.print(i + 1 + \".\");","lastModifiedDate":"2024-02-18"},{"lineNumber":38,"author":{"gitId":"ChongXern"},"content":"                task.print();","lastModifiedDate":"2024-02-18"},{"lineNumber":39,"author":{"gitId":"ChongXern"},"content":"            }","lastModifiedDate":"2024-02-18"},{"lineNumber":40,"author":{"gitId":"ChongXern"},"content":"        } else {","lastModifiedDate":"2024-02-18"},{"lineNumber":41,"author":{"gitId":"ChongXern"},"content":"            System.out.println(INDENT + \"There\u0027s nothing in this list.\");","lastModifiedDate":"2024-02-18"},{"lineNumber":42,"author":{"gitId":"ChongXern"},"content":"        }","lastModifiedDate":"2024-02-18"},{"lineNumber":43,"author":{"gitId":"ChongXern"},"content":"    }","lastModifiedDate":"2024-02-18"},{"lineNumber":44,"author":{"gitId":"ChongXern"},"content":"}","lastModifiedDate":"2024-02-18"}],"authorContributionMap":{"ChongXern":44}},{"path":"src/main/java/interactions/ToDo.java","fileType":"java","lines":[{"lineNumber":1,"author":{"gitId":"ChongXern"},"content":"package interactions;","lastModifiedDate":"2024-02-18"},{"lineNumber":2,"author":{"gitId":"ChongXern"},"content":"import interactions.Task;","lastModifiedDate":"2024-02-18"},{"lineNumber":3,"author":{"gitId":"ChongXern"},"content":"","lastModifiedDate":"2024-02-18"},{"lineNumber":4,"author":{"gitId":"ChongXern"},"content":"public class ToDo extends Task {","lastModifiedDate":"2024-02-18"},{"lineNumber":5,"author":{"gitId":"ChongXern"},"content":"    private boolean haveToDo, haveDeadline, isEvent;","lastModifiedDate":"2024-02-18"},{"lineNumber":6,"author":{"gitId":"ChongXern"},"content":"","lastModifiedDate":"2024-02-18"},{"lineNumber":7,"author":{"gitId":"ChongXern"},"content":"    public String getDeadline() {","lastModifiedDate":"2024-02-18"},{"lineNumber":8,"author":{"gitId":"ChongXern"},"content":"        return deadline;","lastModifiedDate":"2024-02-18"},{"lineNumber":9,"author":{"gitId":"ChongXern"},"content":"    }","lastModifiedDate":"2024-02-18"},{"lineNumber":10,"author":{"gitId":"ChongXern"},"content":"    public void setDeadline(String deadline) {","lastModifiedDate":"2024-02-18"},{"lineNumber":11,"author":{"gitId":"ChongXern"},"content":"        this.deadline \u003d deadline;","lastModifiedDate":"2024-02-18"},{"lineNumber":12,"author":{"gitId":"ChongXern"},"content":"        this.haveDeadline \u003d true;","lastModifiedDate":"2024-02-18"},{"lineNumber":13,"author":{"gitId":"ChongXern"},"content":"    }","lastModifiedDate":"2024-02-18"},{"lineNumber":14,"author":{"gitId":"ChongXern"},"content":"    private String deadline;","lastModifiedDate":"2024-02-18"},{"lineNumber":15,"author":{"gitId":"ChongXern"},"content":"","lastModifiedDate":"2024-02-18"},{"lineNumber":16,"author":{"gitId":"ChongXern"},"content":"    public String getEventFrom() {","lastModifiedDate":"2024-02-18"},{"lineNumber":17,"author":{"gitId":"ChongXern"},"content":"        return eventFrom;","lastModifiedDate":"2024-02-18"},{"lineNumber":18,"author":{"gitId":"ChongXern"},"content":"    }","lastModifiedDate":"2024-02-18"},{"lineNumber":19,"author":{"gitId":"ChongXern"},"content":"","lastModifiedDate":"2024-02-18"},{"lineNumber":20,"author":{"gitId":"ChongXern"},"content":"    public void setEventFrom(String eventFrom) {","lastModifiedDate":"2024-02-18"},{"lineNumber":21,"author":{"gitId":"ChongXern"},"content":"        this.eventFrom \u003d eventFrom;","lastModifiedDate":"2024-02-18"},{"lineNumber":22,"author":{"gitId":"ChongXern"},"content":"    }","lastModifiedDate":"2024-02-18"},{"lineNumber":23,"author":{"gitId":"ChongXern"},"content":"","lastModifiedDate":"2024-02-18"},{"lineNumber":24,"author":{"gitId":"ChongXern"},"content":"    private String eventFrom \u003d \"\";","lastModifiedDate":"2024-02-18"},{"lineNumber":25,"author":{"gitId":"ChongXern"},"content":"","lastModifiedDate":"2024-02-18"},{"lineNumber":26,"author":{"gitId":"ChongXern"},"content":"    public String getEventTo() {","lastModifiedDate":"2024-02-18"},{"lineNumber":27,"author":{"gitId":"ChongXern"},"content":"        return eventTo;","lastModifiedDate":"2024-02-18"},{"lineNumber":28,"author":{"gitId":"ChongXern"},"content":"    }","lastModifiedDate":"2024-02-18"},{"lineNumber":29,"author":{"gitId":"ChongXern"},"content":"","lastModifiedDate":"2024-02-18"},{"lineNumber":30,"author":{"gitId":"ChongXern"},"content":"    public void setEventTo(String eventTo) {","lastModifiedDate":"2024-02-18"},{"lineNumber":31,"author":{"gitId":"ChongXern"},"content":"        this.eventTo \u003d eventTo;","lastModifiedDate":"2024-02-18"},{"lineNumber":32,"author":{"gitId":"ChongXern"},"content":"    }","lastModifiedDate":"2024-02-18"},{"lineNumber":33,"author":{"gitId":"ChongXern"},"content":"","lastModifiedDate":"2024-02-18"},{"lineNumber":34,"author":{"gitId":"ChongXern"},"content":"    private String eventTo;","lastModifiedDate":"2024-02-18"},{"lineNumber":35,"author":{"gitId":"ChongXern"},"content":"    public void setEvent(boolean event) {","lastModifiedDate":"2024-02-18"},{"lineNumber":36,"author":{"gitId":"ChongXern"},"content":"        isEvent \u003d event;","lastModifiedDate":"2024-02-18"},{"lineNumber":37,"author":{"gitId":"ChongXern"},"content":"    }","lastModifiedDate":"2024-02-18"},{"lineNumber":38,"author":{"gitId":"ChongXern"},"content":"","lastModifiedDate":"2024-02-18"},{"lineNumber":39,"author":{"gitId":"ChongXern"},"content":"    public void setHaveToDo(boolean haveToDo) {","lastModifiedDate":"2024-02-18"},{"lineNumber":40,"author":{"gitId":"ChongXern"},"content":"        this.haveToDo \u003d haveToDo;","lastModifiedDate":"2024-02-18"},{"lineNumber":41,"author":{"gitId":"ChongXern"},"content":"    }","lastModifiedDate":"2024-02-18"},{"lineNumber":42,"author":{"gitId":"ChongXern"},"content":"","lastModifiedDate":"2024-02-18"},{"lineNumber":43,"author":{"gitId":"ChongXern"},"content":"    public ToDo(String task) {","lastModifiedDate":"2024-02-18"},{"lineNumber":44,"author":{"gitId":"ChongXern"},"content":"        super(task);","lastModifiedDate":"2024-02-18"},{"lineNumber":45,"author":{"gitId":"ChongXern"},"content":"        this.haveToDo \u003d false;","lastModifiedDate":"2024-02-18"},{"lineNumber":46,"author":{"gitId":"ChongXern"},"content":"        this.haveDeadline \u003d false;","lastModifiedDate":"2024-02-18"},{"lineNumber":47,"author":{"gitId":"ChongXern"},"content":"        this.isEvent \u003d false;","lastModifiedDate":"2024-02-18"},{"lineNumber":48,"author":{"gitId":"ChongXern"},"content":"    }","lastModifiedDate":"2024-02-18"},{"lineNumber":49,"author":{"gitId":"ChongXern"},"content":"    @Override","lastModifiedDate":"2024-02-18"},{"lineNumber":50,"author":{"gitId":"ChongXern"},"content":"    public void print() {","lastModifiedDate":"2024-02-18"},{"lineNumber":51,"author":{"gitId":"ChongXern"},"content":"        String taskType \u003d \"[ ]\";","lastModifiedDate":"2024-02-18"},{"lineNumber":52,"author":{"gitId":"ChongXern"},"content":"        String additionalInfo \u003d \"\";","lastModifiedDate":"2024-02-18"},{"lineNumber":53,"author":{"gitId":"ChongXern"},"content":"        if (haveToDo) {","lastModifiedDate":"2024-02-18"},{"lineNumber":54,"author":{"gitId":"ChongXern"},"content":"            taskType \u003d \"[T]\";","lastModifiedDate":"2024-02-18"},{"lineNumber":55,"author":{"gitId":"ChongXern"},"content":"        }","lastModifiedDate":"2024-02-18"},{"lineNumber":56,"author":{"gitId":"ChongXern"},"content":"        else if (haveDeadline) {","lastModifiedDate":"2024-02-18"},{"lineNumber":57,"author":{"gitId":"ChongXern"},"content":"            taskType \u003d \"[D]\";","lastModifiedDate":"2024-02-18"},{"lineNumber":58,"author":{"gitId":"ChongXern"},"content":"            additionalInfo \u003d \" (by: \" + deadline + \")\";","lastModifiedDate":"2024-02-18"},{"lineNumber":59,"author":{"gitId":"ChongXern"},"content":"        }","lastModifiedDate":"2024-02-18"},{"lineNumber":60,"author":{"gitId":"ChongXern"},"content":"        else if (isEvent) {","lastModifiedDate":"2024-02-18"},{"lineNumber":61,"author":{"gitId":"ChongXern"},"content":"            taskType \u003d \"[E]\";","lastModifiedDate":"2024-02-18"},{"lineNumber":62,"author":{"gitId":"ChongXern"},"content":"            additionalInfo \u003d \" (from: \" + eventFrom + \" to: \" + eventTo + \")\";","lastModifiedDate":"2024-02-18"},{"lineNumber":63,"author":{"gitId":"ChongXern"},"content":"        }","lastModifiedDate":"2024-02-18"},{"lineNumber":64,"author":{"gitId":"ChongXern"},"content":"        System.out.print(taskType);","lastModifiedDate":"2024-02-18"},{"lineNumber":65,"author":{"gitId":"ChongXern"},"content":"        System.out.print(isMarked() ? \"[X] \" : \"[ ] \");","lastModifiedDate":"2024-02-18"},{"lineNumber":66,"author":{"gitId":"ChongXern"},"content":"        System.out.println(getTask() + additionalInfo);","lastModifiedDate":"2024-02-18"},{"lineNumber":67,"author":{"gitId":"ChongXern"},"content":"    }","lastModifiedDate":"2024-02-18"},{"lineNumber":68,"author":{"gitId":"ChongXern"},"content":"}","lastModifiedDate":"2024-02-18"}],"authorContributionMap":{"ChongXern":68}},{"path":"src/main/java/interactions/ToDoList.java","fileType":"java","lines":[{"lineNumber":1,"author":{"gitId":"ChongXern"},"content":"package interactions;","lastModifiedDate":"2024-02-18"},{"lineNumber":2,"author":{"gitId":"ChongXern"},"content":"import customexceptions.UnknownPromptException;","lastModifiedDate":"2024-02-18"},{"lineNumber":3,"author":{"gitId":"ChongXern"},"content":"import interactions.*;","lastModifiedDate":"2024-02-18"},{"lineNumber":4,"author":{"gitId":"ChongXern"},"content":"import customexceptions.IncompletePromptException;","lastModifiedDate":"2024-02-18"},{"lineNumber":5,"author":{"gitId":"ChongXern"},"content":"","lastModifiedDate":"2024-02-18"},{"lineNumber":6,"author":{"gitId":"ChongXern"},"content":"public class ToDoList extends TaskList {","lastModifiedDate":"2024-02-18"},{"lineNumber":7,"author":{"gitId":"ChongXern"},"content":"    public ToDoList() {","lastModifiedDate":"2024-02-18"},{"lineNumber":8,"author":{"gitId":"ChongXern"},"content":"        super.currSize \u003d 0;","lastModifiedDate":"2024-02-18"},{"lineNumber":9,"author":{"gitId":"ChongXern"},"content":"        super.list \u003d new ToDo[100];","lastModifiedDate":"2024-02-18"},{"lineNumber":10,"author":{"gitId":"ChongXern"},"content":"    }","lastModifiedDate":"2024-02-18"},{"lineNumber":11,"author":{"gitId":"ChongXern"},"content":"    private String extractToDoOrDate(String line, String keyword) {","lastModifiedDate":"2024-02-18"},{"lineNumber":12,"author":{"gitId":"ChongXern"},"content":"        int index \u003d line.indexOf(keyword) + keyword.length();","lastModifiedDate":"2024-02-18"},{"lineNumber":13,"author":{"gitId":"ChongXern"},"content":"        String nextWord;","lastModifiedDate":"2024-02-18"},{"lineNumber":14,"author":{"gitId":"ChongXern"},"content":"        switch (keyword) {","lastModifiedDate":"2024-02-18"},{"lineNumber":15,"author":{"gitId":"ChongXern"},"content":"        case \"event\":","lastModifiedDate":"2024-02-18"},{"lineNumber":16,"author":{"gitId":"ChongXern"},"content":"            nextWord \u003d \" from\";","lastModifiedDate":"2024-02-18"},{"lineNumber":17,"author":{"gitId":"ChongXern"},"content":"            break;","lastModifiedDate":"2024-02-18"},{"lineNumber":18,"author":{"gitId":"ChongXern"},"content":"        case \"deadline\":","lastModifiedDate":"2024-02-18"},{"lineNumber":19,"author":{"gitId":"ChongXern"},"content":"            nextWord \u003d \" by\";","lastModifiedDate":"2024-02-18"},{"lineNumber":20,"author":{"gitId":"ChongXern"},"content":"            break;","lastModifiedDate":"2024-02-18"},{"lineNumber":21,"author":{"gitId":"ChongXern"},"content":"        case \"from\":","lastModifiedDate":"2024-02-18"},{"lineNumber":22,"author":{"gitId":"ChongXern"},"content":"            nextWord \u003d \" to\";","lastModifiedDate":"2024-02-18"},{"lineNumber":23,"author":{"gitId":"ChongXern"},"content":"            break;","lastModifiedDate":"2024-02-18"},{"lineNumber":24,"author":{"gitId":"ChongXern"},"content":"        default:","lastModifiedDate":"2024-02-18"},{"lineNumber":25,"author":{"gitId":"ChongXern"},"content":"            nextWord \u003d null;","lastModifiedDate":"2024-02-18"},{"lineNumber":26,"author":{"gitId":"ChongXern"},"content":"        }","lastModifiedDate":"2024-02-18"},{"lineNumber":27,"author":{"gitId":"ChongXern"},"content":"        if (nextWord !\u003d null) {","lastModifiedDate":"2024-02-18"},{"lineNumber":28,"author":{"gitId":"ChongXern"},"content":"            int nextIndex \u003d line.indexOf(nextWord, index);","lastModifiedDate":"2024-02-18"},{"lineNumber":29,"author":{"gitId":"ChongXern"},"content":"            if (nextIndex !\u003d -1) {","lastModifiedDate":"2024-02-18"},{"lineNumber":30,"author":{"gitId":"ChongXern"},"content":"                return line.substring(index, nextIndex).trim();","lastModifiedDate":"2024-02-18"},{"lineNumber":31,"author":{"gitId":"ChongXern"},"content":"            }","lastModifiedDate":"2024-02-18"},{"lineNumber":32,"author":{"gitId":"ChongXern"},"content":"            return \"incomplete\";","lastModifiedDate":"2024-02-18"},{"lineNumber":33,"author":{"gitId":"ChongXern"},"content":"        }","lastModifiedDate":"2024-02-18"},{"lineNumber":34,"author":{"gitId":"ChongXern"},"content":"        return line.substring(index).trim();","lastModifiedDate":"2024-02-18"},{"lineNumber":35,"author":{"gitId":"ChongXern"},"content":"    }","lastModifiedDate":"2024-02-18"},{"lineNumber":36,"author":{"gitId":"ChongXern"},"content":"    public void addNewTask(String line, String type) throws IncompletePromptException {","lastModifiedDate":"2024-02-18"},{"lineNumber":37,"author":{"gitId":"ChongXern"},"content":"        String toDoDescription \u003d extractToDoOrDate(line, type);","lastModifiedDate":"2024-02-18"},{"lineNumber":38,"author":{"gitId":"ChongXern"},"content":"        ToDo newToDo \u003d new ToDo(toDoDescription);","lastModifiedDate":"2024-02-18"},{"lineNumber":39,"author":{"gitId":"ChongXern"},"content":"        switch (type) { // only three cases considered","lastModifiedDate":"2024-02-18"},{"lineNumber":40,"author":{"gitId":"ChongXern"},"content":"        case \"todo\":","lastModifiedDate":"2024-02-18"},{"lineNumber":41,"author":{"gitId":"ChongXern"},"content":"            newToDo.setHaveToDo(true);","lastModifiedDate":"2024-02-18"},{"lineNumber":42,"author":{"gitId":"ChongXern"},"content":"            break;","lastModifiedDate":"2024-02-18"},{"lineNumber":43,"author":{"gitId":"ChongXern"},"content":"        case \"deadline\":","lastModifiedDate":"2024-02-18"},{"lineNumber":44,"author":{"gitId":"ChongXern"},"content":"            String deadline \u003d extractToDoOrDate(line, \"by\");","lastModifiedDate":"2024-02-18"},{"lineNumber":45,"author":{"gitId":"ChongXern"},"content":"            if (deadline.equals(\"incomplete\")) {","lastModifiedDate":"2024-02-18"},{"lineNumber":46,"author":{"gitId":"ChongXern"},"content":"                throw new IncompletePromptException();","lastModifiedDate":"2024-02-18"},{"lineNumber":47,"author":{"gitId":"ChongXern"},"content":"            } else {","lastModifiedDate":"2024-02-18"},{"lineNumber":48,"author":{"gitId":"ChongXern"},"content":"                newToDo.setDeadline(deadline);","lastModifiedDate":"2024-02-18"},{"lineNumber":49,"author":{"gitId":"ChongXern"},"content":"            }","lastModifiedDate":"2024-02-18"},{"lineNumber":50,"author":{"gitId":"ChongXern"},"content":"            break;","lastModifiedDate":"2024-02-18"},{"lineNumber":51,"author":{"gitId":"ChongXern"},"content":"        case \"event\":","lastModifiedDate":"2024-02-18"},{"lineNumber":52,"author":{"gitId":"ChongXern"},"content":"            String dateFrom \u003d extractToDoOrDate(line, \"from\");","lastModifiedDate":"2024-02-18"},{"lineNumber":53,"author":{"gitId":"ChongXern"},"content":"            String dateTo \u003d extractToDoOrDate(line, \"to\");","lastModifiedDate":"2024-02-18"},{"lineNumber":54,"author":{"gitId":"ChongXern"},"content":"            if (dateFrom.equals(\"incomplete\") || dateTo.equals(\"incomplete\")) {","lastModifiedDate":"2024-02-18"},{"lineNumber":55,"author":{"gitId":"ChongXern"},"content":"                throw new IncompletePromptException();","lastModifiedDate":"2024-02-18"},{"lineNumber":56,"author":{"gitId":"ChongXern"},"content":"            } else {","lastModifiedDate":"2024-02-18"},{"lineNumber":57,"author":{"gitId":"ChongXern"},"content":"                newToDo.setEventFrom(dateFrom);","lastModifiedDate":"2024-02-18"},{"lineNumber":58,"author":{"gitId":"ChongXern"},"content":"                newToDo.setEventTo(dateTo);","lastModifiedDate":"2024-02-18"},{"lineNumber":59,"author":{"gitId":"ChongXern"},"content":"                newToDo.setEvent(true);","lastModifiedDate":"2024-02-18"},{"lineNumber":60,"author":{"gitId":"ChongXern"},"content":"            }","lastModifiedDate":"2024-02-18"},{"lineNumber":61,"author":{"gitId":"ChongXern"},"content":"            break;","lastModifiedDate":"2024-02-18"},{"lineNumber":62,"author":{"gitId":"ChongXern"},"content":"        }","lastModifiedDate":"2024-02-18"},{"lineNumber":63,"author":{"gitId":"ChongXern"},"content":"        super.list[currSize++] \u003d newToDo;","lastModifiedDate":"2024-02-18"},{"lineNumber":64,"author":{"gitId":"ChongXern"},"content":"        System.out.println(\"Got it. I\u0027ve added this task:\");","lastModifiedDate":"2024-02-18"},{"lineNumber":65,"author":{"gitId":"ChongXern"},"content":"        System.out.print(INDENT);","lastModifiedDate":"2024-02-18"},{"lineNumber":66,"author":{"gitId":"ChongXern"},"content":"        newToDo.print();","lastModifiedDate":"2024-02-18"},{"lineNumber":67,"author":{"gitId":"ChongXern"},"content":"        System.out.println(INDENT + \"Now you have \" + currSize + \" task\" + (currSize \u003e 1 ? \"s \" : \" \") + \"in the list\");","lastModifiedDate":"2024-02-18"},{"lineNumber":68,"author":{"gitId":"ChongXern"},"content":"    }","lastModifiedDate":"2024-02-18"},{"lineNumber":69,"author":{"gitId":"ChongXern"},"content":"}","lastModifiedDate":"2024-02-18"}],"authorContributionMap":{"ChongXern":69}}]
