{"authorDailyContributionsMap":{"ChongXern":[{"date":"2024-01-26","commitResults":[{"hash":"be09f444cdcbaab0858da67d8ba7bfc9992a4a4f","isMergeCommit":false,"messageTitle":"Implemented Rename, Greet, Exit","messageBody":"","fileTypesAndContributionMap":{"java":{"insertions":16,"deletions":0}}}]}]},"authorFileTypeContributionMap":{"ChongXern":{"java":16,"md":0,"fxml":0,"sh":0,"bat":0,"gradle":0,"txt":0}},"authorContributionVariance":{"ChongXern":28.0},"authorDisplayNameMap":{"ChongXern":"HU C..XERN"}}
