[{"path":"src/main/java/Deadline.java","fileType":"java","lines":[{"lineNumber":1,"author":{"gitId":"jasraa"},"content":"class Deadline extends Task {","lastModifiedDate":"2024-02-22"},{"lineNumber":2,"author":{"gitId":"jasraa"},"content":"    private String by;","lastModifiedDate":"2024-02-22"},{"lineNumber":3,"author":{"gitId":"jasraa"},"content":"","lastModifiedDate":"2024-02-22"},{"lineNumber":4,"author":{"gitId":"jasraa"},"content":"    public Deadline(String description, String by) {","lastModifiedDate":"2024-02-22"},{"lineNumber":5,"author":{"gitId":"jasraa"},"content":"        super(description);","lastModifiedDate":"2024-02-22"},{"lineNumber":6,"author":{"gitId":"jasraa"},"content":"        this.by \u003d by;","lastModifiedDate":"2024-02-22"},{"lineNumber":7,"author":{"gitId":"jasraa"},"content":"    }","lastModifiedDate":"2024-02-22"},{"lineNumber":8,"author":{"gitId":"jasraa"},"content":"","lastModifiedDate":"2024-02-22"},{"lineNumber":9,"author":{"gitId":"jasraa"},"content":"    public String getType() {","lastModifiedDate":"2024-02-22"},{"lineNumber":10,"author":{"gitId":"jasraa"},"content":"        return \"[D]\";","lastModifiedDate":"2024-02-22"},{"lineNumber":11,"author":{"gitId":"jasraa"},"content":"    }","lastModifiedDate":"2024-02-22"},{"lineNumber":12,"author":{"gitId":"jasraa"},"content":"}","lastModifiedDate":"2024-02-22"}],"authorContributionMap":{"jasraa":12}},{"path":"src/main/java/Event.java","fileType":"java","lines":[{"lineNumber":1,"author":{"gitId":"jasraa"},"content":"class Event extends Task {","lastModifiedDate":"2024-02-22"},{"lineNumber":2,"author":{"gitId":"jasraa"},"content":"    private String from;","lastModifiedDate":"2024-02-22"},{"lineNumber":3,"author":{"gitId":"jasraa"},"content":"    private String to;","lastModifiedDate":"2024-02-22"},{"lineNumber":4,"author":{"gitId":"jasraa"},"content":"","lastModifiedDate":"2024-02-22"},{"lineNumber":5,"author":{"gitId":"jasraa"},"content":"    public Event(String description, String from, String to) {","lastModifiedDate":"2024-02-22"},{"lineNumber":6,"author":{"gitId":"jasraa"},"content":"        super(description);","lastModifiedDate":"2024-02-22"},{"lineNumber":7,"author":{"gitId":"jasraa"},"content":"        this.from \u003d from;","lastModifiedDate":"2024-02-22"},{"lineNumber":8,"author":{"gitId":"jasraa"},"content":"        this.to \u003d to;","lastModifiedDate":"2024-02-22"},{"lineNumber":9,"author":{"gitId":"jasraa"},"content":"    }","lastModifiedDate":"2024-02-22"},{"lineNumber":10,"author":{"gitId":"jasraa"},"content":"","lastModifiedDate":"2024-02-22"},{"lineNumber":11,"author":{"gitId":"jasraa"},"content":"    public String getType() {","lastModifiedDate":"2024-02-22"},{"lineNumber":12,"author":{"gitId":"jasraa"},"content":"        return \"[E]\";","lastModifiedDate":"2024-02-22"},{"lineNumber":13,"author":{"gitId":"jasraa"},"content":"    }","lastModifiedDate":"2024-02-22"},{"lineNumber":14,"author":{"gitId":"jasraa"},"content":"","lastModifiedDate":"2024-02-22"},{"lineNumber":15,"author":{"gitId":"jasraa"},"content":"    public String toString() {","lastModifiedDate":"2024-02-22"},{"lineNumber":16,"author":{"gitId":"jasraa"},"content":"        return super.toString() + \" (from: \" + from + \" to: \" + to + \")\";","lastModifiedDate":"2024-02-22"},{"lineNumber":17,"author":{"gitId":"jasraa"},"content":"    }","lastModifiedDate":"2024-02-22"},{"lineNumber":18,"author":{"gitId":"jasraa"},"content":"}","lastModifiedDate":"2024-02-22"}],"authorContributionMap":{"jasraa":18}},{"path":"src/main/java/Joey.java","fileType":"java","lines":[{"lineNumber":1,"author":{"gitId":"jasraa"},"content":"import java.util.Scanner;","lastModifiedDate":"2024-02-03"},{"lineNumber":2,"author":{"gitId":"jasraa"},"content":"","lastModifiedDate":"2024-02-03"},{"lineNumber":3,"author":{"gitId":"jasraa"},"content":"","lastModifiedDate":"2024-02-05"},{"lineNumber":4,"author":{"gitId":"jasraa"},"content":"public class Joey {","lastModifiedDate":"2024-02-03"},{"lineNumber":5,"author":{"gitId":"jasraa"},"content":"    private static final String DASHED_LINE \u003d \"____________________________________________________________\";","lastModifiedDate":"2024-02-22"},{"lineNumber":6,"author":{"gitId":"jasraa"},"content":"    public static void main(String[] args) throws JoeyException {","lastModifiedDate":"2024-02-22"},{"lineNumber":7,"author":{"gitId":"jasraa"},"content":"        System.out.println(\"Hello! I\u0027m Joey\");","lastModifiedDate":"2024-02-03"},{"lineNumber":8,"author":{"gitId":"jasraa"},"content":"        System.out.println(\"What can I do for you?\");","lastModifiedDate":"2024-02-03"},{"lineNumber":9,"author":{"gitId":"jasraa"},"content":"        System.out.println(DASHED_LINE);","lastModifiedDate":"2024-02-22"},{"lineNumber":10,"author":{"gitId":"jasraa"},"content":"","lastModifiedDate":"2024-02-03"},{"lineNumber":11,"author":{"gitId":"jasraa"},"content":"        Scanner scanner \u003d new Scanner(System.in);","lastModifiedDate":"2024-02-03"},{"lineNumber":12,"author":{"gitId":"jasraa"},"content":"        Task[] tasks \u003d new Task[100];","lastModifiedDate":"2024-02-04"},{"lineNumber":13,"author":{"gitId":"jasraa"},"content":"        int taskCount \u003d 0;","lastModifiedDate":"2024-02-03"},{"lineNumber":14,"author":{"gitId":"jasraa"},"content":"","lastModifiedDate":"2024-02-03"},{"lineNumber":15,"author":{"gitId":"jasraa"},"content":"        while (true) {","lastModifiedDate":"2024-02-03"},{"lineNumber":16,"author":{"gitId":"jasraa"},"content":"            String userCommand \u003d scanner.nextLine();","lastModifiedDate":"2024-02-03"},{"lineNumber":17,"author":{"gitId":"jasraa"},"content":"            System.out.println(DASHED_LINE);","lastModifiedDate":"2024-02-22"},{"lineNumber":18,"author":{"gitId":"jasraa"},"content":"","lastModifiedDate":"2024-02-03"},{"lineNumber":19,"author":{"gitId":"jasraa"},"content":"            if (userCommand.equalsIgnoreCase(\"bye\")) {","lastModifiedDate":"2024-02-03"},{"lineNumber":20,"author":{"gitId":"jasraa"},"content":"                System.out.println(\" bye bye, take care:)!\");","lastModifiedDate":"2024-02-03"},{"lineNumber":21,"author":{"gitId":"jasraa"},"content":"                System.out.println(DASHED_LINE);","lastModifiedDate":"2024-02-22"},{"lineNumber":22,"author":{"gitId":"jasraa"},"content":"                break;","lastModifiedDate":"2024-02-03"},{"lineNumber":23,"author":{"gitId":"jasraa"},"content":"            } else if (userCommand.equalsIgnoreCase(\"list\")) {","lastModifiedDate":"2024-02-03"},{"lineNumber":24,"author":{"gitId":"jasraa"},"content":"                System.out.println(\" Here are the tasks in your list:\");","lastModifiedDate":"2024-02-04"},{"lineNumber":25,"author":{"gitId":"jasraa"},"content":"                for (int i \u003d 0; i \u003c taskCount; i++) {","lastModifiedDate":"2024-02-03"},{"lineNumber":26,"author":{"gitId":"jasraa"},"content":"                    Task task \u003d tasks[i];","lastModifiedDate":"2024-02-04"},{"lineNumber":27,"author":{"gitId":"jasraa"},"content":"                    System.out.println(\" \" + (i + 1) + \".\" + task.getType() + \"[\" + (task.isDone() ? \"X\" : \" \") + \"] \" + task.getDescription());","lastModifiedDate":"2024-02-05"},{"lineNumber":28,"author":{"gitId":"jasraa"},"content":"                }","lastModifiedDate":"2024-02-03"},{"lineNumber":29,"author":{"gitId":"jasraa"},"content":"                System.out.println(DASHED_LINE);","lastModifiedDate":"2024-02-22"},{"lineNumber":30,"author":{"gitId":"jasraa"},"content":"            } else if (userCommand.startsWith(\"todo\")) {","lastModifiedDate":"2024-02-05"},{"lineNumber":31,"author":{"gitId":"jasraa"},"content":"                try {","lastModifiedDate":"2024-02-22"},{"lineNumber":32,"author":{"gitId":"jasraa"},"content":"                    String description \u003d userCommand.substring(5).trim();","lastModifiedDate":"2024-02-22"},{"lineNumber":33,"author":{"gitId":"jasraa"},"content":"                    if (description.isEmpty()) {","lastModifiedDate":"2024-02-22"},{"lineNumber":34,"author":{"gitId":"jasraa"},"content":"                        throw new JoeyException(\"Hey girlie, the description of the todo can\u0027t be empty. Follow this format instead: todo buy eggs\");","lastModifiedDate":"2024-02-22"},{"lineNumber":35,"author":{"gitId":"jasraa"},"content":"                    }","lastModifiedDate":"2024-02-22"},{"lineNumber":36,"author":{"gitId":"jasraa"},"content":"                    tasks[taskCount] \u003d new Todo(description);","lastModifiedDate":"2024-02-05"},{"lineNumber":37,"author":{"gitId":"jasraa"},"content":"                    taskCount++;","lastModifiedDate":"2024-02-05"},{"lineNumber":38,"author":{"gitId":"jasraa"},"content":"                    System.out.println(\" Got it. I\u0027ve added this task:\");","lastModifiedDate":"2024-02-05"},{"lineNumber":39,"author":{"gitId":"jasraa"},"content":"                    System.out.println(\"   \" + tasks[taskCount - 1]);","lastModifiedDate":"2024-02-05"},{"lineNumber":40,"author":{"gitId":"jasraa"},"content":"                    System.out.println(\" Now you have \" + taskCount + \" tasks in the list.\");","lastModifiedDate":"2024-02-05"},{"lineNumber":41,"author":{"gitId":"jasraa"},"content":"                    System.out.println(DASHED_LINE);","lastModifiedDate":"2024-02-22"},{"lineNumber":42,"author":{"gitId":"jasraa"},"content":"                } catch (StringIndexOutOfBoundsException e) {","lastModifiedDate":"2024-02-22"},{"lineNumber":43,"author":{"gitId":"jasraa"},"content":"                    System.out.println(\"OOPS!!! The description of a todo cannot be empty.\");","lastModifiedDate":"2024-02-22"},{"lineNumber":44,"author":{"gitId":"jasraa"},"content":"                    System.out.println(DASHED_LINE);","lastModifiedDate":"2024-02-22"},{"lineNumber":45,"author":{"gitId":"jasraa"},"content":"                } catch (JoeyException e) {","lastModifiedDate":"2024-02-22"},{"lineNumber":46,"author":{"gitId":"jasraa"},"content":"                    System.out.println(\"OOPS!!! \" + e.getMessage());","lastModifiedDate":"2024-02-22"},{"lineNumber":47,"author":{"gitId":"jasraa"},"content":"                    System.out.println(DASHED_LINE );","lastModifiedDate":"2024-02-22"},{"lineNumber":48,"author":{"gitId":"jasraa"},"content":"                }","lastModifiedDate":"2024-02-22"},{"lineNumber":49,"author":{"gitId":"jasraa"},"content":"            } else if (userCommand.startsWith(\"deadline\")) {","lastModifiedDate":"2024-02-05"},{"lineNumber":50,"author":{"gitId":"jasraa"},"content":"                try {","lastModifiedDate":"2024-02-22"},{"lineNumber":51,"author":{"gitId":"jasraa"},"content":"                    String[] parts \u003d userCommand.substring(9).split(\"/by\");","lastModifiedDate":"2024-02-05"},{"lineNumber":52,"author":{"gitId":"jasraa"},"content":"                    if (parts.length !\u003d 2) {","lastModifiedDate":"2024-02-22"},{"lineNumber":53,"author":{"gitId":"jasraa"},"content":"                        throw new JoeyException(\"Hey girlie, please provide both description and deadline for the deadline task. Follow this format instead: deadline return book /by Sunday\");","lastModifiedDate":"2024-02-22"},{"lineNumber":54,"author":{"gitId":"jasraa"},"content":"                    }","lastModifiedDate":"2024-02-22"},{"lineNumber":55,"author":{"gitId":"jasraa"},"content":"","lastModifiedDate":"2024-02-22"},{"lineNumber":56,"author":{"gitId":"jasraa"},"content":"                    String description \u003d parts[0].trim();","lastModifiedDate":"2024-02-05"},{"lineNumber":57,"author":{"gitId":"jasraa"},"content":"                    String by \u003d parts[1].trim();","lastModifiedDate":"2024-02-05"},{"lineNumber":58,"author":{"gitId":"jasraa"},"content":"","lastModifiedDate":"2024-02-22"},{"lineNumber":59,"author":{"gitId":"jasraa"},"content":"                    if (description.isEmpty() || by.isEmpty()) {","lastModifiedDate":"2024-02-22"},{"lineNumber":60,"author":{"gitId":"jasraa"},"content":"                        throw new JoeyException(\"Hey girlie, the description and deadline for the deadline task can\u0027t be empty. Follow this format instead: deadline return book /by Sunday\");","lastModifiedDate":"2024-02-22"},{"lineNumber":61,"author":{"gitId":"jasraa"},"content":"                    }","lastModifiedDate":"2024-02-22"},{"lineNumber":62,"author":{"gitId":"jasraa"},"content":"","lastModifiedDate":"2024-02-22"},{"lineNumber":63,"author":{"gitId":"jasraa"},"content":"                    tasks[taskCount] \u003d new Deadline(description, by);","lastModifiedDate":"2024-02-05"},{"lineNumber":64,"author":{"gitId":"jasraa"},"content":"                    taskCount++;","lastModifiedDate":"2024-02-05"},{"lineNumber":65,"author":{"gitId":"jasraa"},"content":"                    System.out.println(\" Got it. I\u0027ve added this task:\");","lastModifiedDate":"2024-02-05"},{"lineNumber":66,"author":{"gitId":"jasraa"},"content":"                    System.out.println(\"   \" + tasks[taskCount - 1]);","lastModifiedDate":"2024-02-05"},{"lineNumber":67,"author":{"gitId":"jasraa"},"content":"                    System.out.println(\" Now you have \" + taskCount + \" tasks in the list.\");","lastModifiedDate":"2024-02-05"},{"lineNumber":68,"author":{"gitId":"jasraa"},"content":"                    System.out.println(DASHED_LINE);","lastModifiedDate":"2024-02-22"},{"lineNumber":69,"author":{"gitId":"jasraa"},"content":"                } catch (StringIndexOutOfBoundsException e) {","lastModifiedDate":"2024-02-22"},{"lineNumber":70,"author":{"gitId":"jasraa"},"content":"                    System.out.println(\"OOPS!!! Hey girlie, please provide both description and deadline for the deadline task. Follow this format instead: deadline return book /by Sunday\");","lastModifiedDate":"2024-02-22"},{"lineNumber":71,"author":{"gitId":"jasraa"},"content":"                    System.out.println(DASHED_LINE);","lastModifiedDate":"2024-02-22"},{"lineNumber":72,"author":{"gitId":"jasraa"},"content":"                } catch (JoeyException e) {","lastModifiedDate":"2024-02-22"},{"lineNumber":73,"author":{"gitId":"jasraa"},"content":"                    System.out.println(\"OOPS!!! \" + e.getMessage());","lastModifiedDate":"2024-02-22"},{"lineNumber":74,"author":{"gitId":"jasraa"},"content":"                    System.out.println(DASHED_LINE);","lastModifiedDate":"2024-02-22"},{"lineNumber":75,"author":{"gitId":"jasraa"},"content":"                }","lastModifiedDate":"2024-02-22"},{"lineNumber":76,"author":{"gitId":"jasraa"},"content":"            } else if (userCommand.startsWith(\"event\")) {","lastModifiedDate":"2024-02-05"},{"lineNumber":77,"author":{"gitId":"jasraa"},"content":"                try {","lastModifiedDate":"2024-02-22"},{"lineNumber":78,"author":{"gitId":"jasraa"},"content":"                    String[] parts \u003d userCommand.split(\"/from\");","lastModifiedDate":"2024-02-22"},{"lineNumber":79,"author":{"gitId":"jasraa"},"content":"                    if (parts.length !\u003d 2) {","lastModifiedDate":"2024-02-22"},{"lineNumber":80,"author":{"gitId":"jasraa"},"content":"                        throw new JoeyException(\"Hey girlie, please provide both description, start time, and end time for the event task. Follow this format instead: event project meeting /from Mon 2pm /to 4pm\");","lastModifiedDate":"2024-02-22"},{"lineNumber":81,"author":{"gitId":"jasraa"},"content":"                    }","lastModifiedDate":"2024-02-22"},{"lineNumber":82,"author":{"gitId":"jasraa"},"content":"","lastModifiedDate":"2024-02-22"},{"lineNumber":83,"author":{"gitId":"jasraa"},"content":"                    String description \u003d parts[0].substring(6).trim();","lastModifiedDate":"2024-02-22"},{"lineNumber":84,"author":{"gitId":"jasraa"},"content":"                    String[] timingParts \u003d parts[1].split(\"/to\");","lastModifiedDate":"2024-02-22"},{"lineNumber":85,"author":{"gitId":"jasraa"},"content":"                    if (timingParts.length !\u003d 2) {","lastModifiedDate":"2024-02-22"},{"lineNumber":86,"author":{"gitId":"jasraa"},"content":"                        throw new JoeyException(\"Hey girlie, please provide both description, start time, and end time for the event task. Follow this format instead: event project meeting /from Mon 2pm /to 4pm\");","lastModifiedDate":"2024-02-22"},{"lineNumber":87,"author":{"gitId":"jasraa"},"content":"                    }","lastModifiedDate":"2024-02-22"},{"lineNumber":88,"author":{"gitId":"jasraa"},"content":"","lastModifiedDate":"2024-02-22"},{"lineNumber":89,"author":{"gitId":"jasraa"},"content":"                    String from \u003d timingParts[0].trim();","lastModifiedDate":"2024-02-22"},{"lineNumber":90,"author":{"gitId":"jasraa"},"content":"                    String to \u003d timingParts[1].trim();","lastModifiedDate":"2024-02-22"},{"lineNumber":91,"author":{"gitId":"jasraa"},"content":"","lastModifiedDate":"2024-02-22"},{"lineNumber":92,"author":{"gitId":"jasraa"},"content":"                    if (description.isEmpty() || from.isEmpty() || to.isEmpty()) {","lastModifiedDate":"2024-02-22"},{"lineNumber":93,"author":{"gitId":"jasraa"},"content":"                        throw new JoeyException(\"Hey girlie, please provide both description, start time, and end time for the event task. Follow this format instead: event project meeting /from Mon 2pm /to 4pm\");","lastModifiedDate":"2024-02-22"},{"lineNumber":94,"author":{"gitId":"jasraa"},"content":"                    }","lastModifiedDate":"2024-02-22"},{"lineNumber":95,"author":{"gitId":"jasraa"},"content":"","lastModifiedDate":"2024-02-22"},{"lineNumber":96,"author":{"gitId":"jasraa"},"content":"                    tasks[taskCount] \u003d new Event(description, from, to);","lastModifiedDate":"2024-02-05"},{"lineNumber":97,"author":{"gitId":"jasraa"},"content":"                    taskCount++;","lastModifiedDate":"2024-02-05"},{"lineNumber":98,"author":{"gitId":"jasraa"},"content":"                    System.out.println(\" Got it. I\u0027ve added this task:\");","lastModifiedDate":"2024-02-05"},{"lineNumber":99,"author":{"gitId":"jasraa"},"content":"                    System.out.println(\"   \" + tasks[taskCount - 1]);","lastModifiedDate":"2024-02-05"},{"lineNumber":100,"author":{"gitId":"jasraa"},"content":"                    System.out.println(\" Now you have \" + taskCount + \" tasks in the list.\");","lastModifiedDate":"2024-02-05"},{"lineNumber":101,"author":{"gitId":"jasraa"},"content":"                    System.out.println(DASHED_LINE);","lastModifiedDate":"2024-02-22"},{"lineNumber":102,"author":{"gitId":"jasraa"},"content":"                } catch (JoeyException e) {","lastModifiedDate":"2024-02-22"},{"lineNumber":103,"author":{"gitId":"jasraa"},"content":"                    System.out.println(\"OOPS!!! \" + e.getMessage());","lastModifiedDate":"2024-02-22"},{"lineNumber":104,"author":{"gitId":"jasraa"},"content":"                    System.out.println(DASHED_LINE);","lastModifiedDate":"2024-02-22"},{"lineNumber":105,"author":{"gitId":"jasraa"},"content":"                }","lastModifiedDate":"2024-02-22"},{"lineNumber":106,"author":{"gitId":"jasraa"},"content":"            } else if (userCommand.startsWith(\"mark\")) {","lastModifiedDate":"2024-02-04"},{"lineNumber":107,"author":{"gitId":"jasraa"},"content":"                int taskIndex \u003d Integer.parseInt(userCommand.split(\" \")[1]) - 1;","lastModifiedDate":"2024-02-04"},{"lineNumber":108,"author":{"gitId":"jasraa"},"content":"                if (taskIndex \u003e\u003d 0 \u0026\u0026 taskIndex \u003c taskCount) {","lastModifiedDate":"2024-02-04"},{"lineNumber":109,"author":{"gitId":"jasraa"},"content":"                    Task task \u003d tasks[taskIndex];","lastModifiedDate":"2024-02-04"},{"lineNumber":110,"author":{"gitId":"jasraa"},"content":"                    task.markDone();","lastModifiedDate":"2024-02-04"},{"lineNumber":111,"author":{"gitId":"jasraa"},"content":"                    System.out.println(\" Nice! I\u0027ve marked this task as done:\");","lastModifiedDate":"2024-02-04"},{"lineNumber":112,"author":{"gitId":"jasraa"},"content":"                    System.out.println(\"   [\" + (task.isDone() ? \"X\" : \" \") + \"] \" + task.getDescription());","lastModifiedDate":"2024-02-04"},{"lineNumber":113,"author":{"gitId":"jasraa"},"content":"                    System.out.println(DASHED_LINE);","lastModifiedDate":"2024-02-22"},{"lineNumber":114,"author":{"gitId":"jasraa"},"content":"                } else {","lastModifiedDate":"2024-02-04"},{"lineNumber":115,"author":{"gitId":"jasraa"},"content":"                    System.out.println(\" Task not found. Please enter a valid task number OR enter \u0027list\u0027 to view your current list:)\");","lastModifiedDate":"2024-02-04"},{"lineNumber":116,"author":{"gitId":"jasraa"},"content":"                    System.out.println(DASHED_LINE);","lastModifiedDate":"2024-02-22"},{"lineNumber":117,"author":{"gitId":"jasraa"},"content":"                }","lastModifiedDate":"2024-02-04"},{"lineNumber":118,"author":{"gitId":"jasraa"},"content":"            } else if (userCommand.startsWith(\"unmark\")) {","lastModifiedDate":"2024-02-04"},{"lineNumber":119,"author":{"gitId":"jasraa"},"content":"                int taskIndex \u003d Integer.parseInt(userCommand.split(\" \")[1]) - 1;","lastModifiedDate":"2024-02-04"},{"lineNumber":120,"author":{"gitId":"jasraa"},"content":"                if (taskIndex \u003e\u003d 0 \u0026\u0026 taskIndex \u003c taskCount) {","lastModifiedDate":"2024-02-04"},{"lineNumber":121,"author":{"gitId":"jasraa"},"content":"                    Task task \u003d tasks[taskIndex];","lastModifiedDate":"2024-02-04"},{"lineNumber":122,"author":{"gitId":"jasraa"},"content":"                    task.markNotDone();","lastModifiedDate":"2024-02-04"},{"lineNumber":123,"author":{"gitId":"jasraa"},"content":"                    System.out.println(\" okay, I have marked this task as not done yet:\");","lastModifiedDate":"2024-02-04"},{"lineNumber":124,"author":{"gitId":"jasraa"},"content":"                    System.out.println(\"   [\" + (task.isDone() ? \"X\" : \" \") + \"] \" + task.getDescription());","lastModifiedDate":"2024-02-04"},{"lineNumber":125,"author":{"gitId":"jasraa"},"content":"                    System.out.println(DASHED_LINE);","lastModifiedDate":"2024-02-22"},{"lineNumber":126,"author":{"gitId":"jasraa"},"content":"                } else {","lastModifiedDate":"2024-02-04"},{"lineNumber":127,"author":{"gitId":"jasraa"},"content":"                    System.out.println(\" Task not found. Please enter a valid task number OR enter \u0027list\u0027 to view your current list:)\");","lastModifiedDate":"2024-02-04"},{"lineNumber":128,"author":{"gitId":"jasraa"},"content":"                    System.out.println(DASHED_LINE);","lastModifiedDate":"2024-02-22"},{"lineNumber":129,"author":{"gitId":"jasraa"},"content":"                }","lastModifiedDate":"2024-02-04"},{"lineNumber":130,"author":{"gitId":"jasraa"},"content":"            } else if (userCommand.startsWith(\"delete\")) {","lastModifiedDate":"2024-02-22"},{"lineNumber":131,"author":{"gitId":"jasraa"},"content":"                try {","lastModifiedDate":"2024-02-22"},{"lineNumber":132,"author":{"gitId":"jasraa"},"content":"                    int taskIndex \u003d Integer.parseInt(userCommand.split(\" \")[1]) - 1;","lastModifiedDate":"2024-02-22"},{"lineNumber":133,"author":{"gitId":"jasraa"},"content":"","lastModifiedDate":"2024-02-22"},{"lineNumber":134,"author":{"gitId":"jasraa"},"content":"                    if (taskIndex \u003e\u003d 0 \u0026\u0026 taskIndex \u003c taskCount) {","lastModifiedDate":"2024-02-22"},{"lineNumber":135,"author":{"gitId":"jasraa"},"content":"                        Task removedTask \u003d tasks[taskIndex];","lastModifiedDate":"2024-02-22"},{"lineNumber":136,"author":{"gitId":"jasraa"},"content":"","lastModifiedDate":"2024-02-22"},{"lineNumber":137,"author":{"gitId":"jasraa"},"content":"                        // Shift the array to remove the task","lastModifiedDate":"2024-02-22"},{"lineNumber":138,"author":{"gitId":"jasraa"},"content":"                        System.arraycopy(tasks, taskIndex + 1, tasks, taskIndex, taskCount - taskIndex - 1);","lastModifiedDate":"2024-02-22"},{"lineNumber":139,"author":{"gitId":"jasraa"},"content":"                        taskCount--;","lastModifiedDate":"2024-02-22"},{"lineNumber":140,"author":{"gitId":"jasraa"},"content":"","lastModifiedDate":"2024-02-22"},{"lineNumber":141,"author":{"gitId":"jasraa"},"content":"                        System.out.println(\" Noted. I\u0027ve removed this task:\");","lastModifiedDate":"2024-02-22"},{"lineNumber":142,"author":{"gitId":"jasraa"},"content":"                        System.out.println(\"   \" + removedTask);","lastModifiedDate":"2024-02-22"},{"lineNumber":143,"author":{"gitId":"jasraa"},"content":"                        System.out.println(\" Now you have \" + taskCount + \" tasks in the list.\");","lastModifiedDate":"2024-02-22"},{"lineNumber":144,"author":{"gitId":"jasraa"},"content":"                        System.out.println(DASHED_LINE);","lastModifiedDate":"2024-02-22"},{"lineNumber":145,"author":{"gitId":"jasraa"},"content":"                    } else {","lastModifiedDate":"2024-02-22"},{"lineNumber":146,"author":{"gitId":"jasraa"},"content":"                        System.out.println(\" Task not found. Please enter a valid task number OR enter \u0027list\u0027 to view your current list:)\");","lastModifiedDate":"2024-02-22"},{"lineNumber":147,"author":{"gitId":"jasraa"},"content":"                        System.out.println(DASHED_LINE);","lastModifiedDate":"2024-02-22"},{"lineNumber":148,"author":{"gitId":"jasraa"},"content":"                    }","lastModifiedDate":"2024-02-22"},{"lineNumber":149,"author":{"gitId":"jasraa"},"content":"                } catch (NumberFormatException e) {","lastModifiedDate":"2024-02-22"},{"lineNumber":150,"author":{"gitId":"jasraa"},"content":"                    System.out.println(\" Please enter a valid task number to delete.\");","lastModifiedDate":"2024-02-22"},{"lineNumber":151,"author":{"gitId":"jasraa"},"content":"                    System.out.println(DASHED_LINE);","lastModifiedDate":"2024-02-22"},{"lineNumber":152,"author":{"gitId":"jasraa"},"content":"                }","lastModifiedDate":"2024-02-22"},{"lineNumber":153,"author":{"gitId":"jasraa"},"content":"            } else {","lastModifiedDate":"2024-02-03"},{"lineNumber":154,"author":{"gitId":"jasraa"},"content":"                tasks[taskCount] \u003d new Task(userCommand);","lastModifiedDate":"2024-02-04"},{"lineNumber":155,"author":{"gitId":"jasraa"},"content":"                taskCount++;","lastModifiedDate":"2024-02-03"},{"lineNumber":156,"author":{"gitId":"jasraa"},"content":"                System.out.println(\" added: \" + userCommand);","lastModifiedDate":"2024-02-03"},{"lineNumber":157,"author":{"gitId":"jasraa"},"content":"                System.out.println(DASHED_LINE);","lastModifiedDate":"2024-02-22"},{"lineNumber":158,"author":{"gitId":"jasraa"},"content":"            }","lastModifiedDate":"2024-02-03"},{"lineNumber":159,"author":{"gitId":"jasraa"},"content":"        }","lastModifiedDate":"2024-02-03"},{"lineNumber":160,"author":{"gitId":"jasraa"},"content":"        scanner.close();","lastModifiedDate":"2024-02-03"},{"lineNumber":161,"author":{"gitId":"jasraa"},"content":"    }","lastModifiedDate":"2024-02-03"},{"lineNumber":162,"author":{"gitId":"jasraa"},"content":"}","lastModifiedDate":"2024-02-03"}],"authorContributionMap":{"jasraa":162}},{"path":"src/main/java/JoeyException.java","fileType":"java","lines":[{"lineNumber":1,"author":{"gitId":"jasraa"},"content":"class JoeyException extends Exception {","lastModifiedDate":"2024-02-22"},{"lineNumber":2,"author":{"gitId":"jasraa"},"content":"    public JoeyException(String message) {","lastModifiedDate":"2024-02-22"},{"lineNumber":3,"author":{"gitId":"jasraa"},"content":"        super(message);","lastModifiedDate":"2024-02-22"},{"lineNumber":4,"author":{"gitId":"jasraa"},"content":"    }","lastModifiedDate":"2024-02-22"},{"lineNumber":5,"author":{"gitId":"jasraa"},"content":"}","lastModifiedDate":"2024-02-22"}],"authorContributionMap":{"jasraa":5}},{"path":"src/main/java/Task.java","fileType":"java","lines":[{"lineNumber":1,"author":{"gitId":"jasraa"},"content":"class Task {","lastModifiedDate":"2024-02-22"},{"lineNumber":2,"author":{"gitId":"jasraa"},"content":"    private String description;","lastModifiedDate":"2024-02-22"},{"lineNumber":3,"author":{"gitId":"jasraa"},"content":"    private boolean isDone;","lastModifiedDate":"2024-02-22"},{"lineNumber":4,"author":{"gitId":"jasraa"},"content":"","lastModifiedDate":"2024-02-22"},{"lineNumber":5,"author":{"gitId":"jasraa"},"content":"    public Task(String description) {","lastModifiedDate":"2024-02-22"},{"lineNumber":6,"author":{"gitId":"jasraa"},"content":"        this.description \u003d description;","lastModifiedDate":"2024-02-22"},{"lineNumber":7,"author":{"gitId":"jasraa"},"content":"        this.isDone \u003d false;","lastModifiedDate":"2024-02-22"},{"lineNumber":8,"author":{"gitId":"jasraa"},"content":"    }","lastModifiedDate":"2024-02-22"},{"lineNumber":9,"author":{"gitId":"jasraa"},"content":"","lastModifiedDate":"2024-02-22"},{"lineNumber":10,"author":{"gitId":"jasraa"},"content":"    public String getDescription() {","lastModifiedDate":"2024-02-22"},{"lineNumber":11,"author":{"gitId":"jasraa"},"content":"        return description;","lastModifiedDate":"2024-02-22"},{"lineNumber":12,"author":{"gitId":"jasraa"},"content":"    }","lastModifiedDate":"2024-02-22"},{"lineNumber":13,"author":{"gitId":"jasraa"},"content":"","lastModifiedDate":"2024-02-22"},{"lineNumber":14,"author":{"gitId":"jasraa"},"content":"    public boolean isDone() {","lastModifiedDate":"2024-02-22"},{"lineNumber":15,"author":{"gitId":"jasraa"},"content":"        return isDone;","lastModifiedDate":"2024-02-22"},{"lineNumber":16,"author":{"gitId":"jasraa"},"content":"    }","lastModifiedDate":"2024-02-22"},{"lineNumber":17,"author":{"gitId":"jasraa"},"content":"","lastModifiedDate":"2024-02-22"},{"lineNumber":18,"author":{"gitId":"jasraa"},"content":"    public void markDone() {","lastModifiedDate":"2024-02-22"},{"lineNumber":19,"author":{"gitId":"jasraa"},"content":"        isDone \u003d true;","lastModifiedDate":"2024-02-22"},{"lineNumber":20,"author":{"gitId":"jasraa"},"content":"    }","lastModifiedDate":"2024-02-22"},{"lineNumber":21,"author":{"gitId":"jasraa"},"content":"","lastModifiedDate":"2024-02-22"},{"lineNumber":22,"author":{"gitId":"jasraa"},"content":"    public void markNotDone() {","lastModifiedDate":"2024-02-22"},{"lineNumber":23,"author":{"gitId":"jasraa"},"content":"        isDone \u003d false;","lastModifiedDate":"2024-02-22"},{"lineNumber":24,"author":{"gitId":"jasraa"},"content":"    }","lastModifiedDate":"2024-02-22"},{"lineNumber":25,"author":{"gitId":"jasraa"},"content":"    public String getStatusIcon() {","lastModifiedDate":"2024-02-22"},{"lineNumber":26,"author":{"gitId":"jasraa"},"content":"        return (isDone ? \"[X]\" : \"[ ]\");","lastModifiedDate":"2024-02-22"},{"lineNumber":27,"author":{"gitId":"jasraa"},"content":"    }","lastModifiedDate":"2024-02-22"},{"lineNumber":28,"author":{"gitId":"jasraa"},"content":"","lastModifiedDate":"2024-02-22"},{"lineNumber":29,"author":{"gitId":"jasraa"},"content":"    public String getType() {","lastModifiedDate":"2024-02-22"},{"lineNumber":30,"author":{"gitId":"jasraa"},"content":"        return \"\";","lastModifiedDate":"2024-02-22"},{"lineNumber":31,"author":{"gitId":"jasraa"},"content":"    }","lastModifiedDate":"2024-02-22"},{"lineNumber":32,"author":{"gitId":"jasraa"},"content":"","lastModifiedDate":"2024-02-22"},{"lineNumber":33,"author":{"gitId":"jasraa"},"content":"    public String toString() {","lastModifiedDate":"2024-02-22"},{"lineNumber":34,"author":{"gitId":"jasraa"},"content":"        return getType() + \" \" + getStatusIcon() + \" \" + description;","lastModifiedDate":"2024-02-22"},{"lineNumber":35,"author":{"gitId":"jasraa"},"content":"    }","lastModifiedDate":"2024-02-22"},{"lineNumber":36,"author":{"gitId":"jasraa"},"content":"}","lastModifiedDate":"2024-02-22"}],"authorContributionMap":{"jasraa":36}},{"path":"src/main/java/Todo.java","fileType":"java","lines":[{"lineNumber":1,"author":{"gitId":"jasraa"},"content":"class Todo extends Task {","lastModifiedDate":"2024-02-22"},{"lineNumber":2,"author":{"gitId":"jasraa"},"content":"    public Todo(String description) {","lastModifiedDate":"2024-02-22"},{"lineNumber":3,"author":{"gitId":"jasraa"},"content":"        super(description);","lastModifiedDate":"2024-02-22"},{"lineNumber":4,"author":{"gitId":"jasraa"},"content":"    }","lastModifiedDate":"2024-02-22"},{"lineNumber":5,"author":{"gitId":"jasraa"},"content":"","lastModifiedDate":"2024-02-22"},{"lineNumber":6,"author":{"gitId":"jasraa"},"content":"    public String getType() {","lastModifiedDate":"2024-02-22"},{"lineNumber":7,"author":{"gitId":"jasraa"},"content":"        return \"[T]\";","lastModifiedDate":"2024-02-22"},{"lineNumber":8,"author":{"gitId":"jasraa"},"content":"    }","lastModifiedDate":"2024-02-22"},{"lineNumber":9,"author":{"gitId":"jasraa"},"content":"}","lastModifiedDate":"2024-02-22"}],"authorContributionMap":{"jasraa":9}}]
