{"authorDailyContributionsMap":{"jasraa":[{"date":"2024-02-03","commitResults":[{"hash":"5f2d894bcd57e5c03fd19ecb2b576d63ee494fb5","isMergeCommit":false,"messageTitle":"Added level 0 functionality","messageBody":"","tags":["Level-0"],"fileTypesAndContributionMap":{"java":{"insertions":10,"deletions":10}}},{"hash":"7fa5a45661474fc9a13c30d7391462f13029d8fe","isMergeCommit":false,"messageTitle":"Added Level 1 functionality: Echo","messageBody":"","tags":["Level-1"],"fileTypesAndContributionMap":{"java":{"insertions":20,"deletions":4}}},{"hash":"ab9e20bc4408393ec77a4bbe025bd5071c9ef819","isMergeCommit":false,"messageTitle":"Added level 2 functionality: Add, List. Change the message printed for the \"bye\" scan to add more personality for joey!","messageBody":"","tags":["Level-2"],"fileTypesAndContributionMap":{"java":{"insertions":17,"deletions":7}}}]},{"date":"2024-02-04","commitResults":[{"hash":"d67243ebbd950f4930d5c64e7de83398d8a278ad","isMergeCommit":false,"messageTitle":"Added level 3 functionality: Mark as Done","messageBody":"","tags":["Level-3"],"fileTypesAndContributionMap":{"java":{"insertions":57,"deletions":3}}}]},{"date":"2024-02-05","commitResults":[{"hash":"afa0c800543ec3f28b457d613bb4012333e59f59","isMergeCommit":false,"messageTitle":"Added level 4 functionaility: ToDos, Events, Deadlines","messageBody":"","tags":["Level-4"],"fileTypesAndContributionMap":{"java":{"insertions":132,"deletions":4}}}]}]},"authorFileTypeContributionMap":{"jasraa":{"java":218,"md":0,"fxml":0,"sh":0,"bat":0,"gradle":0,"txt":0}},"authorContributionVariance":{"jasraa":1269.3334},"authorDisplayNameMap":{"jasraa":"JASR..INAB"}}
