{"authorDailyContributionsMap":{"mukund1403":[{"date":"2024-02-06","commitResults":[{"hash":"d7bb7c1b83eb4d0da863458f5c2cd2f63ed3bede","isMergeCommit":false,"messageTitle":"update to lvl3 task","messageBody":"","fileTypesAndContributionMap":{"java":{"insertions":97,"deletions":0}}}]},{"date":"2024-02-08","commitResults":[{"hash":"4158a240489e64d9d2eb21772b160ab17dd20171","isMergeCommit":false,"messageTitle":"Level-0","messageBody":"","tags":["Level-4","Level-3","Level-2","Level-0","A-CodingStandard"],"fileTypesAndContributionMap":{"java":{"insertions":161,"deletions":79}}}]}]},"authorFileTypeContributionMap":{"mukund1403":{"java":189,"md":0,"fxml":0,"sh":0,"bat":0,"gradle":0,"txt":0}},"authorContributionVariance":{"mukund1403":2933.3784},"authorDisplayNameMap":{"mukund1403":"CS2113-T15-3 AYAG..KUND"}}
