[{"path":"data/tasks.txt","fileType":"txt","lines":[{"lineNumber":1,"author":{"gitId":"nikhil-2101"},"content":"T|cs2113|0","lastModifiedDate":"2024-02-22"},{"lineNumber":2,"author":{"gitId":"nikhil-2101"},"content":"T|sleep|0","lastModifiedDate":"2024-02-22"},{"lineNumber":3,"author":{"gitId":"nikhil-2101"},"content":"T|eat|0","lastModifiedDate":"2024-02-23"},{"lineNumber":4,"author":{"gitId":"nikhil-2101"},"content":"D|return book|0|2019-12-02T18:00","lastModifiedDate":"2024-03-03"}],"authorContributionMap":{"nikhil-2101":4}},{"path":"src/main/java/Deadline.java","fileType":"java","lines":[{"lineNumber":1,"author":{"gitId":"nikhil-2101"},"content":"public class Deadline extends Task {","lastModifiedDate":"2024-02-06"},{"lineNumber":2,"author":{"gitId":"nikhil-2101"},"content":"    protected String by;","lastModifiedDate":"2024-02-06"},{"lineNumber":3,"author":{"gitId":"nikhil-2101"},"content":"    public Deadline(String description, String by) {","lastModifiedDate":"2024-02-06"},{"lineNumber":4,"author":{"gitId":"nikhil-2101"},"content":"        super(description);","lastModifiedDate":"2024-02-06"},{"lineNumber":5,"author":{"gitId":"nikhil-2101"},"content":"        this.by \u003d by;","lastModifiedDate":"2024-02-06"},{"lineNumber":6,"author":{"gitId":"nikhil-2101"},"content":"    }","lastModifiedDate":"2024-02-06"},{"lineNumber":7,"author":{"gitId":"nikhil-2101"},"content":"    @Override","lastModifiedDate":"2024-02-06"},{"lineNumber":8,"author":{"gitId":"nikhil-2101"},"content":"    public String toString() {","lastModifiedDate":"2024-02-06"},{"lineNumber":9,"author":{"gitId":"nikhil-2101"},"content":"        return \"[D]\" + super.toString() + \" (by: \" + by + \")\";","lastModifiedDate":"2024-02-06"},{"lineNumber":10,"author":{"gitId":"nikhil-2101"},"content":"    }","lastModifiedDate":"2024-02-06"},{"lineNumber":11,"author":{"gitId":"nikhil-2101"},"content":"    @Override","lastModifiedDate":"2024-02-22"},{"lineNumber":12,"author":{"gitId":"nikhil-2101"},"content":"    public String toFileString() {","lastModifiedDate":"2024-02-22"},{"lineNumber":13,"author":{"gitId":"nikhil-2101"},"content":"        return \"D|\" + super.toFileString() + \"|\" + by;","lastModifiedDate":"2024-03-03"},{"lineNumber":14,"author":{"gitId":"nikhil-2101"},"content":"    }","lastModifiedDate":"2024-02-22"},{"lineNumber":15,"author":{"gitId":"nikhil-2101"},"content":"}","lastModifiedDate":"2024-02-06"}],"authorContributionMap":{"nikhil-2101":15}},{"path":"src/main/java/Duke.java","fileType":"java","lines":[{"lineNumber":1,"author":{"gitId":"nikhil-2101"},"content":"import java.io.*;","lastModifiedDate":"2024-02-22"},{"lineNumber":2,"author":{"gitId":"nikhil-2101"},"content":"import java.util.Scanner;","lastModifiedDate":"2024-02-03"},{"lineNumber":3,"author":{"gitId":"nikhil-2101"},"content":"import java.util.ArrayList;","lastModifiedDate":"2024-02-19"},{"lineNumber":4,"author":{"gitId":"nikhil-2101"},"content":"","lastModifiedDate":"2024-02-13"},{"lineNumber":5,"author":{"gitId":"-"},"content":"public class Duke {","lastModifiedDate":"2024-02-02"},{"lineNumber":6,"author":{"gitId":"nikhil-2101"},"content":"    private static final String FILE_PATH \u003d \"./data/tasks.txt\";","lastModifiedDate":"2024-02-22"},{"lineNumber":7,"author":{"gitId":"nikhil-2101"},"content":"    static ArrayList\u003cTask\u003e tasks \u003d new ArrayList\u003c\u003e();","lastModifiedDate":"2024-02-23"},{"lineNumber":8,"author":{"gitId":"nikhil-2101"},"content":"","lastModifiedDate":"2024-03-03"},{"lineNumber":9,"author":{"gitId":"-"},"content":"    public static void main(String[] args) {","lastModifiedDate":"2024-01-31"},{"lineNumber":10,"author":{"gitId":"nikhil-2101"},"content":"        System.out.println(\"____________________________________________________________\");","lastModifiedDate":"2024-02-03"},{"lineNumber":11,"author":{"gitId":"nikhil-2101"},"content":"        System.out.println(\"Hello! I\u0027m LeoDas\");","lastModifiedDate":"2024-02-03"},{"lineNumber":12,"author":{"gitId":"nikhil-2101"},"content":"        System.out.println(\"What can I do for you?\");","lastModifiedDate":"2024-02-03"},{"lineNumber":13,"author":{"gitId":"nikhil-2101"},"content":"        System.out.println(\"____________________________________________________________\");","lastModifiedDate":"2024-02-03"},{"lineNumber":14,"author":{"gitId":"nikhil-2101"},"content":"","lastModifiedDate":"2024-02-03"},{"lineNumber":15,"author":{"gitId":"nikhil-2101"},"content":"        load();","lastModifiedDate":"2024-02-23"},{"lineNumber":16,"author":{"gitId":"nikhil-2101"},"content":"","lastModifiedDate":"2024-02-22"},{"lineNumber":17,"author":{"gitId":"nikhil-2101"},"content":"        Scanner scanner \u003d new Scanner(System.in);","lastModifiedDate":"2024-02-03"},{"lineNumber":18,"author":{"gitId":"nikhil-2101"},"content":"","lastModifiedDate":"2024-02-06"},{"lineNumber":19,"author":{"gitId":"nikhil-2101"},"content":"        while (true) {","lastModifiedDate":"2024-02-03"},{"lineNumber":20,"author":{"gitId":"nikhil-2101"},"content":"            try {","lastModifiedDate":"2024-02-13"},{"lineNumber":21,"author":{"gitId":"nikhil-2101"},"content":"                //@@author Nikhil","lastModifiedDate":"2024-03-03"},{"lineNumber":22,"author":{"gitId":"nikhil-2101"},"content":"                String userInput \u003d scanner.nextLine();","lastModifiedDate":"2024-02-03"},{"lineNumber":23,"author":{"gitId":"nikhil-2101"},"content":"                if (\"bye\".equalsIgnoreCase(userInput)) {","lastModifiedDate":"2024-02-03"},{"lineNumber":24,"author":{"gitId":"nikhil-2101"},"content":"                    break;","lastModifiedDate":"2024-02-13"},{"lineNumber":25,"author":{"gitId":"nikhil-2101"},"content":"                }","lastModifiedDate":"2024-02-03"},{"lineNumber":26,"author":{"gitId":"nikhil-2101"},"content":"                if (\"list\".equalsIgnoreCase(userInput)) {","lastModifiedDate":"2024-02-03"},{"lineNumber":27,"author":{"gitId":"nikhil-2101"},"content":"                    System.out.println(\"____________________________________________________________\");","lastModifiedDate":"2024-02-03"},{"lineNumber":28,"author":{"gitId":"nikhil-2101"},"content":"                    System.out.println(\"Here are the tasks in your list:\");","lastModifiedDate":"2024-02-03"},{"lineNumber":29,"author":{"gitId":"nikhil-2101"},"content":"                    for (int i \u003d 0; i \u003c tasks.size(); i++) {","lastModifiedDate":"2024-02-19"},{"lineNumber":30,"author":{"gitId":"nikhil-2101"},"content":"                        Task task \u003d tasks.get(i);","lastModifiedDate":"2024-02-19"},{"lineNumber":31,"author":{"gitId":"nikhil-2101"},"content":"                        System.out.println((i + 1) + \".\" + task);","lastModifiedDate":"2024-02-06"},{"lineNumber":32,"author":{"gitId":"nikhil-2101"},"content":"                    }","lastModifiedDate":"2024-02-03"},{"lineNumber":33,"author":{"gitId":"nikhil-2101"},"content":"                    System.out.println(\"____________________________________________________________\");","lastModifiedDate":"2024-02-03"},{"lineNumber":34,"author":{"gitId":"nikhil-2101"},"content":"                } else if (userInput.startsWith(\"mark\")) {","lastModifiedDate":"2024-02-03"},{"lineNumber":35,"author":{"gitId":"nikhil-2101"},"content":"                    processTask(userInput, tasks, true);","lastModifiedDate":"2024-02-19"},{"lineNumber":36,"author":{"gitId":"nikhil-2101"},"content":"                } else if (userInput.startsWith(\"unmark\")) {","lastModifiedDate":"2024-02-03"},{"lineNumber":37,"author":{"gitId":"nikhil-2101"},"content":"                    processTask(userInput, tasks, false);","lastModifiedDate":"2024-02-19"},{"lineNumber":38,"author":{"gitId":"nikhil-2101"},"content":"                } else if (userInput.startsWith(\"todo\")) {","lastModifiedDate":"2024-02-06"},{"lineNumber":39,"author":{"gitId":"nikhil-2101"},"content":"                    String description \u003d userInput.substring(4).trim();","lastModifiedDate":"2024-02-13"},{"lineNumber":40,"author":{"gitId":"nikhil-2101"},"content":"                    if (description.isEmpty()) {","lastModifiedDate":"2024-02-13"},{"lineNumber":41,"author":{"gitId":"nikhil-2101"},"content":"                        throw new DukeException(\"OOPSSSSSSS!!! The task\u0027s description is empty! Please do specify!\");","lastModifiedDate":"2024-02-13"},{"lineNumber":42,"author":{"gitId":"nikhil-2101"},"content":"                    }","lastModifiedDate":"2024-02-06"},{"lineNumber":43,"author":{"gitId":"nikhil-2101"},"content":"                    Todo newTodo \u003d new Todo(description);","lastModifiedDate":"2024-02-06"},{"lineNumber":44,"author":{"gitId":"nikhil-2101"},"content":"                    tasks.add(newTodo);","lastModifiedDate":"2024-02-19"},{"lineNumber":45,"author":{"gitId":"nikhil-2101"},"content":"                    System.out.println(\"____________________________________________________________\");","lastModifiedDate":"2024-02-06"},{"lineNumber":46,"author":{"gitId":"nikhil-2101"},"content":"                    System.out.println(\"Got it. I\u0027ve added this task:\");","lastModifiedDate":"2024-02-06"},{"lineNumber":47,"author":{"gitId":"nikhil-2101"},"content":"                    System.out.println(\"  \" + newTodo);","lastModifiedDate":"2024-02-06"},{"lineNumber":48,"author":{"gitId":"nikhil-2101"},"content":"                    System.out.println(\"Now you have \" + tasks.size() + \" tasks in the list.\");","lastModifiedDate":"2024-02-19"},{"lineNumber":49,"author":{"gitId":"nikhil-2101"},"content":"                    System.out.println(\"____________________________________________________________\");","lastModifiedDate":"2024-02-06"},{"lineNumber":50,"author":{"gitId":"nikhil-2101"},"content":"                    //@@author Nikhil","lastModifiedDate":"2024-03-03"},{"lineNumber":51,"author":{"gitId":"nikhil-2101"},"content":"                } else if (userInput.startsWith(\"deadline\")) {","lastModifiedDate":"2024-02-06"},{"lineNumber":52,"author":{"gitId":"nikhil-2101"},"content":"                    //@@author Nikhil","lastModifiedDate":"2024-03-03"},{"lineNumber":53,"author":{"gitId":"nikhil-2101"},"content":"                    String content \u003d userInput.substring(8).trim();","lastModifiedDate":"2024-02-13"},{"lineNumber":54,"author":{"gitId":"nikhil-2101"},"content":"                    int index \u003d content.indexOf(\"/by\");","lastModifiedDate":"2024-02-06"},{"lineNumber":55,"author":{"gitId":"nikhil-2101"},"content":"                    if (index \u003d\u003d -1) {","lastModifiedDate":"2024-02-13"},{"lineNumber":56,"author":{"gitId":"nikhil-2101"},"content":"                        throw new DukeException(\"Please use \u0027/by\u0027 to specify the deadline time.\");","lastModifiedDate":"2024-02-13"},{"lineNumber":57,"author":{"gitId":"nikhil-2101"},"content":"                    } else {","lastModifiedDate":"2024-02-13"},{"lineNumber":58,"author":{"gitId":"nikhil-2101"},"content":"                        String description \u003d content.substring(0, index).trim();","lastModifiedDate":"2024-02-06"},{"lineNumber":59,"author":{"gitId":"nikhil-2101"},"content":"                        String by \u003d content.substring(index + 4).trim();","lastModifiedDate":"2024-02-06"},{"lineNumber":60,"author":{"gitId":"nikhil-2101"},"content":"                        Deadline newDeadline \u003d new Deadline(description, by);","lastModifiedDate":"2024-02-06"},{"lineNumber":61,"author":{"gitId":"nikhil-2101"},"content":"                        tasks.add(newDeadline);","lastModifiedDate":"2024-02-19"},{"lineNumber":62,"author":{"gitId":"nikhil-2101"},"content":"                        System.out.println(\"____________________________________________________________\");","lastModifiedDate":"2024-02-06"},{"lineNumber":63,"author":{"gitId":"nikhil-2101"},"content":"                        System.out.println(\"Got it. I\u0027ve added this task:\");","lastModifiedDate":"2024-02-06"},{"lineNumber":64,"author":{"gitId":"nikhil-2101"},"content":"                        System.out.println(\"  \" + newDeadline);","lastModifiedDate":"2024-02-06"},{"lineNumber":65,"author":{"gitId":"nikhil-2101"},"content":"                        System.out.println(\"Now you have \" + tasks.size() + \" tasks in the list.\");","lastModifiedDate":"2024-02-19"},{"lineNumber":66,"author":{"gitId":"nikhil-2101"},"content":"                        System.out.println(\"____________________________________________________________\");","lastModifiedDate":"2024-02-06"},{"lineNumber":67,"author":{"gitId":"nikhil-2101"},"content":"                        //@@author Nikhil","lastModifiedDate":"2024-03-03"},{"lineNumber":68,"author":{"gitId":"nikhil-2101"},"content":"                    }","lastModifiedDate":"2024-02-06"},{"lineNumber":69,"author":{"gitId":"nikhil-2101"},"content":"                } else if (userInput.startsWith(\"event\")) {","lastModifiedDate":"2024-02-06"},{"lineNumber":70,"author":{"gitId":"-"},"content":"                    //@@author PradeepM","lastModifiedDate":"2024-03-03"},{"lineNumber":71,"author":{"gitId":"-"},"content":"                    String content \u003d userInput.substring(5).trim();","lastModifiedDate":"2024-02-13"},{"lineNumber":72,"author":{"gitId":"-"},"content":"                    String[] parts \u003d content.split(\"/from | /to \");","lastModifiedDate":"2024-02-06"},{"lineNumber":73,"author":{"gitId":"-"},"content":"                    if (parts.length \u003c 3) {","lastModifiedDate":"2024-02-06"},{"lineNumber":74,"author":{"gitId":"-"},"content":"                        throw new DukeException(\"Please use the format: event [description] /from [start time] /to [end time]\");","lastModifiedDate":"2024-02-13"},{"lineNumber":75,"author":{"gitId":"-"},"content":"                    }","lastModifiedDate":"2024-02-06"},{"lineNumber":76,"author":{"gitId":"-"},"content":"                    String description \u003d parts[0].trim();","lastModifiedDate":"2024-02-06"},{"lineNumber":77,"author":{"gitId":"-"},"content":"                    String from \u003d parts[1].trim();","lastModifiedDate":"2024-02-06"},{"lineNumber":78,"author":{"gitId":"-"},"content":"                    String to \u003d parts[2].trim();","lastModifiedDate":"2024-02-06"},{"lineNumber":79,"author":{"gitId":"-"},"content":"                    Event newEvent \u003d new Event(description, from, to);","lastModifiedDate":"2024-02-06"},{"lineNumber":80,"author":{"gitId":"-"},"content":"                    tasks.add(newEvent);","lastModifiedDate":"2024-02-19"},{"lineNumber":81,"author":{"gitId":"-"},"content":"                    System.out.println(\"____________________________________________________________\");","lastModifiedDate":"2024-02-03"},{"lineNumber":82,"author":{"gitId":"-"},"content":"                    System.out.println(\"Got it. I\u0027ve added this task:\");","lastModifiedDate":"2024-02-06"},{"lineNumber":83,"author":{"gitId":"-"},"content":"                    System.out.println(\"  \" + newEvent);","lastModifiedDate":"2024-02-06"},{"lineNumber":84,"author":{"gitId":"-"},"content":"                    System.out.println(\"Now you have \" + tasks.size() + \" tasks in the list.\");","lastModifiedDate":"2024-02-19"},{"lineNumber":85,"author":{"gitId":"-"},"content":"                    System.out.println(\"____________________________________________________________\");","lastModifiedDate":"2024-02-19"},{"lineNumber":86,"author":{"gitId":"-"},"content":"                    //@@author PradeepM","lastModifiedDate":"2024-03-03"},{"lineNumber":87,"author":{"gitId":"-"},"content":"                } else if (userInput.startsWith(\"delete\")) {","lastModifiedDate":"2024-02-19"},{"lineNumber":88,"author":{"gitId":"-"},"content":"                    //@@author PradeepM","lastModifiedDate":"2024-03-03"},{"lineNumber":89,"author":{"gitId":"-"},"content":"                    int taskNumber;","lastModifiedDate":"2024-02-19"},{"lineNumber":90,"author":{"gitId":"-"},"content":"                    try {","lastModifiedDate":"2024-02-19"},{"lineNumber":91,"author":{"gitId":"-"},"content":"                        taskNumber \u003d Integer.parseInt(userInput.split(\" \")[1]);","lastModifiedDate":"2024-02-19"},{"lineNumber":92,"author":{"gitId":"-"},"content":"                        if (taskNumber \u003c\u003d 0 || taskNumber \u003e tasks.size()) {","lastModifiedDate":"2024-02-19"},{"lineNumber":93,"author":{"gitId":"-"},"content":"                            throw new DukeException(\"Invalid task number!\");","lastModifiedDate":"2024-02-19"},{"lineNumber":94,"author":{"gitId":"-"},"content":"                        }","lastModifiedDate":"2024-02-19"},{"lineNumber":95,"author":{"gitId":"-"},"content":"                        Task deletedTask \u003d tasks.get(taskNumber - 1);","lastModifiedDate":"2024-02-19"},{"lineNumber":96,"author":{"gitId":"-"},"content":"                        tasks.remove(taskNumber - 1);","lastModifiedDate":"2024-02-19"},{"lineNumber":97,"author":{"gitId":"-"},"content":"                        System.out.println(\"____________________________________________________________\");","lastModifiedDate":"2024-02-19"},{"lineNumber":98,"author":{"gitId":"-"},"content":"                        System.out.println(\"Noted. I\u0027ve removed this task: \");","lastModifiedDate":"2024-02-19"},{"lineNumber":99,"author":{"gitId":"-"},"content":"                        System.out.println(\"  \" + deletedTask);","lastModifiedDate":"2024-02-19"},{"lineNumber":100,"author":{"gitId":"-"},"content":"                        System.out.println(\"Now you have \" + tasks.size() + \" tasks in the list.\");","lastModifiedDate":"2024-02-19"},{"lineNumber":101,"author":{"gitId":"-"},"content":"                        System.out.println(\"____________________________________________________________\");","lastModifiedDate":"2024-02-19"},{"lineNumber":102,"author":{"gitId":"-"},"content":"                    } catch (NumberFormatException e) {","lastModifiedDate":"2024-02-19"},{"lineNumber":103,"author":{"gitId":"-"},"content":"                        System.out.println(\"____________________________________________________________\");","lastModifiedDate":"2024-02-19"},{"lineNumber":104,"author":{"gitId":"-"},"content":"                        System.out.println(\"Please provide a valid task number.\");","lastModifiedDate":"2024-02-19"},{"lineNumber":105,"author":{"gitId":"-"},"content":"                        System.out.println(\"____________________________________________________________\");","lastModifiedDate":"2024-02-03"},{"lineNumber":106,"author":{"gitId":"-"},"content":"                    } catch (DukeException de) {","lastModifiedDate":"2024-02-19"},{"lineNumber":107,"author":{"gitId":"-"},"content":"                        System.out.println(\"____________________________________________________________\");","lastModifiedDate":"2024-02-19"},{"lineNumber":108,"author":{"gitId":"-"},"content":"                        System.out.println(de.getMessage());","lastModifiedDate":"2024-02-19"},{"lineNumber":109,"author":{"gitId":"-"},"content":"                        System.out.println(\"____________________________________________________________\");","lastModifiedDate":"2024-02-19"},{"lineNumber":110,"author":{"gitId":"-"},"content":"                    }","lastModifiedDate":"2024-02-19"},{"lineNumber":111,"author":{"gitId":"-"},"content":"                    //@@author PradeepM","lastModifiedDate":"2024-03-03"},{"lineNumber":112,"author":{"gitId":"-"},"content":"                } else {","lastModifiedDate":"2024-02-06"},{"lineNumber":113,"author":{"gitId":"-"},"content":"                    throw new DukeException(\"OOPSSSSSSS!!! What is that? Please type in ? :(\");","lastModifiedDate":"2024-02-13"},{"lineNumber":114,"author":{"gitId":"-"},"content":"                }","lastModifiedDate":"2024-02-06"},{"lineNumber":115,"author":{"gitId":"-"},"content":"            } catch (DukeException de) {","lastModifiedDate":"2024-02-13"},{"lineNumber":116,"author":{"gitId":"-"},"content":"                System.out.println(\"____________________________________________________________\");","lastModifiedDate":"2024-02-13"},{"lineNumber":117,"author":{"gitId":"-"},"content":"                System.out.println(de.getMessage());","lastModifiedDate":"2024-02-13"},{"lineNumber":118,"author":{"gitId":"-"},"content":"                System.out.println(\"____________________________________________________________\");","lastModifiedDate":"2024-02-13"},{"lineNumber":119,"author":{"gitId":"-"},"content":"            }","lastModifiedDate":"2024-02-03"},{"lineNumber":120,"author":{"gitId":"-"},"content":"            save();","lastModifiedDate":"2024-02-23"},{"lineNumber":121,"author":{"gitId":"-"},"content":"        }","lastModifiedDate":"2024-02-03"},{"lineNumber":122,"author":{"gitId":"-"},"content":"","lastModifiedDate":"2024-02-03"},{"lineNumber":123,"author":{"gitId":"-"},"content":"        System.out.println(\"____________________________________________________________\");","lastModifiedDate":"2024-02-03"},{"lineNumber":124,"author":{"gitId":"-"},"content":"        System.out.println(\"Bye. Hope to see you again soon!\");","lastModifiedDate":"2024-02-03"},{"lineNumber":125,"author":{"gitId":"-"},"content":"        System.out.println(\"____________________________________________________________\");","lastModifiedDate":"2024-02-03"},{"lineNumber":126,"author":{"gitId":"-"},"content":"    }","lastModifiedDate":"2024-02-02"},{"lineNumber":127,"author":{"gitId":"-"},"content":"","lastModifiedDate":"2024-03-03"},{"lineNumber":128,"author":{"gitId":"nikhil-2101"},"content":"    //@@author Nikhil","lastModifiedDate":"2024-03-03"},{"lineNumber":129,"author":{"gitId":"nikhil-2101"},"content":"    public static void processTask(String userInput, ArrayList\u003cTask\u003e tasks, boolean mark) {","lastModifiedDate":"2024-02-19"},{"lineNumber":130,"author":{"gitId":"nikhil-2101"},"content":"        int taskNumber;","lastModifiedDate":"2024-02-03"},{"lineNumber":131,"author":{"gitId":"nikhil-2101"},"content":"        try {","lastModifiedDate":"2024-02-03"},{"lineNumber":132,"author":{"gitId":"nikhil-2101"},"content":"            taskNumber \u003d Integer.parseInt(userInput.split(\" \")[1]);","lastModifiedDate":"2024-02-03"},{"lineNumber":133,"author":{"gitId":"nikhil-2101"},"content":"            if (taskNumber \u003c\u003d 0 || taskNumber \u003e tasks.size()) {","lastModifiedDate":"2024-02-19"},{"lineNumber":134,"author":{"gitId":"nikhil-2101"},"content":"                throw new IndexOutOfBoundsException();","lastModifiedDate":"2024-02-06"},{"lineNumber":135,"author":{"gitId":"nikhil-2101"},"content":"            }","lastModifiedDate":"2024-02-06"},{"lineNumber":136,"author":{"gitId":"nikhil-2101"},"content":"            Task task \u003d tasks.get(taskNumber - 1);","lastModifiedDate":"2024-02-19"},{"lineNumber":137,"author":{"gitId":"nikhil-2101"},"content":"            if (mark) {","lastModifiedDate":"2024-02-03"},{"lineNumber":138,"author":{"gitId":"nikhil-2101"},"content":"                task.markAsDone();","lastModifiedDate":"2024-02-03"},{"lineNumber":139,"author":{"gitId":"nikhil-2101"},"content":"                System.out.println(\"____________________________________________________________\");","lastModifiedDate":"2024-02-03"},{"lineNumber":140,"author":{"gitId":"nikhil-2101"},"content":"                System.out.println(\"Nice! I\u0027ve marked this task as done:\");","lastModifiedDate":"2024-02-03"},{"lineNumber":141,"author":{"gitId":"nikhil-2101"},"content":"            } else {","lastModifiedDate":"2024-02-03"},{"lineNumber":142,"author":{"gitId":"nikhil-2101"},"content":"                task.unmarkAsDone();","lastModifiedDate":"2024-02-03"},{"lineNumber":143,"author":{"gitId":"nikhil-2101"},"content":"                System.out.println(\"____________________________________________________________\");","lastModifiedDate":"2024-02-03"},{"lineNumber":144,"author":{"gitId":"nikhil-2101"},"content":"                System.out.println(\"OK, I\u0027ve marked this task as not done yet:\");","lastModifiedDate":"2024-02-03"},{"lineNumber":145,"author":{"gitId":"nikhil-2101"},"content":"            }","lastModifiedDate":"2024-02-03"},{"lineNumber":146,"author":{"gitId":"nikhil-2101"},"content":"            System.out.println(\"  [\" + task.getStatusIcon() + \"] \" + task.description);","lastModifiedDate":"2024-02-03"},{"lineNumber":147,"author":{"gitId":"nikhil-2101"},"content":"            System.out.println(\"____________________________________________________________\");","lastModifiedDate":"2024-02-03"},{"lineNumber":148,"author":{"gitId":"nikhil-2101"},"content":"        } catch (NumberFormatException e) {","lastModifiedDate":"2024-02-03"},{"lineNumber":149,"author":{"gitId":"nikhil-2101"},"content":"            System.out.println(\"Please provide a valid task number.\");","lastModifiedDate":"2024-02-03"},{"lineNumber":150,"author":{"gitId":"nikhil-2101"},"content":"        } catch (IndexOutOfBoundsException e) {","lastModifiedDate":"2024-02-03"},{"lineNumber":151,"author":{"gitId":"nikhil-2101"},"content":"            System.out.println(\"That task doesn\u0027t exist!\");","lastModifiedDate":"2024-02-03"},{"lineNumber":152,"author":{"gitId":"nikhil-2101"},"content":"        }","lastModifiedDate":"2024-02-03"},{"lineNumber":153,"author":{"gitId":"nikhil-2101"},"content":"    }","lastModifiedDate":"2024-02-03"},{"lineNumber":154,"author":{"gitId":"nikhil-2101"},"content":"    //@@author Nikhil","lastModifiedDate":"2024-03-03"},{"lineNumber":155,"author":{"gitId":"nikhil-2101"},"content":"","lastModifiedDate":"2024-03-03"},{"lineNumber":156,"author":{"gitId":"-"},"content":"    //@@author PradeepM","lastModifiedDate":"2024-03-03"},{"lineNumber":157,"author":{"gitId":"-"},"content":"    public static void save() {","lastModifiedDate":"2024-02-23"},{"lineNumber":158,"author":{"gitId":"-"},"content":"        try {","lastModifiedDate":"2024-02-22"},{"lineNumber":159,"author":{"gitId":"-"},"content":"            File file \u003d new File(FILE_PATH);","lastModifiedDate":"2024-02-22"},{"lineNumber":160,"author":{"gitId":"-"},"content":"            if (!file.getParentFile().exists()) {","lastModifiedDate":"2024-02-22"},{"lineNumber":161,"author":{"gitId":"-"},"content":"                file.getParentFile().mkdirs();","lastModifiedDate":"2024-02-23"},{"lineNumber":162,"author":{"gitId":"-"},"content":"            }","lastModifiedDate":"2024-02-22"},{"lineNumber":163,"author":{"gitId":"-"},"content":"            file.createNewFile();","lastModifiedDate":"2024-02-23"},{"lineNumber":164,"author":{"gitId":"-"},"content":"            try (FileWriter writer \u003d new FileWriter(file)) {","lastModifiedDate":"2024-02-22"},{"lineNumber":165,"author":{"gitId":"-"},"content":"                for (int i \u003d 0; i \u003c tasks.size(); i++) {","lastModifiedDate":"2024-02-23"},{"lineNumber":166,"author":{"gitId":"-"},"content":"                    writer.write(tasks.get(i).toFileString() + \"\\n\");","lastModifiedDate":"2024-02-23"},{"lineNumber":167,"author":{"gitId":"-"},"content":"                }","lastModifiedDate":"2019-07-29"},{"lineNumber":168,"author":{"gitId":"-"},"content":"            }","lastModifiedDate":"2024-02-22"},{"lineNumber":169,"author":{"gitId":"-"},"content":"        } catch (IOException e) {","lastModifiedDate":"2024-02-22"},{"lineNumber":170,"author":{"gitId":"-"},"content":"            System.err.println(\"Error saving tasks to file: \" + e.getMessage());","lastModifiedDate":"2024-02-22"},{"lineNumber":171,"author":{"gitId":"-"},"content":"        }","lastModifiedDate":"2024-02-22"},{"lineNumber":172,"author":{"gitId":"-"},"content":"    }","lastModifiedDate":"2024-02-22"},{"lineNumber":173,"author":{"gitId":"-"},"content":"    //@@author PradeepM","lastModifiedDate":"2024-03-03"},{"lineNumber":174,"author":{"gitId":"-"},"content":"","lastModifiedDate":"2024-02-22"},{"lineNumber":175,"author":{"gitId":"nikhil-2101"},"content":"    //@@author Nikhil","lastModifiedDate":"2024-03-03"},{"lineNumber":176,"author":{"gitId":"nikhil-2101"},"content":"    public static void load() {","lastModifiedDate":"2024-02-23"},{"lineNumber":177,"author":{"gitId":"nikhil-2101"},"content":"        try (BufferedReader reader \u003d new BufferedReader(new FileReader(FILE_PATH))) {","lastModifiedDate":"2024-02-22"},{"lineNumber":178,"author":{"gitId":"nikhil-2101"},"content":"            String line;","lastModifiedDate":"2024-02-22"},{"lineNumber":179,"author":{"gitId":"nikhil-2101"},"content":"            while ((line \u003d reader.readLine()) !\u003d null) {","lastModifiedDate":"2024-02-22"},{"lineNumber":180,"author":{"gitId":"nikhil-2101"},"content":"                Task task \u003d Task.fromString(line);","lastModifiedDate":"2024-02-22"},{"lineNumber":181,"author":{"gitId":"nikhil-2101"},"content":"                if (task !\u003d null) {","lastModifiedDate":"2024-02-22"},{"lineNumber":182,"author":{"gitId":"nikhil-2101"},"content":"                    tasks.add(task);","lastModifiedDate":"2024-02-23"},{"lineNumber":183,"author":{"gitId":"nikhil-2101"},"content":"                }","lastModifiedDate":"2024-02-22"},{"lineNumber":184,"author":{"gitId":"nikhil-2101"},"content":"            }","lastModifiedDate":"2024-02-22"},{"lineNumber":185,"author":{"gitId":"nikhil-2101"},"content":"        } catch (FileNotFoundException e) {","lastModifiedDate":"2024-02-22"},{"lineNumber":186,"author":{"gitId":"nikhil-2101"},"content":"            System.err.println(\"File cannot be found. I shall create a new file...\");","lastModifiedDate":"2024-02-22"},{"lineNumber":187,"author":{"gitId":"nikhil-2101"},"content":"            File file \u003d new File(FILE_PATH);","lastModifiedDate":"2024-02-22"},{"lineNumber":188,"author":{"gitId":"nikhil-2101"},"content":"            try {","lastModifiedDate":"2024-02-22"},{"lineNumber":189,"author":{"gitId":"nikhil-2101"},"content":"                file.createNewFile();","lastModifiedDate":"2024-02-22"},{"lineNumber":190,"author":{"gitId":"nikhil-2101"},"content":"            } catch (IOException ioException) {","lastModifiedDate":"2024-02-22"},{"lineNumber":191,"author":{"gitId":"nikhil-2101"},"content":"                System.err.println(\"Error creating a new file: \" + ioException.getMessage());","lastModifiedDate":"2024-02-22"},{"lineNumber":192,"author":{"gitId":"nikhil-2101"},"content":"            }","lastModifiedDate":"2019-07-29"},{"lineNumber":193,"author":{"gitId":"nikhil-2101"},"content":"        } catch (IOException e) {","lastModifiedDate":"2024-02-22"},{"lineNumber":194,"author":{"gitId":"nikhil-2101"},"content":"            System.err.println(\"Error loading tasks from file: \" + e.getMessage());","lastModifiedDate":"2024-02-22"},{"lineNumber":195,"author":{"gitId":"nikhil-2101"},"content":"        }","lastModifiedDate":"2024-02-22"},{"lineNumber":196,"author":{"gitId":"nikhil-2101"},"content":"    }","lastModifiedDate":"2024-02-22"},{"lineNumber":197,"author":{"gitId":"nikhil-2101"},"content":"    //@@author Nikhil","lastModifiedDate":"2024-03-03"},{"lineNumber":198,"author":{"gitId":"nikhil-2101"},"content":"}","lastModifiedDate":"2024-02-22"}],"authorContributionMap":{"nikhil-2101":119,"-":79}},{"path":"src/main/java/DukeException.java","fileType":"java","lines":[{"lineNumber":1,"author":{"gitId":"nikhil-2101"},"content":"public class DukeException extends Exception {","lastModifiedDate":"2024-02-13"},{"lineNumber":2,"author":{"gitId":"nikhil-2101"},"content":"    public DukeException(String message) {","lastModifiedDate":"2024-02-13"},{"lineNumber":3,"author":{"gitId":"nikhil-2101"},"content":"        super(message);","lastModifiedDate":"2024-02-13"},{"lineNumber":4,"author":{"gitId":"nikhil-2101"},"content":"    }","lastModifiedDate":"2024-02-13"},{"lineNumber":5,"author":{"gitId":"nikhil-2101"},"content":"}","lastModifiedDate":"2024-02-13"}],"authorContributionMap":{"nikhil-2101":5}},{"path":"src/main/java/Event.java","fileType":"java","lines":[{"lineNumber":1,"author":{"gitId":"nikhil-2101"},"content":"public class Event extends Task{","lastModifiedDate":"2024-02-06"},{"lineNumber":2,"author":{"gitId":"nikhil-2101"},"content":"    protected String from;","lastModifiedDate":"2024-02-06"},{"lineNumber":3,"author":{"gitId":"nikhil-2101"},"content":"    protected String to;","lastModifiedDate":"2024-02-06"},{"lineNumber":4,"author":{"gitId":"nikhil-2101"},"content":"    public Event(String description, String from, String to) {","lastModifiedDate":"2024-02-06"},{"lineNumber":5,"author":{"gitId":"nikhil-2101"},"content":"        super(description);","lastModifiedDate":"2024-02-06"},{"lineNumber":6,"author":{"gitId":"nikhil-2101"},"content":"        this.from \u003d from;","lastModifiedDate":"2024-02-06"},{"lineNumber":7,"author":{"gitId":"nikhil-2101"},"content":"        this.to \u003d to;","lastModifiedDate":"2024-02-06"},{"lineNumber":8,"author":{"gitId":"nikhil-2101"},"content":"    }","lastModifiedDate":"2024-02-06"},{"lineNumber":9,"author":{"gitId":"nikhil-2101"},"content":"    @Override","lastModifiedDate":"2024-02-06"},{"lineNumber":10,"author":{"gitId":"nikhil-2101"},"content":"    public String toString() {","lastModifiedDate":"2024-02-06"},{"lineNumber":11,"author":{"gitId":"nikhil-2101"},"content":"        return \"[E]\" + super.toString() + \" (from: \" + from + \" to: \" + to + \")\";","lastModifiedDate":"2024-02-06"},{"lineNumber":12,"author":{"gitId":"nikhil-2101"},"content":"    }","lastModifiedDate":"2024-02-06"},{"lineNumber":13,"author":{"gitId":"nikhil-2101"},"content":"","lastModifiedDate":"2024-03-03"},{"lineNumber":14,"author":{"gitId":"nikhil-2101"},"content":"    @Override","lastModifiedDate":"2024-02-22"},{"lineNumber":15,"author":{"gitId":"nikhil-2101"},"content":"    public String toFileString() {","lastModifiedDate":"2024-02-22"},{"lineNumber":16,"author":{"gitId":"nikhil-2101"},"content":"        return \"E|\" + super.toFileString() + \"|\" + from + \"|\" + to;","lastModifiedDate":"2024-03-03"},{"lineNumber":17,"author":{"gitId":"nikhil-2101"},"content":"    }","lastModifiedDate":"2024-02-22"},{"lineNumber":18,"author":{"gitId":"nikhil-2101"},"content":"}","lastModifiedDate":"2024-02-06"}],"authorContributionMap":{"nikhil-2101":18}},{"path":"src/main/java/Task.java","fileType":"java","lines":[{"lineNumber":1,"author":{"gitId":"nikhil-2101"},"content":"public class Task {","lastModifiedDate":"2024-02-03"},{"lineNumber":2,"author":{"gitId":"nikhil-2101"},"content":"    protected String description;","lastModifiedDate":"2024-02-03"},{"lineNumber":3,"author":{"gitId":"nikhil-2101"},"content":"    protected boolean isDone;","lastModifiedDate":"2024-02-03"},{"lineNumber":4,"author":{"gitId":"nikhil-2101"},"content":"    public Task(String description) {","lastModifiedDate":"2024-02-03"},{"lineNumber":5,"author":{"gitId":"nikhil-2101"},"content":"        this.description \u003d description;","lastModifiedDate":"2024-02-03"},{"lineNumber":6,"author":{"gitId":"nikhil-2101"},"content":"        this.isDone \u003d false;","lastModifiedDate":"2024-02-03"},{"lineNumber":7,"author":{"gitId":"nikhil-2101"},"content":"    }","lastModifiedDate":"2024-02-03"},{"lineNumber":8,"author":{"gitId":"nikhil-2101"},"content":"    public String getStatusIcon() {","lastModifiedDate":"2024-02-03"},{"lineNumber":9,"author":{"gitId":"nikhil-2101"},"content":"        return (isDone ? \"X\" : \" \");","lastModifiedDate":"2024-03-03"},{"lineNumber":10,"author":{"gitId":"nikhil-2101"},"content":"    }","lastModifiedDate":"2024-02-03"},{"lineNumber":11,"author":{"gitId":"nikhil-2101"},"content":"    public void markAsDone() {","lastModifiedDate":"2024-02-03"},{"lineNumber":12,"author":{"gitId":"nikhil-2101"},"content":"        this.isDone \u003d true;","lastModifiedDate":"2024-02-03"},{"lineNumber":13,"author":{"gitId":"nikhil-2101"},"content":"    }","lastModifiedDate":"2024-02-03"},{"lineNumber":14,"author":{"gitId":"nikhil-2101"},"content":"    public void unmarkAsDone() {","lastModifiedDate":"2024-02-03"},{"lineNumber":15,"author":{"gitId":"nikhil-2101"},"content":"        this.isDone \u003d false;","lastModifiedDate":"2024-02-03"},{"lineNumber":16,"author":{"gitId":"nikhil-2101"},"content":"    }","lastModifiedDate":"2024-02-03"},{"lineNumber":17,"author":{"gitId":"nikhil-2101"},"content":"    @Override","lastModifiedDate":"2024-02-06"},{"lineNumber":18,"author":{"gitId":"nikhil-2101"},"content":"    public String toString() {","lastModifiedDate":"2024-02-06"},{"lineNumber":19,"author":{"gitId":"nikhil-2101"},"content":"        return \"[\" + getStatusIcon() + \"] \" + description;","lastModifiedDate":"2024-02-06"},{"lineNumber":20,"author":{"gitId":"nikhil-2101"},"content":"    }","lastModifiedDate":"2024-02-06"},{"lineNumber":21,"author":{"gitId":"nikhil-2101"},"content":"    public String toFileString() {","lastModifiedDate":"2024-02-22"},{"lineNumber":22,"author":{"gitId":"nikhil-2101"},"content":"        return description + \"|\" + (isDone ? \"1\" : \"0\");","lastModifiedDate":"2024-02-23"},{"lineNumber":23,"author":{"gitId":"nikhil-2101"},"content":"    }","lastModifiedDate":"2024-02-22"},{"lineNumber":24,"author":{"gitId":"nikhil-2101"},"content":"","lastModifiedDate":"2024-02-22"},{"lineNumber":25,"author":{"gitId":"-"},"content":"    //@@author PradeepM","lastModifiedDate":"2024-03-03"},{"lineNumber":26,"author":{"gitId":"-"},"content":"    public static Task fromString(String fileString) {","lastModifiedDate":"2024-02-22"},{"lineNumber":27,"author":{"gitId":"-"},"content":"        String[] parts \u003d fileString.split(\"\\\\|\");","lastModifiedDate":"2024-02-22"},{"lineNumber":28,"author":{"gitId":"-"},"content":"        String taskType \u003d parts[0];","lastModifiedDate":"2024-02-22"},{"lineNumber":29,"author":{"gitId":"-"},"content":"        String description \u003d parts[1];","lastModifiedDate":"2024-02-22"},{"lineNumber":30,"author":{"gitId":"-"},"content":"        boolean isDone \u003d parts[2].equals(\"1\");","lastModifiedDate":"2024-02-22"},{"lineNumber":31,"author":{"gitId":"-"},"content":"","lastModifiedDate":"2024-02-22"},{"lineNumber":32,"author":{"gitId":"-"},"content":"        Task task;","lastModifiedDate":"2024-02-22"},{"lineNumber":33,"author":{"gitId":"-"},"content":"        switch (taskType) {","lastModifiedDate":"2024-02-22"},{"lineNumber":34,"author":{"gitId":"-"},"content":"        case \"D\":","lastModifiedDate":"2024-02-22"},{"lineNumber":35,"author":{"gitId":"-"},"content":"            task \u003d new Deadline(description, parts[3]);","lastModifiedDate":"2024-02-22"},{"lineNumber":36,"author":{"gitId":"-"},"content":"            break;","lastModifiedDate":"2024-02-22"},{"lineNumber":37,"author":{"gitId":"-"},"content":"        case \"E\":","lastModifiedDate":"2024-02-22"},{"lineNumber":38,"author":{"gitId":"-"},"content":"            task \u003d new Event(description, parts[3], parts[4]);","lastModifiedDate":"2024-02-22"},{"lineNumber":39,"author":{"gitId":"-"},"content":"            break;","lastModifiedDate":"2024-02-22"},{"lineNumber":40,"author":{"gitId":"-"},"content":"        case \"T\":","lastModifiedDate":"2024-02-22"},{"lineNumber":41,"author":{"gitId":"-"},"content":"            task \u003d new Todo(description);","lastModifiedDate":"2024-02-22"},{"lineNumber":42,"author":{"gitId":"-"},"content":"            break;","lastModifiedDate":"2024-02-22"},{"lineNumber":43,"author":{"gitId":"-"},"content":"        default:","lastModifiedDate":"2024-02-22"},{"lineNumber":44,"author":{"gitId":"-"},"content":"            task \u003d null;","lastModifiedDate":"2024-02-22"},{"lineNumber":45,"author":{"gitId":"-"},"content":"            break;","lastModifiedDate":"2024-02-22"},{"lineNumber":46,"author":{"gitId":"-"},"content":"        }","lastModifiedDate":"2024-02-22"},{"lineNumber":47,"author":{"gitId":"-"},"content":"","lastModifiedDate":"2024-02-22"},{"lineNumber":48,"author":{"gitId":"-"},"content":"        if (task !\u003d null \u0026\u0026 isDone) {","lastModifiedDate":"2024-02-22"},{"lineNumber":49,"author":{"gitId":"-"},"content":"            task.markAsDone();","lastModifiedDate":"2024-02-22"},{"lineNumber":50,"author":{"gitId":"-"},"content":"        }","lastModifiedDate":"2024-02-22"},{"lineNumber":51,"author":{"gitId":"-"},"content":"","lastModifiedDate":"2024-02-22"},{"lineNumber":52,"author":{"gitId":"-"},"content":"        return task;","lastModifiedDate":"2024-02-22"},{"lineNumber":53,"author":{"gitId":"-"},"content":"    }","lastModifiedDate":"2024-02-22"},{"lineNumber":54,"author":{"gitId":"-"},"content":"    //@@author PradeepM","lastModifiedDate":"2024-03-03"},{"lineNumber":55,"author":{"gitId":"-"},"content":"","lastModifiedDate":"2024-02-22"},{"lineNumber":56,"author":{"gitId":"-"},"content":"","lastModifiedDate":"2024-02-22"},{"lineNumber":57,"author":{"gitId":"-"},"content":"}","lastModifiedDate":"2024-02-03"}],"authorContributionMap":{"nikhil-2101":24,"-":33}},{"path":"src/main/java/Todo.java","fileType":"java","lines":[{"lineNumber":1,"author":{"gitId":"nikhil-2101"},"content":"public class Todo extends Task{","lastModifiedDate":"2024-02-06"},{"lineNumber":2,"author":{"gitId":"nikhil-2101"},"content":"    public Todo(String description) {","lastModifiedDate":"2024-02-06"},{"lineNumber":3,"author":{"gitId":"nikhil-2101"},"content":"        super(description);","lastModifiedDate":"2024-02-06"},{"lineNumber":4,"author":{"gitId":"nikhil-2101"},"content":"    }","lastModifiedDate":"2024-02-06"},{"lineNumber":5,"author":{"gitId":"nikhil-2101"},"content":"","lastModifiedDate":"2024-02-06"},{"lineNumber":6,"author":{"gitId":"nikhil-2101"},"content":"    @Override","lastModifiedDate":"2024-02-06"},{"lineNumber":7,"author":{"gitId":"nikhil-2101"},"content":"    public String toString() {","lastModifiedDate":"2024-02-06"},{"lineNumber":8,"author":{"gitId":"nikhil-2101"},"content":"        return \"[T]\" + super.toString();","lastModifiedDate":"2024-02-06"},{"lineNumber":9,"author":{"gitId":"nikhil-2101"},"content":"    }","lastModifiedDate":"2024-02-06"},{"lineNumber":10,"author":{"gitId":"nikhil-2101"},"content":"    @Override","lastModifiedDate":"2024-02-22"},{"lineNumber":11,"author":{"gitId":"nikhil-2101"},"content":"    public String toFileString() {","lastModifiedDate":"2024-02-22"},{"lineNumber":12,"author":{"gitId":"nikhil-2101"},"content":"        return \"T|\" + super.toFileString();","lastModifiedDate":"2024-03-03"},{"lineNumber":13,"author":{"gitId":"nikhil-2101"},"content":"    }","lastModifiedDate":"2024-02-22"},{"lineNumber":14,"author":{"gitId":"nikhil-2101"},"content":"}","lastModifiedDate":"2024-02-06"},{"lineNumber":15,"author":{"gitId":"nikhil-2101"},"content":"","lastModifiedDate":"2024-02-06"}],"authorContributionMap":{"nikhil-2101":15}}]
