{"authorDailyContributionsMap":{"Geinzit":[{"date":"2024-02-01","commitResults":[{"hash":"070e1ef589603a272c77bf1bd4ba414298591609","isMergeCommit":false,"messageTitle":"Add Level-0 Increment: Rename, Greet, Exit.","messageBody":"","tags":["Level-0"],"fileTypesAndContributionMap":{"java":{"insertions":3,"deletions":6}}}]},{"date":"2024-02-02","commitResults":[{"hash":"708a5848d14a27989ecfd80b8c7424728a70ef9f","isMergeCommit":false,"messageTitle":"Add feature: bot echoes all input commands, exits when received \u0027bye\u0027 command","messageBody":"","tags":["Level-1"],"fileTypesAndContributionMap":{"java":{"insertions":14,"deletions":1}}}]},{"date":"2024-02-08","commitResults":[{"hash":"19f083fa5d6f1ed7e8926bdda56681dfe8d41c53","isMergeCommit":false,"messageTitle":"Add feature to store past commands and list stored commands","messageBody":"","tags":["Level-2"],"fileTypesAndContributionMap":{"java":{"insertions":22,"deletions":3}}},{"hash":"d23eea281f3b57be5b7f0531186b6553c534aacd","isMergeCommit":false,"messageTitle":"Add separate class for tasks. Improve variable naming. Check code to comply with coding standard.","messageBody":"","tags":["Level-3"],"fileTypesAndContributionMap":{"java":{"insertions":87,"deletions":18}}},{"hash":"ddc34765277a9697d5d53530a54e29c1e2766039","isMergeCommit":false,"messageTitle":"Add 3 new types of Task class using inheritance.","messageBody":"","tags":["Level-4"],"fileTypesAndContributionMap":{"java":{"insertions":184,"deletions":9}}}]},{"date":"2024-02-14","commitResults":[{"hash":"ce45d70529cf02c575ff030b07f1b1f9d5c7e73d","isMergeCommit":false,"messageTitle":"Add input file and expected result file for IO redirection testing","messageBody":"","tags":["A-TextUiTesting","A-CodingStandard","A-CodingQuality"],"fileTypesAndContributionMap":{"txt":{"insertions":9,"deletions":0}}}]},{"date":"2024-02-18","commitResults":[{"hash":"fb1d2b4a87f8b7928b6e9479029a5811318264de","isMergeCommit":false,"messageTitle":"Add input error detection and response for all current commands.","messageBody":"","fileTypesAndContributionMap":{"java":{"insertions":56,"deletions":25}}},{"hash":"fe304abb9d8c31d51c67ff89a08da1fe2673742f","isMergeCommit":true,"messageTitle":"Merge branch \u0027branch-Level-5\u0027","messageBody":"","tags":["Level-5"],"fileTypesAndContributionMap":{}},{"hash":"dc155ec2771f4517bacc5d988ce8d61952ecf25b","isMergeCommit":false,"messageTitle":"Organize classes into separate packages. Rename files to match the bot\u0027s name.","messageBody":"","fileTypesAndContributionMap":{"java":{"insertions":12,"deletions":1}}},{"hash":"70072504b5e3733e2e5a10b98a3937be18f5997b","isMergeCommit":true,"messageTitle":"Merge branch \u0027branch-A-Packages\u0027","messageBody":"","tags":["A-Packages"],"fileTypesAndContributionMap":{}}]},{"date":"2024-02-22","commitResults":[{"hash":"5bba707bfa052c445d89d6b74739963da2c74c1a","isMergeCommit":false,"messageTitle":"Add delete task via index feature.","messageBody":"","fileTypesAndContributionMap":{"java":{"insertions":14,"deletions":0}}},{"hash":"a8a99b1d399c6a0ec514c59deb8bc3beb6ccb240","isMergeCommit":false,"messageTitle":"Add task save and load to hard drive function.","messageBody":"","fileTypesAndContributionMap":{"java":{"insertions":86,"deletions":2}}},{"hash":"73d4f84846b6128871bb831c6fc564e8371cc369","isMergeCommit":true,"messageTitle":"Merge branch \u0027branch-Level-6\u0027","messageBody":"","fileTypesAndContributionMap":{}},{"hash":"5cbefdcd832eb377501964f4faae1e2a31d99551","isMergeCommit":true,"messageTitle":"Merge branch \u0027branch-Level-7\u0027","messageBody":"","tags":["Level-7","Level-6","A-Jar","A-Collections"],"fileTypesAndContributionMap":{}}]}]},"authorFileTypeContributionMap":{"Geinzit":{"java":421,"md":0,"fxml":0,"sh":0,"bat":0,"gradle":0,"txt":9}},"authorContributionVariance":{"Geinzit":3292.861},"authorDisplayNameMap":{"Geinzit":"CS2113-T13-1 HUAN..DIAN"}}
