[{"path":"README.md","fileType":"md","lines":[{"lineNumber":1,"author":{"gitId":"StargazerX0"},"content":"Hello there, this is Alpaca! ","lastModifiedDate":"2024-02-01"},{"lineNumber":2,"author":{"gitId":"-"},"content":"  ","lastModifiedDate":"2020-05-25"},{"lineNumber":3,"author":{"gitId":"StargazerX0"},"content":"Alpaca has following features:","lastModifiedDate":"2024-02-01"},{"lineNumber":4,"author":{"gitId":"-"},"content":"","lastModifiedDate":"2020-05-25"},{"lineNumber":5,"author":{"gitId":"StargazerX0"},"content":"## Feature: Echo","lastModifiedDate":"2024-02-01"},{"lineNumber":6,"author":{"gitId":"-"},"content":"","lastModifiedDate":"2020-05-25"},{"lineNumber":7,"author":{"gitId":"StargazerX0"},"content":"Alpaca can echo what you type.","lastModifiedDate":"2024-02-01"},{"lineNumber":8,"author":{"gitId":"StargazerX0"},"content":"","lastModifiedDate":"2024-02-01"},{"lineNumber":9,"author":{"gitId":"StargazerX0"},"content":"## Feature: Store","lastModifiedDate":"2024-02-01"},{"lineNumber":10,"author":{"gitId":"StargazerX0"},"content":"","lastModifiedDate":"2024-02-01"},{"lineNumber":11,"author":{"gitId":"StargazerX0"},"content":"Alpaca can store what you type as a task","lastModifiedDate":"2024-02-01"},{"lineNumber":12,"author":{"gitId":"StargazerX0"},"content":"","lastModifiedDate":"2024-02-01"},{"lineNumber":13,"author":{"gitId":"StargazerX0"},"content":"## Feature: List","lastModifiedDate":"2024-02-01"},{"lineNumber":14,"author":{"gitId":"StargazerX0"},"content":"","lastModifiedDate":"2024-02-01"},{"lineNumber":15,"author":{"gitId":"StargazerX0"},"content":"Type `list` to see the list","lastModifiedDate":"2024-02-01"},{"lineNumber":16,"author":{"gitId":"StargazerX0"},"content":"","lastModifiedDate":"2024-02-01"},{"lineNumber":17,"author":{"gitId":"StargazerX0"},"content":"## Feature: Mark","lastModifiedDate":"2024-02-01"},{"lineNumber":18,"author":{"gitId":"StargazerX0"},"content":"","lastModifiedDate":"2024-02-01"},{"lineNumber":19,"author":{"gitId":"StargazerX0"},"content":"1. Type `mark` + `number` to mark task as done","lastModifiedDate":"2024-02-01"},{"lineNumber":20,"author":{"gitId":"StargazerX0"},"content":"2. Type `unmark` + `number` to mark task as not done","lastModifiedDate":"2024-02-01"},{"lineNumber":21,"author":{"gitId":"StargazerX0"},"content":"","lastModifiedDate":"2024-02-01"},{"lineNumber":22,"author":{"gitId":"StargazerX0"},"content":"## Feature: Bye","lastModifiedDate":"2024-02-01"},{"lineNumber":23,"author":{"gitId":"StargazerX0"},"content":"","lastModifiedDate":"2024-02-01"},{"lineNumber":24,"author":{"gitId":"StargazerX0"},"content":"Type `bye` to exit the program","lastModifiedDate":"2024-02-01"},{"lineNumber":25,"author":{"gitId":"-"},"content":"","lastModifiedDate":"2020-05-25"},{"lineNumber":26,"author":{"gitId":"StargazerX0"},"content":"Bah-bah-bah","lastModifiedDate":"2024-02-01"},{"lineNumber":27,"author":{"gitId":"StargazerX0"},"content":"","lastModifiedDate":"2024-02-01"},{"lineNumber":28,"author":{"gitId":"StargazerX0"},"content":"                                              ","lastModifiedDate":"2024-02-01"},{"lineNumber":29,"author":{"gitId":"StargazerX0"},"content":"                                              ","lastModifiedDate":"2024-02-01"}],"authorContributionMap":{"StargazerX0":25,"-":4}},{"path":"src/main/java/alpaca/Alpaca.java","fileType":"java","lines":[{"lineNumber":1,"author":{"gitId":"StargazerX0"},"content":"package alpaca;","lastModifiedDate":"2024-02-12"},{"lineNumber":2,"author":{"gitId":"StargazerX0"},"content":"","lastModifiedDate":"2024-02-12"},{"lineNumber":3,"author":{"gitId":"StargazerX0"},"content":"import alpaca.logic.LogicManager;","lastModifiedDate":"2024-02-12"},{"lineNumber":4,"author":{"gitId":"StargazerX0"},"content":"import alpaca.UI.ResponseManager;","lastModifiedDate":"2024-02-12"},{"lineNumber":5,"author":{"gitId":"StargazerX0"},"content":"import alpaca.UI.InputManager;","lastModifiedDate":"2024-02-12"},{"lineNumber":6,"author":{"gitId":"StargazerX0"},"content":"","lastModifiedDate":"2024-02-12"},{"lineNumber":7,"author":{"gitId":"StargazerX0"},"content":"public class Alpaca {","lastModifiedDate":"2024-01-29"},{"lineNumber":8,"author":{"gitId":"StargazerX0"},"content":"    public static void startConversation() {","lastModifiedDate":"2024-02-11"},{"lineNumber":9,"author":{"gitId":"StargazerX0"},"content":"        ResponseManager responseManager \u003d new ResponseManager();","lastModifiedDate":"2024-02-11"},{"lineNumber":10,"author":{"gitId":"StargazerX0"},"content":"        LogicManager logicManager \u003d new LogicManager(responseManager);","lastModifiedDate":"2024-02-11"},{"lineNumber":11,"author":{"gitId":"StargazerX0"},"content":"        InputManager inputManager \u003d new InputManager();","lastModifiedDate":"2024-02-11"},{"lineNumber":12,"author":{"gitId":"StargazerX0"},"content":"","lastModifiedDate":"2024-02-11"},{"lineNumber":13,"author":{"gitId":"StargazerX0"},"content":"        responseManager.printGreeting();","lastModifiedDate":"2024-02-11"},{"lineNumber":14,"author":{"gitId":"StargazerX0"},"content":"        inputManager.listenForInput(logicManager);","lastModifiedDate":"2024-02-11"},{"lineNumber":15,"author":{"gitId":"StargazerX0"},"content":"    }","lastModifiedDate":"2024-02-11"},{"lineNumber":16,"author":{"gitId":"StargazerX0"},"content":"","lastModifiedDate":"2024-02-11"},{"lineNumber":17,"author":{"gitId":"StargazerX0"},"content":"    public static void main(String[] args) {","lastModifiedDate":"2024-01-23"},{"lineNumber":18,"author":{"gitId":"StargazerX0"},"content":"        startConversation();","lastModifiedDate":"2024-02-11"},{"lineNumber":19,"author":{"gitId":"StargazerX0"},"content":"    }","lastModifiedDate":"2024-01-23"},{"lineNumber":20,"author":{"gitId":"StargazerX0"},"content":"}","lastModifiedDate":"2024-01-23"}],"authorContributionMap":{"StargazerX0":20}},{"path":"src/main/java/alpaca/UI/InputManager.java","fileType":"java","lines":[{"lineNumber":1,"author":{"gitId":"StargazerX0"},"content":"package alpaca.UI;","lastModifiedDate":"2024-02-12"},{"lineNumber":2,"author":{"gitId":"StargazerX0"},"content":"","lastModifiedDate":"2024-02-12"},{"lineNumber":3,"author":{"gitId":"StargazerX0"},"content":"import java.util.Scanner;","lastModifiedDate":"2024-02-11"},{"lineNumber":4,"author":{"gitId":"StargazerX0"},"content":"import alpaca.logic.LogicManager;","lastModifiedDate":"2024-02-12"},{"lineNumber":5,"author":{"gitId":"StargazerX0"},"content":"import alpaca.exceptions.EmptyTaskDescriptionException;","lastModifiedDate":"2024-02-12"},{"lineNumber":6,"author":{"gitId":"StargazerX0"},"content":"import alpaca.exceptions.InvalidCommandException;","lastModifiedDate":"2024-02-12"},{"lineNumber":7,"author":{"gitId":"StargazerX0"},"content":"","lastModifiedDate":"2024-02-11"},{"lineNumber":8,"author":{"gitId":"StargazerX0"},"content":"public class InputManager {","lastModifiedDate":"2024-02-11"},{"lineNumber":9,"author":{"gitId":"StargazerX0"},"content":"    private Scanner scanner;","lastModifiedDate":"2024-02-11"},{"lineNumber":10,"author":{"gitId":"StargazerX0"},"content":"","lastModifiedDate":"2024-02-11"},{"lineNumber":11,"author":{"gitId":"StargazerX0"},"content":"    public InputManager() {","lastModifiedDate":"2024-02-11"},{"lineNumber":12,"author":{"gitId":"StargazerX0"},"content":"        this.scanner \u003d new Scanner(System.in);","lastModifiedDate":"2024-02-11"},{"lineNumber":13,"author":{"gitId":"StargazerX0"},"content":"    }","lastModifiedDate":"2024-02-11"},{"lineNumber":14,"author":{"gitId":"StargazerX0"},"content":"","lastModifiedDate":"2024-02-11"},{"lineNumber":15,"author":{"gitId":"StargazerX0"},"content":"    public void listenForInput(LogicManager logicManager){","lastModifiedDate":"2024-02-11"},{"lineNumber":16,"author":{"gitId":"StargazerX0"},"content":"        while (scanner.hasNextLine()) {","lastModifiedDate":"2024-02-11"},{"lineNumber":17,"author":{"gitId":"StargazerX0"},"content":"            try {","lastModifiedDate":"2024-02-12"},{"lineNumber":18,"author":{"gitId":"StargazerX0"},"content":"                String receivedMessage \u003d scanner.nextLine().trim();","lastModifiedDate":"2024-02-11"},{"lineNumber":19,"author":{"gitId":"StargazerX0"},"content":"                String[] commandParts \u003d receivedMessage.split(\" \", 2);","lastModifiedDate":"2024-02-11"},{"lineNumber":20,"author":{"gitId":"StargazerX0"},"content":"                String command \u003d commandParts[0];","lastModifiedDate":"2024-02-11"},{"lineNumber":21,"author":{"gitId":"StargazerX0"},"content":"                String details \u003d commandParts.length \u003e 1 ? commandParts[1] : \"\";","lastModifiedDate":"2024-02-11"},{"lineNumber":22,"author":{"gitId":"StargazerX0"},"content":"","lastModifiedDate":"2024-02-11"},{"lineNumber":23,"author":{"gitId":"StargazerX0"},"content":"                // Decode the details based on the command type","lastModifiedDate":"2024-02-11"},{"lineNumber":24,"author":{"gitId":"StargazerX0"},"content":"                switch (command) {","lastModifiedDate":"2024-02-11"},{"lineNumber":25,"author":{"gitId":"StargazerX0"},"content":"                case \"todo\":","lastModifiedDate":"2024-02-12"},{"lineNumber":26,"author":{"gitId":"StargazerX0"},"content":"                    if (details.trim().isEmpty()) {","lastModifiedDate":"2024-02-12"},{"lineNumber":27,"author":{"gitId":"StargazerX0"},"content":"                        throw new EmptyTaskDescriptionException(\"The description of a todo cannot be empty.\");","lastModifiedDate":"2024-02-12"},{"lineNumber":28,"author":{"gitId":"StargazerX0"},"content":"                    }","lastModifiedDate":"2024-02-12"},{"lineNumber":29,"author":{"gitId":"StargazerX0"},"content":"                    logicManager.addTodo(details);","lastModifiedDate":"2024-02-12"},{"lineNumber":30,"author":{"gitId":"StargazerX0"},"content":"                    break;","lastModifiedDate":"2024-02-12"},{"lineNumber":31,"author":{"gitId":"StargazerX0"},"content":"                case \"deadline\":","lastModifiedDate":"2024-02-11"},{"lineNumber":32,"author":{"gitId":"StargazerX0"},"content":"                    String[] deadlineParts \u003d details.split(\" /by \", 2);","lastModifiedDate":"2024-02-11"},{"lineNumber":33,"author":{"gitId":"StargazerX0"},"content":"                    if (deadlineParts.length !\u003d 2) {","lastModifiedDate":"2024-02-12"},{"lineNumber":34,"author":{"gitId":"StargazerX0"},"content":"                        throw new EmptyTaskDescriptionException(\"The description of a todo cannot be empty.\");","lastModifiedDate":"2024-02-12"},{"lineNumber":35,"author":{"gitId":"StargazerX0"},"content":"                    }","lastModifiedDate":"2024-02-11"},{"lineNumber":36,"author":{"gitId":"StargazerX0"},"content":"                    logicManager.addDeadline(deadlineParts[0], deadlineParts[1]);","lastModifiedDate":"2024-02-12"},{"lineNumber":37,"author":{"gitId":"StargazerX0"},"content":"                    break;","lastModifiedDate":"2024-02-11"},{"lineNumber":38,"author":{"gitId":"StargazerX0"},"content":"                case \"event\":","lastModifiedDate":"2024-02-11"},{"lineNumber":39,"author":{"gitId":"StargazerX0"},"content":"                    String[] eventParts \u003d details.split(\" /from \", 2);","lastModifiedDate":"2024-02-11"},{"lineNumber":40,"author":{"gitId":"StargazerX0"},"content":"                    if (eventParts.length !\u003d 2) {","lastModifiedDate":"2024-02-12"},{"lineNumber":41,"author":{"gitId":"StargazerX0"},"content":"                        throw new EmptyTaskDescriptionException(\"The title, start time, or end time of an event cannot be empty.\");","lastModifiedDate":"2024-02-12"},{"lineNumber":42,"author":{"gitId":"StargazerX0"},"content":"                    }","lastModifiedDate":"2024-02-11"},{"lineNumber":43,"author":{"gitId":"StargazerX0"},"content":"                    String[] timeParts \u003d eventParts[1].split(\" /to \", 2);","lastModifiedDate":"2024-02-12"},{"lineNumber":44,"author":{"gitId":"StargazerX0"},"content":"                    if (timeParts.length !\u003d 2) {","lastModifiedDate":"2024-02-12"},{"lineNumber":45,"author":{"gitId":"StargazerX0"},"content":"                        throw new EmptyTaskDescriptionException(\"The title, start time, or end time of an event cannot be empty.\");","lastModifiedDate":"2024-02-12"},{"lineNumber":46,"author":{"gitId":"StargazerX0"},"content":"                    }","lastModifiedDate":"2024-02-11"},{"lineNumber":47,"author":{"gitId":"StargazerX0"},"content":"                    logicManager.addEvent(eventParts[0], timeParts[0], timeParts[1]);","lastModifiedDate":"2024-02-12"},{"lineNumber":48,"author":{"gitId":"StargazerX0"},"content":"                    break;","lastModifiedDate":"2024-02-11"},{"lineNumber":49,"author":{"gitId":"StargazerX0"},"content":"                default:","lastModifiedDate":"2024-02-11"},{"lineNumber":50,"author":{"gitId":"StargazerX0"},"content":"                    // For commands that do not require special decoding, pass them directly","lastModifiedDate":"2024-02-11"},{"lineNumber":51,"author":{"gitId":"StargazerX0"},"content":"                    logicManager.executeCommand(command, details);","lastModifiedDate":"2024-02-11"},{"lineNumber":52,"author":{"gitId":"StargazerX0"},"content":"                    break;","lastModifiedDate":"2024-02-11"},{"lineNumber":53,"author":{"gitId":"StargazerX0"},"content":"                }","lastModifiedDate":"2024-02-11"},{"lineNumber":54,"author":{"gitId":"StargazerX0"},"content":"            } catch (InvalidCommandException e) {","lastModifiedDate":"2024-02-12"},{"lineNumber":55,"author":{"gitId":"StargazerX0"},"content":"                ResponseManager.printErrorMessage(e.toString());","lastModifiedDate":"2024-02-12"},{"lineNumber":56,"author":{"gitId":"StargazerX0"},"content":"            } catch (EmptyTaskDescriptionException e){","lastModifiedDate":"2024-02-12"},{"lineNumber":57,"author":{"gitId":"StargazerX0"},"content":"                ResponseManager.printErrorMessage(e.getMessage());","lastModifiedDate":"2024-02-12"},{"lineNumber":58,"author":{"gitId":"StargazerX0"},"content":"            }","lastModifiedDate":"2024-02-12"},{"lineNumber":59,"author":{"gitId":"StargazerX0"},"content":"        }","lastModifiedDate":"2024-02-11"},{"lineNumber":60,"author":{"gitId":"StargazerX0"},"content":"    }","lastModifiedDate":"2024-02-11"},{"lineNumber":61,"author":{"gitId":"StargazerX0"},"content":"}","lastModifiedDate":"2024-02-11"}],"authorContributionMap":{"StargazerX0":61}},{"path":"src/main/java/alpaca/UI/ResponseManager.java","fileType":"java","lines":[{"lineNumber":1,"author":{"gitId":"StargazerX0"},"content":"package alpaca.UI;","lastModifiedDate":"2024-02-12"},{"lineNumber":2,"author":{"gitId":"StargazerX0"},"content":"","lastModifiedDate":"2024-02-12"},{"lineNumber":3,"author":{"gitId":"StargazerX0"},"content":"import alpaca.tasks.TaskList;","lastModifiedDate":"2024-02-12"},{"lineNumber":4,"author":{"gitId":"StargazerX0"},"content":"import alpaca.tasks.Task;","lastModifiedDate":"2024-02-12"},{"lineNumber":5,"author":{"gitId":"StargazerX0"},"content":"","lastModifiedDate":"2024-02-12"},{"lineNumber":6,"author":{"gitId":"StargazerX0"},"content":"public class ResponseManager {","lastModifiedDate":"2024-02-11"},{"lineNumber":7,"author":{"gitId":"StargazerX0"},"content":"    private static final String LOGO \u003d \"           _      _____        _____          \\n\" +","lastModifiedDate":"2024-02-11"},{"lineNumber":8,"author":{"gitId":"StargazerX0"},"content":"        \"     /\\\\   | |    |  __ \\\\ /\\\\   / ____|   /\\\\    \\n\" +","lastModifiedDate":"2024-02-11"},{"lineNumber":9,"author":{"gitId":"StargazerX0"},"content":"        \"    /  \\\\  | |    | |__) /  \\\\ | |       /  \\\\   \\n\" +","lastModifiedDate":"2024-02-11"},{"lineNumber":10,"author":{"gitId":"StargazerX0"},"content":"        \"   / /\\\\ \\\\ | |    |  ___/ /\\\\ \\\\| |      / /\\\\ \\\\  \\n\" +","lastModifiedDate":"2024-02-11"},{"lineNumber":11,"author":{"gitId":"StargazerX0"},"content":"        \"  / ____ \\\\| |____| |  / ____ \\\\ |____ / ____ \\\\ \\n\" +","lastModifiedDate":"2024-02-11"},{"lineNumber":12,"author":{"gitId":"StargazerX0"},"content":"        \" /_/    \\\\_\\\\______|_| /_/    \\\\_\\\\_____/_/    \\\\_\\\\\\n\" +","lastModifiedDate":"2024-02-11"},{"lineNumber":13,"author":{"gitId":"StargazerX0"},"content":"        \"                                              \\n\" +","lastModifiedDate":"2024-02-11"},{"lineNumber":14,"author":{"gitId":"StargazerX0"},"content":"        \"                                              \";","lastModifiedDate":"2024-02-11"},{"lineNumber":15,"author":{"gitId":"StargazerX0"},"content":"","lastModifiedDate":"2024-02-11"},{"lineNumber":16,"author":{"gitId":"StargazerX0"},"content":"    private static final String HORIZONTAL_LINE \u003d \"_____________\" +","lastModifiedDate":"2024-02-11"},{"lineNumber":17,"author":{"gitId":"StargazerX0"},"content":"        \"_______________________________________________\\n\";","lastModifiedDate":"2024-02-11"},{"lineNumber":18,"author":{"gitId":"StargazerX0"},"content":"","lastModifiedDate":"2024-02-11"},{"lineNumber":19,"author":{"gitId":"StargazerX0"},"content":"    private static final String GREET_MESSAGE \u003d \"Baa-baa-baa, I\u0027m Alpaca!\\n\"","lastModifiedDate":"2024-02-11"},{"lineNumber":20,"author":{"gitId":"StargazerX0"},"content":"        + \"How can I assist you today?\\n\";","lastModifiedDate":"2024-02-11"},{"lineNumber":21,"author":{"gitId":"StargazerX0"},"content":"    private static final String GOODBYE_MESSAGE \u003d \"Bye. Hope to see you again soon, baa-baa-baa!\\n\";","lastModifiedDate":"2024-02-11"},{"lineNumber":22,"author":{"gitId":"StargazerX0"},"content":"","lastModifiedDate":"2024-02-11"},{"lineNumber":23,"author":{"gitId":"StargazerX0"},"content":"    public static void printLine() {","lastModifiedDate":"2024-02-12"},{"lineNumber":24,"author":{"gitId":"StargazerX0"},"content":"        System.out.println(HORIZONTAL_LINE);","lastModifiedDate":"2024-02-11"},{"lineNumber":25,"author":{"gitId":"StargazerX0"},"content":"    }","lastModifiedDate":"2024-02-11"},{"lineNumber":26,"author":{"gitId":"StargazerX0"},"content":"    public void printGreeting() {","lastModifiedDate":"2024-02-11"},{"lineNumber":27,"author":{"gitId":"StargazerX0"},"content":"        System.out.println(\"Hello from\\n\" + LOGO);","lastModifiedDate":"2024-02-11"},{"lineNumber":28,"author":{"gitId":"StargazerX0"},"content":"        System.out.println(HORIZONTAL_LINE);","lastModifiedDate":"2024-02-11"},{"lineNumber":29,"author":{"gitId":"StargazerX0"},"content":"        System.out.println(GREET_MESSAGE);","lastModifiedDate":"2024-02-11"},{"lineNumber":30,"author":{"gitId":"StargazerX0"},"content":"        System.out.println(HORIZONTAL_LINE);","lastModifiedDate":"2024-02-11"},{"lineNumber":31,"author":{"gitId":"StargazerX0"},"content":"    }","lastModifiedDate":"2024-02-11"},{"lineNumber":32,"author":{"gitId":"StargazerX0"},"content":"","lastModifiedDate":"2024-02-11"},{"lineNumber":33,"author":{"gitId":"StargazerX0"},"content":"    public void printGoodbye() {","lastModifiedDate":"2024-02-11"},{"lineNumber":34,"author":{"gitId":"StargazerX0"},"content":"        System.out.println(HORIZONTAL_LINE);","lastModifiedDate":"2024-02-11"},{"lineNumber":35,"author":{"gitId":"StargazerX0"},"content":"        System.out.println(GOODBYE_MESSAGE);","lastModifiedDate":"2024-02-11"},{"lineNumber":36,"author":{"gitId":"StargazerX0"},"content":"        System.out.println(HORIZONTAL_LINE);","lastModifiedDate":"2024-02-11"},{"lineNumber":37,"author":{"gitId":"StargazerX0"},"content":"    }","lastModifiedDate":"2024-02-11"},{"lineNumber":38,"author":{"gitId":"StargazerX0"},"content":"","lastModifiedDate":"2024-02-11"},{"lineNumber":39,"author":{"gitId":"StargazerX0"},"content":"    public void printTaskList(TaskList taskList) {","lastModifiedDate":"2024-02-11"},{"lineNumber":40,"author":{"gitId":"StargazerX0"},"content":"        System.out.println(HORIZONTAL_LINE);","lastModifiedDate":"2024-02-11"},{"lineNumber":41,"author":{"gitId":"StargazerX0"},"content":"        taskList.listTasks();","lastModifiedDate":"2024-02-11"},{"lineNumber":42,"author":{"gitId":"StargazerX0"},"content":"        System.out.println(HORIZONTAL_LINE);","lastModifiedDate":"2024-02-11"},{"lineNumber":43,"author":{"gitId":"StargazerX0"},"content":"    }","lastModifiedDate":"2024-02-11"},{"lineNumber":44,"author":{"gitId":"StargazerX0"},"content":"","lastModifiedDate":"2024-02-11"},{"lineNumber":45,"author":{"gitId":"StargazerX0"},"content":"    public void printAddTask(Task task, int listCount) {","lastModifiedDate":"2024-02-11"},{"lineNumber":46,"author":{"gitId":"StargazerX0"},"content":"        System.out.println(HORIZONTAL_LINE);","lastModifiedDate":"2024-02-11"},{"lineNumber":47,"author":{"gitId":"StargazerX0"},"content":"        System.out.println(\"Got it. I\u0027ve added this task: \" + System.lineSeparator() + task);","lastModifiedDate":"2024-02-11"},{"lineNumber":48,"author":{"gitId":"StargazerX0"},"content":"        System.out.println(\"Now you have \" + listCount + \" tasks in the list.\");","lastModifiedDate":"2024-02-11"},{"lineNumber":49,"author":{"gitId":"StargazerX0"},"content":"        System.out.println(HORIZONTAL_LINE);","lastModifiedDate":"2024-02-11"},{"lineNumber":50,"author":{"gitId":"StargazerX0"},"content":"    }","lastModifiedDate":"2024-02-11"},{"lineNumber":51,"author":{"gitId":"StargazerX0"},"content":"","lastModifiedDate":"2024-02-11"},{"lineNumber":52,"author":{"gitId":"StargazerX0"},"content":"    public void printInvalidIndex() {","lastModifiedDate":"2024-02-11"},{"lineNumber":53,"author":{"gitId":"StargazerX0"},"content":"        System.out.println(HORIZONTAL_LINE);","lastModifiedDate":"2024-02-11"},{"lineNumber":54,"author":{"gitId":"StargazerX0"},"content":"        System.out.println(\"Invalid index\");","lastModifiedDate":"2024-02-11"},{"lineNumber":55,"author":{"gitId":"StargazerX0"},"content":"        System.out.println(HORIZONTAL_LINE);","lastModifiedDate":"2024-02-11"},{"lineNumber":56,"author":{"gitId":"StargazerX0"},"content":"    }","lastModifiedDate":"2024-02-11"},{"lineNumber":57,"author":{"gitId":"StargazerX0"},"content":"","lastModifiedDate":"2024-02-12"},{"lineNumber":58,"author":{"gitId":"StargazerX0"},"content":"    public static void printErrorMessage(String errorMessage) {","lastModifiedDate":"2024-02-12"},{"lineNumber":59,"author":{"gitId":"StargazerX0"},"content":"        System.out.println(errorMessage);","lastModifiedDate":"2024-02-12"},{"lineNumber":60,"author":{"gitId":"StargazerX0"},"content":"        System.out.println(HORIZONTAL_LINE);","lastModifiedDate":"2024-02-12"},{"lineNumber":61,"author":{"gitId":"StargazerX0"},"content":"    }","lastModifiedDate":"2024-02-12"},{"lineNumber":62,"author":{"gitId":"StargazerX0"},"content":"}","lastModifiedDate":"2024-02-11"}],"authorContributionMap":{"StargazerX0":62}},{"path":"src/main/java/alpaca/exceptions/EmptyTaskDescriptionException.java","fileType":"java","lines":[{"lineNumber":1,"author":{"gitId":"StargazerX0"},"content":"package alpaca.exceptions;","lastModifiedDate":"2024-02-12"},{"lineNumber":2,"author":{"gitId":"StargazerX0"},"content":"public class EmptyTaskDescriptionException extends Exception{","lastModifiedDate":"2024-02-12"},{"lineNumber":3,"author":{"gitId":"StargazerX0"},"content":"    public EmptyTaskDescriptionException(String message) {","lastModifiedDate":"2024-02-12"},{"lineNumber":4,"author":{"gitId":"StargazerX0"},"content":"        super(message);","lastModifiedDate":"2024-02-12"},{"lineNumber":5,"author":{"gitId":"StargazerX0"},"content":"    }","lastModifiedDate":"2024-02-12"},{"lineNumber":6,"author":{"gitId":"StargazerX0"},"content":"}","lastModifiedDate":"2024-02-12"}],"authorContributionMap":{"StargazerX0":6}},{"path":"src/main/java/alpaca/exceptions/InvalidCommandException.java","fileType":"java","lines":[{"lineNumber":1,"author":{"gitId":"StargazerX0"},"content":"package alpaca.exceptions;","lastModifiedDate":"2024-02-12"},{"lineNumber":2,"author":{"gitId":"StargazerX0"},"content":"public class InvalidCommandException extends Exception{","lastModifiedDate":"2024-02-12"},{"lineNumber":3,"author":{"gitId":"StargazerX0"},"content":"","lastModifiedDate":"2024-02-12"},{"lineNumber":4,"author":{"gitId":"StargazerX0"},"content":"    @Override","lastModifiedDate":"2024-02-12"},{"lineNumber":5,"author":{"gitId":"StargazerX0"},"content":"    public String toString () {","lastModifiedDate":"2024-02-12"},{"lineNumber":6,"author":{"gitId":"StargazerX0"},"content":"        return \"Baa-baa-baa, I\u0027m sorry, but I don\u0027t know what that means :-(\\n\";","lastModifiedDate":"2024-02-12"},{"lineNumber":7,"author":{"gitId":"StargazerX0"},"content":"    }","lastModifiedDate":"2024-02-12"},{"lineNumber":8,"author":{"gitId":"StargazerX0"},"content":"}","lastModifiedDate":"2024-02-12"}],"authorContributionMap":{"StargazerX0":8}},{"path":"src/main/java/alpaca/exceptions/InvalidIndexException.java","fileType":"java","lines":[{"lineNumber":1,"author":{"gitId":"StargazerX0"},"content":"package alpaca.exceptions;","lastModifiedDate":"2024-02-12"},{"lineNumber":2,"author":{"gitId":"StargazerX0"},"content":"public class InvalidIndexException extends Exception{","lastModifiedDate":"2024-02-12"},{"lineNumber":3,"author":{"gitId":"StargazerX0"},"content":"    @Override","lastModifiedDate":"2024-02-12"},{"lineNumber":4,"author":{"gitId":"StargazerX0"},"content":"    public String toString () {","lastModifiedDate":"2024-02-12"},{"lineNumber":5,"author":{"gitId":"StargazerX0"},"content":"        return \"Baa-baa-baa, index is invalid\\n\";","lastModifiedDate":"2024-02-12"},{"lineNumber":6,"author":{"gitId":"StargazerX0"},"content":"    }","lastModifiedDate":"2024-02-12"},{"lineNumber":7,"author":{"gitId":"StargazerX0"},"content":"}","lastModifiedDate":"2024-02-12"}],"authorContributionMap":{"StargazerX0":7}},{"path":"src/main/java/alpaca/logic/LogicManager.java","fileType":"java","lines":[{"lineNumber":1,"author":{"gitId":"StargazerX0"},"content":"package alpaca.logic;","lastModifiedDate":"2024-02-12"},{"lineNumber":2,"author":{"gitId":"StargazerX0"},"content":"","lastModifiedDate":"2024-02-12"},{"lineNumber":3,"author":{"gitId":"StargazerX0"},"content":"import alpaca.UI.ResponseManager;","lastModifiedDate":"2024-02-12"},{"lineNumber":4,"author":{"gitId":"StargazerX0"},"content":"import alpaca.tasks.*;","lastModifiedDate":"2024-02-12"},{"lineNumber":5,"author":{"gitId":"StargazerX0"},"content":"import alpaca.exceptions.InvalidCommandException;","lastModifiedDate":"2024-02-12"},{"lineNumber":6,"author":{"gitId":"StargazerX0"},"content":"import alpaca.exceptions.InvalidIndexException;","lastModifiedDate":"2024-02-12"},{"lineNumber":7,"author":{"gitId":"StargazerX0"},"content":"","lastModifiedDate":"2024-02-12"},{"lineNumber":8,"author":{"gitId":"StargazerX0"},"content":"public class LogicManager {","lastModifiedDate":"2024-02-11"},{"lineNumber":9,"author":{"gitId":"StargazerX0"},"content":"    private TaskList taskList;","lastModifiedDate":"2024-02-11"},{"lineNumber":10,"author":{"gitId":"StargazerX0"},"content":"    private ResponseManager responseManager;","lastModifiedDate":"2024-02-11"},{"lineNumber":11,"author":{"gitId":"StargazerX0"},"content":"","lastModifiedDate":"2024-02-11"},{"lineNumber":12,"author":{"gitId":"StargazerX0"},"content":"    public LogicManager(ResponseManager responseManager) {","lastModifiedDate":"2024-02-11"},{"lineNumber":13,"author":{"gitId":"StargazerX0"},"content":"        this.taskList \u003d new TaskList();","lastModifiedDate":"2024-02-11"},{"lineNumber":14,"author":{"gitId":"StargazerX0"},"content":"        this.responseManager \u003d responseManager;","lastModifiedDate":"2024-02-11"},{"lineNumber":15,"author":{"gitId":"StargazerX0"},"content":"    }","lastModifiedDate":"2024-02-11"},{"lineNumber":16,"author":{"gitId":"StargazerX0"},"content":"","lastModifiedDate":"2024-02-11"},{"lineNumber":17,"author":{"gitId":"StargazerX0"},"content":"    public void executeCommand (String command, String details) throws InvalidCommandException{","lastModifiedDate":"2024-02-12"},{"lineNumber":18,"author":{"gitId":"StargazerX0"},"content":"        switch (command) {","lastModifiedDate":"2024-02-11"},{"lineNumber":19,"author":{"gitId":"StargazerX0"},"content":"        case \"list\":","lastModifiedDate":"2024-02-11"},{"lineNumber":20,"author":{"gitId":"StargazerX0"},"content":"            responseManager.printTaskList(taskList);","lastModifiedDate":"2024-02-11"},{"lineNumber":21,"author":{"gitId":"StargazerX0"},"content":"            break;","lastModifiedDate":"2024-02-11"},{"lineNumber":22,"author":{"gitId":"StargazerX0"},"content":"        case \"mark\":","lastModifiedDate":"2024-02-11"},{"lineNumber":23,"author":{"gitId":"StargazerX0"},"content":"        case \"unmark\":","lastModifiedDate":"2024-02-11"},{"lineNumber":24,"author":{"gitId":"StargazerX0"},"content":"            markUnmarkTask(details, command.equals(\"mark\"));","lastModifiedDate":"2024-02-11"},{"lineNumber":25,"author":{"gitId":"StargazerX0"},"content":"            break;","lastModifiedDate":"2024-02-11"},{"lineNumber":26,"author":{"gitId":"StargazerX0"},"content":"        case \"bye\":","lastModifiedDate":"2024-02-11"},{"lineNumber":27,"author":{"gitId":"StargazerX0"},"content":"            responseManager.printGoodbye();","lastModifiedDate":"2024-02-11"},{"lineNumber":28,"author":{"gitId":"StargazerX0"},"content":"            System.exit(0);","lastModifiedDate":"2024-02-11"},{"lineNumber":29,"author":{"gitId":"StargazerX0"},"content":"            break;","lastModifiedDate":"2024-02-11"},{"lineNumber":30,"author":{"gitId":"StargazerX0"},"content":"        default:","lastModifiedDate":"2024-02-11"},{"lineNumber":31,"author":{"gitId":"StargazerX0"},"content":"            // Handle other commands or ignore unknown commands","lastModifiedDate":"2024-02-11"},{"lineNumber":32,"author":{"gitId":"StargazerX0"},"content":"            throw new InvalidCommandException();","lastModifiedDate":"2024-02-12"},{"lineNumber":33,"author":{"gitId":"StargazerX0"},"content":"        }","lastModifiedDate":"2024-02-12"},{"lineNumber":34,"author":{"gitId":"StargazerX0"},"content":"    }","lastModifiedDate":"2024-02-11"},{"lineNumber":35,"author":{"gitId":"StargazerX0"},"content":"","lastModifiedDate":"2024-02-12"},{"lineNumber":36,"author":{"gitId":"StargazerX0"},"content":"    public void addTodo(String details){","lastModifiedDate":"2024-02-12"},{"lineNumber":37,"author":{"gitId":"StargazerX0"},"content":"        addTask(new Todo(details));","lastModifiedDate":"2024-02-12"},{"lineNumber":38,"author":{"gitId":"StargazerX0"},"content":"    }","lastModifiedDate":"2024-02-11"},{"lineNumber":39,"author":{"gitId":"StargazerX0"},"content":"","lastModifiedDate":"2024-02-11"},{"lineNumber":40,"author":{"gitId":"StargazerX0"},"content":"    public void addDeadline(String title, String by) {","lastModifiedDate":"2024-02-11"},{"lineNumber":41,"author":{"gitId":"StargazerX0"},"content":"        addTask(new Deadline(title, by));","lastModifiedDate":"2024-02-11"},{"lineNumber":42,"author":{"gitId":"StargazerX0"},"content":"    }","lastModifiedDate":"2024-02-11"},{"lineNumber":43,"author":{"gitId":"StargazerX0"},"content":"","lastModifiedDate":"2024-02-11"},{"lineNumber":44,"author":{"gitId":"StargazerX0"},"content":"    public void addEvent(String title, String from, String to) {","lastModifiedDate":"2024-02-11"},{"lineNumber":45,"author":{"gitId":"StargazerX0"},"content":"        addTask(new Event(title, from, to));","lastModifiedDate":"2024-02-11"},{"lineNumber":46,"author":{"gitId":"StargazerX0"},"content":"    }","lastModifiedDate":"2024-02-11"},{"lineNumber":47,"author":{"gitId":"StargazerX0"},"content":"","lastModifiedDate":"2024-02-11"},{"lineNumber":48,"author":{"gitId":"StargazerX0"},"content":"    private void addTask(Task task) {","lastModifiedDate":"2024-02-11"},{"lineNumber":49,"author":{"gitId":"StargazerX0"},"content":"        taskList.add(task);","lastModifiedDate":"2024-02-11"},{"lineNumber":50,"author":{"gitId":"StargazerX0"},"content":"        responseManager.printAddTask(task, taskList.getListCount());","lastModifiedDate":"2024-02-11"},{"lineNumber":51,"author":{"gitId":"StargazerX0"},"content":"    }","lastModifiedDate":"2024-02-11"},{"lineNumber":52,"author":{"gitId":"StargazerX0"},"content":"","lastModifiedDate":"2024-02-11"},{"lineNumber":53,"author":{"gitId":"StargazerX0"},"content":"    private void markUnmarkTask(String details, boolean isMark) {","lastModifiedDate":"2024-02-11"},{"lineNumber":54,"author":{"gitId":"StargazerX0"},"content":"        int taskIndex \u003d Integer.parseInt(details) - 1;","lastModifiedDate":"2024-02-11"},{"lineNumber":55,"author":{"gitId":"StargazerX0"},"content":"        try {","lastModifiedDate":"2024-02-12"},{"lineNumber":56,"author":{"gitId":"StargazerX0"},"content":"            if (!taskList.isCountValid(taskIndex)) {","lastModifiedDate":"2024-02-12"},{"lineNumber":57,"author":{"gitId":"StargazerX0"},"content":"                throw new InvalidIndexException();","lastModifiedDate":"2024-02-12"},{"lineNumber":58,"author":{"gitId":"StargazerX0"},"content":"            }","lastModifiedDate":"2024-02-12"},{"lineNumber":59,"author":{"gitId":"StargazerX0"},"content":"            if (isMark) {","lastModifiedDate":"2024-02-11"},{"lineNumber":60,"author":{"gitId":"StargazerX0"},"content":"                taskList.markTask(taskIndex);","lastModifiedDate":"2024-02-11"},{"lineNumber":61,"author":{"gitId":"StargazerX0"},"content":"            } else {","lastModifiedDate":"2024-02-11"},{"lineNumber":62,"author":{"gitId":"StargazerX0"},"content":"                taskList.unmarkTask(taskIndex);","lastModifiedDate":"2024-02-11"},{"lineNumber":63,"author":{"gitId":"StargazerX0"},"content":"            }","lastModifiedDate":"2024-02-11"},{"lineNumber":64,"author":{"gitId":"StargazerX0"},"content":"            responseManager.printLine();","lastModifiedDate":"2024-02-11"},{"lineNumber":65,"author":{"gitId":"StargazerX0"},"content":"        } catch (InvalidIndexException e) {","lastModifiedDate":"2024-02-12"},{"lineNumber":66,"author":{"gitId":"StargazerX0"},"content":"            ResponseManager.printErrorMessage(e.toString());","lastModifiedDate":"2024-02-12"},{"lineNumber":67,"author":{"gitId":"StargazerX0"},"content":"        }","lastModifiedDate":"2024-02-11"},{"lineNumber":68,"author":{"gitId":"StargazerX0"},"content":"    }","lastModifiedDate":"2024-02-11"},{"lineNumber":69,"author":{"gitId":"StargazerX0"},"content":"}","lastModifiedDate":"2024-02-11"}],"authorContributionMap":{"StargazerX0":69}},{"path":"src/main/java/alpaca/tasks/Deadline.java","fileType":"java","lines":[{"lineNumber":1,"author":{"gitId":"StargazerX0"},"content":"package alpaca.tasks;","lastModifiedDate":"2024-02-12"},{"lineNumber":2,"author":{"gitId":"StargazerX0"},"content":"public class Deadline extends Task {","lastModifiedDate":"2024-02-04"},{"lineNumber":3,"author":{"gitId":"StargazerX0"},"content":"","lastModifiedDate":"2024-02-04"},{"lineNumber":4,"author":{"gitId":"StargazerX0"},"content":"    protected String by;","lastModifiedDate":"2024-02-04"},{"lineNumber":5,"author":{"gitId":"StargazerX0"},"content":"","lastModifiedDate":"2024-02-04"},{"lineNumber":6,"author":{"gitId":"StargazerX0"},"content":"    public Deadline(String description, String by) {","lastModifiedDate":"2024-02-04"},{"lineNumber":7,"author":{"gitId":"StargazerX0"},"content":"        super(description);","lastModifiedDate":"2024-02-04"},{"lineNumber":8,"author":{"gitId":"StargazerX0"},"content":"        this.by \u003d by;","lastModifiedDate":"2024-02-04"},{"lineNumber":9,"author":{"gitId":"StargazerX0"},"content":"    }","lastModifiedDate":"2024-02-04"},{"lineNumber":10,"author":{"gitId":"StargazerX0"},"content":"","lastModifiedDate":"2024-02-04"},{"lineNumber":11,"author":{"gitId":"StargazerX0"},"content":"    @Override","lastModifiedDate":"2024-02-04"},{"lineNumber":12,"author":{"gitId":"StargazerX0"},"content":"    public String toString() {","lastModifiedDate":"2024-02-04"},{"lineNumber":13,"author":{"gitId":"StargazerX0"},"content":"        return \"[D]\" + super.toString() + \" (by: \" + by + \")\";","lastModifiedDate":"2024-02-04"},{"lineNumber":14,"author":{"gitId":"StargazerX0"},"content":"    }","lastModifiedDate":"2024-02-04"},{"lineNumber":15,"author":{"gitId":"StargazerX0"},"content":"}","lastModifiedDate":"2024-02-04"}],"authorContributionMap":{"StargazerX0":15}},{"path":"src/main/java/alpaca/tasks/Event.java","fileType":"java","lines":[{"lineNumber":1,"author":{"gitId":"StargazerX0"},"content":"package alpaca.tasks;","lastModifiedDate":"2024-02-12"},{"lineNumber":2,"author":{"gitId":"StargazerX0"},"content":"public class Event extends Task {","lastModifiedDate":"2024-02-04"},{"lineNumber":3,"author":{"gitId":"StargazerX0"},"content":"","lastModifiedDate":"2024-02-04"},{"lineNumber":4,"author":{"gitId":"StargazerX0"},"content":"    protected String from;","lastModifiedDate":"2024-02-04"},{"lineNumber":5,"author":{"gitId":"StargazerX0"},"content":"","lastModifiedDate":"2024-02-04"},{"lineNumber":6,"author":{"gitId":"StargazerX0"},"content":"    protected String to;","lastModifiedDate":"2024-02-04"},{"lineNumber":7,"author":{"gitId":"StargazerX0"},"content":"","lastModifiedDate":"2024-02-04"},{"lineNumber":8,"author":{"gitId":"StargazerX0"},"content":"    public Event(String description, String from, String to) {","lastModifiedDate":"2024-02-04"},{"lineNumber":9,"author":{"gitId":"StargazerX0"},"content":"        super(description);","lastModifiedDate":"2024-02-04"},{"lineNumber":10,"author":{"gitId":"StargazerX0"},"content":"        this.from \u003d from;","lastModifiedDate":"2024-02-04"},{"lineNumber":11,"author":{"gitId":"StargazerX0"},"content":"        this.to \u003d to;","lastModifiedDate":"2024-02-04"},{"lineNumber":12,"author":{"gitId":"StargazerX0"},"content":"    }","lastModifiedDate":"2024-02-04"},{"lineNumber":13,"author":{"gitId":"StargazerX0"},"content":"","lastModifiedDate":"2024-02-04"},{"lineNumber":14,"author":{"gitId":"StargazerX0"},"content":"    @Override","lastModifiedDate":"2024-02-04"},{"lineNumber":15,"author":{"gitId":"StargazerX0"},"content":"    public String toString() {","lastModifiedDate":"2024-02-04"},{"lineNumber":16,"author":{"gitId":"StargazerX0"},"content":"        return \"[E]\" + super.toString() + \" (from: \" + from +","lastModifiedDate":"2024-02-04"},{"lineNumber":17,"author":{"gitId":"StargazerX0"},"content":"            \" to: \" + to + \")\";","lastModifiedDate":"2024-02-04"},{"lineNumber":18,"author":{"gitId":"StargazerX0"},"content":"    }","lastModifiedDate":"2024-02-04"},{"lineNumber":19,"author":{"gitId":"StargazerX0"},"content":"}","lastModifiedDate":"2024-02-04"}],"authorContributionMap":{"StargazerX0":19}},{"path":"src/main/java/alpaca/tasks/Task.java","fileType":"java","lines":[{"lineNumber":1,"author":{"gitId":"StargazerX0"},"content":"package alpaca.tasks;","lastModifiedDate":"2024-02-12"},{"lineNumber":2,"author":{"gitId":"StargazerX0"},"content":"public class Task {","lastModifiedDate":"2024-02-04"},{"lineNumber":3,"author":{"gitId":"StargazerX0"},"content":"    protected final String description;","lastModifiedDate":"2024-02-04"},{"lineNumber":4,"author":{"gitId":"StargazerX0"},"content":"    protected boolean isDone;","lastModifiedDate":"2024-02-04"},{"lineNumber":5,"author":{"gitId":"StargazerX0"},"content":"","lastModifiedDate":"2024-02-04"},{"lineNumber":6,"author":{"gitId":"StargazerX0"},"content":"    Task(String description) {","lastModifiedDate":"2024-02-04"},{"lineNumber":7,"author":{"gitId":"StargazerX0"},"content":"        this.isDone \u003d false;","lastModifiedDate":"2024-02-04"},{"lineNumber":8,"author":{"gitId":"StargazerX0"},"content":"        this.description \u003d description;","lastModifiedDate":"2024-02-04"},{"lineNumber":9,"author":{"gitId":"StargazerX0"},"content":"    }","lastModifiedDate":"2024-02-04"},{"lineNumber":10,"author":{"gitId":"StargazerX0"},"content":"","lastModifiedDate":"2024-02-04"},{"lineNumber":11,"author":{"gitId":"StargazerX0"},"content":"    public void mark() {","lastModifiedDate":"2024-02-04"},{"lineNumber":12,"author":{"gitId":"StargazerX0"},"content":"        this.isDone \u003d true;","lastModifiedDate":"2024-02-04"},{"lineNumber":13,"author":{"gitId":"StargazerX0"},"content":"    }","lastModifiedDate":"2024-02-04"},{"lineNumber":14,"author":{"gitId":"StargazerX0"},"content":"","lastModifiedDate":"2024-02-04"},{"lineNumber":15,"author":{"gitId":"StargazerX0"},"content":"    public void unmark() {","lastModifiedDate":"2024-02-04"},{"lineNumber":16,"author":{"gitId":"StargazerX0"},"content":"        this.isDone \u003d false;","lastModifiedDate":"2024-02-04"},{"lineNumber":17,"author":{"gitId":"StargazerX0"},"content":"    }","lastModifiedDate":"2024-02-04"},{"lineNumber":18,"author":{"gitId":"StargazerX0"},"content":"","lastModifiedDate":"2024-02-04"},{"lineNumber":19,"author":{"gitId":"StargazerX0"},"content":"    public String toString() {","lastModifiedDate":"2024-02-04"},{"lineNumber":20,"author":{"gitId":"StargazerX0"},"content":"        if (isDone) {","lastModifiedDate":"2024-02-04"},{"lineNumber":21,"author":{"gitId":"StargazerX0"},"content":"            return  \"[X] \" + description;","lastModifiedDate":"2024-02-04"},{"lineNumber":22,"author":{"gitId":"StargazerX0"},"content":"        }","lastModifiedDate":"2024-02-04"},{"lineNumber":23,"author":{"gitId":"StargazerX0"},"content":"        return  \"[ ] \" + description;","lastModifiedDate":"2024-02-04"},{"lineNumber":24,"author":{"gitId":"StargazerX0"},"content":"    }","lastModifiedDate":"2024-02-04"},{"lineNumber":25,"author":{"gitId":"StargazerX0"},"content":"}","lastModifiedDate":"2024-02-04"}],"authorContributionMap":{"StargazerX0":25}},{"path":"src/main/java/alpaca/tasks/TaskList.java","fileType":"java","lines":[{"lineNumber":1,"author":{"gitId":"StargazerX0"},"content":"package alpaca.tasks;","lastModifiedDate":"2024-02-12"},{"lineNumber":2,"author":{"gitId":"StargazerX0"},"content":"public class TaskList {","lastModifiedDate":"2024-02-04"},{"lineNumber":3,"author":{"gitId":"StargazerX0"},"content":"    protected int listCount;","lastModifiedDate":"2024-02-04"},{"lineNumber":4,"author":{"gitId":"StargazerX0"},"content":"    protected final Task[] tasks;","lastModifiedDate":"2024-02-04"},{"lineNumber":5,"author":{"gitId":"StargazerX0"},"content":"","lastModifiedDate":"2024-02-04"},{"lineNumber":6,"author":{"gitId":"StargazerX0"},"content":"    public TaskList() {","lastModifiedDate":"2024-02-12"},{"lineNumber":7,"author":{"gitId":"StargazerX0"},"content":"        this.listCount \u003d 0;","lastModifiedDate":"2024-02-04"},{"lineNumber":8,"author":{"gitId":"StargazerX0"},"content":"        this.tasks \u003d new Task[100];","lastModifiedDate":"2024-02-04"},{"lineNumber":9,"author":{"gitId":"StargazerX0"},"content":"    }","lastModifiedDate":"2024-02-04"},{"lineNumber":10,"author":{"gitId":"StargazerX0"},"content":"","lastModifiedDate":"2024-02-04"},{"lineNumber":11,"author":{"gitId":"StargazerX0"},"content":"    public int getListCount() {","lastModifiedDate":"2024-02-04"},{"lineNumber":12,"author":{"gitId":"StargazerX0"},"content":"        return listCount;","lastModifiedDate":"2024-02-04"},{"lineNumber":13,"author":{"gitId":"StargazerX0"},"content":"    }","lastModifiedDate":"2024-02-04"},{"lineNumber":14,"author":{"gitId":"StargazerX0"},"content":"","lastModifiedDate":"2024-02-04"},{"lineNumber":15,"author":{"gitId":"StargazerX0"},"content":"    public void add(Task task) {","lastModifiedDate":"2024-02-04"},{"lineNumber":16,"author":{"gitId":"StargazerX0"},"content":"        tasks[listCount] \u003d task;","lastModifiedDate":"2024-02-04"},{"lineNumber":17,"author":{"gitId":"StargazerX0"},"content":"        listCount++;","lastModifiedDate":"2024-02-04"},{"lineNumber":18,"author":{"gitId":"StargazerX0"},"content":"    }","lastModifiedDate":"2024-02-04"},{"lineNumber":19,"author":{"gitId":"StargazerX0"},"content":"","lastModifiedDate":"2024-02-04"},{"lineNumber":20,"author":{"gitId":"StargazerX0"},"content":"    public boolean isCountValid(int taskIndex) {","lastModifiedDate":"2024-02-04"},{"lineNumber":21,"author":{"gitId":"StargazerX0"},"content":"        if (taskIndex \u003c\u003d listCount - 1) {","lastModifiedDate":"2024-02-04"},{"lineNumber":22,"author":{"gitId":"StargazerX0"},"content":"            return true;","lastModifiedDate":"2024-02-04"},{"lineNumber":23,"author":{"gitId":"StargazerX0"},"content":"        }","lastModifiedDate":"2024-02-04"},{"lineNumber":24,"author":{"gitId":"StargazerX0"},"content":"        return false;","lastModifiedDate":"2024-02-04"},{"lineNumber":25,"author":{"gitId":"StargazerX0"},"content":"    }","lastModifiedDate":"2024-02-04"},{"lineNumber":26,"author":{"gitId":"StargazerX0"},"content":"","lastModifiedDate":"2024-02-04"},{"lineNumber":27,"author":{"gitId":"StargazerX0"},"content":"    public Task getTask(int taskIndex) {","lastModifiedDate":"2024-02-11"},{"lineNumber":28,"author":{"gitId":"StargazerX0"},"content":"        return tasks[taskIndex];","lastModifiedDate":"2024-02-11"},{"lineNumber":29,"author":{"gitId":"StargazerX0"},"content":"    }","lastModifiedDate":"2024-02-11"},{"lineNumber":30,"author":{"gitId":"StargazerX0"},"content":"","lastModifiedDate":"2024-02-11"},{"lineNumber":31,"author":{"gitId":"StargazerX0"},"content":"    public void markTask(int taskIndex) {","lastModifiedDate":"2024-02-04"},{"lineNumber":32,"author":{"gitId":"StargazerX0"},"content":"        tasks[taskIndex].mark();","lastModifiedDate":"2024-02-04"},{"lineNumber":33,"author":{"gitId":"StargazerX0"},"content":"        System.out.println(\"Nice! I\u0027ve marked this task as done:\");","lastModifiedDate":"2024-02-04"},{"lineNumber":34,"author":{"gitId":"StargazerX0"},"content":"        System.out.println(\" \" + tasks[taskIndex].toString());","lastModifiedDate":"2024-02-04"},{"lineNumber":35,"author":{"gitId":"StargazerX0"},"content":"    }","lastModifiedDate":"2024-02-04"},{"lineNumber":36,"author":{"gitId":"StargazerX0"},"content":"","lastModifiedDate":"2024-02-04"},{"lineNumber":37,"author":{"gitId":"StargazerX0"},"content":"    public void unmarkTask(int taskIndex) {","lastModifiedDate":"2024-02-04"},{"lineNumber":38,"author":{"gitId":"StargazerX0"},"content":"        tasks[taskIndex].unmark();","lastModifiedDate":"2024-02-04"},{"lineNumber":39,"author":{"gitId":"StargazerX0"},"content":"        System.out.println(\"OK, I\u0027ve marked this task as not done yet:\");","lastModifiedDate":"2024-02-04"},{"lineNumber":40,"author":{"gitId":"StargazerX0"},"content":"        System.out.println(\" \" + tasks[taskIndex].toString());","lastModifiedDate":"2024-02-04"},{"lineNumber":41,"author":{"gitId":"StargazerX0"},"content":"    }","lastModifiedDate":"2024-02-04"},{"lineNumber":42,"author":{"gitId":"StargazerX0"},"content":"","lastModifiedDate":"2024-02-04"},{"lineNumber":43,"author":{"gitId":"StargazerX0"},"content":"    public void listTasks() {","lastModifiedDate":"2024-02-04"},{"lineNumber":44,"author":{"gitId":"StargazerX0"},"content":"        int taskIndex \u003d 0;","lastModifiedDate":"2024-02-04"},{"lineNumber":45,"author":{"gitId":"StargazerX0"},"content":"        System.out.println(\"Here are the tasks in your list:\");","lastModifiedDate":"2024-02-04"},{"lineNumber":46,"author":{"gitId":"StargazerX0"},"content":"        for (int i \u003d 0; i \u003c listCount; i++) {","lastModifiedDate":"2024-02-04"},{"lineNumber":47,"author":{"gitId":"StargazerX0"},"content":"            taskIndex++;","lastModifiedDate":"2024-02-04"},{"lineNumber":48,"author":{"gitId":"StargazerX0"},"content":"            System.out.println(taskIndex + \".\" + tasks[i].toString());","lastModifiedDate":"2024-02-04"},{"lineNumber":49,"author":{"gitId":"StargazerX0"},"content":"        }","lastModifiedDate":"2024-02-04"},{"lineNumber":50,"author":{"gitId":"StargazerX0"},"content":"    }","lastModifiedDate":"2024-02-04"},{"lineNumber":51,"author":{"gitId":"StargazerX0"},"content":"}","lastModifiedDate":"2024-02-04"}],"authorContributionMap":{"StargazerX0":51}},{"path":"src/main/java/alpaca/tasks/Todo.java","fileType":"java","lines":[{"lineNumber":1,"author":{"gitId":"StargazerX0"},"content":"package alpaca.tasks;","lastModifiedDate":"2024-02-12"},{"lineNumber":2,"author":{"gitId":"StargazerX0"},"content":"public class Todo extends Task{","lastModifiedDate":"2024-02-04"},{"lineNumber":3,"author":{"gitId":"StargazerX0"},"content":"    public Todo(String description) {","lastModifiedDate":"2024-02-04"},{"lineNumber":4,"author":{"gitId":"StargazerX0"},"content":"        super(description);","lastModifiedDate":"2024-02-04"},{"lineNumber":5,"author":{"gitId":"StargazerX0"},"content":"    }","lastModifiedDate":"2024-02-04"},{"lineNumber":6,"author":{"gitId":"StargazerX0"},"content":"","lastModifiedDate":"2024-02-04"},{"lineNumber":7,"author":{"gitId":"StargazerX0"},"content":"    @Override","lastModifiedDate":"2024-02-04"},{"lineNumber":8,"author":{"gitId":"StargazerX0"},"content":"    public String toString() {","lastModifiedDate":"2024-02-04"},{"lineNumber":9,"author":{"gitId":"StargazerX0"},"content":"        return \"[T]\" + super.toString();","lastModifiedDate":"2024-02-04"},{"lineNumber":10,"author":{"gitId":"StargazerX0"},"content":"    }","lastModifiedDate":"2024-02-04"},{"lineNumber":11,"author":{"gitId":"StargazerX0"},"content":"}","lastModifiedDate":"2024-02-04"}],"authorContributionMap":{"StargazerX0":11}},{"path":"text-ui-test/runtest.bat","fileType":"bat","lines":[{"lineNumber":1,"author":{"gitId":"-"},"content":"@ECHO OFF","lastModifiedDate":"2020-05-25"},{"lineNumber":2,"author":{"gitId":"-"},"content":"","lastModifiedDate":"2020-05-25"},{"lineNumber":3,"author":{"gitId":"-"},"content":"REM create bin directory if it doesn\u0027t exist","lastModifiedDate":"2020-05-25"},{"lineNumber":4,"author":{"gitId":"-"},"content":"if not exist ..\\bin mkdir ..\\bin","lastModifiedDate":"2020-05-25"},{"lineNumber":5,"author":{"gitId":"-"},"content":"","lastModifiedDate":"2020-05-25"},{"lineNumber":6,"author":{"gitId":"-"},"content":"REM delete output from previous run","lastModifiedDate":"2020-05-25"},{"lineNumber":7,"author":{"gitId":"-"},"content":"if exist ACTUAL.TXT del ACTUAL.TXT","lastModifiedDate":"2020-08-25"},{"lineNumber":8,"author":{"gitId":"-"},"content":"","lastModifiedDate":"2020-05-25"},{"lineNumber":9,"author":{"gitId":"-"},"content":"REM compile the code into the bin folder","lastModifiedDate":"2020-05-25"},{"lineNumber":10,"author":{"gitId":"-"},"content":"javac  -cp ..\\src\\main\\java -Xlint:none -d ..\\bin ..\\src\\main\\java\\*.java","lastModifiedDate":"2020-08-25"},{"lineNumber":11,"author":{"gitId":"-"},"content":"IF ERRORLEVEL 1 (","lastModifiedDate":"2020-05-25"},{"lineNumber":12,"author":{"gitId":"-"},"content":"    echo ********** BUILD FAILURE **********","lastModifiedDate":"2020-05-25"},{"lineNumber":13,"author":{"gitId":"-"},"content":"    exit /b 1","lastModifiedDate":"2020-05-25"},{"lineNumber":14,"author":{"gitId":"-"},"content":")","lastModifiedDate":"2020-05-25"},{"lineNumber":15,"author":{"gitId":"-"},"content":"REM no error here, errorlevel \u003d\u003d 0","lastModifiedDate":"2020-05-25"},{"lineNumber":16,"author":{"gitId":"-"},"content":"","lastModifiedDate":"2020-05-25"},{"lineNumber":17,"author":{"gitId":"-"},"content":"REM run the program, feed commands from input.txt file and redirect the output to the ACTUAL.TXT","lastModifiedDate":"2020-05-25"},{"lineNumber":18,"author":{"gitId":"StargazerX0"},"content":"java -classpath ..\\bin Alpaca \u003c input.txt \u003e ACTUAL.TXT","lastModifiedDate":"2024-02-11"},{"lineNumber":19,"author":{"gitId":"-"},"content":"","lastModifiedDate":"2020-05-25"},{"lineNumber":20,"author":{"gitId":"-"},"content":"REM compare the output to the expected output","lastModifiedDate":"2020-05-25"},{"lineNumber":21,"author":{"gitId":"-"},"content":"FC ACTUAL.TXT EXPECTED.TXT","lastModifiedDate":"2020-05-25"}],"authorContributionMap":{"StargazerX0":1,"-":20}}]
