[{"path":"README.md","fileType":"md","lines":[{"lineNumber":1,"author":{"gitId":"StargazerX0"},"content":"Hello there, this is Alpaca! ","lastModifiedDate":"2024-02-01"},{"lineNumber":2,"author":{"gitId":"-"},"content":"  ","lastModifiedDate":"2020-05-25"},{"lineNumber":3,"author":{"gitId":"StargazerX0"},"content":"Alpaca has following features:","lastModifiedDate":"2024-02-01"},{"lineNumber":4,"author":{"gitId":"-"},"content":"","lastModifiedDate":"2020-05-25"},{"lineNumber":5,"author":{"gitId":"StargazerX0"},"content":"## Feature: Echo","lastModifiedDate":"2024-02-01"},{"lineNumber":6,"author":{"gitId":"-"},"content":"","lastModifiedDate":"2020-05-25"},{"lineNumber":7,"author":{"gitId":"StargazerX0"},"content":"Alpaca can echo what you type.","lastModifiedDate":"2024-02-01"},{"lineNumber":8,"author":{"gitId":"StargazerX0"},"content":"","lastModifiedDate":"2024-02-01"},{"lineNumber":9,"author":{"gitId":"StargazerX0"},"content":"## Feature: Store","lastModifiedDate":"2024-02-01"},{"lineNumber":10,"author":{"gitId":"StargazerX0"},"content":"","lastModifiedDate":"2024-02-01"},{"lineNumber":11,"author":{"gitId":"StargazerX0"},"content":"Alpaca can store what you type as a task","lastModifiedDate":"2024-02-01"},{"lineNumber":12,"author":{"gitId":"StargazerX0"},"content":"","lastModifiedDate":"2024-02-01"},{"lineNumber":13,"author":{"gitId":"StargazerX0"},"content":"## Feature: List","lastModifiedDate":"2024-02-01"},{"lineNumber":14,"author":{"gitId":"StargazerX0"},"content":"","lastModifiedDate":"2024-02-01"},{"lineNumber":15,"author":{"gitId":"StargazerX0"},"content":"Type `list` to see the list","lastModifiedDate":"2024-02-01"},{"lineNumber":16,"author":{"gitId":"StargazerX0"},"content":"","lastModifiedDate":"2024-02-01"},{"lineNumber":17,"author":{"gitId":"StargazerX0"},"content":"## Feature: Mark","lastModifiedDate":"2024-02-01"},{"lineNumber":18,"author":{"gitId":"StargazerX0"},"content":"","lastModifiedDate":"2024-02-01"},{"lineNumber":19,"author":{"gitId":"StargazerX0"},"content":"1. Type `mark` + `number` to mark task as done","lastModifiedDate":"2024-02-01"},{"lineNumber":20,"author":{"gitId":"StargazerX0"},"content":"2. Type `unmark` + `number` to mark task as not done","lastModifiedDate":"2024-02-01"},{"lineNumber":21,"author":{"gitId":"StargazerX0"},"content":"","lastModifiedDate":"2024-02-01"},{"lineNumber":22,"author":{"gitId":"StargazerX0"},"content":"## Feature: Bye","lastModifiedDate":"2024-02-01"},{"lineNumber":23,"author":{"gitId":"StargazerX0"},"content":"","lastModifiedDate":"2024-02-01"},{"lineNumber":24,"author":{"gitId":"StargazerX0"},"content":"Type `bye` to exit the program","lastModifiedDate":"2024-02-01"},{"lineNumber":25,"author":{"gitId":"-"},"content":"","lastModifiedDate":"2020-05-25"},{"lineNumber":26,"author":{"gitId":"StargazerX0"},"content":"Bah-bah-bah","lastModifiedDate":"2024-02-01"},{"lineNumber":27,"author":{"gitId":"StargazerX0"},"content":"","lastModifiedDate":"2024-02-01"},{"lineNumber":28,"author":{"gitId":"StargazerX0"},"content":"                                              ","lastModifiedDate":"2024-02-01"},{"lineNumber":29,"author":{"gitId":"StargazerX0"},"content":"                                              ","lastModifiedDate":"2024-02-01"}],"authorContributionMap":{"StargazerX0":25,"-":4}},{"path":"src/main/java/Alpaca.java","fileType":"java","lines":[{"lineNumber":1,"author":{"gitId":"StargazerX0"},"content":"public class Alpaca {","lastModifiedDate":"2024-01-29"},{"lineNumber":2,"author":{"gitId":"StargazerX0"},"content":"    public static void main(String[] args) {","lastModifiedDate":"2024-01-23"},{"lineNumber":3,"author":{"gitId":"StargazerX0"},"content":"        Conversation.startConversation();","lastModifiedDate":"2024-02-04"},{"lineNumber":4,"author":{"gitId":"StargazerX0"},"content":"    }","lastModifiedDate":"2024-01-23"},{"lineNumber":5,"author":{"gitId":"StargazerX0"},"content":"}","lastModifiedDate":"2024-01-23"}],"authorContributionMap":{"StargazerX0":5}},{"path":"src/main/java/Conversation.java","fileType":"java","lines":[{"lineNumber":1,"author":{"gitId":"StargazerX0"},"content":"import java.util.Scanner;","lastModifiedDate":"2024-02-04"},{"lineNumber":2,"author":{"gitId":"StargazerX0"},"content":"public class Conversation {","lastModifiedDate":"2024-02-04"},{"lineNumber":3,"author":{"gitId":"StargazerX0"},"content":"    private static final String LOGO \u003d \"           _      _____        _____          \\n\" +","lastModifiedDate":"2024-02-04"},{"lineNumber":4,"author":{"gitId":"StargazerX0"},"content":"        \"     /\\\\   | |    |  __ \\\\ /\\\\   / ____|   /\\\\    \\n\" +","lastModifiedDate":"2024-02-04"},{"lineNumber":5,"author":{"gitId":"StargazerX0"},"content":"        \"    /  \\\\  | |    | |__) /  \\\\ | |       /  \\\\   \\n\" +","lastModifiedDate":"2024-02-04"},{"lineNumber":6,"author":{"gitId":"StargazerX0"},"content":"        \"   / /\\\\ \\\\ | |    |  ___/ /\\\\ \\\\| |      / /\\\\ \\\\  \\n\" +","lastModifiedDate":"2024-02-04"},{"lineNumber":7,"author":{"gitId":"StargazerX0"},"content":"        \"  / ____ \\\\| |____| |  / ____ \\\\ |____ / ____ \\\\ \\n\" +","lastModifiedDate":"2024-02-04"},{"lineNumber":8,"author":{"gitId":"StargazerX0"},"content":"        \" /_/    \\\\_\\\\______|_| /_/    \\\\_\\\\_____/_/    \\\\_\\\\\\n\" +","lastModifiedDate":"2024-02-04"},{"lineNumber":9,"author":{"gitId":"StargazerX0"},"content":"        \"                                              \\n\" +","lastModifiedDate":"2024-02-04"},{"lineNumber":10,"author":{"gitId":"StargazerX0"},"content":"        \"                                              \";","lastModifiedDate":"2024-02-04"},{"lineNumber":11,"author":{"gitId":"StargazerX0"},"content":"","lastModifiedDate":"2024-02-04"},{"lineNumber":12,"author":{"gitId":"StargazerX0"},"content":"    private static final String HORIZONTAL_LINE \u003d \"_____________\" +","lastModifiedDate":"2024-02-04"},{"lineNumber":13,"author":{"gitId":"StargazerX0"},"content":"        \"_______________________________________________\\n\";","lastModifiedDate":"2024-02-04"},{"lineNumber":14,"author":{"gitId":"StargazerX0"},"content":"","lastModifiedDate":"2024-02-04"},{"lineNumber":15,"author":{"gitId":"StargazerX0"},"content":"    private static final String GREET \u003d \"Baa-baa-baa, I\u0027m Alpaca!\\n\"","lastModifiedDate":"2024-02-04"},{"lineNumber":16,"author":{"gitId":"StargazerX0"},"content":"        + \"How can I assist you today?\\n\";","lastModifiedDate":"2024-02-04"},{"lineNumber":17,"author":{"gitId":"StargazerX0"},"content":"    private static final String EXIT \u003d \"Bye. Hope to see you again soon, baa-baa-baa!\\n\";","lastModifiedDate":"2024-02-04"},{"lineNumber":18,"author":{"gitId":"StargazerX0"},"content":"","lastModifiedDate":"2024-02-04"},{"lineNumber":19,"author":{"gitId":"StargazerX0"},"content":"    public static void executeTask() {","lastModifiedDate":"2024-02-04"},{"lineNumber":20,"author":{"gitId":"StargazerX0"},"content":"        TaskList taskList \u003d new TaskList();","lastModifiedDate":"2024-02-04"},{"lineNumber":21,"author":{"gitId":"StargazerX0"},"content":"","lastModifiedDate":"2024-02-04"},{"lineNumber":22,"author":{"gitId":"StargazerX0"},"content":"        Scanner userInput \u003d new Scanner(System.in);","lastModifiedDate":"2024-02-04"},{"lineNumber":23,"author":{"gitId":"StargazerX0"},"content":"        String receivedMessage;","lastModifiedDate":"2024-02-04"},{"lineNumber":24,"author":{"gitId":"StargazerX0"},"content":"        String receivedCommand;","lastModifiedDate":"2024-02-04"},{"lineNumber":25,"author":{"gitId":"StargazerX0"},"content":"        String tempLine;","lastModifiedDate":"2024-02-04"},{"lineNumber":26,"author":{"gitId":"StargazerX0"},"content":"        int taskIndex;","lastModifiedDate":"2024-02-04"},{"lineNumber":27,"author":{"gitId":"StargazerX0"},"content":"","lastModifiedDate":"2024-02-04"},{"lineNumber":28,"author":{"gitId":"StargazerX0"},"content":"        while (userInput.hasNextLine()) {","lastModifiedDate":"2024-02-04"},{"lineNumber":29,"author":{"gitId":"StargazerX0"},"content":"            receivedMessage \u003d userInput.nextLine();","lastModifiedDate":"2024-02-04"},{"lineNumber":30,"author":{"gitId":"StargazerX0"},"content":"            receivedCommand \u003d receivedMessage.split(\" \")[0];","lastModifiedDate":"2024-02-04"},{"lineNumber":31,"author":{"gitId":"StargazerX0"},"content":"","lastModifiedDate":"2024-02-04"},{"lineNumber":32,"author":{"gitId":"StargazerX0"},"content":"            switch (receivedCommand) {","lastModifiedDate":"2024-02-04"},{"lineNumber":33,"author":{"gitId":"StargazerX0"},"content":"            case \"list\":","lastModifiedDate":"2024-02-04"},{"lineNumber":34,"author":{"gitId":"StargazerX0"},"content":"                System.out.print(HORIZONTAL_LINE);","lastModifiedDate":"2024-02-04"},{"lineNumber":35,"author":{"gitId":"StargazerX0"},"content":"                taskList.listTasks();","lastModifiedDate":"2024-02-04"},{"lineNumber":36,"author":{"gitId":"StargazerX0"},"content":"                System.out.println(HORIZONTAL_LINE);","lastModifiedDate":"2024-02-04"},{"lineNumber":37,"author":{"gitId":"StargazerX0"},"content":"                break;","lastModifiedDate":"2024-02-04"},{"lineNumber":38,"author":{"gitId":"StargazerX0"},"content":"","lastModifiedDate":"2024-02-04"},{"lineNumber":39,"author":{"gitId":"StargazerX0"},"content":"            case \"mark\":","lastModifiedDate":"2024-02-04"},{"lineNumber":40,"author":{"gitId":"StargazerX0"},"content":"                tempLine \u003d receivedMessage.substring(5);","lastModifiedDate":"2024-02-04"},{"lineNumber":41,"author":{"gitId":"StargazerX0"},"content":"                taskIndex \u003d Integer.parseInt(tempLine) - 1;","lastModifiedDate":"2024-02-04"},{"lineNumber":42,"author":{"gitId":"StargazerX0"},"content":"                if (taskList.isCountValid(taskIndex)) {","lastModifiedDate":"2024-02-04"},{"lineNumber":43,"author":{"gitId":"StargazerX0"},"content":"                    System.out.print(HORIZONTAL_LINE);","lastModifiedDate":"2024-02-04"},{"lineNumber":44,"author":{"gitId":"StargazerX0"},"content":"                    taskList.markTask(taskIndex);","lastModifiedDate":"2024-02-04"},{"lineNumber":45,"author":{"gitId":"StargazerX0"},"content":"                    System.out.print(HORIZONTAL_LINE);","lastModifiedDate":"2024-02-04"},{"lineNumber":46,"author":{"gitId":"StargazerX0"},"content":"                }","lastModifiedDate":"2024-02-04"},{"lineNumber":47,"author":{"gitId":"StargazerX0"},"content":"                else {","lastModifiedDate":"2024-02-04"},{"lineNumber":48,"author":{"gitId":"StargazerX0"},"content":"                    System.out.print(HORIZONTAL_LINE);","lastModifiedDate":"2024-02-04"},{"lineNumber":49,"author":{"gitId":"StargazerX0"},"content":"                    System.out.println(\"invalid index\");","lastModifiedDate":"2024-02-04"},{"lineNumber":50,"author":{"gitId":"StargazerX0"},"content":"                    System.out.print(HORIZONTAL_LINE);","lastModifiedDate":"2024-02-04"},{"lineNumber":51,"author":{"gitId":"StargazerX0"},"content":"                }","lastModifiedDate":"2024-02-04"},{"lineNumber":52,"author":{"gitId":"StargazerX0"},"content":"                break;","lastModifiedDate":"2024-02-04"},{"lineNumber":53,"author":{"gitId":"StargazerX0"},"content":"","lastModifiedDate":"2024-02-04"},{"lineNumber":54,"author":{"gitId":"StargazerX0"},"content":"            case \"unmark\":","lastModifiedDate":"2024-02-04"},{"lineNumber":55,"author":{"gitId":"StargazerX0"},"content":"                tempLine \u003d receivedMessage.substring(7);","lastModifiedDate":"2024-02-04"},{"lineNumber":56,"author":{"gitId":"StargazerX0"},"content":"                taskIndex \u003d Integer.parseInt(tempLine) - 1;","lastModifiedDate":"2024-02-04"},{"lineNumber":57,"author":{"gitId":"StargazerX0"},"content":"                if (taskList.isCountValid(taskIndex)) {","lastModifiedDate":"2024-02-04"},{"lineNumber":58,"author":{"gitId":"StargazerX0"},"content":"                    System.out.print(HORIZONTAL_LINE);","lastModifiedDate":"2024-02-04"},{"lineNumber":59,"author":{"gitId":"StargazerX0"},"content":"                    taskList.unmarkTask(taskIndex);","lastModifiedDate":"2024-02-04"},{"lineNumber":60,"author":{"gitId":"StargazerX0"},"content":"                    System.out.print(HORIZONTAL_LINE);","lastModifiedDate":"2024-02-04"},{"lineNumber":61,"author":{"gitId":"StargazerX0"},"content":"                }","lastModifiedDate":"2024-02-04"},{"lineNumber":62,"author":{"gitId":"StargazerX0"},"content":"                else {","lastModifiedDate":"2024-02-04"},{"lineNumber":63,"author":{"gitId":"StargazerX0"},"content":"                    System.out.print(HORIZONTAL_LINE);","lastModifiedDate":"2024-02-04"},{"lineNumber":64,"author":{"gitId":"StargazerX0"},"content":"                    System.out.println(\"invalid index\");","lastModifiedDate":"2024-02-04"},{"lineNumber":65,"author":{"gitId":"StargazerX0"},"content":"                    System.out.print(HORIZONTAL_LINE);","lastModifiedDate":"2024-02-04"},{"lineNumber":66,"author":{"gitId":"StargazerX0"},"content":"                }","lastModifiedDate":"2024-02-04"},{"lineNumber":67,"author":{"gitId":"StargazerX0"},"content":"                break;","lastModifiedDate":"2024-02-04"},{"lineNumber":68,"author":{"gitId":"StargazerX0"},"content":"","lastModifiedDate":"2024-02-04"},{"lineNumber":69,"author":{"gitId":"StargazerX0"},"content":"            case \"bye\":","lastModifiedDate":"2024-02-04"},{"lineNumber":70,"author":{"gitId":"StargazerX0"},"content":"                System.out.print(HORIZONTAL_LINE);","lastModifiedDate":"2024-02-04"},{"lineNumber":71,"author":{"gitId":"StargazerX0"},"content":"                System.out.print(EXIT + HORIZONTAL_LINE);","lastModifiedDate":"2024-02-04"},{"lineNumber":72,"author":{"gitId":"StargazerX0"},"content":"                return;","lastModifiedDate":"2024-02-04"},{"lineNumber":73,"author":{"gitId":"StargazerX0"},"content":"","lastModifiedDate":"2024-02-04"},{"lineNumber":74,"author":{"gitId":"StargazerX0"},"content":"            default:","lastModifiedDate":"2024-02-04"},{"lineNumber":75,"author":{"gitId":"StargazerX0"},"content":"                Task newTask \u003d new Task(receivedMessage);","lastModifiedDate":"2024-02-04"},{"lineNumber":76,"author":{"gitId":"StargazerX0"},"content":"                taskList.add(newTask);","lastModifiedDate":"2024-02-04"},{"lineNumber":77,"author":{"gitId":"StargazerX0"},"content":"                System.out.print(HORIZONTAL_LINE);","lastModifiedDate":"2024-02-04"},{"lineNumber":78,"author":{"gitId":"StargazerX0"},"content":"                System.out.println(\"added: \" + receivedMessage);","lastModifiedDate":"2024-02-04"},{"lineNumber":79,"author":{"gitId":"StargazerX0"},"content":"                System.out.print(HORIZONTAL_LINE);","lastModifiedDate":"2024-02-04"},{"lineNumber":80,"author":{"gitId":"StargazerX0"},"content":"            }","lastModifiedDate":"2024-02-04"},{"lineNumber":81,"author":{"gitId":"StargazerX0"},"content":"        }","lastModifiedDate":"2024-02-04"},{"lineNumber":82,"author":{"gitId":"StargazerX0"},"content":"    }","lastModifiedDate":"2024-02-04"},{"lineNumber":83,"author":{"gitId":"StargazerX0"},"content":"","lastModifiedDate":"2024-02-04"},{"lineNumber":84,"author":{"gitId":"StargazerX0"},"content":"    public static void startConversation(){","lastModifiedDate":"2024-02-04"},{"lineNumber":85,"author":{"gitId":"StargazerX0"},"content":"","lastModifiedDate":"2024-02-04"},{"lineNumber":86,"author":{"gitId":"StargazerX0"},"content":"        System.out.println(\"Hello from\\n\" + LOGO);","lastModifiedDate":"2024-02-04"},{"lineNumber":87,"author":{"gitId":"StargazerX0"},"content":"        System.out.print(HORIZONTAL_LINE + GREET + HORIZONTAL_LINE);","lastModifiedDate":"2024-02-04"},{"lineNumber":88,"author":{"gitId":"StargazerX0"},"content":"        executeTask();","lastModifiedDate":"2024-02-04"},{"lineNumber":89,"author":{"gitId":"StargazerX0"},"content":"    }","lastModifiedDate":"2024-02-04"},{"lineNumber":90,"author":{"gitId":"StargazerX0"},"content":"}","lastModifiedDate":"2024-02-04"}],"authorContributionMap":{"StargazerX0":90}},{"path":"src/main/java/Task.java","fileType":"java","lines":[{"lineNumber":1,"author":{"gitId":"StargazerX0"},"content":"public class Task {","lastModifiedDate":"2024-02-04"},{"lineNumber":2,"author":{"gitId":"StargazerX0"},"content":"    protected final String description;","lastModifiedDate":"2024-02-04"},{"lineNumber":3,"author":{"gitId":"StargazerX0"},"content":"    protected boolean isDone;","lastModifiedDate":"2024-02-04"},{"lineNumber":4,"author":{"gitId":"StargazerX0"},"content":"","lastModifiedDate":"2024-02-04"},{"lineNumber":5,"author":{"gitId":"StargazerX0"},"content":"    Task(String description) {","lastModifiedDate":"2024-02-04"},{"lineNumber":6,"author":{"gitId":"StargazerX0"},"content":"        this.isDone \u003d false;","lastModifiedDate":"2024-02-04"},{"lineNumber":7,"author":{"gitId":"StargazerX0"},"content":"        this.description \u003d description;","lastModifiedDate":"2024-02-04"},{"lineNumber":8,"author":{"gitId":"StargazerX0"},"content":"    }","lastModifiedDate":"2024-02-04"},{"lineNumber":9,"author":{"gitId":"StargazerX0"},"content":"","lastModifiedDate":"2024-02-04"},{"lineNumber":10,"author":{"gitId":"StargazerX0"},"content":"    public void mark() {","lastModifiedDate":"2024-02-04"},{"lineNumber":11,"author":{"gitId":"StargazerX0"},"content":"        this.isDone \u003d true;","lastModifiedDate":"2024-02-04"},{"lineNumber":12,"author":{"gitId":"StargazerX0"},"content":"    }","lastModifiedDate":"2024-02-04"},{"lineNumber":13,"author":{"gitId":"StargazerX0"},"content":"","lastModifiedDate":"2024-02-04"},{"lineNumber":14,"author":{"gitId":"StargazerX0"},"content":"    public void unmark() {","lastModifiedDate":"2024-02-04"},{"lineNumber":15,"author":{"gitId":"StargazerX0"},"content":"        this.isDone \u003d false;","lastModifiedDate":"2024-02-04"},{"lineNumber":16,"author":{"gitId":"StargazerX0"},"content":"    }","lastModifiedDate":"2024-02-04"},{"lineNumber":17,"author":{"gitId":"StargazerX0"},"content":"","lastModifiedDate":"2024-02-04"},{"lineNumber":18,"author":{"gitId":"StargazerX0"},"content":"    public String toString() {","lastModifiedDate":"2024-02-04"},{"lineNumber":19,"author":{"gitId":"StargazerX0"},"content":"        if (isDone) {","lastModifiedDate":"2024-02-04"},{"lineNumber":20,"author":{"gitId":"StargazerX0"},"content":"            return  \"[X] \" + description;","lastModifiedDate":"2024-02-04"},{"lineNumber":21,"author":{"gitId":"StargazerX0"},"content":"        }","lastModifiedDate":"2024-02-04"},{"lineNumber":22,"author":{"gitId":"StargazerX0"},"content":"        return  \"[ ] \" + description;","lastModifiedDate":"2024-02-04"},{"lineNumber":23,"author":{"gitId":"StargazerX0"},"content":"    }","lastModifiedDate":"2024-02-04"},{"lineNumber":24,"author":{"gitId":"StargazerX0"},"content":"}","lastModifiedDate":"2024-02-04"}],"authorContributionMap":{"StargazerX0":24}},{"path":"src/main/java/TaskList.java","fileType":"java","lines":[{"lineNumber":1,"author":{"gitId":"StargazerX0"},"content":"public class TaskList {","lastModifiedDate":"2024-02-04"},{"lineNumber":2,"author":{"gitId":"StargazerX0"},"content":"    protected int listCount;","lastModifiedDate":"2024-02-04"},{"lineNumber":3,"author":{"gitId":"StargazerX0"},"content":"    protected final Task[] tasks;","lastModifiedDate":"2024-02-04"},{"lineNumber":4,"author":{"gitId":"StargazerX0"},"content":"","lastModifiedDate":"2024-02-04"},{"lineNumber":5,"author":{"gitId":"StargazerX0"},"content":"    TaskList() {","lastModifiedDate":"2024-02-04"},{"lineNumber":6,"author":{"gitId":"StargazerX0"},"content":"        this.listCount \u003d 0;","lastModifiedDate":"2024-02-04"},{"lineNumber":7,"author":{"gitId":"StargazerX0"},"content":"        this.tasks \u003d new Task[100];","lastModifiedDate":"2024-02-04"},{"lineNumber":8,"author":{"gitId":"StargazerX0"},"content":"    }","lastModifiedDate":"2024-02-04"},{"lineNumber":9,"author":{"gitId":"StargazerX0"},"content":"","lastModifiedDate":"2024-02-04"},{"lineNumber":10,"author":{"gitId":"StargazerX0"},"content":"    public void add(Task task) {","lastModifiedDate":"2024-02-04"},{"lineNumber":11,"author":{"gitId":"StargazerX0"},"content":"        tasks[listCount] \u003d task;","lastModifiedDate":"2024-02-04"},{"lineNumber":12,"author":{"gitId":"StargazerX0"},"content":"        listCount++;","lastModifiedDate":"2024-02-04"},{"lineNumber":13,"author":{"gitId":"StargazerX0"},"content":"    }","lastModifiedDate":"2024-02-04"},{"lineNumber":14,"author":{"gitId":"StargazerX0"},"content":"","lastModifiedDate":"2024-02-04"},{"lineNumber":15,"author":{"gitId":"StargazerX0"},"content":"    public boolean isCountValid(int taskIndex) {","lastModifiedDate":"2024-02-04"},{"lineNumber":16,"author":{"gitId":"StargazerX0"},"content":"        if (taskIndex \u003c\u003d listCount - 1) {","lastModifiedDate":"2024-02-04"},{"lineNumber":17,"author":{"gitId":"StargazerX0"},"content":"            return true;","lastModifiedDate":"2024-02-04"},{"lineNumber":18,"author":{"gitId":"StargazerX0"},"content":"        }","lastModifiedDate":"2024-02-04"},{"lineNumber":19,"author":{"gitId":"StargazerX0"},"content":"        return false;","lastModifiedDate":"2024-02-04"},{"lineNumber":20,"author":{"gitId":"StargazerX0"},"content":"    }","lastModifiedDate":"2024-02-04"},{"lineNumber":21,"author":{"gitId":"StargazerX0"},"content":"","lastModifiedDate":"2024-02-04"},{"lineNumber":22,"author":{"gitId":"StargazerX0"},"content":"    public void markTask(int taskIndex) {","lastModifiedDate":"2024-02-04"},{"lineNumber":23,"author":{"gitId":"StargazerX0"},"content":"        tasks[taskIndex].mark();","lastModifiedDate":"2024-02-04"},{"lineNumber":24,"author":{"gitId":"StargazerX0"},"content":"        System.out.println(\"Nice! I\u0027ve marked this task as done:\");","lastModifiedDate":"2024-02-04"},{"lineNumber":25,"author":{"gitId":"StargazerX0"},"content":"        System.out.println(\" \" + tasks[taskIndex].toString());","lastModifiedDate":"2024-02-04"},{"lineNumber":26,"author":{"gitId":"StargazerX0"},"content":"    }","lastModifiedDate":"2024-02-04"},{"lineNumber":27,"author":{"gitId":"StargazerX0"},"content":"","lastModifiedDate":"2024-02-04"},{"lineNumber":28,"author":{"gitId":"StargazerX0"},"content":"    public void unmarkTask(int taskIndex) {","lastModifiedDate":"2024-02-04"},{"lineNumber":29,"author":{"gitId":"StargazerX0"},"content":"        tasks[taskIndex].unmark();","lastModifiedDate":"2024-02-04"},{"lineNumber":30,"author":{"gitId":"StargazerX0"},"content":"        System.out.println(\"OK, I\u0027ve marked this task as not done yet:\");","lastModifiedDate":"2024-02-04"},{"lineNumber":31,"author":{"gitId":"StargazerX0"},"content":"        System.out.println(\" \" + tasks[taskIndex].toString());","lastModifiedDate":"2024-02-04"},{"lineNumber":32,"author":{"gitId":"StargazerX0"},"content":"    }","lastModifiedDate":"2024-02-04"},{"lineNumber":33,"author":{"gitId":"StargazerX0"},"content":"","lastModifiedDate":"2024-02-04"},{"lineNumber":34,"author":{"gitId":"StargazerX0"},"content":"    public void listTasks() {","lastModifiedDate":"2024-02-04"},{"lineNumber":35,"author":{"gitId":"StargazerX0"},"content":"        int taskIndex \u003d 0;","lastModifiedDate":"2024-02-04"},{"lineNumber":36,"author":{"gitId":"StargazerX0"},"content":"        System.out.println(\"Here are the tasks in your list:\");","lastModifiedDate":"2024-02-04"},{"lineNumber":37,"author":{"gitId":"StargazerX0"},"content":"        for (int i \u003d 0; i \u003c listCount; i++) {","lastModifiedDate":"2024-02-04"},{"lineNumber":38,"author":{"gitId":"StargazerX0"},"content":"            taskIndex++;","lastModifiedDate":"2024-02-04"},{"lineNumber":39,"author":{"gitId":"StargazerX0"},"content":"            System.out.println(taskIndex + \".\" + tasks[i].toString());","lastModifiedDate":"2024-02-04"},{"lineNumber":40,"author":{"gitId":"StargazerX0"},"content":"        }","lastModifiedDate":"2024-02-04"},{"lineNumber":41,"author":{"gitId":"StargazerX0"},"content":"    }","lastModifiedDate":"2024-02-04"},{"lineNumber":42,"author":{"gitId":"StargazerX0"},"content":"}","lastModifiedDate":"2024-02-04"}],"authorContributionMap":{"StargazerX0":42}}]
