{"authorDailyContributionsMap":{"yuhengr":[{"date":"2024-01-26","commitResults":[{"hash":"cfe27b718ed9ad72b5354a6ef24b8c9530c40ff0","isMergeCommit":false,"messageTitle":"Add chatbot skeleton","messageBody":"","tags":["level0"],"fileTypesAndContributionMap":{"java":{"insertions":2,"deletions":0}}}]},{"date":"2024-02-02","commitResults":[{"hash":"6db6312c21e81df3090c2ce2ff93a42098389c52","isMergeCommit":false,"messageTitle":"Add level 1","messageBody":"","tags":["level1"],"fileTypesAndContributionMap":{"java":{"insertions":12,"deletions":0}}}]},{"date":"2024-02-09","commitResults":[{"hash":"efcec81bf51b0985956594359554643732c113be","isMergeCommit":false,"messageTitle":"Add level 2","messageBody":"","tags":["level2"],"fileTypesAndContributionMap":{"java":{"insertions":12,"deletions":1}}},{"hash":"3440622a8966a0a8b2eea8281ce4584b1f80d864","isMergeCommit":false,"messageTitle":"Add level 3","messageBody":"","tags":["level3"],"fileTypesAndContributionMap":{"java":{"insertions":43,"deletions":3}}},{"hash":"cec49c2501604da662de6000179c3294365bcaad","isMergeCommit":false,"messageTitle":"Add level 4","messageBody":"","tags":["level4"],"fileTypesAndContributionMap":{"java":{"insertions":71,"deletions":2}}}]},{"date":"2024-02-23","commitResults":[{"hash":"55b6be67858054e6e75c0d0fce7f4e8850393998","isMergeCommit":false,"messageTitle":"Add level 5","messageBody":"","fileTypesAndContributionMap":{"java":{"insertions":26,"deletions":10}}},{"hash":"a23e5143926b95a471a3bd5e818db673b6339a2a","isMergeCommit":false,"messageTitle":"Add level 5 in branch-Level-5","messageBody":"","fileTypesAndContributionMap":{"java":{"insertions":33,"deletions":13}}},{"hash":"98de3d531fc1d28461f1c7d4e91ae574e540c1a6","isMergeCommit":false,"messageTitle":"Add error handling for mark and unmark","messageBody":"","fileTypesAndContributionMap":{"java":{"insertions":28,"deletions":8}}},{"hash":"b04d05d0722a276e7c749d885b7eeae488e23855","isMergeCommit":false,"messageTitle":"Rename variables","messageBody":"","fileTypesAndContributionMap":{"java":{"insertions":11,"deletions":10}}},{"hash":"43028d356eaaa897299e5c9bbc65d3e2c659a894","isMergeCommit":false,"messageTitle":"Change error messages for mark and unmark","messageBody":"","fileTypesAndContributionMap":{"java":{"insertions":2,"deletions":2}}},{"hash":"c504b935ab416877cecd2d15b6ea4d3b7f2cd5d3","isMergeCommit":true,"messageTitle":"Merge branch \u0027branch-Level-5\u0027","messageBody":"","tags":["level5"],"fileTypesAndContributionMap":{}},{"hash":"894d758e5de06ba7f388327e744a44d68028a5fa","isMergeCommit":false,"messageTitle":"Add skeleton for delete","messageBody":"","fileTypesAndContributionMap":{"java":{"insertions":15,"deletions":0}}},{"hash":"17b2bacb6a5dad593cc3c6b8a8033986f4e25626","isMergeCommit":false,"messageTitle":"Add delete feature","messageBody":"","fileTypesAndContributionMap":{"java":{"insertions":20,"deletions":15}}},{"hash":"f28f0ce035519ce7492961aa8770b2ced034aaa7","isMergeCommit":false,"messageTitle":"Add level 7 write to file","messageBody":"","fileTypesAndContributionMap":{"java":{"insertions":29,"deletions":0}}},{"hash":"eb7ebe655a39165ec22e7df2912d8dde526e688e","isMergeCommit":false,"messageTitle":"Disable opening logo","messageBody":"","fileTypesAndContributionMap":{"java":{"insertions":2,"deletions":0}}},{"hash":"0af291b36e91dbc8d548aea66d3189d0279c5af8","isMergeCommit":true,"messageTitle":"Merge branch \u0027branch-Level-6\u0027","messageBody":"","tags":["level6"],"fileTypesAndContributionMap":{}},{"hash":"ab8d0952d61e39e6b0a05188378850e388f93e19","isMergeCommit":false,"messageTitle":"Add level 7 read from file","messageBody":"","fileTypesAndContributionMap":{"java":{"insertions":58,"deletions":0}}}]},{"date":"2024-03-06","commitResults":[{"hash":"1bb8666f365aaec6cb2920f0aa1a6f65c2393c45","isMergeCommit":true,"messageTitle":"Merge branch-Level-7","messageBody":"","tags":["level7"],"fileTypesAndContributionMap":{}},{"hash":"2032036531ebf525b326c5bffa806ff5230c929d","isMergeCommit":false,"messageTitle":"Refactor read from file functionality to a method","messageBody":"","fileTypesAndContributionMap":{"java":{"insertions":12,"deletions":33}}},{"hash":"e46f8a77895a633e491a48db5b6d7d46fbae5f36","isMergeCommit":false,"messageTitle":"Refactor to remove magic numbers","messageBody":"","fileTypesAndContributionMap":{"java":{"insertions":24,"deletions":14}}},{"hash":"68e709ba14c3105c340721afee3efd628d709903","isMergeCommit":false,"messageTitle":"Add storage package skeleton","messageBody":"","fileTypesAndContributionMap":{"java":{"insertions":4,"deletions":0}}},{"hash":"5a43cbc81ab3d4a1d70b80f385de7be8cea100b4","isMergeCommit":false,"messageTitle":"Refactor tasks-related classes to package","messageBody":"","fileTypesAndContributionMap":{"java":{"insertions":0,"deletions":0}}},{"hash":"1e5b368faa38043cb40db5fb535d5505ea8ebe1d","isMergeCommit":false,"messageTitle":"Modify classes in package task","messageBody":"","fileTypesAndContributionMap":{"java":{"insertions":8,"deletions":0}}},{"hash":"ff6ffbfee0f6401b12039d5bf17657dd8aed715f","isMergeCommit":false,"messageTitle":"Import package task","messageBody":"","fileTypesAndContributionMap":{"java":{"insertions":5,"deletions":1}}},{"hash":"accdf6ff6c46baa16e7ecf1b46523c03f608e218","isMergeCommit":false,"messageTitle":"Add imports for class Storage","messageBody":"","fileTypesAndContributionMap":{"java":{"insertions":22,"deletions":0}}},{"hash":"b9139c0dac842a811d4346531004eaaae92a769f","isMergeCommit":false,"messageTitle":"Add class TaskList","messageBody":"","fileTypesAndContributionMap":{"java":{"insertions":17,"deletions":0}}},{"hash":"616a5d436a816e8250130440cee76b20479fdb2d","isMergeCommit":false,"messageTitle":"Add addTodo method in class TaskList","messageBody":"","fileTypesAndContributionMap":{"java":{"insertions":29,"deletions":0}}},{"hash":"7622977d86a69db856919a1ba8c096675753ac2c","isMergeCommit":false,"messageTitle":"Abstract commands into class TaskList","messageBody":"","fileTypesAndContributionMap":{"java":{"insertions":142,"deletions":128}}}]}]},"authorFileTypeContributionMap":{"yuhengr":{"java":387,"md":0,"fxml":0,"sh":0,"bat":0,"gradle":0,"txt":0}},"authorContributionVariance":{"yuhengr":5711.5996},"authorDisplayNameMap":{"yuhengr":"CS2113-F15-1 REN ..HENG"}}
