[{"path":"src/main/java/Kowalski.java","fileType":"java","lines":[{"lineNumber":1,"author":{"gitId":"ParthGandhiNUS"},"content":"import java.util.Scanner;","lastModifiedDate":"2024-01-30"},{"lineNumber":2,"author":{"gitId":"ParthGandhiNUS"},"content":"","lastModifiedDate":"2024-01-30"},{"lineNumber":3,"author":{"gitId":"ParthGandhiNUS"},"content":"public class Kowalski {","lastModifiedDate":"2024-01-21"},{"lineNumber":4,"author":{"gitId":"ParthGandhiNUS"},"content":"    public static void main(String[] args){","lastModifiedDate":"2024-01-21"},{"lineNumber":5,"author":{"gitId":"ParthGandhiNUS"},"content":"        Task[] currentTasks \u003d new Task[100];","lastModifiedDate":"2024-01-31"},{"lineNumber":6,"author":{"gitId":"ParthGandhiNUS"},"content":"        String dividingLine \u003d \"____________________________________________________________\";","lastModifiedDate":"2024-01-30"},{"lineNumber":7,"author":{"gitId":"ParthGandhiNUS"},"content":"        String userInput;","lastModifiedDate":"2024-01-30"},{"lineNumber":8,"author":{"gitId":"ParthGandhiNUS"},"content":"        int counter \u003d 0;","lastModifiedDate":"2024-01-30"},{"lineNumber":9,"author":{"gitId":"ParthGandhiNUS"},"content":"","lastModifiedDate":"2024-01-30"},{"lineNumber":10,"author":{"gitId":"ParthGandhiNUS"},"content":"        // Introduction to User","lastModifiedDate":"2024-01-30"},{"lineNumber":11,"author":{"gitId":"ParthGandhiNUS"},"content":"        System.out.println(dividingLine);","lastModifiedDate":"2024-01-30"},{"lineNumber":12,"author":{"gitId":"ParthGandhiNUS"},"content":"        System.out.println(\"Hello, I\u0027m Kowalski!\\n\" +","lastModifiedDate":"2024-01-30"},{"lineNumber":13,"author":{"gitId":"ParthGandhiNUS"},"content":"                \"What can I do for you?\" );","lastModifiedDate":"2024-01-30"},{"lineNumber":14,"author":{"gitId":"ParthGandhiNUS"},"content":"        System.out.println(dividingLine);","lastModifiedDate":"2024-01-30"},{"lineNumber":15,"author":{"gitId":"ParthGandhiNUS"},"content":"","lastModifiedDate":"2024-01-30"},{"lineNumber":16,"author":{"gitId":"ParthGandhiNUS"},"content":"        // Turn on scanner","lastModifiedDate":"2024-01-30"},{"lineNumber":17,"author":{"gitId":"ParthGandhiNUS"},"content":"        Scanner in \u003d new Scanner(System.in);","lastModifiedDate":"2024-01-30"},{"lineNumber":18,"author":{"gitId":"ParthGandhiNUS"},"content":"","lastModifiedDate":"2024-01-30"},{"lineNumber":19,"author":{"gitId":"ParthGandhiNUS"},"content":"        //Continuous loop until break statement","lastModifiedDate":"2024-01-30"},{"lineNumber":20,"author":{"gitId":"ParthGandhiNUS"},"content":"        while (true){","lastModifiedDate":"2024-01-30"},{"lineNumber":21,"author":{"gitId":"ParthGandhiNUS"},"content":"            //User Inputs","lastModifiedDate":"2024-01-30"},{"lineNumber":22,"author":{"gitId":"ParthGandhiNUS"},"content":"            userInput \u003d ((in.nextLine()).trim()).toLowerCase();","lastModifiedDate":"2024-01-30"},{"lineNumber":23,"author":{"gitId":"ParthGandhiNUS"},"content":"            System.out.println(dividingLine);","lastModifiedDate":"2024-01-30"},{"lineNumber":24,"author":{"gitId":"ParthGandhiNUS"},"content":"","lastModifiedDate":"2024-01-30"},{"lineNumber":25,"author":{"gitId":"ParthGandhiNUS"},"content":"            //Cases for the userInput","lastModifiedDate":"2024-01-30"},{"lineNumber":26,"author":{"gitId":"ParthGandhiNUS"},"content":"            if (userInput.equals(\"bye\")) {","lastModifiedDate":"2024-01-30"},{"lineNumber":27,"author":{"gitId":"ParthGandhiNUS"},"content":"                System.out.println(\"Bye. Hope to see you again soon!\");","lastModifiedDate":"2024-01-30"},{"lineNumber":28,"author":{"gitId":"ParthGandhiNUS"},"content":"                System.out.println(dividingLine);","lastModifiedDate":"2024-01-30"},{"lineNumber":29,"author":{"gitId":"ParthGandhiNUS"},"content":"                break;","lastModifiedDate":"2024-01-30"},{"lineNumber":30,"author":{"gitId":"ParthGandhiNUS"},"content":"            } else if (userInput.equals(\"list\")){","lastModifiedDate":"2024-01-30"},{"lineNumber":31,"author":{"gitId":"ParthGandhiNUS"},"content":"                for (int i \u003d 1; i \u003c counter+1;i++){","lastModifiedDate":"2024-01-30"},{"lineNumber":32,"author":{"gitId":"ParthGandhiNUS"},"content":"                    System.out.println(i + \".[\" + currentTasks[i-1].getStatusIcon() +\"] \" + currentTasks[i-1].description);","lastModifiedDate":"2024-01-31"},{"lineNumber":33,"author":{"gitId":"ParthGandhiNUS"},"content":"                }","lastModifiedDate":"2024-01-30"},{"lineNumber":34,"author":{"gitId":"ParthGandhiNUS"},"content":"                System.out.println(dividingLine);","lastModifiedDate":"2024-01-30"},{"lineNumber":35,"author":{"gitId":"ParthGandhiNUS"},"content":"            } else if (userInput.contains(\"unmark\")) {","lastModifiedDate":"2024-01-31"},{"lineNumber":36,"author":{"gitId":"ParthGandhiNUS"},"content":"                int unmarkPosition \u003d userInput.indexOf(\"k\");","lastModifiedDate":"2024-01-31"},{"lineNumber":37,"author":{"gitId":"ParthGandhiNUS"},"content":"                String taskNumberString \u003d (userInput.substring(unmarkPosition+1)).trim();","lastModifiedDate":"2024-01-31"},{"lineNumber":38,"author":{"gitId":"ParthGandhiNUS"},"content":"                int taskNumber \u003d Integer.parseInt(taskNumberString);","lastModifiedDate":"2024-01-31"},{"lineNumber":39,"author":{"gitId":"ParthGandhiNUS"},"content":"","lastModifiedDate":"2024-01-31"},{"lineNumber":40,"author":{"gitId":"ParthGandhiNUS"},"content":"                //Checking for valid task number","lastModifiedDate":"2024-01-31"},{"lineNumber":41,"author":{"gitId":"ParthGandhiNUS"},"content":"                if (taskNumber-1 \u003c\u003d counter){","lastModifiedDate":"2024-01-31"},{"lineNumber":42,"author":{"gitId":"ParthGandhiNUS"},"content":"                    currentTasks[taskNumber-1].removeDone();","lastModifiedDate":"2024-01-31"},{"lineNumber":43,"author":{"gitId":"ParthGandhiNUS"},"content":"                    System.out.println(\"OK, I\u0027ve marked this task as not done yet:\");","lastModifiedDate":"2024-01-31"},{"lineNumber":44,"author":{"gitId":"ParthGandhiNUS"},"content":"                    System.out.println(\"  [\" + currentTasks[taskNumber-1].getStatusIcon() +\"] \" + currentTasks[taskNumber-1].description);","lastModifiedDate":"2024-01-31"},{"lineNumber":45,"author":{"gitId":"ParthGandhiNUS"},"content":"                    System.out.println(dividingLine);","lastModifiedDate":"2024-01-31"},{"lineNumber":46,"author":{"gitId":"ParthGandhiNUS"},"content":"                } else {","lastModifiedDate":"2024-01-31"},{"lineNumber":47,"author":{"gitId":"ParthGandhiNUS"},"content":"                    break;","lastModifiedDate":"2024-01-31"},{"lineNumber":48,"author":{"gitId":"ParthGandhiNUS"},"content":"                }","lastModifiedDate":"2024-01-31"},{"lineNumber":49,"author":{"gitId":"ParthGandhiNUS"},"content":"","lastModifiedDate":"2024-01-31"},{"lineNumber":50,"author":{"gitId":"ParthGandhiNUS"},"content":"            } else if (userInput.contains(\"mark\")){","lastModifiedDate":"2024-01-31"},{"lineNumber":51,"author":{"gitId":"ParthGandhiNUS"},"content":"                int markPosition \u003d userInput.indexOf(\"k\");","lastModifiedDate":"2024-01-31"},{"lineNumber":52,"author":{"gitId":"ParthGandhiNUS"},"content":"                String taskNumberString \u003d (userInput.substring(markPosition+1)).trim();","lastModifiedDate":"2024-01-31"},{"lineNumber":53,"author":{"gitId":"ParthGandhiNUS"},"content":"                int taskNumber \u003d Integer.parseInt(taskNumberString);","lastModifiedDate":"2024-01-31"},{"lineNumber":54,"author":{"gitId":"ParthGandhiNUS"},"content":"","lastModifiedDate":"2024-01-31"},{"lineNumber":55,"author":{"gitId":"ParthGandhiNUS"},"content":"                //Checking for valid task number","lastModifiedDate":"2024-01-31"},{"lineNumber":56,"author":{"gitId":"ParthGandhiNUS"},"content":"                if (taskNumber-1 \u003c\u003d counter){","lastModifiedDate":"2024-01-31"},{"lineNumber":57,"author":{"gitId":"ParthGandhiNUS"},"content":"                    currentTasks[taskNumber-1].setDone();","lastModifiedDate":"2024-01-31"},{"lineNumber":58,"author":{"gitId":"ParthGandhiNUS"},"content":"                    System.out.println(\"Nice! I\u0027ve marked this task as done:\");","lastModifiedDate":"2024-01-31"},{"lineNumber":59,"author":{"gitId":"ParthGandhiNUS"},"content":"                    System.out.println(\"  [\" + currentTasks[taskNumber-1].getStatusIcon() +\"] \" + currentTasks[taskNumber-1].description);","lastModifiedDate":"2024-01-31"},{"lineNumber":60,"author":{"gitId":"ParthGandhiNUS"},"content":"                    System.out.println(dividingLine);","lastModifiedDate":"2024-01-31"},{"lineNumber":61,"author":{"gitId":"ParthGandhiNUS"},"content":"                } else {","lastModifiedDate":"2024-01-31"},{"lineNumber":62,"author":{"gitId":"ParthGandhiNUS"},"content":"                    break;","lastModifiedDate":"2024-01-31"},{"lineNumber":63,"author":{"gitId":"ParthGandhiNUS"},"content":"                }","lastModifiedDate":"2024-01-31"},{"lineNumber":64,"author":{"gitId":"ParthGandhiNUS"},"content":"","lastModifiedDate":"2024-01-31"},{"lineNumber":65,"author":{"gitId":"ParthGandhiNUS"},"content":"            } else {","lastModifiedDate":"2024-01-30"},{"lineNumber":66,"author":{"gitId":"ParthGandhiNUS"},"content":"                System.out.println(\"added: \" + userInput);","lastModifiedDate":"2024-01-30"},{"lineNumber":67,"author":{"gitId":"ParthGandhiNUS"},"content":"                currentTasks[counter] \u003d new Task(userInput);","lastModifiedDate":"2024-01-31"},{"lineNumber":68,"author":{"gitId":"ParthGandhiNUS"},"content":"                counter++;","lastModifiedDate":"2024-01-30"},{"lineNumber":69,"author":{"gitId":"ParthGandhiNUS"},"content":"                System.out.println(dividingLine);","lastModifiedDate":"2024-01-30"},{"lineNumber":70,"author":{"gitId":"ParthGandhiNUS"},"content":"            }","lastModifiedDate":"2024-01-30"},{"lineNumber":71,"author":{"gitId":"ParthGandhiNUS"},"content":"        }","lastModifiedDate":"2024-01-30"},{"lineNumber":72,"author":{"gitId":"ParthGandhiNUS"},"content":"    }","lastModifiedDate":"2024-01-21"},{"lineNumber":73,"author":{"gitId":"ParthGandhiNUS"},"content":"}","lastModifiedDate":"2024-01-21"}],"authorContributionMap":{"ParthGandhiNUS":73}},{"path":"src/main/java/Task.java","fileType":"java","lines":[{"lineNumber":1,"author":{"gitId":"ParthGandhiNUS"},"content":"public class Task {","lastModifiedDate":"2024-01-31"},{"lineNumber":2,"author":{"gitId":"ParthGandhiNUS"},"content":"    protected String description;","lastModifiedDate":"2024-01-31"},{"lineNumber":3,"author":{"gitId":"ParthGandhiNUS"},"content":"    protected boolean isDone;","lastModifiedDate":"2024-01-31"},{"lineNumber":4,"author":{"gitId":"ParthGandhiNUS"},"content":"","lastModifiedDate":"2024-01-31"},{"lineNumber":5,"author":{"gitId":"ParthGandhiNUS"},"content":"    public Task(String description) {","lastModifiedDate":"2024-01-31"},{"lineNumber":6,"author":{"gitId":"ParthGandhiNUS"},"content":"        this.description \u003d description;","lastModifiedDate":"2024-01-31"},{"lineNumber":7,"author":{"gitId":"ParthGandhiNUS"},"content":"        this.isDone \u003d false;","lastModifiedDate":"2024-01-31"},{"lineNumber":8,"author":{"gitId":"ParthGandhiNUS"},"content":"    }","lastModifiedDate":"2024-01-31"},{"lineNumber":9,"author":{"gitId":"ParthGandhiNUS"},"content":"","lastModifiedDate":"2024-01-31"},{"lineNumber":10,"author":{"gitId":"ParthGandhiNUS"},"content":"    public String getStatusIcon() {","lastModifiedDate":"2024-01-31"},{"lineNumber":11,"author":{"gitId":"ParthGandhiNUS"},"content":"        return (isDone ? \"X\" : \" \"); // mark done task with X","lastModifiedDate":"2024-01-31"},{"lineNumber":12,"author":{"gitId":"ParthGandhiNUS"},"content":"    }","lastModifiedDate":"2024-01-31"},{"lineNumber":13,"author":{"gitId":"ParthGandhiNUS"},"content":"","lastModifiedDate":"2024-01-31"},{"lineNumber":14,"author":{"gitId":"ParthGandhiNUS"},"content":"    public void removeDone(){","lastModifiedDate":"2024-01-31"},{"lineNumber":15,"author":{"gitId":"ParthGandhiNUS"},"content":"         this.isDone \u003d false;","lastModifiedDate":"2024-01-31"},{"lineNumber":16,"author":{"gitId":"ParthGandhiNUS"},"content":"    }","lastModifiedDate":"2024-01-31"},{"lineNumber":17,"author":{"gitId":"ParthGandhiNUS"},"content":"    public void setDone(){","lastModifiedDate":"2024-01-31"},{"lineNumber":18,"author":{"gitId":"ParthGandhiNUS"},"content":"        this.isDone \u003d true;","lastModifiedDate":"2024-01-31"},{"lineNumber":19,"author":{"gitId":"ParthGandhiNUS"},"content":"    }","lastModifiedDate":"2024-01-31"},{"lineNumber":20,"author":{"gitId":"ParthGandhiNUS"},"content":"}","lastModifiedDate":"2024-01-31"}],"authorContributionMap":{"ParthGandhiNUS":20}}]
