{"authorDailyContributionsMap":{"ParthGandhiNUS":[{"date":"2024-01-21","commitResults":[{"hash":"29a97dbbb1d6e356fb6c6c0ae98f1bef02b3b4f5","isMergeCommit":false,"messageTitle":"Add Kowalski Class","messageBody":"","tags":["Level-0"],"fileTypesAndContributionMap":{"java":{"insertions":6,"deletions":0}}}]},{"date":"2024-01-30","commitResults":[{"hash":"79d34510a4ee694d3b894646d33773d0d785badb","isMergeCommit":false,"messageTitle":"Add Echo Functionality","messageBody":"","tags":["Level-1"],"fileTypesAndContributionMap":{"java":{"insertions":23,"deletions":2}}},{"hash":"8a51274e677d25eed218b6044da62cb9fcf14aa8","isMergeCommit":false,"messageTitle":"Add functionality to list and add tasks","messageBody":"","tags":["Level-2"],"fileTypesAndContributionMap":{"java":{"insertions":27,"deletions":11}}}]},{"date":"2024-01-31","commitResults":[{"hash":"72d11f6ad07788e2cce1dbd7f041838c91aa8384","isMergeCommit":false,"messageTitle":"Add mark as done functionality","messageBody":"","tags":["Level-3"],"fileTypesAndContributionMap":{"java":{"insertions":53,"deletions":3}}}]},{"date":"2024-02-06","commitResults":[{"hash":"25ed6a7b6074781058ee04c2c8b1cd11e66a8461","isMergeCommit":false,"messageTitle":"Update code layout to follow Java coding standard","messageBody":"","tags":["A-CodingStandard"],"fileTypesAndContributionMap":{"java":{"insertions":11,"deletions":8}}}]},{"date":"2024-02-07","commitResults":[{"hash":"99c3382bdc448e833b9426641fb74c9b70cce1e2","isMergeCommit":false,"messageTitle":"Update functionality for Task class","messageBody":"","fileTypesAndContributionMap":{"java":{"insertions":9,"deletions":0}}},{"hash":"125183c7b1255a15426e239bf3290462958f04ca","isMergeCommit":false,"messageTitle":"Add Todo, Deadline, Event Class","messageBody":"","fileTypesAndContributionMap":{"java":{"insertions":41,"deletions":0}}}]},{"date":"2024-02-08","commitResults":[{"hash":"985febcabd128da008d288b4eda1746d21cd89c7","isMergeCommit":false,"messageTitle":"Add level-4 functionalities","messageBody":"","tags":["Level-4","A-Collections"],"fileTypesAndContributionMap":{"java":{"insertions":167,"deletions":66}}},{"hash":"7aad7dd27adb9891125d702640acd4ac9f0c4839","isMergeCommit":false,"messageTitle":"Update code layout to follow coding standard","messageBody":"","tags":["A-CodeQuality"],"fileTypesAndContributionMap":{"java":{"insertions":1,"deletions":0}}}]},{"date":"2024-02-15","commitResults":[{"hash":"0c822223012237c2912c21f3d6ecc5f0f8f931f8","isMergeCommit":false,"messageTitle":"Add Kowalski Exception Class","messageBody":"","tags":["A-Exceptions"],"fileTypesAndContributionMap":{"java":{"insertions":2,"deletions":0}}},{"hash":"9fcbffbfc3f50f08607ddfe51c63bd9f089ee358","isMergeCommit":false,"messageTitle":"Add IndexOutOfBoundsException for mark and unmark","messageBody":"","fileTypesAndContributionMap":{"java":{"insertions":25,"deletions":14}}},{"hash":"0daa13c6a3db91cfc2abea0ea6ac2ceaec934f94","isMergeCommit":false,"messageTitle":"Add error handling using KowalskiException","messageBody":"","fileTypesAndContributionMap":{"java":{"insertions":95,"deletions":27}}},{"hash":"6a9de55d46f9223e0aef2718fafef4ae884e2af4","isMergeCommit":true,"messageTitle":"Merge branch \u0027branch-Level-5\u0027","messageBody":"","tags":["Level-5"],"fileTypesAndContributionMap":{}}]},{"date":"2024-02-20","commitResults":[{"hash":"49a8435969423a84b8503fec330001b835ff5e5c","isMergeCommit":false,"messageTitle":"Add packaging for java files","messageBody":"","tags":["A-Packages"],"fileTypesAndContributionMap":{"java":{"insertions":24,"deletions":4}}},{"hash":"e46036a26c90103fa9799719ae540a9a167a5348","isMergeCommit":true,"messageTitle":"Merge branch \u0027branch-A-Packages\u0027","messageBody":"","fileTypesAndContributionMap":{}},{"hash":"fac8ce4903e2c3990081bbf30c3d44a893cab775","isMergeCommit":false,"messageTitle":"Remove original Duke java file","messageBody":"","fileTypesAndContributionMap":{"java":{"insertions":0,"deletions":12}}},{"hash":"5c1ccf87331264bc451ff02ec4d1c3d3cf7ff6f7","isMergeCommit":false,"messageTitle":"Add support for deleting tasks","messageBody":"","fileTypesAndContributionMap":{"java":{"insertions":19,"deletions":1}}}]},{"date":"2024-02-21","commitResults":[{"hash":"f81854a1c4fabbcfeff0d691ec77a00a9a0255e7","isMergeCommit":false,"messageTitle":"Add help commands for user","messageBody":"","fileTypesAndContributionMap":{"java":{"insertions":32,"deletions":7}}},{"hash":"623ce3a0e176eb2621bdc328e11f022027ece647","isMergeCommit":false,"messageTitle":"Remove default task adder code","messageBody":"","fileTypesAndContributionMap":{"java":{"insertions":0,"deletions":4}}}]},{"date":"2024-02-24","commitResults":[{"hash":"431ab81cc20b9f876cceb300545c408de451f8ee","isMergeCommit":false,"messageTitle":"Add textFileInputString methods for all tasks","messageBody":"","fileTypesAndContributionMap":{"java":{"insertions":46,"deletions":3}}},{"hash":"723935298fcb03a67df4474271738f99945a1b33","isMergeCommit":false,"messageTitle":"Add basic write functionalities","messageBody":"","fileTypesAndContributionMap":{"java":{"insertions":41,"deletions":1}}},{"hash":"0f62b00f8037908538608f8b6f1ac010729d2d7f","isMergeCommit":false,"messageTitle":"Add folder creation code for text file","messageBody":"","fileTypesAndContributionMap":{"java":{"insertions":11,"deletions":0}}},{"hash":"e6e5d36dc8bebee365d87a25cf2aa15a64dd0357","isMergeCommit":false,"messageTitle":"Add saving and retrieving functionality to project","messageBody":"","fileTypesAndContributionMap":{"txt":{"insertions":3,"deletions":0},"java":{"insertions":70,"deletions":5}}},{"hash":"e594cc71d09b5fe0a74a5fcdc16d0f05be9308ac","isMergeCommit":true,"messageTitle":"Merge branch \u0027branch-Level-6\u0027","messageBody":"","tags":["Level-6"],"fileTypesAndContributionMap":{}},{"hash":"b44385c091e6aa1b7aa9ed503227e928a808b3bb","isMergeCommit":true,"messageTitle":"Merge branch \u0027branch-Level-7\u0027","messageBody":"","tags":["Level-7"],"fileTypesAndContributionMap":{}},{"hash":"ac9ed1e1ae0e0c831c94c30c4ccd0710f464a186","isMergeCommit":false,"messageTitle":"Add saving functionality for delete command","messageBody":"","fileTypesAndContributionMap":{"txt":{"insertions":1,"deletions":2},"java":{"insertions":1,"deletions":0}}},{"hash":"2d77b06560ba6221ae097ae1741753353b186f86","isMergeCommit":false,"messageTitle":"Update documentation for functions in Kowalski bot","messageBody":"","fileTypesAndContributionMap":{"java":{"insertions":22,"deletions":0}}}]},{"date":"2024-03-05","commitResults":[{"hash":"27734849217edae9581e9e0accd49b9734449015","isMergeCommit":false,"messageTitle":"Add new Ui class to hold all the print messages","messageBody":"","fileTypesAndContributionMap":{"java":{"insertions":32,"deletions":0}}},{"hash":"d957c3e9400a8ce8b2646f324870e2592542220e","isMergeCommit":false,"messageTitle":"Update Ui Class with more printing functions","messageBody":"","fileTypesAndContributionMap":{"java":{"insertions":20,"deletions":0}}},{"hash":"42cb726482c81db2f2a61b3cd0082c2397b1966c","isMergeCommit":false,"messageTitle":"Refactor Kowalski.java to incorporate functions from Ui Class","messageBody":"","fileTypesAndContributionMap":{"java":{"insertions":23,"deletions":62}}},{"hash":"8430048bdb66e6fe33228a5c63b578deacf1fc61","isMergeCommit":false,"messageTitle":"Clean up Ui class and reduce magic literals","messageBody":"","fileTypesAndContributionMap":{"java":{"insertions":36,"deletions":17}}},{"hash":"f8440dfd4af159904b43afad04690099bfaa9c99","isMergeCommit":false,"messageTitle":"Add printEndConversation method to Ui class","messageBody":"","fileTypesAndContributionMap":{"java":{"insertions":9,"deletions":0}}},{"hash":"4f0fddc5621125c53137ddc839b4dfb6f4688a73","isMergeCommit":false,"messageTitle":"Refactor Kowalski Class printIntro and printEndConversation methods","messageBody":"","fileTypesAndContributionMap":{"java":{"insertions":4,"deletions":8}}}]},{"date":"2024-03-06","commitResults":[{"hash":"9fd02bfb9117e3d5b38fafdd8fa61759056e8f8e","isMergeCommit":false,"messageTitle":"Add Storage, Parser, and TaskList Class for more OOP","messageBody":"","tags":["A-MoreOOP"],"fileTypesAndContributionMap":{"java":{"insertions":393,"deletions":0}}},{"hash":"c844f4bbbe14e67cd61862f692af67af2f62529f","isMergeCommit":false,"messageTitle":"Refactor Kowalski Class to use OOP","messageBody":"","fileTypesAndContributionMap":{"java":{"insertions":4,"deletions":382}}},{"hash":"960551a727e7f089fb5598f9c69ce46671a7e0b4","isMergeCommit":false,"messageTitle":"Remove magic literals in Ui class","messageBody":"","fileTypesAndContributionMap":{"java":{"insertions":3,"deletions":2}}},{"hash":"bf338ba54b501f201db1f78c473740e803d66174","isMergeCommit":false,"messageTitle":"Remove magic literals in Storage Class","messageBody":"","fileTypesAndContributionMap":{"java":{"insertions":20,"deletions":10}}},{"hash":"a7db57935c60894f1866dd3887a87fa4d860c2ab","isMergeCommit":false,"messageTitle":"Remove unnecessary constant","messageBody":"","fileTypesAndContributionMap":{"java":{"insertions":2,"deletions":3}}},{"hash":"1cc2e52ce286a3689e4c1ef92730a9c7b27d4229","isMergeCommit":false,"messageTitle":"Remove magic literals in Parser class","messageBody":"","fileTypesAndContributionMap":{"java":{"insertions":56,"deletions":37}}},{"hash":"9b6a2d940d51845423f593bb7087a6c7b7178742","isMergeCommit":false,"messageTitle":"Sort new classes into the relevant packages","messageBody":"","fileTypesAndContributionMap":{"java":{"insertions":7,"deletions":4}}},{"hash":"2bd8515c7e5abeb8b527cc0bef17d8804c1a710a","isMergeCommit":false,"messageTitle":"Refactor code to align with requirements","messageBody":"","fileTypesAndContributionMap":{"java":{"insertions":12,"deletions":4}}},{"hash":"aa6004d73db2ead19d118db8baafd7a14a1f65e6","isMergeCommit":false,"messageTitle":"Implement findMatch method in TaskList class","messageBody":"","fileTypesAndContributionMap":{"java":{"insertions":13,"deletions":0}}},{"hash":"882f3467c5f0fd9943fcac94446443e675252966","isMergeCommit":false,"messageTitle":"Implement printMatchingTask function for TaskList Class","messageBody":"","fileTypesAndContributionMap":{"java":{"insertions":10,"deletions":0}}},{"hash":"06b6d9cd88f65cb796bb07d755d3a03341e1b10b","isMergeCommit":false,"messageTitle":"Add Find functionalities into parseUserCommand method","messageBody":"","tags":["Level-9"],"fileTypesAndContributionMap":{"java":{"insertions":11,"deletions":0}}},{"hash":"257227c53e4fed10e974f7e0b859bfac00f04a0a","isMergeCommit":false,"messageTitle":"Remove magic literals in TaskList Class","messageBody":"","fileTypesAndContributionMap":{"java":{"insertions":4,"deletions":2}}},{"hash":"0458366f8d9d62f94648d90e1e9117899808f00c","isMergeCommit":true,"messageTitle":"Merge pull request #1 from ParthGandhiNUS/branch-Level-9","messageBody":"Add level 9 code","fileTypesAndContributionMap":{}},{"hash":"ea0db839e0522cbb139c5ff18b270ec64f0f55b4","isMergeCommit":false,"messageTitle":"Add JavaDoc for Kowalski Class","messageBody":"","tags":["A-JavaDoc"],"fileTypesAndContributionMap":{"java":{"insertions":6,"deletions":0}}},{"hash":"b2fd79260bc39d152785182737314dc742ec951e","isMergeCommit":false,"messageTitle":"Add JavaDoc for the different Task classes","messageBody":"","fileTypesAndContributionMap":{"java":{"insertions":31,"deletions":0}}},{"hash":"d188010e641cbc4ec83af0f71b94fce679bb2639","isMergeCommit":false,"messageTitle":"Update JavaDoc for TaskList Class","messageBody":"","fileTypesAndContributionMap":{"java":{"insertions":13,"deletions":0}}},{"hash":"1afcfa53358cae2f4d3550794e9b6824dcf1d7a1","isMergeCommit":false,"messageTitle":"Update JavaDoc for method parseUserCommand in Parser Class","messageBody":"","fileTypesAndContributionMap":{"java":{"insertions":7,"deletions":0}}},{"hash":"b12bf1368e643c169be4cb725810b8c5def35fa7","isMergeCommit":false,"messageTitle":"Update JavaDoc for Storage Class","messageBody":"","fileTypesAndContributionMap":{"java":{"insertions":3,"deletions":0}}},{"hash":"5e2b8da3d4d0e5e310121e7874a4741274326217","isMergeCommit":true,"messageTitle":"Merge pull request #2 from ParthGandhiNUS/branch-A-JavaDoc","messageBody":"Add JavaDoc Code","fileTypesAndContributionMap":{}}]}]},"authorFileTypeContributionMap":{"ParthGandhiNUS":{"java":756,"md":0,"fxml":0,"sh":0,"bat":0,"gradle":0,"txt":2}},"authorContributionVariance":{"ParthGandhiNUS":24311.5},"authorDisplayNameMap":{"ParthGandhiNUS":"CS2113-T13-3 GAND..NJAY"}}
