[{"path":"README.md","fileType":"md","lines":[{"lineNumber":1,"author":{"gitId":"64-1"},"content":"# Erii Project Template","lastModifiedDate":"2024-02-18"},{"lineNumber":2,"author":{"gitId":"64-1"},"content":"Erii is a versatile Java project designed to streamline task management and productivity with a story based user expeirence. This README outlines the setup process and provides an overview of Erii\u0027s functionalities.","lastModifiedDate":"2024-02-18"},{"lineNumber":3,"author":{"gitId":"-"},"content":"","lastModifiedDate":"2020-05-25"},{"lineNumber":4,"author":{"gitId":"64-1"},"content":"## Setting up in IntelliJ","lastModifiedDate":"2024-02-18"},{"lineNumber":5,"author":{"gitId":"64-1"},"content":"Prerequisites: JDK 11, update IntelliJ to the latest version.","lastModifiedDate":"2024-02-18"},{"lineNumber":6,"author":{"gitId":"-"},"content":"","lastModifiedDate":"2020-05-25"},{"lineNumber":7,"author":{"gitId":"64-1"},"content":"1. Open IntelliJ: If you\u0027re not on the welcome screen, go through File \u003e Close Project to close any open project.","lastModifiedDate":"2024-02-18"},{"lineNumber":8,"author":{"gitId":"64-1"},"content":"  1. Open Project:","lastModifiedDate":"2024-02-18"},{"lineNumber":9,"author":{"gitId":"64-1"},"content":"  1. Click Open.","lastModifiedDate":"2024-02-18"},{"lineNumber":10,"author":{"gitId":"64-1"},"content":"  1. Navigate to and select the project directory, then click OK.","lastModifiedDate":"2024-02-18"},{"lineNumber":11,"author":{"gitId":"64-1"},"content":"  1. Accept any default prompts.","lastModifiedDate":"2024-02-18"},{"lineNumber":12,"author":{"gitId":"64-1"},"content":"1. Configure JDK 11: Follow the instructions here to set up **JDK 11**, ensuring the Project language level is set to SDK default.","lastModifiedDate":"2024-02-18"},{"lineNumber":13,"author":{"gitId":"64-1"},"content":"1. Run Erii: Find src/main/java/com/erii/Erii.java, right-click it, and select Run Erii.main(). You should see the project\u0027s output in the console.","lastModifiedDate":"2024-02-18"},{"lineNumber":14,"author":{"gitId":"-"},"content":"","lastModifiedDate":"2024-02-18"},{"lineNumber":15,"author":{"gitId":"64-1"},"content":"Erii Functional Overview","lastModifiedDate":"2024-02-18"},{"lineNumber":16,"author":{"gitId":"64-1"},"content":"Erii is built with efficiency in mind, featuring:","lastModifiedDate":"2024-02-18"},{"lineNumber":17,"author":{"gitId":"-"},"content":"","lastModifiedDate":"2020-05-25"},{"lineNumber":18,"author":{"gitId":"64-1"},"content":"1. Task Management: Create, list, and manage tasks with ease.","lastModifiedDate":"2024-02-18"},{"lineNumber":19,"author":{"gitId":"64-1"},"content":"1. Deadline and Event Tracking: Keep track of deadlines and events, including start and end dates.","lastModifiedDate":"2024-02-18"},{"lineNumber":20,"author":{"gitId":"64-1"},"content":"1. Priority Setting: Assign priorities to tasks, ensuring the most critical tasks are highlighted.","lastModifiedDate":"2024-02-18"},{"lineNumber":21,"author":{"gitId":"64-1"},"content":"1. User Customization: Manage user details for personalized interaction.","lastModifiedDate":"2024-02-18"},{"lineNumber":22,"author":{"gitId":"64-1"},"content":"","lastModifiedDate":"2024-02-18"},{"lineNumber":23,"author":{"gitId":"64-1"},"content":"For further information on using Erii and extending its capabilities, refer to the included documentation and comments within the codebase.","lastModifiedDate":"2024-02-18"}],"authorContributionMap":{"64-1":19,"-":4}},{"path":"docs/README.md","fileType":"md","lines":[{"lineNumber":1,"author":{"gitId":"-"},"content":"# User Guide","lastModifiedDate":"2019-07-29"},{"lineNumber":2,"author":{"gitId":"-"},"content":"","lastModifiedDate":"2019-07-29"},{"lineNumber":3,"author":{"gitId":"-"},"content":"## Features ","lastModifiedDate":"2019-07-29"},{"lineNumber":4,"author":{"gitId":"-"},"content":"","lastModifiedDate":"2019-07-29"},{"lineNumber":5,"author":{"gitId":"64-1"},"content":"### Feature-Greeting","lastModifiedDate":"2024-02-08"},{"lineNumber":6,"author":{"gitId":"-"},"content":"","lastModifiedDate":"2021-07-17"},{"lineNumber":7,"author":{"gitId":"64-1"},"content":"Description:","lastModifiedDate":"2024-02-08"},{"lineNumber":8,"author":{"gitId":"64-1"},"content":"This feature initiates a user-friendly interaction by prompting new users to enter their name, birthday, and gender directly through the console. After receiving the inputs, it generates a personalized welcome message that incorporates the user\u0027s provided details, simulating a verification and enrollment process to an exclusive roster - in this case, the fictional Kassel Academy. This introductory procedure not only greets the user but also seamlessly collects essential information for a customized experience.","lastModifiedDate":"2024-02-08"},{"lineNumber":9,"author":{"gitId":"-"},"content":"","lastModifiedDate":"2021-07-17"},{"lineNumber":10,"author":{"gitId":"64-1"},"content":"### Feature-Read in and save basic info of the user","lastModifiedDate":"2024-02-08"},{"lineNumber":11,"author":{"gitId":"64-1"},"content":"","lastModifiedDate":"2024-02-08"},{"lineNumber":12,"author":{"gitId":"64-1"},"content":"Description: ","lastModifiedDate":"2024-02-08"},{"lineNumber":13,"author":{"gitId":"64-1"},"content":"This feature allows the application to collect and store basic information about the user, such as their name, age, gender, and preferences. This personalized information helps in tailoring the application\u0027s functionality and responses to fit the user\u0027s needs, enhancing the overall user experience.","lastModifiedDate":"2024-02-08"},{"lineNumber":14,"author":{"gitId":"-"},"content":"","lastModifiedDate":"2021-07-17"},{"lineNumber":15,"author":{"gitId":"-"},"content":"","lastModifiedDate":"2019-07-29"},{"lineNumber":16,"author":{"gitId":"-"},"content":"## Usage","lastModifiedDate":"2019-07-29"},{"lineNumber":17,"author":{"gitId":"-"},"content":"","lastModifiedDate":"2019-07-29"},{"lineNumber":18,"author":{"gitId":"-"},"content":"### `Keyword` - Describe action","lastModifiedDate":"2019-07-29"},{"lineNumber":19,"author":{"gitId":"-"},"content":"","lastModifiedDate":"2019-07-29"},{"lineNumber":20,"author":{"gitId":"-"},"content":"Describe the action and its outcome.","lastModifiedDate":"2021-07-17"},{"lineNumber":21,"author":{"gitId":"-"},"content":"","lastModifiedDate":"2019-07-29"},{"lineNumber":22,"author":{"gitId":"-"},"content":"Example of usage: ","lastModifiedDate":"2019-07-29"},{"lineNumber":23,"author":{"gitId":"-"},"content":"","lastModifiedDate":"2019-07-29"},{"lineNumber":24,"author":{"gitId":"-"},"content":"`keyword (optional arguments)`","lastModifiedDate":"2019-07-29"},{"lineNumber":25,"author":{"gitId":"-"},"content":"","lastModifiedDate":"2019-07-29"},{"lineNumber":26,"author":{"gitId":"-"},"content":"Expected outcome:","lastModifiedDate":"2019-07-29"},{"lineNumber":27,"author":{"gitId":"-"},"content":"","lastModifiedDate":"2019-07-29"},{"lineNumber":28,"author":{"gitId":"-"},"content":"Description of the outcome.","lastModifiedDate":"2021-07-17"},{"lineNumber":29,"author":{"gitId":"-"},"content":"","lastModifiedDate":"2021-07-17"},{"lineNumber":30,"author":{"gitId":"-"},"content":"```","lastModifiedDate":"2021-07-17"},{"lineNumber":31,"author":{"gitId":"-"},"content":"expected output","lastModifiedDate":"2021-07-17"},{"lineNumber":32,"author":{"gitId":"-"},"content":"```","lastModifiedDate":"2021-07-17"}],"authorContributionMap":{"64-1":7,"-":25}},{"path":"src/main/java/com/erii/Main.java","fileType":"java","lines":[{"lineNumber":1,"author":{"gitId":"64-1"},"content":"package com.erii;","lastModifiedDate":"2024-02-18"},{"lineNumber":2,"author":{"gitId":"64-1"},"content":"","lastModifiedDate":"2024-02-08"},{"lineNumber":3,"author":{"gitId":"64-1"},"content":"public class Main {","lastModifiedDate":"2024-02-08"},{"lineNumber":4,"author":{"gitId":"64-1"},"content":"    public static void main(String[] args) {","lastModifiedDate":"2024-02-08"},{"lineNumber":5,"author":{"gitId":"64-1"},"content":"        // Prompt the user to enter their details","lastModifiedDate":"2024-02-09"},{"lineNumber":6,"author":{"gitId":"64-1"},"content":"        String name \u003d UserDetails.getName();","lastModifiedDate":"2024-02-08"},{"lineNumber":7,"author":{"gitId":"64-1"},"content":"        String birthday \u003d UserDetails.getBirthday();","lastModifiedDate":"2024-02-08"},{"lineNumber":8,"author":{"gitId":"64-1"},"content":"        String gender \u003d UserDetails.getGenderSelection();","lastModifiedDate":"2024-02-08"},{"lineNumber":9,"author":{"gitId":"64-1"},"content":"","lastModifiedDate":"2024-02-08"},{"lineNumber":10,"author":{"gitId":"64-1"},"content":"","lastModifiedDate":"2024-02-08"},{"lineNumber":11,"author":{"gitId":"64-1"},"content":"        // Print the user details with a welcome message","lastModifiedDate":"2024-02-09"},{"lineNumber":12,"author":{"gitId":"64-1"},"content":"        String message \u003d String.format(","lastModifiedDate":"2024-02-08"},{"lineNumber":13,"author":{"gitId":"64-1"},"content":"                \"Verification passed.\\nOptions enabled.\\n%s Born on %s\\n%s\\nID A.D.0013\\n\" +","lastModifiedDate":"2024-02-08"},{"lineNumber":14,"author":{"gitId":"64-1"},"content":"                        \"Rank \u0027S\u0027\\nListed in the Kassel Academy roster.\\n\" +","lastModifiedDate":"2024-02-08"},{"lineNumber":15,"author":{"gitId":"64-1"},"content":"                        \"Database access granted\\nAccount activated\\nCourse schedule generated\\n\" +","lastModifiedDate":"2024-02-08"},{"lineNumber":16,"author":{"gitId":"64-1"},"content":"                        \"I am Erii, the secretary of Kassel Academy, pleased to serve you.\",","lastModifiedDate":"2024-02-08"},{"lineNumber":17,"author":{"gitId":"64-1"},"content":"                name, birthday, gender);","lastModifiedDate":"2024-02-08"},{"lineNumber":18,"author":{"gitId":"64-1"},"content":"","lastModifiedDate":"2024-02-08"},{"lineNumber":19,"author":{"gitId":"64-1"},"content":"        System.out.println(message);","lastModifiedDate":"2024-02-08"},{"lineNumber":20,"author":{"gitId":"64-1"},"content":"","lastModifiedDate":"2024-02-08"},{"lineNumber":21,"author":{"gitId":"64-1"},"content":"        //Call control panel to start the task manager","lastModifiedDate":"2024-02-09"},{"lineNumber":22,"author":{"gitId":"64-1"},"content":"        ControlPanel.main(args);","lastModifiedDate":"2024-02-09"},{"lineNumber":23,"author":{"gitId":"64-1"},"content":"","lastModifiedDate":"2024-02-09"},{"lineNumber":24,"author":{"gitId":"64-1"},"content":"        ","lastModifiedDate":"2024-02-08"},{"lineNumber":25,"author":{"gitId":"64-1"},"content":"","lastModifiedDate":"2024-02-08"},{"lineNumber":26,"author":{"gitId":"64-1"},"content":"    }","lastModifiedDate":"2024-02-08"},{"lineNumber":27,"author":{"gitId":"64-1"},"content":"}","lastModifiedDate":"2024-02-08"}],"authorContributionMap":{"64-1":27}},{"path":"src/main/java/com/erii/core/Erii.java","fileType":"java","lines":[{"lineNumber":1,"author":{"gitId":"64-1"},"content":"package com.erii.core;","lastModifiedDate":"2024-02-18"},{"lineNumber":2,"author":{"gitId":"64-1"},"content":"","lastModifiedDate":"2024-02-18"},{"lineNumber":3,"author":{"gitId":"64-1"},"content":"public class Erii {","lastModifiedDate":"2024-02-07"},{"lineNumber":4,"author":{"gitId":"64-1"},"content":"    public static void main(String[] args) {","lastModifiedDate":"2024-02-07"},{"lineNumber":5,"author":{"gitId":"64-1"},"content":"        String art \u003d ","lastModifiedDate":"2024-02-07"},{"lineNumber":6,"author":{"gitId":"64-1"},"content":"            \"        _____                    _____                    _____                    _____          \\n\" +","lastModifiedDate":"2024-02-07"},{"lineNumber":7,"author":{"gitId":"64-1"},"content":"            \"       /\\\\    \\\\                  /\\\\    \\\\                  /\\\\    \\\\                  /\\\\    \\\\         \\n\" +","lastModifiedDate":"2024-02-07"},{"lineNumber":8,"author":{"gitId":"64-1"},"content":"            \"      /::\\\\    \\\\                /::\\\\    \\\\                /::\\\\    \\\\                /::\\\\    \\\\        \\n\" +","lastModifiedDate":"2024-02-07"},{"lineNumber":9,"author":{"gitId":"64-1"},"content":"            \"     /::::\\\\    \\\\              /::::\\\\    \\\\               \\\\:::\\\\    \\\\               \\\\:::\\\\    \\\\       \\n\" +","lastModifiedDate":"2024-02-07"},{"lineNumber":10,"author":{"gitId":"64-1"},"content":"            \"    /::::::\\\\    \\\\            /::::::\\\\    \\\\               \\\\:::\\\\    \\\\               \\\\:::\\\\    \\\\      \\n\" +","lastModifiedDate":"2024-02-07"},{"lineNumber":11,"author":{"gitId":"64-1"},"content":"            \"   /:::/\\\\:::\\\\    \\\\          /:::/\\\\:::\\\\    \\\\               \\\\:::\\\\    \\\\               \\\\:::\\\\    \\\\     \\n\" +","lastModifiedDate":"2024-02-07"},{"lineNumber":12,"author":{"gitId":"64-1"},"content":"            \"  /:::/__\\\\:::\\\\    \\\\        /:::/__\\\\:::\\\\    \\\\               \\\\:::\\\\    \\\\               \\\\:::\\\\    \\\\    \\n\" +","lastModifiedDate":"2024-02-07"},{"lineNumber":13,"author":{"gitId":"64-1"},"content":"            \" /::::\\\\   \\\\:::\\\\    \\\\      /::::\\\\   \\\\:::\\\\    \\\\              /::::\\\\    \\\\              /::::\\\\    \\\\   \\n\" +","lastModifiedDate":"2024-02-07"},{"lineNumber":14,"author":{"gitId":"64-1"},"content":"            \"/::::::\\\\   \\\\:::\\\\    \\\\    /::::::\\\\   \\\\:::\\\\    \\\\    ____    /::::::\\\\    \\\\    ____    /::::::\\\\    \\\\  \\n\" +","lastModifiedDate":"2024-02-07"},{"lineNumber":15,"author":{"gitId":"64-1"},"content":"            \"/:::/\\\\:::\\\\   \\\\:::\\\\    \\\\  /:::/\\\\:::\\\\   \\\\:::\\\\____\\\\  /\\\\   \\\\  /:::/\\\\:::\\\\    \\\\  /\\\\   \\\\  /:::/\\\\:::\\\\    \\\\ \\n\" +","lastModifiedDate":"2024-02-07"},{"lineNumber":16,"author":{"gitId":"64-1"},"content":"            \"/:::/__\\\\:::\\\\   \\\\:::\\\\____\\\\/:::/  \\\\:::\\\\   \\\\:::|    |/::\\\\   \\\\/:::/  \\\\:::\\\\____\\\\/::\\\\   \\\\/:::/  \\\\:::\\\\____\\\\\\n\" +","lastModifiedDate":"2024-02-07"},{"lineNumber":17,"author":{"gitId":"64-1"},"content":"            \"\\\\:::\\\\   \\\\:::\\\\   \\\\::/    /\\\\::/   |::::\\\\  /:::|____|\\\\:::\\\\  /:::/    \\\\::/    /\\\\:::\\\\  /:::/    \\\\::/    /\\n\" +","lastModifiedDate":"2024-02-07"},{"lineNumber":18,"author":{"gitId":"64-1"},"content":"            \" \\\\:::\\\\   \\\\:::\\\\   \\\\/____/  \\\\/____|:::::\\\\/:::/    /  \\\\:::\\\\/:::/    / \\\\/____/  \\\\:::\\\\/:::/    / \\\\/____/ \\n\" +","lastModifiedDate":"2024-02-07"},{"lineNumber":19,"author":{"gitId":"64-1"},"content":"            \"  \\\\:::\\\\   \\\\:::\\\\    \\\\            |:::::::::/    /    \\\\::::::/    /            \\\\::::::/    /          \\n\" +","lastModifiedDate":"2024-02-07"},{"lineNumber":20,"author":{"gitId":"64-1"},"content":"            \"   \\\\:::\\\\   \\\\:::\\\\____\\\\           |::|\\\\::::/    /      \\\\::::/____/              \\\\::::/____/           \\n\" +","lastModifiedDate":"2024-02-07"},{"lineNumber":21,"author":{"gitId":"64-1"},"content":"            \"    \\\\:::\\\\   \\\\::/    /           |::| \\\\::/____/        \\\\:::\\\\    \\\\               \\\\:::\\\\    \\\\           \\n\" +","lastModifiedDate":"2024-02-07"},{"lineNumber":22,"author":{"gitId":"64-1"},"content":"            \"     \\\\:::\\\\   \\\\/____/            |::|  ~|               \\\\:::\\\\    \\\\               \\\\:::\\\\    \\\\          \\n\" +","lastModifiedDate":"2024-02-07"},{"lineNumber":23,"author":{"gitId":"64-1"},"content":"            \"      \\\\:::\\\\    \\\\                |::|   |                \\\\:::\\\\    \\\\               \\\\:::\\\\    \\\\         \\n\" +","lastModifiedDate":"2024-02-07"},{"lineNumber":24,"author":{"gitId":"64-1"},"content":"            \"       \\\\:::\\\\____\\\\               \\\\::|   |                 \\\\:::\\\\____\\\\               \\\\:::\\\\____\\\\        \\n\" +","lastModifiedDate":"2024-02-07"},{"lineNumber":25,"author":{"gitId":"64-1"},"content":"            \"        \\\\::/    /                \\\\:|   |                  \\\\::/    /                \\\\::/    /        \\n\" +","lastModifiedDate":"2024-02-07"},{"lineNumber":26,"author":{"gitId":"64-1"},"content":"            \"         \\\\/____/                  \\\\|___|                   \\\\/____/                  \\\\/____/         \\n\";","lastModifiedDate":"2024-02-07"},{"lineNumber":27,"author":{"gitId":"64-1"},"content":"        System.out.println(art);","lastModifiedDate":"2024-02-07"},{"lineNumber":28,"author":{"gitId":"64-1"},"content":"    }","lastModifiedDate":"2024-02-07"},{"lineNumber":29,"author":{"gitId":"64-1"},"content":"}","lastModifiedDate":"2024-02-07"}],"authorContributionMap":{"64-1":29}},{"path":"src/main/java/com/erii/core/TaskManager.java","fileType":"java","lines":[{"lineNumber":1,"author":{"gitId":"64-1"},"content":"package com.erii.core;","lastModifiedDate":"2024-02-18"},{"lineNumber":2,"author":{"gitId":"64-1"},"content":"","lastModifiedDate":"2024-02-18"},{"lineNumber":3,"author":{"gitId":"64-1"},"content":"import java.util.ArrayList;","lastModifiedDate":"2024-02-09"},{"lineNumber":4,"author":{"gitId":"64-1"},"content":"import java.util.List;","lastModifiedDate":"2024-02-09"},{"lineNumber":5,"author":{"gitId":"64-1"},"content":"","lastModifiedDate":"2024-02-09"},{"lineNumber":6,"author":{"gitId":"64-1"},"content":"public class TaskManager {","lastModifiedDate":"2024-02-08"},{"lineNumber":7,"author":{"gitId":"64-1"},"content":"","lastModifiedDate":"2024-02-13"},{"lineNumber":8,"author":{"gitId":"64-1"},"content":"    public enum Priority {","lastModifiedDate":"2024-02-13"},{"lineNumber":9,"author":{"gitId":"64-1"},"content":"        SS, S, A, B, C, D","lastModifiedDate":"2024-02-13"},{"lineNumber":10,"author":{"gitId":"64-1"},"content":"    }","lastModifiedDate":"2024-02-13"},{"lineNumber":11,"author":{"gitId":"64-1"},"content":"","lastModifiedDate":"2024-02-13"},{"lineNumber":12,"author":{"gitId":"64-1"},"content":"    public abstract class Task {","lastModifiedDate":"2024-02-09"},{"lineNumber":13,"author":{"gitId":"64-1"},"content":"        protected String name;","lastModifiedDate":"2024-02-09"},{"lineNumber":14,"author":{"gitId":"64-1"},"content":"        protected String description;","lastModifiedDate":"2024-02-09"},{"lineNumber":15,"author":{"gitId":"64-1"},"content":"        protected Priority priority;","lastModifiedDate":"2024-02-13"},{"lineNumber":16,"author":{"gitId":"64-1"},"content":"","lastModifiedDate":"2024-02-08"},{"lineNumber":17,"author":{"gitId":"64-1"},"content":"        public Task(String name, String description, Priority priority) {","lastModifiedDate":"2024-02-13"},{"lineNumber":18,"author":{"gitId":"64-1"},"content":"            this.name \u003d name;","lastModifiedDate":"2024-02-09"},{"lineNumber":19,"author":{"gitId":"64-1"},"content":"            this.description \u003d description;","lastModifiedDate":"2024-02-09"},{"lineNumber":20,"author":{"gitId":"64-1"},"content":"            this.priority \u003d priority;","lastModifiedDate":"2024-02-13"},{"lineNumber":21,"author":{"gitId":"64-1"},"content":"        }","lastModifiedDate":"2024-02-08"},{"lineNumber":22,"author":{"gitId":"64-1"},"content":"","lastModifiedDate":"2024-02-09"},{"lineNumber":23,"author":{"gitId":"64-1"},"content":"        public String getName() {","lastModifiedDate":"2024-02-09"},{"lineNumber":24,"author":{"gitId":"64-1"},"content":"            return name;","lastModifiedDate":"2024-02-09"},{"lineNumber":25,"author":{"gitId":"64-1"},"content":"        }","lastModifiedDate":"2024-02-08"},{"lineNumber":26,"author":{"gitId":"64-1"},"content":"","lastModifiedDate":"2024-02-08"},{"lineNumber":27,"author":{"gitId":"64-1"},"content":"        public String getDescription() {","lastModifiedDate":"2024-02-09"},{"lineNumber":28,"author":{"gitId":"64-1"},"content":"            return description;","lastModifiedDate":"2024-02-09"},{"lineNumber":29,"author":{"gitId":"64-1"},"content":"        }","lastModifiedDate":"2024-02-08"},{"lineNumber":30,"author":{"gitId":"64-1"},"content":"","lastModifiedDate":"2024-02-09"},{"lineNumber":31,"author":{"gitId":"64-1"},"content":"        public Priority getPriority() {","lastModifiedDate":"2024-02-13"},{"lineNumber":32,"author":{"gitId":"64-1"},"content":"            return priority;","lastModifiedDate":"2024-02-13"},{"lineNumber":33,"author":{"gitId":"64-1"},"content":"        }","lastModifiedDate":"2024-02-13"},{"lineNumber":34,"author":{"gitId":"64-1"},"content":"","lastModifiedDate":"2024-02-13"},{"lineNumber":35,"author":{"gitId":"64-1"},"content":"        public void setPriority(Priority priority) {","lastModifiedDate":"2024-02-13"},{"lineNumber":36,"author":{"gitId":"64-1"},"content":"            this.priority \u003d priority;","lastModifiedDate":"2024-02-13"},{"lineNumber":37,"author":{"gitId":"64-1"},"content":"        }","lastModifiedDate":"2024-02-13"},{"lineNumber":38,"author":{"gitId":"64-1"},"content":"","lastModifiedDate":"2024-02-13"},{"lineNumber":39,"author":{"gitId":"64-1"},"content":"        public abstract String getStatusIcon();","lastModifiedDate":"2024-02-09"},{"lineNumber":40,"author":{"gitId":"64-1"},"content":"","lastModifiedDate":"2024-02-09"},{"lineNumber":41,"author":{"gitId":"64-1"},"content":"        @Override","lastModifiedDate":"2024-02-09"},{"lineNumber":42,"author":{"gitId":"64-1"},"content":"        public abstract String toString();","lastModifiedDate":"2024-02-09"},{"lineNumber":43,"author":{"gitId":"64-1"},"content":"    }","lastModifiedDate":"2024-02-09"},{"lineNumber":44,"author":{"gitId":"64-1"},"content":"","lastModifiedDate":"2024-02-09"},{"lineNumber":45,"author":{"gitId":"64-1"},"content":"    public class Todo extends Task {","lastModifiedDate":"2024-02-09"},{"lineNumber":46,"author":{"gitId":"64-1"},"content":"        protected boolean isDone;","lastModifiedDate":"2024-02-09"},{"lineNumber":47,"author":{"gitId":"64-1"},"content":"","lastModifiedDate":"2024-02-09"},{"lineNumber":48,"author":{"gitId":"64-1"},"content":"        public Todo(String name, String description, Priority priority) {","lastModifiedDate":"2024-02-13"},{"lineNumber":49,"author":{"gitId":"64-1"},"content":"            super(name, description, priority);","lastModifiedDate":"2024-02-13"},{"lineNumber":50,"author":{"gitId":"64-1"},"content":"            isDone \u003d false;","lastModifiedDate":"2024-02-09"},{"lineNumber":51,"author":{"gitId":"64-1"},"content":"        }","lastModifiedDate":"2024-02-09"},{"lineNumber":52,"author":{"gitId":"64-1"},"content":"","lastModifiedDate":"2024-02-09"},{"lineNumber":53,"author":{"gitId":"64-1"},"content":"        public void setDone(boolean done) {","lastModifiedDate":"2024-02-09"},{"lineNumber":54,"author":{"gitId":"64-1"},"content":"            isDone \u003d done;","lastModifiedDate":"2024-02-09"},{"lineNumber":55,"author":{"gitId":"64-1"},"content":"        }","lastModifiedDate":"2024-02-09"},{"lineNumber":56,"author":{"gitId":"64-1"},"content":"","lastModifiedDate":"2024-02-09"},{"lineNumber":57,"author":{"gitId":"64-1"},"content":"        public boolean isDone() {","lastModifiedDate":"2024-02-09"},{"lineNumber":58,"author":{"gitId":"64-1"},"content":"            return isDone;","lastModifiedDate":"2024-02-09"},{"lineNumber":59,"author":{"gitId":"64-1"},"content":"        }","lastModifiedDate":"2024-02-09"},{"lineNumber":60,"author":{"gitId":"64-1"},"content":"","lastModifiedDate":"2024-02-09"},{"lineNumber":61,"author":{"gitId":"64-1"},"content":"        @Override","lastModifiedDate":"2024-02-09"},{"lineNumber":62,"author":{"gitId":"64-1"},"content":"        public String getStatusIcon() {","lastModifiedDate":"2024-02-09"},{"lineNumber":63,"author":{"gitId":"64-1"},"content":"            return (isDone ? \"[X]\" : \"[ ]\"); // mark done task with X","lastModifiedDate":"2024-02-09"},{"lineNumber":64,"author":{"gitId":"64-1"},"content":"        }","lastModifiedDate":"2024-02-09"},{"lineNumber":65,"author":{"gitId":"64-1"},"content":"","lastModifiedDate":"2024-02-09"},{"lineNumber":66,"author":{"gitId":"64-1"},"content":"        @Override","lastModifiedDate":"2024-02-09"},{"lineNumber":67,"author":{"gitId":"64-1"},"content":"        public String toString(){","lastModifiedDate":"2024-02-09"},{"lineNumber":68,"author":{"gitId":"64-1"},"content":"            return \"[T]\" + getStatusIcon() + \" \" + description + \" \u003c\" + priority + \"\u003e \";","lastModifiedDate":"2024-02-13"},{"lineNumber":69,"author":{"gitId":"64-1"},"content":"        }","lastModifiedDate":"2024-02-09"},{"lineNumber":70,"author":{"gitId":"64-1"},"content":"    }","lastModifiedDate":"2024-02-09"},{"lineNumber":71,"author":{"gitId":"64-1"},"content":"","lastModifiedDate":"2024-02-09"},{"lineNumber":72,"author":{"gitId":"64-1"},"content":"    public class Deadline extends Todo {","lastModifiedDate":"2024-02-09"},{"lineNumber":73,"author":{"gitId":"64-1"},"content":"        protected String by;","lastModifiedDate":"2024-02-09"},{"lineNumber":74,"author":{"gitId":"64-1"},"content":"","lastModifiedDate":"2024-02-09"},{"lineNumber":75,"author":{"gitId":"64-1"},"content":"        public Deadline(String name, String description, String by, Priority priority) {","lastModifiedDate":"2024-02-13"},{"lineNumber":76,"author":{"gitId":"64-1"},"content":"            super(name, description, priority); // Fixed: Correctly initialize the parent class","lastModifiedDate":"2024-02-13"},{"lineNumber":77,"author":{"gitId":"64-1"},"content":"            this.by \u003d by;","lastModifiedDate":"2024-02-09"},{"lineNumber":78,"author":{"gitId":"64-1"},"content":"        }","lastModifiedDate":"2024-02-09"},{"lineNumber":79,"author":{"gitId":"64-1"},"content":"","lastModifiedDate":"2024-02-09"},{"lineNumber":80,"author":{"gitId":"64-1"},"content":"        @Override","lastModifiedDate":"2024-02-09"},{"lineNumber":81,"author":{"gitId":"64-1"},"content":"        public String toString(){","lastModifiedDate":"2024-02-09"},{"lineNumber":82,"author":{"gitId":"64-1"},"content":"            return \"[D]\" + super.getStatusIcon() + \" \" + description + \" \u003c\" + priority + \"\u003e \" + \" (by: \" + by + \")\";","lastModifiedDate":"2024-02-13"},{"lineNumber":83,"author":{"gitId":"64-1"},"content":"        }","lastModifiedDate":"2024-02-09"},{"lineNumber":84,"author":{"gitId":"64-1"},"content":"    }","lastModifiedDate":"2024-02-09"},{"lineNumber":85,"author":{"gitId":"64-1"},"content":"","lastModifiedDate":"2024-02-09"},{"lineNumber":86,"author":{"gitId":"64-1"},"content":"    public class Event extends Task {","lastModifiedDate":"2024-02-09"},{"lineNumber":87,"author":{"gitId":"64-1"},"content":"        protected String start;","lastModifiedDate":"2024-02-09"},{"lineNumber":88,"author":{"gitId":"64-1"},"content":"        protected String end;","lastModifiedDate":"2024-02-09"},{"lineNumber":89,"author":{"gitId":"64-1"},"content":"        protected boolean isDone; // Added completion status","lastModifiedDate":"2024-02-09"},{"lineNumber":90,"author":{"gitId":"64-1"},"content":"    ","lastModifiedDate":"2024-02-09"},{"lineNumber":91,"author":{"gitId":"64-1"},"content":"        public Event(String name, String description, String start, String end, Priority priority) {","lastModifiedDate":"2024-02-13"},{"lineNumber":92,"author":{"gitId":"64-1"},"content":"            super(name, description, priority);","lastModifiedDate":"2024-02-13"},{"lineNumber":93,"author":{"gitId":"64-1"},"content":"            this.start \u003d start;","lastModifiedDate":"2024-02-09"},{"lineNumber":94,"author":{"gitId":"64-1"},"content":"            this.end \u003d end;","lastModifiedDate":"2024-02-09"},{"lineNumber":95,"author":{"gitId":"64-1"},"content":"            this.isDone \u003d false; // Initialize as not done","lastModifiedDate":"2024-02-09"},{"lineNumber":96,"author":{"gitId":"64-1"},"content":"        }","lastModifiedDate":"2024-02-09"},{"lineNumber":97,"author":{"gitId":"64-1"},"content":"    ","lastModifiedDate":"2024-02-09"},{"lineNumber":98,"author":{"gitId":"64-1"},"content":"        public void setDone(boolean done) {","lastModifiedDate":"2024-02-09"},{"lineNumber":99,"author":{"gitId":"64-1"},"content":"            isDone \u003d done;","lastModifiedDate":"2024-02-09"},{"lineNumber":100,"author":{"gitId":"64-1"},"content":"        }","lastModifiedDate":"2024-02-08"},{"lineNumber":101,"author":{"gitId":"64-1"},"content":"    ","lastModifiedDate":"2024-02-08"},{"lineNumber":102,"author":{"gitId":"64-1"},"content":"        @Override","lastModifiedDate":"2024-02-09"},{"lineNumber":103,"author":{"gitId":"64-1"},"content":"        public String getStatusIcon() {","lastModifiedDate":"2024-02-09"},{"lineNumber":104,"author":{"gitId":"64-1"},"content":"            return isDone ? \"[X]\" : \"[ ]\"; // Display X for done, space for not done","lastModifiedDate":"2024-02-09"},{"lineNumber":105,"author":{"gitId":"64-1"},"content":"        }","lastModifiedDate":"2024-02-09"},{"lineNumber":106,"author":{"gitId":"64-1"},"content":"    ","lastModifiedDate":"2024-02-09"},{"lineNumber":107,"author":{"gitId":"64-1"},"content":"        @Override","lastModifiedDate":"2024-02-09"},{"lineNumber":108,"author":{"gitId":"64-1"},"content":"        public String toString() {","lastModifiedDate":"2024-02-09"},{"lineNumber":109,"author":{"gitId":"64-1"},"content":"            return \"[E]\" + getStatusIcon() + \" \" + description + \" \u003c\" + priority + \"\u003e \" + \" (from: \" + start + \" to: \" + end + \")\";","lastModifiedDate":"2024-02-13"},{"lineNumber":110,"author":{"gitId":"64-1"},"content":"        }","lastModifiedDate":"2024-02-09"},{"lineNumber":111,"author":{"gitId":"64-1"},"content":"    }","lastModifiedDate":"2024-02-09"},{"lineNumber":112,"author":{"gitId":"64-1"},"content":"","lastModifiedDate":"2024-02-09"},{"lineNumber":113,"author":{"gitId":"64-1"},"content":"","lastModifiedDate":"2024-02-13"},{"lineNumber":114,"author":{"gitId":"64-1"},"content":"    private List\u003cTask\u003e tasks \u003d new ArrayList\u003c\u003e();","lastModifiedDate":"2024-02-09"},{"lineNumber":115,"author":{"gitId":"64-1"},"content":"","lastModifiedDate":"2024-02-09"},{"lineNumber":116,"author":{"gitId":"64-1"},"content":"    public int listSize(){","lastModifiedDate":"2024-02-13"},{"lineNumber":117,"author":{"gitId":"64-1"},"content":"        return tasks.size();","lastModifiedDate":"2024-02-13"},{"lineNumber":118,"author":{"gitId":"64-1"},"content":"    } ","lastModifiedDate":"2024-02-13"},{"lineNumber":119,"author":{"gitId":"64-1"},"content":"","lastModifiedDate":"2024-02-13"},{"lineNumber":120,"author":{"gitId":"64-1"},"content":"    public void addTask(Task task) {","lastModifiedDate":"2024-02-09"},{"lineNumber":121,"author":{"gitId":"64-1"},"content":"        tasks.add(task);","lastModifiedDate":"2024-02-09"},{"lineNumber":122,"author":{"gitId":"64-1"},"content":"        System.out.println(\"Got it. I\u0027ve added this task:\");","lastModifiedDate":"2024-02-09"},{"lineNumber":123,"author":{"gitId":"64-1"},"content":"        System.out.println(\"  \" + task);","lastModifiedDate":"2024-02-09"},{"lineNumber":124,"author":{"gitId":"64-1"},"content":"        System.out.println(\"Now you have \" + tasks.size() + \" tasks in the list.\");","lastModifiedDate":"2024-02-09"},{"lineNumber":125,"author":{"gitId":"64-1"},"content":"        System.out.println(\"____________________________________________________________\");","lastModifiedDate":"2024-02-08"},{"lineNumber":126,"author":{"gitId":"64-1"},"content":"    }","lastModifiedDate":"2024-02-09"},{"lineNumber":127,"author":{"gitId":"64-1"},"content":"","lastModifiedDate":"2024-02-09"},{"lineNumber":128,"author":{"gitId":"64-1"},"content":"    public void listTasks() {","lastModifiedDate":"2024-02-09"},{"lineNumber":129,"author":{"gitId":"64-1"},"content":"        System.out.println(\"Here are the tasks in your list:\");","lastModifiedDate":"2024-02-09"},{"lineNumber":130,"author":{"gitId":"64-1"},"content":"        for (int i \u003d 0; i \u003c tasks.size(); i++) {","lastModifiedDate":"2024-02-09"},{"lineNumber":131,"author":{"gitId":"64-1"},"content":"            System.out.println((i + 1) + \".\" + tasks.get(i));","lastModifiedDate":"2024-02-09"},{"lineNumber":132,"author":{"gitId":"64-1"},"content":"        }","lastModifiedDate":"2024-02-09"},{"lineNumber":133,"author":{"gitId":"64-1"},"content":"        System.out.println(\"____________________________________________________________\");","lastModifiedDate":"2024-02-08"},{"lineNumber":134,"author":{"gitId":"64-1"},"content":"    }","lastModifiedDate":"2024-02-09"},{"lineNumber":135,"author":{"gitId":"64-1"},"content":"","lastModifiedDate":"2024-02-09"},{"lineNumber":136,"author":{"gitId":"64-1"},"content":"    public void sortListByPriority() {","lastModifiedDate":"2024-02-13"},{"lineNumber":137,"author":{"gitId":"64-1"},"content":"        tasks.sort((Task t1, Task t2) -\u003e t1.getPriority().compareTo(t2.getPriority()));","lastModifiedDate":"2024-02-13"},{"lineNumber":138,"author":{"gitId":"64-1"},"content":"        System.out.println(\"Tasks sorted by priority.\");","lastModifiedDate":"2024-02-13"},{"lineNumber":139,"author":{"gitId":"64-1"},"content":"    }","lastModifiedDate":"2024-02-13"},{"lineNumber":140,"author":{"gitId":"64-1"},"content":"","lastModifiedDate":"2024-02-13"},{"lineNumber":141,"author":{"gitId":"64-1"},"content":"    public void sortListByType() {","lastModifiedDate":"2024-02-13"},{"lineNumber":142,"author":{"gitId":"64-1"},"content":"        tasks.sort((Task t1, Task t2) -\u003e t1.getName().compareTo(t2.getName()));","lastModifiedDate":"2024-02-13"},{"lineNumber":143,"author":{"gitId":"64-1"},"content":"        System.out.println(\"Tasks sorted by type.\");","lastModifiedDate":"2024-02-13"},{"lineNumber":144,"author":{"gitId":"64-1"},"content":"    }","lastModifiedDate":"2024-02-13"},{"lineNumber":145,"author":{"gitId":"64-1"},"content":"","lastModifiedDate":"2024-02-13"},{"lineNumber":146,"author":{"gitId":"64-1"},"content":"    // public void sortListByDeadline() {","lastModifiedDate":"2024-02-13"},{"lineNumber":147,"author":{"gitId":"64-1"},"content":"    //     tasks.sort((Task t1, Task t2) -\u003e {","lastModifiedDate":"2024-02-13"},{"lineNumber":148,"author":{"gitId":"64-1"},"content":"    //         if (t1 instanceof Deadline \u0026\u0026 t2 instanceof Deadline) {","lastModifiedDate":"2024-02-13"},{"lineNumber":149,"author":{"gitId":"64-1"},"content":"    //             return ((Deadline) t1).by.compareTo(((Deadline) t2).by);","lastModifiedDate":"2024-02-13"},{"lineNumber":150,"author":{"gitId":"64-1"},"content":"    //         } else {","lastModifiedDate":"2024-02-13"},{"lineNumber":151,"author":{"gitId":"64-1"},"content":"    //             return 0;","lastModifiedDate":"2024-02-13"},{"lineNumber":152,"author":{"gitId":"64-1"},"content":"    //         }","lastModifiedDate":"2024-02-13"},{"lineNumber":153,"author":{"gitId":"64-1"},"content":"    //     });","lastModifiedDate":"2024-02-13"},{"lineNumber":154,"author":{"gitId":"64-1"},"content":"    //     System.out.println(\"Tasks sorted by deadline.\");","lastModifiedDate":"2024-02-13"},{"lineNumber":155,"author":{"gitId":"64-1"},"content":"    // }","lastModifiedDate":"2024-02-13"},{"lineNumber":156,"author":{"gitId":"64-1"},"content":"","lastModifiedDate":"2024-02-13"},{"lineNumber":157,"author":{"gitId":"64-1"},"content":"    public void markTaskAsDone(int taskIndex) {","lastModifiedDate":"2024-02-09"},{"lineNumber":158,"author":{"gitId":"64-1"},"content":"        if (taskIndex \u003e\u003d 0 \u0026\u0026 taskIndex \u003c tasks.size()) {","lastModifiedDate":"2024-02-09"},{"lineNumber":159,"author":{"gitId":"64-1"},"content":"            Task task \u003d tasks.get(taskIndex);","lastModifiedDate":"2024-02-09"},{"lineNumber":160,"author":{"gitId":"64-1"},"content":"            if (task instanceof Todo) {","lastModifiedDate":"2024-02-09"},{"lineNumber":161,"author":{"gitId":"64-1"},"content":"                ((Todo) task).setDone(true);","lastModifiedDate":"2024-02-09"},{"lineNumber":162,"author":{"gitId":"64-1"},"content":"            } else if (task instanceof Event) {","lastModifiedDate":"2024-02-09"},{"lineNumber":163,"author":{"gitId":"64-1"},"content":"                ((Event) task).setDone(true); // Mark Event as done","lastModifiedDate":"2024-02-09"},{"lineNumber":164,"author":{"gitId":"64-1"},"content":"            } else {","lastModifiedDate":"2024-02-08"},{"lineNumber":165,"author":{"gitId":"64-1"},"content":"                System.out.println(\"This task type cannot be marked as done.\");","lastModifiedDate":"2024-02-09"},{"lineNumber":166,"author":{"gitId":"64-1"},"content":"                return;","lastModifiedDate":"2024-02-09"},{"lineNumber":167,"author":{"gitId":"64-1"},"content":"            }","lastModifiedDate":"2024-02-08"},{"lineNumber":168,"author":{"gitId":"64-1"},"content":"            // Print completion message for both Todos and Events","lastModifiedDate":"2024-02-09"},{"lineNumber":169,"author":{"gitId":"64-1"},"content":"            System.out.println(\"----------------------------------\");","lastModifiedDate":"2024-02-09"},{"lineNumber":170,"author":{"gitId":"64-1"},"content":"            System.out.println(\"Task completed\");","lastModifiedDate":"2024-02-09"},{"lineNumber":171,"author":{"gitId":"64-1"},"content":"            System.out.println(task);","lastModifiedDate":"2024-02-09"},{"lineNumber":172,"author":{"gitId":"64-1"},"content":"            System.out.println(\"--------------------------------------\");","lastModifiedDate":"2024-02-09"},{"lineNumber":173,"author":{"gitId":"64-1"},"content":"        } else {","lastModifiedDate":"2024-02-09"},{"lineNumber":174,"author":{"gitId":"64-1"},"content":"            System.out.println(\"Invalid task number.\");","lastModifiedDate":"2024-02-09"},{"lineNumber":175,"author":{"gitId":"64-1"},"content":"        }","lastModifiedDate":"2024-02-08"},{"lineNumber":176,"author":{"gitId":"64-1"},"content":"    }","lastModifiedDate":"2024-02-08"},{"lineNumber":177,"author":{"gitId":"64-1"},"content":"","lastModifiedDate":"2024-02-09"},{"lineNumber":178,"author":{"gitId":"64-1"},"content":"    /**","lastModifiedDate":"2024-02-15"},{"lineNumber":179,"author":{"gitId":"64-1"},"content":"     * Validates and converts a string representation of priority to the Priority enum.","lastModifiedDate":"2024-02-15"},{"lineNumber":180,"author":{"gitId":"64-1"},"content":"     * @param priorityString The string representation of priority.","lastModifiedDate":"2024-02-15"},{"lineNumber":181,"author":{"gitId":"64-1"},"content":"     * @return The Priority enum value if valid, otherwise throws an IllegalArgumentException.","lastModifiedDate":"2024-02-15"},{"lineNumber":182,"author":{"gitId":"64-1"},"content":"     */","lastModifiedDate":"2024-02-15"},{"lineNumber":183,"author":{"gitId":"64-1"},"content":"    public static Priority validateAndConvertPriority(String priorityString) throws IllegalArgumentException{","lastModifiedDate":"2024-02-15"},{"lineNumber":184,"author":{"gitId":"64-1"},"content":"        try {","lastModifiedDate":"2024-02-15"},{"lineNumber":185,"author":{"gitId":"64-1"},"content":"            return Priority.valueOf(priorityString.toUpperCase());","lastModifiedDate":"2024-02-15"},{"lineNumber":186,"author":{"gitId":"64-1"},"content":"        } catch (IllegalArgumentException e) {","lastModifiedDate":"2024-02-15"},{"lineNumber":187,"author":{"gitId":"64-1"},"content":"            throw new IllegalArgumentException(\"Invalid priority. Please enter a valid priority value (SS, S, A, B, C, D).\");","lastModifiedDate":"2024-02-15"},{"lineNumber":188,"author":{"gitId":"64-1"},"content":"        }","lastModifiedDate":"2024-02-15"},{"lineNumber":189,"author":{"gitId":"64-1"},"content":"    }","lastModifiedDate":"2024-02-15"},{"lineNumber":190,"author":{"gitId":"64-1"},"content":"    ","lastModifiedDate":"2024-02-13"},{"lineNumber":191,"author":{"gitId":"64-1"},"content":"}","lastModifiedDate":"2024-02-09"}],"authorContributionMap":{"64-1":191}},{"path":"src/main/java/com/erii/ui/ControlPanel.java","fileType":"java","lines":[{"lineNumber":1,"author":{"gitId":"64-1"},"content":"package com.erii.ui;","lastModifiedDate":"2024-02-18"},{"lineNumber":2,"author":{"gitId":"64-1"},"content":"","lastModifiedDate":"2024-02-18"},{"lineNumber":3,"author":{"gitId":"64-1"},"content":"import java.util.Scanner;","lastModifiedDate":"2024-02-09"},{"lineNumber":4,"author":{"gitId":"64-1"},"content":"import com.erii.user.UserDetails;","lastModifiedDate":"2024-02-18"},{"lineNumber":5,"author":{"gitId":"64-1"},"content":"","lastModifiedDate":"2024-02-09"},{"lineNumber":6,"author":{"gitId":"64-1"},"content":"","lastModifiedDate":"2024-02-13"},{"lineNumber":7,"author":{"gitId":"64-1"},"content":"public class ControlPanel {","lastModifiedDate":"2024-02-09"},{"lineNumber":8,"author":{"gitId":"64-1"},"content":"","lastModifiedDate":"2024-02-13"},{"lineNumber":9,"author":{"gitId":"64-1"},"content":"    public static void main(String[] args) {","lastModifiedDate":"2024-02-09"},{"lineNumber":10,"author":{"gitId":"64-1"},"content":"        TaskManager taskManager \u003d new TaskManager();","lastModifiedDate":"2024-02-09"},{"lineNumber":11,"author":{"gitId":"64-1"},"content":"        Scanner scanner \u003d new Scanner(System.in);","lastModifiedDate":"2024-02-09"},{"lineNumber":12,"author":{"gitId":"64-1"},"content":"","lastModifiedDate":"2024-02-09"},{"lineNumber":13,"author":{"gitId":"64-1"},"content":"        System.out.println(\"How may I assist you today?\");","lastModifiedDate":"2024-02-18"},{"lineNumber":14,"author":{"gitId":"64-1"},"content":"        System.out.println(\"1. List tasks\");","lastModifiedDate":"2024-02-18"},{"lineNumber":15,"author":{"gitId":"64-1"},"content":"        System.out.println(\"2. Add a task\");","lastModifiedDate":"2024-02-18"},{"lineNumber":16,"author":{"gitId":"64-1"},"content":"        System.out.println(\"3. Add a deadline task\");","lastModifiedDate":"2024-02-18"},{"lineNumber":17,"author":{"gitId":"64-1"},"content":"        System.out.println(\"4. Add an event task\");","lastModifiedDate":"2024-02-18"},{"lineNumber":18,"author":{"gitId":"64-1"},"content":"        System.out.println(\"5. Mark a task as done\");","lastModifiedDate":"2024-02-18"},{"lineNumber":19,"author":{"gitId":"64-1"},"content":"        System.out.println(\"6. Exit\");","lastModifiedDate":"2024-02-18"},{"lineNumber":20,"author":{"gitId":"64-1"},"content":"        System.out.print(\"Enter the number corresponding to your choice: \");","lastModifiedDate":"2024-02-18"},{"lineNumber":21,"author":{"gitId":"64-1"},"content":"","lastModifiedDate":"2024-02-13"},{"lineNumber":22,"author":{"gitId":"64-1"},"content":"        while (scanner.hasNextLine()) {","lastModifiedDate":"2024-02-09"},{"lineNumber":23,"author":{"gitId":"64-1"},"content":"            String choice \u003d scanner.nextLine().trim();","lastModifiedDate":"2024-02-13"},{"lineNumber":24,"author":{"gitId":"64-1"},"content":"","lastModifiedDate":"2024-02-13"},{"lineNumber":25,"author":{"gitId":"64-1"},"content":"            switch (choice) {","lastModifiedDate":"2024-02-13"},{"lineNumber":26,"author":{"gitId":"64-1"},"content":"                case \"1\":","lastModifiedDate":"2024-02-13"},{"lineNumber":27,"author":{"gitId":"64-1"},"content":"                    listTasks(taskManager);","lastModifiedDate":"2024-02-13"},{"lineNumber":28,"author":{"gitId":"64-1"},"content":"                    break;","lastModifiedDate":"2024-02-13"},{"lineNumber":29,"author":{"gitId":"64-1"},"content":"                case \"2\":","lastModifiedDate":"2024-02-13"},{"lineNumber":30,"author":{"gitId":"64-1"},"content":"                    System.out.println(\"Please enter the task description and priority (e.g., slain a dragon /S):\");","lastModifiedDate":"2024-02-13"},{"lineNumber":31,"author":{"gitId":"64-1"},"content":"                    String inputAddTask \u003d scanner.nextLine().trim();","lastModifiedDate":"2024-02-13"},{"lineNumber":32,"author":{"gitId":"64-1"},"content":"                    addTodoTask(inputAddTask, taskManager);","lastModifiedDate":"2024-02-13"},{"lineNumber":33,"author":{"gitId":"64-1"},"content":"                    break;","lastModifiedDate":"2024-02-13"},{"lineNumber":34,"author":{"gitId":"64-1"},"content":"                case \"3\":","lastModifiedDate":"2024-02-13"},{"lineNumber":35,"author":{"gitId":"64-1"},"content":"                    System.out.println(\"Please enter the deadline task description, deadline date and priority (e.g., submit report /by 2021-09-30 /SS):\");","lastModifiedDate":"2024-02-13"},{"lineNumber":36,"author":{"gitId":"64-1"},"content":"                    String inputAddDeadline \u003d scanner.nextLine().trim();","lastModifiedDate":"2024-02-13"},{"lineNumber":37,"author":{"gitId":"64-1"},"content":"                    addDeadlineTask(inputAddDeadline, taskManager);","lastModifiedDate":"2024-02-13"},{"lineNumber":38,"author":{"gitId":"64-1"},"content":"                    break;","lastModifiedDate":"2024-02-13"},{"lineNumber":39,"author":{"gitId":"64-1"},"content":"                case \"4\":","lastModifiedDate":"2024-02-13"},{"lineNumber":40,"author":{"gitId":"64-1"},"content":"                    System.out.println(\"Please enter the event description, start date, end date and priority (e.g., project meeting /from 2021-09-30 /to 2021-10-01 /S):\");","lastModifiedDate":"2024-02-13"},{"lineNumber":41,"author":{"gitId":"64-1"},"content":"                    String inputAddEvent \u003d scanner.nextLine().trim();","lastModifiedDate":"2024-02-13"},{"lineNumber":42,"author":{"gitId":"64-1"},"content":"                    addEventTask(inputAddEvent, taskManager);","lastModifiedDate":"2024-02-13"},{"lineNumber":43,"author":{"gitId":"64-1"},"content":"                    break;","lastModifiedDate":"2024-02-13"},{"lineNumber":44,"author":{"gitId":"64-1"},"content":"                case \"5\":","lastModifiedDate":"2024-02-13"},{"lineNumber":45,"author":{"gitId":"64-1"},"content":"                    System.out.println(\"Please enter the task number to mark as done:\");","lastModifiedDate":"2024-02-13"},{"lineNumber":46,"author":{"gitId":"64-1"},"content":"                    String inputMark \u003d scanner.nextLine().trim();","lastModifiedDate":"2024-02-13"},{"lineNumber":47,"author":{"gitId":"64-1"},"content":"                    markTaskAsDone(inputMark, taskManager);","lastModifiedDate":"2024-02-13"},{"lineNumber":48,"author":{"gitId":"64-1"},"content":"                    break;","lastModifiedDate":"2024-02-13"},{"lineNumber":49,"author":{"gitId":"64-1"},"content":"                // ...","lastModifiedDate":"2024-02-18"},{"lineNumber":50,"author":{"gitId":"64-1"},"content":"","lastModifiedDate":"2024-02-18"},{"lineNumber":51,"author":{"gitId":"64-1"},"content":"                case \"6\":","lastModifiedDate":"2024-02-13"},{"lineNumber":52,"author":{"gitId":"64-1"},"content":"                    String address \u003d getAddress();","lastModifiedDate":"2024-02-13"},{"lineNumber":53,"author":{"gitId":"64-1"},"content":"                    System.out.println(\"Pleased to serve you, \" + address + \".\" + UserDetails.getUserName());","lastModifiedDate":"2024-02-13"},{"lineNumber":54,"author":{"gitId":"64-1"},"content":"                    break;","lastModifiedDate":"2024-02-18"},{"lineNumber":55,"author":{"gitId":"64-1"},"content":"                default:","lastModifiedDate":"2024-02-13"},{"lineNumber":56,"author":{"gitId":"64-1"},"content":"                    System.out.println(\"Unknown command. Please try again.\");","lastModifiedDate":"2024-02-13"},{"lineNumber":57,"author":{"gitId":"64-1"},"content":"                    break;","lastModifiedDate":"2024-02-13"},{"lineNumber":58,"author":{"gitId":"64-1"},"content":"            }","lastModifiedDate":"2024-02-13"},{"lineNumber":59,"author":{"gitId":"64-1"},"content":"            System.out.println(\"Enter next command:\");","lastModifiedDate":"2024-02-18"},{"lineNumber":60,"author":{"gitId":"64-1"},"content":"        }","lastModifiedDate":"2024-02-13"},{"lineNumber":61,"author":{"gitId":"64-1"},"content":"        scanner.close();","lastModifiedDate":"2024-02-13"},{"lineNumber":62,"author":{"gitId":"64-1"},"content":"    }","lastModifiedDate":"2024-02-13"},{"lineNumber":63,"author":{"gitId":"64-1"},"content":"    ","lastModifiedDate":"2024-02-13"},{"lineNumber":64,"author":{"gitId":"64-1"},"content":"    private static void listTasks(TaskManager taskManager) {","lastModifiedDate":"2024-02-13"},{"lineNumber":65,"author":{"gitId":"64-1"},"content":"        taskManager.listTasks();","lastModifiedDate":"2024-02-09"},{"lineNumber":66,"author":{"gitId":"64-1"},"content":"    }","lastModifiedDate":"2024-02-13"},{"lineNumber":67,"author":{"gitId":"64-1"},"content":"    ","lastModifiedDate":"2024-02-13"},{"lineNumber":68,"author":{"gitId":"64-1"},"content":"    private static void addTodoTask(String input, TaskManager taskManager) {","lastModifiedDate":"2024-02-13"},{"lineNumber":69,"author":{"gitId":"64-1"},"content":"        // Splitting the input at \" /\" to separate description and priority","lastModifiedDate":"2024-02-13"},{"lineNumber":70,"author":{"gitId":"64-1"},"content":"        String[] parts \u003d input.split(\" ?/ ?\");","lastModifiedDate":"2024-02-13"},{"lineNumber":71,"author":{"gitId":"64-1"},"content":"        if (parts.length \u003c 2 || parts[1].isEmpty()) {","lastModifiedDate":"2024-02-13"},{"lineNumber":72,"author":{"gitId":"64-1"},"content":"            System.out.println(\"\\\"Incorrect format. Please ensure the task description is followed by \u0027/\u0027 and a priority value (e.g., \u0027slain a dragon /SS\u0027).\\\"\");","lastModifiedDate":"2024-02-13"},{"lineNumber":73,"author":{"gitId":"64-1"},"content":"            return;","lastModifiedDate":"2024-02-13"},{"lineNumber":74,"author":{"gitId":"64-1"},"content":"        }","lastModifiedDate":"2024-02-13"},{"lineNumber":75,"author":{"gitId":"64-1"},"content":"        String description \u003d parts[0];","lastModifiedDate":"2024-02-18"},{"lineNumber":76,"author":{"gitId":"64-1"},"content":"        TaskManager.Priority priority;","lastModifiedDate":"2024-02-13"},{"lineNumber":77,"author":{"gitId":"64-1"},"content":"        try{","lastModifiedDate":"2024-02-13"},{"lineNumber":78,"author":{"gitId":"64-1"},"content":"            priority \u003d TaskManager.Priority.valueOf(parts[1].trim().toUpperCase());","lastModifiedDate":"2024-02-18"},{"lineNumber":79,"author":{"gitId":"64-1"},"content":"        }catch(IllegalArgumentException e){","lastModifiedDate":"2024-02-13"},{"lineNumber":80,"author":{"gitId":"64-1"},"content":"            System.out.println(\"Invalid priority. Please enter a valid priority value (SS, S, A, B, C, D, E).\");","lastModifiedDate":"2024-02-13"},{"lineNumber":81,"author":{"gitId":"64-1"},"content":"            return;","lastModifiedDate":"2024-02-13"},{"lineNumber":82,"author":{"gitId":"64-1"},"content":"        }","lastModifiedDate":"2024-02-13"},{"lineNumber":83,"author":{"gitId":"64-1"},"content":"        // Assuming the name and description of the task are the same for simplicity","lastModifiedDate":"2024-02-13"},{"lineNumber":84,"author":{"gitId":"64-1"},"content":"        taskManager.addTask(taskManager.new Todo(\"Todo\", description, priority));","lastModifiedDate":"2024-02-13"},{"lineNumber":85,"author":{"gitId":"64-1"},"content":"","lastModifiedDate":"2024-02-18"},{"lineNumber":86,"author":{"gitId":"64-1"},"content":"    }","lastModifiedDate":"2024-02-13"},{"lineNumber":87,"author":{"gitId":"64-1"},"content":"    ","lastModifiedDate":"2024-02-13"},{"lineNumber":88,"author":{"gitId":"64-1"},"content":"    private static void addDeadlineTask(String input, TaskManager taskManager) {","lastModifiedDate":"2024-02-13"},{"lineNumber":89,"author":{"gitId":"64-1"},"content":"        String[] parts \u003d input.split(\" ?/by |  ?/ ?\");","lastModifiedDate":"2024-02-13"},{"lineNumber":90,"author":{"gitId":"64-1"},"content":"        if(parts.length \u003c 3 || parts[1].isEmpty() || parts[2].isEmpty()){","lastModifiedDate":"2024-02-13"},{"lineNumber":91,"author":{"gitId":"64-1"},"content":"            System.out.println(\"Incorrect format. Please ensure the task description is followed by \u0027/by\u0027 and a deadline date, and then a priority value (e.g., \u0027submit report /by 2021-09-30 /SS\u0027).\");","lastModifiedDate":"2024-02-13"},{"lineNumber":92,"author":{"gitId":"64-1"},"content":"            return;","lastModifiedDate":"2024-02-13"},{"lineNumber":93,"author":{"gitId":"64-1"},"content":"        }","lastModifiedDate":"2024-02-13"},{"lineNumber":94,"author":{"gitId":"64-1"},"content":"        String description \u003d parts[0];","lastModifiedDate":"2024-02-18"},{"lineNumber":95,"author":{"gitId":"64-1"},"content":"        String by \u003d parts[1];","lastModifiedDate":"2024-02-18"},{"lineNumber":96,"author":{"gitId":"64-1"},"content":"        TaskManager.Priority priority;","lastModifiedDate":"2024-02-13"},{"lineNumber":97,"author":{"gitId":"64-1"},"content":"        try{","lastModifiedDate":"2024-02-13"},{"lineNumber":98,"author":{"gitId":"64-1"},"content":"            priority \u003d TaskManager.Priority.valueOf(parts[2].trim().toUpperCase());","lastModifiedDate":"2024-02-13"},{"lineNumber":99,"author":{"gitId":"64-1"},"content":"        }catch(IllegalArgumentException e){","lastModifiedDate":"2024-02-13"},{"lineNumber":100,"author":{"gitId":"64-1"},"content":"            System.out.println(\"Invalid priority. Please enter a valid priority value (SS, S, A, B, C, D, E).\");","lastModifiedDate":"2024-02-13"},{"lineNumber":101,"author":{"gitId":"64-1"},"content":"            return;","lastModifiedDate":"2024-02-13"},{"lineNumber":102,"author":{"gitId":"64-1"},"content":"        }","lastModifiedDate":"2024-02-13"},{"lineNumber":103,"author":{"gitId":"64-1"},"content":"        taskManager.addTask(taskManager.new Deadline(\"Deadline\", description, by, priority));","lastModifiedDate":"2024-02-13"},{"lineNumber":104,"author":{"gitId":"64-1"},"content":"    }","lastModifiedDate":"2024-02-13"},{"lineNumber":105,"author":{"gitId":"64-1"},"content":"    ","lastModifiedDate":"2024-02-13"},{"lineNumber":106,"author":{"gitId":"64-1"},"content":"    private static void addEventTask(String input, TaskManager taskManager) {","lastModifiedDate":"2024-02-13"},{"lineNumber":107,"author":{"gitId":"64-1"},"content":"        String[] parts \u003d input.split(\" /from | /to |  ?/ ?\");","lastModifiedDate":"2024-02-13"},{"lineNumber":108,"author":{"gitId":"64-1"},"content":"        if (parts.length \u003c 4 || parts[1].isEmpty() || parts[2].isEmpty() || parts[3].isEmpty()) {","lastModifiedDate":"2024-02-13"},{"lineNumber":109,"author":{"gitId":"64-1"},"content":"            System.out.println(\"Incorrect format. Please ensure the task description is followed by \u0027/from\u0027, a start date, \u0027/to\u0027, an end date, and then a priority value (e.g., \u0027project meeting /from 2021-09-30 /to 2021-10-01 /S\u0027).\");","lastModifiedDate":"2024-02-13"},{"lineNumber":110,"author":{"gitId":"64-1"},"content":"            return;","lastModifiedDate":"2024-02-13"},{"lineNumber":111,"author":{"gitId":"64-1"},"content":"        }","lastModifiedDate":"2024-02-13"},{"lineNumber":112,"author":{"gitId":"64-1"},"content":"        String description \u003d parts[0];","lastModifiedDate":"2024-02-18"},{"lineNumber":113,"author":{"gitId":"64-1"},"content":"        String start \u003d parts[1];","lastModifiedDate":"2024-02-18"},{"lineNumber":114,"author":{"gitId":"64-1"},"content":"        String end \u003d parts[2];","lastModifiedDate":"2024-02-18"},{"lineNumber":115,"author":{"gitId":"64-1"},"content":"        TaskManager.Priority priority;","lastModifiedDate":"2024-02-13"},{"lineNumber":116,"author":{"gitId":"64-1"},"content":"        try{","lastModifiedDate":"2024-02-13"},{"lineNumber":117,"author":{"gitId":"64-1"},"content":"            priority \u003d TaskManager.Priority.valueOf(parts[3].trim().toUpperCase());","lastModifiedDate":"2024-02-13"},{"lineNumber":118,"author":{"gitId":"64-1"},"content":"        }catch(IllegalArgumentException e){","lastModifiedDate":"2024-02-13"},{"lineNumber":119,"author":{"gitId":"64-1"},"content":"            System.out.println(\"Invalid priority. Please enter a valid priority value (SS, S, A, B, C, D, E).\");","lastModifiedDate":"2024-02-13"},{"lineNumber":120,"author":{"gitId":"64-1"},"content":"            return;","lastModifiedDate":"2024-02-13"},{"lineNumber":121,"author":{"gitId":"64-1"},"content":"        }","lastModifiedDate":"2024-02-13"},{"lineNumber":122,"author":{"gitId":"64-1"},"content":"        taskManager.addTask(taskManager.new Event(\"Event\", description, start, end, priority));","lastModifiedDate":"2024-02-13"},{"lineNumber":123,"author":{"gitId":"64-1"},"content":"    }","lastModifiedDate":"2024-02-13"},{"lineNumber":124,"author":{"gitId":"64-1"},"content":"    ","lastModifiedDate":"2024-02-13"},{"lineNumber":125,"author":{"gitId":"64-1"},"content":"    private static void markTaskAsDone(String input, TaskManager taskManager) {","lastModifiedDate":"2024-02-13"},{"lineNumber":126,"author":{"gitId":"64-1"},"content":"        try {","lastModifiedDate":"2024-02-09"},{"lineNumber":127,"author":{"gitId":"64-1"},"content":"            int taskNumber \u003d Integer.parseInt(input.substring(5)) - 1; // Adjust for zero-based index","lastModifiedDate":"2024-02-18"},{"lineNumber":128,"author":{"gitId":"64-1"},"content":"            if (taskNumber \u003c 0 || taskNumber \u003e\u003d taskManager.listSize()) {","lastModifiedDate":"2024-02-13"},{"lineNumber":129,"author":{"gitId":"64-1"},"content":"                System.out.println(\"Task number is out of range. Please enter a valid task number.\");","lastModifiedDate":"2024-02-13"},{"lineNumber":130,"author":{"gitId":"64-1"},"content":"                System.out.println(\"Current number of tasks: \" + taskManager.listSize());","lastModifiedDate":"2024-02-13"},{"lineNumber":131,"author":{"gitId":"64-1"},"content":"                return;","lastModifiedDate":"2024-02-13"},{"lineNumber":132,"author":{"gitId":"64-1"},"content":"            }","lastModifiedDate":"2024-02-13"},{"lineNumber":133,"author":{"gitId":"64-1"},"content":"            taskManager.markTaskAsDone(taskNumber);","lastModifiedDate":"2024-02-09"},{"lineNumber":134,"author":{"gitId":"64-1"},"content":"        } catch (NumberFormatException e) {","lastModifiedDate":"2024-02-09"},{"lineNumber":135,"author":{"gitId":"64-1"},"content":"            System.out.println(\"Please enter a valid task number.\");","lastModifiedDate":"2024-02-09"},{"lineNumber":136,"author":{"gitId":"64-1"},"content":"        }","lastModifiedDate":"2024-02-09"},{"lineNumber":137,"author":{"gitId":"64-1"},"content":"    }","lastModifiedDate":"2024-02-09"},{"lineNumber":138,"author":{"gitId":"64-1"},"content":"","lastModifiedDate":"2024-02-13"},{"lineNumber":139,"author":{"gitId":"64-1"},"content":"    private static String getAddress() {","lastModifiedDate":"2024-02-13"},{"lineNumber":140,"author":{"gitId":"64-1"},"content":"        String address \u003d \"\";","lastModifiedDate":"2024-02-13"},{"lineNumber":141,"author":{"gitId":"64-1"},"content":"        if (UserDetails.getUserGender().equals(\"Male\")) {","lastModifiedDate":"2024-02-13"},{"lineNumber":142,"author":{"gitId":"64-1"},"content":"            address \u003d \"Mr\";","lastModifiedDate":"2024-02-13"},{"lineNumber":143,"author":{"gitId":"64-1"},"content":"        } else if (UserDetails.getUserGender().equals(\"Female\")) {","lastModifiedDate":"2024-02-13"},{"lineNumber":144,"author":{"gitId":"64-1"},"content":"            address \u003d \"Ms\";","lastModifiedDate":"2024-02-13"},{"lineNumber":145,"author":{"gitId":"64-1"},"content":"        } else {","lastModifiedDate":"2024-02-13"},{"lineNumber":146,"author":{"gitId":"64-1"},"content":"            address \u003d \"Mx\";","lastModifiedDate":"2024-02-13"},{"lineNumber":147,"author":{"gitId":"64-1"},"content":"        }","lastModifiedDate":"2024-02-09"},{"lineNumber":148,"author":{"gitId":"64-1"},"content":"        return address;","lastModifiedDate":"2024-02-13"},{"lineNumber":149,"author":{"gitId":"64-1"},"content":"    }","lastModifiedDate":"2024-02-09"},{"lineNumber":150,"author":{"gitId":"64-1"},"content":"}","lastModifiedDate":"2024-02-09"},{"lineNumber":151,"author":{"gitId":"64-1"},"content":"","lastModifiedDate":"2024-02-18"},{"lineNumber":152,"author":{"gitId":"64-1"},"content":"","lastModifiedDate":"2024-02-18"},{"lineNumber":153,"author":{"gitId":"64-1"},"content":"","lastModifiedDate":"2024-02-18"}],"authorContributionMap":{"64-1":153}},{"path":"src/main/java/com/erii/user/UserDetails.java","fileType":"java","lines":[{"lineNumber":1,"author":{"gitId":"64-1"},"content":"package com.erii.user;","lastModifiedDate":"2024-02-18"},{"lineNumber":2,"author":{"gitId":"64-1"},"content":"","lastModifiedDate":"2024-02-18"},{"lineNumber":3,"author":{"gitId":"64-1"},"content":"import java.util.Scanner;","lastModifiedDate":"2024-02-08"},{"lineNumber":4,"author":{"gitId":"64-1"},"content":"import java.util.regex.Matcher;","lastModifiedDate":"2024-02-08"},{"lineNumber":5,"author":{"gitId":"64-1"},"content":"import java.util.regex.Pattern;","lastModifiedDate":"2024-02-08"},{"lineNumber":6,"author":{"gitId":"64-1"},"content":"","lastModifiedDate":"2024-02-08"},{"lineNumber":7,"author":{"gitId":"64-1"},"content":"","lastModifiedDate":"2024-02-08"},{"lineNumber":8,"author":{"gitId":"64-1"},"content":"/**","lastModifiedDate":"2024-02-08"},{"lineNumber":9,"author":{"gitId":"64-1"},"content":" * The UserDetails class provides methods to retrieve user details such as name, birthday, and gender.","lastModifiedDate":"2024-02-08"},{"lineNumber":10,"author":{"gitId":"64-1"},"content":" */","lastModifiedDate":"2024-02-08"},{"lineNumber":11,"author":{"gitId":"64-1"},"content":"public class UserDetails {","lastModifiedDate":"2024-02-08"},{"lineNumber":12,"author":{"gitId":"64-1"},"content":"    private static final Scanner scanner \u003d new Scanner(System.in);","lastModifiedDate":"2024-02-08"},{"lineNumber":13,"author":{"gitId":"64-1"},"content":"    private static final Pattern datePattern \u003d Pattern.compile(\"^\\\\d{2}/\\\\d{2}/\\\\d{4}$\");","lastModifiedDate":"2024-02-08"},{"lineNumber":14,"author":{"gitId":"64-1"},"content":"    private static String UserName \u003d \"\";","lastModifiedDate":"2024-02-13"},{"lineNumber":15,"author":{"gitId":"64-1"},"content":"    private static String UserBirthday \u003d \"\";","lastModifiedDate":"2024-02-13"},{"lineNumber":16,"author":{"gitId":"64-1"},"content":"    private static String UserGender \u003d \"\";","lastModifiedDate":"2024-02-13"},{"lineNumber":17,"author":{"gitId":"64-1"},"content":"","lastModifiedDate":"2024-02-08"},{"lineNumber":18,"author":{"gitId":"64-1"},"content":"    /**","lastModifiedDate":"2024-02-08"},{"lineNumber":19,"author":{"gitId":"64-1"},"content":"     * Prompts the user to enter their full name and validates the input.","lastModifiedDate":"2024-02-08"},{"lineNumber":20,"author":{"gitId":"64-1"},"content":"     *","lastModifiedDate":"2024-02-08"},{"lineNumber":21,"author":{"gitId":"64-1"},"content":"     * @return the user\u0027s full name","lastModifiedDate":"2024-02-08"},{"lineNumber":22,"author":{"gitId":"64-1"},"content":"     */","lastModifiedDate":"2024-02-08"},{"lineNumber":23,"author":{"gitId":"64-1"},"content":"    public static String getName() {","lastModifiedDate":"2024-02-08"},{"lineNumber":24,"author":{"gitId":"64-1"},"content":"        System.out.println(\"Please enter your full name (First Name Last Name): \");","lastModifiedDate":"2024-02-08"},{"lineNumber":25,"author":{"gitId":"64-1"},"content":"        String name;","lastModifiedDate":"2024-02-08"},{"lineNumber":26,"author":{"gitId":"64-1"},"content":"        while (true) {","lastModifiedDate":"2024-02-08"},{"lineNumber":27,"author":{"gitId":"64-1"},"content":"            name \u003d scanner.nextLine().trim();","lastModifiedDate":"2024-02-08"},{"lineNumber":28,"author":{"gitId":"64-1"},"content":"            // Simple check to ensure the input contains at least two words for first and last name","lastModifiedDate":"2024-02-08"},{"lineNumber":29,"author":{"gitId":"64-1"},"content":"            if (name.split(\"\\\\s+\").length \u003e\u003d 2) {","lastModifiedDate":"2024-02-08"},{"lineNumber":30,"author":{"gitId":"64-1"},"content":"                break;","lastModifiedDate":"2024-02-08"},{"lineNumber":31,"author":{"gitId":"64-1"},"content":"            } else {","lastModifiedDate":"2024-02-08"},{"lineNumber":32,"author":{"gitId":"64-1"},"content":"                System.out.println(\"Invalid name. Please enter both your first name and last name.\");","lastModifiedDate":"2024-02-08"},{"lineNumber":33,"author":{"gitId":"64-1"},"content":"            }","lastModifiedDate":"2024-02-08"},{"lineNumber":34,"author":{"gitId":"64-1"},"content":"        }","lastModifiedDate":"2024-02-08"},{"lineNumber":35,"author":{"gitId":"64-1"},"content":"        UserName \u003d name;","lastModifiedDate":"2024-02-13"},{"lineNumber":36,"author":{"gitId":"64-1"},"content":"        return name;","lastModifiedDate":"2024-02-08"},{"lineNumber":37,"author":{"gitId":"64-1"},"content":"    }","lastModifiedDate":"2024-02-08"},{"lineNumber":38,"author":{"gitId":"64-1"},"content":"","lastModifiedDate":"2024-02-08"},{"lineNumber":39,"author":{"gitId":"64-1"},"content":"    /**","lastModifiedDate":"2024-02-08"},{"lineNumber":40,"author":{"gitId":"64-1"},"content":"     * Prompts the user to enter their birthday in DD/MM/YYYY format and validates the input.","lastModifiedDate":"2024-02-08"},{"lineNumber":41,"author":{"gitId":"64-1"},"content":"     *","lastModifiedDate":"2024-02-08"},{"lineNumber":42,"author":{"gitId":"64-1"},"content":"     * @return the user\u0027s birthday","lastModifiedDate":"2024-02-08"},{"lineNumber":43,"author":{"gitId":"64-1"},"content":"     */","lastModifiedDate":"2024-02-08"},{"lineNumber":44,"author":{"gitId":"64-1"},"content":"    public static String getBirthday() {","lastModifiedDate":"2024-02-08"},{"lineNumber":45,"author":{"gitId":"64-1"},"content":"        System.out.println(\"Please enter your birthday (DD/MM/YYYY): \");","lastModifiedDate":"2024-02-08"},{"lineNumber":46,"author":{"gitId":"64-1"},"content":"        String birthday;","lastModifiedDate":"2024-02-08"},{"lineNumber":47,"author":{"gitId":"64-1"},"content":"        while (true) {","lastModifiedDate":"2024-02-08"},{"lineNumber":48,"author":{"gitId":"64-1"},"content":"            birthday \u003d scanner.nextLine().trim();","lastModifiedDate":"2024-02-08"},{"lineNumber":49,"author":{"gitId":"64-1"},"content":"            Matcher matcher \u003d datePattern.matcher(birthday);","lastModifiedDate":"2024-02-08"},{"lineNumber":50,"author":{"gitId":"64-1"},"content":"            if (matcher.matches()) {","lastModifiedDate":"2024-02-08"},{"lineNumber":51,"author":{"gitId":"64-1"},"content":"                break;","lastModifiedDate":"2024-02-08"},{"lineNumber":52,"author":{"gitId":"64-1"},"content":"            } else {","lastModifiedDate":"2024-02-08"},{"lineNumber":53,"author":{"gitId":"64-1"},"content":"                System.out.println(\"Invalid format. Please enter your birthday in DD/MM/YYYY format.\");","lastModifiedDate":"2024-02-08"},{"lineNumber":54,"author":{"gitId":"64-1"},"content":"            }","lastModifiedDate":"2024-02-08"},{"lineNumber":55,"author":{"gitId":"64-1"},"content":"        }","lastModifiedDate":"2024-02-08"},{"lineNumber":56,"author":{"gitId":"64-1"},"content":"        UserBirthday \u003d birthday;","lastModifiedDate":"2024-02-13"},{"lineNumber":57,"author":{"gitId":"64-1"},"content":"        return birthday;","lastModifiedDate":"2024-02-08"},{"lineNumber":58,"author":{"gitId":"64-1"},"content":"    }","lastModifiedDate":"2024-02-08"},{"lineNumber":59,"author":{"gitId":"64-1"},"content":"","lastModifiedDate":"2024-02-08"},{"lineNumber":60,"author":{"gitId":"64-1"},"content":"    /**","lastModifiedDate":"2024-02-08"},{"lineNumber":61,"author":{"gitId":"64-1"},"content":"     * Prompts the user to select their gender and returns the selected gender.","lastModifiedDate":"2024-02-08"},{"lineNumber":62,"author":{"gitId":"64-1"},"content":"     *","lastModifiedDate":"2024-02-08"},{"lineNumber":63,"author":{"gitId":"64-1"},"content":"     * @return the user\u0027s selected gender","lastModifiedDate":"2024-02-08"},{"lineNumber":64,"author":{"gitId":"64-1"},"content":"     */","lastModifiedDate":"2024-02-08"},{"lineNumber":65,"author":{"gitId":"64-1"},"content":"    public static String getGenderSelection() {","lastModifiedDate":"2024-02-08"},{"lineNumber":66,"author":{"gitId":"64-1"},"content":"        System.out.println(\"Please enter your gender: \");","lastModifiedDate":"2024-02-08"},{"lineNumber":67,"author":{"gitId":"64-1"},"content":"        System.out.println(\"1. Male\");","lastModifiedDate":"2024-02-08"},{"lineNumber":68,"author":{"gitId":"64-1"},"content":"        System.out.println(\"2. Female\");","lastModifiedDate":"2024-02-08"},{"lineNumber":69,"author":{"gitId":"64-1"},"content":"        System.out.println(\"3. Other\");","lastModifiedDate":"2024-02-08"},{"lineNumber":70,"author":{"gitId":"64-1"},"content":"        System.out.print(\"Enter the number corresponding to your choice: \");","lastModifiedDate":"2024-02-08"},{"lineNumber":71,"author":{"gitId":"64-1"},"content":"","lastModifiedDate":"2024-02-08"},{"lineNumber":72,"author":{"gitId":"64-1"},"content":"        String gender \u003d \"\";","lastModifiedDate":"2024-02-08"},{"lineNumber":73,"author":{"gitId":"64-1"},"content":"        while (true) {","lastModifiedDate":"2024-02-08"},{"lineNumber":74,"author":{"gitId":"64-1"},"content":"            String input \u003d scanner.nextLine().trim();","lastModifiedDate":"2024-02-08"},{"lineNumber":75,"author":{"gitId":"64-1"},"content":"","lastModifiedDate":"2024-02-08"},{"lineNumber":76,"author":{"gitId":"64-1"},"content":"            switch (input) {","lastModifiedDate":"2024-02-08"},{"lineNumber":77,"author":{"gitId":"64-1"},"content":"                case \"1\":","lastModifiedDate":"2024-02-08"},{"lineNumber":78,"author":{"gitId":"64-1"},"content":"                    gender \u003d \"Male\";","lastModifiedDate":"2024-02-08"},{"lineNumber":79,"author":{"gitId":"64-1"},"content":"                    break;","lastModifiedDate":"2024-02-08"},{"lineNumber":80,"author":{"gitId":"64-1"},"content":"                case \"2\":","lastModifiedDate":"2024-02-08"},{"lineNumber":81,"author":{"gitId":"64-1"},"content":"                    gender \u003d \"Female\";","lastModifiedDate":"2024-02-08"},{"lineNumber":82,"author":{"gitId":"64-1"},"content":"                    break;","lastModifiedDate":"2024-02-08"},{"lineNumber":83,"author":{"gitId":"64-1"},"content":"                case \"3\":","lastModifiedDate":"2024-02-08"},{"lineNumber":84,"author":{"gitId":"64-1"},"content":"                    gender \u003d \"Other\";","lastModifiedDate":"2024-02-08"},{"lineNumber":85,"author":{"gitId":"64-1"},"content":"                    break;","lastModifiedDate":"2024-02-08"},{"lineNumber":86,"author":{"gitId":"64-1"},"content":"                default:","lastModifiedDate":"2024-02-08"},{"lineNumber":87,"author":{"gitId":"64-1"},"content":"                    System.out.println(\"Invalid option selected. Please enter 1, 2, or 3.\");","lastModifiedDate":"2024-02-08"},{"lineNumber":88,"author":{"gitId":"64-1"},"content":"                    continue;","lastModifiedDate":"2024-02-08"},{"lineNumber":89,"author":{"gitId":"64-1"},"content":"            }","lastModifiedDate":"2024-02-08"},{"lineNumber":90,"author":{"gitId":"64-1"},"content":"            break; // Exit the loop once a valid input is received.","lastModifiedDate":"2024-02-08"},{"lineNumber":91,"author":{"gitId":"64-1"},"content":"        }","lastModifiedDate":"2024-02-08"},{"lineNumber":92,"author":{"gitId":"64-1"},"content":"        UserGender \u003d gender;","lastModifiedDate":"2024-02-13"},{"lineNumber":93,"author":{"gitId":"64-1"},"content":"        return gender; // Return the selected gender.","lastModifiedDate":"2024-02-08"},{"lineNumber":94,"author":{"gitId":"64-1"},"content":"    }","lastModifiedDate":"2024-02-08"},{"lineNumber":95,"author":{"gitId":"64-1"},"content":"    ","lastModifiedDate":"2024-02-13"},{"lineNumber":96,"author":{"gitId":"64-1"},"content":"    public static String getUserName() {","lastModifiedDate":"2024-02-13"},{"lineNumber":97,"author":{"gitId":"64-1"},"content":"        return UserName;","lastModifiedDate":"2024-02-13"},{"lineNumber":98,"author":{"gitId":"64-1"},"content":"    }","lastModifiedDate":"2024-02-13"},{"lineNumber":99,"author":{"gitId":"64-1"},"content":"    public static String getUserBirthday() {","lastModifiedDate":"2024-02-13"},{"lineNumber":100,"author":{"gitId":"64-1"},"content":"        return UserBirthday;","lastModifiedDate":"2024-02-13"},{"lineNumber":101,"author":{"gitId":"64-1"},"content":"    }","lastModifiedDate":"2024-02-13"},{"lineNumber":102,"author":{"gitId":"64-1"},"content":"    public static String getUserGender() {","lastModifiedDate":"2024-02-13"},{"lineNumber":103,"author":{"gitId":"64-1"},"content":"        return UserGender;","lastModifiedDate":"2024-02-13"},{"lineNumber":104,"author":{"gitId":"64-1"},"content":"    }","lastModifiedDate":"2024-02-13"},{"lineNumber":105,"author":{"gitId":"64-1"},"content":"}","lastModifiedDate":"2024-02-08"}],"authorContributionMap":{"64-1":105}}]
