[{"path":"src/main/java/Deadline.java","fileType":"java","lines":[{"lineNumber":1,"author":{"gitId":"sweijie24"},"content":"public class Deadline extends Task {","lastModifiedDate":"2024-02-03"},{"lineNumber":2,"author":{"gitId":"sweijie24"},"content":"    protected String by;","lastModifiedDate":"2024-02-03"},{"lineNumber":3,"author":{"gitId":"sweijie24"},"content":"","lastModifiedDate":"2024-02-03"},{"lineNumber":4,"author":{"gitId":"sweijie24"},"content":"    public Deadline(String description, String by) {","lastModifiedDate":"2024-02-03"},{"lineNumber":5,"author":{"gitId":"sweijie24"},"content":"        super(description);","lastModifiedDate":"2024-02-03"},{"lineNumber":6,"author":{"gitId":"sweijie24"},"content":"        this.by \u003d by;","lastModifiedDate":"2024-02-03"},{"lineNumber":7,"author":{"gitId":"sweijie24"},"content":"    }","lastModifiedDate":"2024-02-03"},{"lineNumber":8,"author":{"gitId":"sweijie24"},"content":"","lastModifiedDate":"2024-02-03"},{"lineNumber":9,"author":{"gitId":"sweijie24"},"content":"    @Override","lastModifiedDate":"2024-02-03"},{"lineNumber":10,"author":{"gitId":"sweijie24"},"content":"    public String toString() {","lastModifiedDate":"2024-02-03"},{"lineNumber":11,"author":{"gitId":"sweijie24"},"content":"        return \"[D]\" + super.toString() + \" (by: \" + by + \")\";","lastModifiedDate":"2024-02-03"},{"lineNumber":12,"author":{"gitId":"sweijie24"},"content":"    }","lastModifiedDate":"2024-02-03"},{"lineNumber":13,"author":{"gitId":"sweijie24"},"content":"}","lastModifiedDate":"2024-02-03"}],"authorContributionMap":{"sweijie24":13}},{"path":"src/main/java/Event.java","fileType":"java","lines":[{"lineNumber":1,"author":{"gitId":"sweijie24"},"content":"public class Event extends Task {","lastModifiedDate":"2024-02-03"},{"lineNumber":2,"author":{"gitId":"sweijie24"},"content":"    protected String from;","lastModifiedDate":"2024-02-03"},{"lineNumber":3,"author":{"gitId":"sweijie24"},"content":"    protected String to;","lastModifiedDate":"2024-02-03"},{"lineNumber":4,"author":{"gitId":"sweijie24"},"content":"","lastModifiedDate":"2024-02-03"},{"lineNumber":5,"author":{"gitId":"sweijie24"},"content":"    public Event(String description, String from, String to) {","lastModifiedDate":"2024-02-03"},{"lineNumber":6,"author":{"gitId":"sweijie24"},"content":"        super(description);","lastModifiedDate":"2024-02-03"},{"lineNumber":7,"author":{"gitId":"sweijie24"},"content":"        this.from \u003d from;","lastModifiedDate":"2024-02-03"},{"lineNumber":8,"author":{"gitId":"sweijie24"},"content":"        this.to \u003d to;","lastModifiedDate":"2024-02-03"},{"lineNumber":9,"author":{"gitId":"sweijie24"},"content":"    }","lastModifiedDate":"2024-02-03"},{"lineNumber":10,"author":{"gitId":"sweijie24"},"content":"","lastModifiedDate":"2024-02-03"},{"lineNumber":11,"author":{"gitId":"sweijie24"},"content":"    @Override","lastModifiedDate":"2024-02-03"},{"lineNumber":12,"author":{"gitId":"sweijie24"},"content":"    public String toString() {","lastModifiedDate":"2024-02-03"},{"lineNumber":13,"author":{"gitId":"sweijie24"},"content":"        return \"[E]\" + super.toString() + \" (from: \" + from + \" to: \" + to + \")\";","lastModifiedDate":"2024-02-03"},{"lineNumber":14,"author":{"gitId":"sweijie24"},"content":"    }","lastModifiedDate":"2024-02-03"},{"lineNumber":15,"author":{"gitId":"sweijie24"},"content":"}","lastModifiedDate":"2024-02-03"}],"authorContributionMap":{"sweijie24":15}},{"path":"src/main/java/Quokka.java","fileType":"java","lines":[{"lineNumber":1,"author":{"gitId":"sweijie24"},"content":"import java.util.Scanner;","lastModifiedDate":"2024-01-27"},{"lineNumber":2,"author":{"gitId":"sweijie24"},"content":"","lastModifiedDate":"2024-01-27"},{"lineNumber":3,"author":{"gitId":"sweijie24"},"content":"public class Quokka {","lastModifiedDate":"2024-01-27"},{"lineNumber":4,"author":{"gitId":"sweijie24"},"content":"    private static final int MAX_TASKS \u003d 100;","lastModifiedDate":"2024-01-27"},{"lineNumber":5,"author":{"gitId":"sweijie24"},"content":"    private static Task[] tasks \u003d new Task[MAX_TASKS];","lastModifiedDate":"2024-01-27"},{"lineNumber":6,"author":{"gitId":"sweijie24"},"content":"    private static int taskCount \u003d 0;","lastModifiedDate":"2024-01-27"},{"lineNumber":7,"author":{"gitId":"sweijie24"},"content":"","lastModifiedDate":"2024-01-27"},{"lineNumber":8,"author":{"gitId":"sweijie24"},"content":"    private static void addTask(Task newTask) {","lastModifiedDate":"2024-02-03"},{"lineNumber":9,"author":{"gitId":"sweijie24"},"content":"        if (taskCount \u003c MAX_TASKS) {","lastModifiedDate":"2024-01-27"},{"lineNumber":10,"author":{"gitId":"sweijie24"},"content":"            tasks[taskCount++] \u003d newTask;","lastModifiedDate":"2024-01-27"},{"lineNumber":11,"author":{"gitId":"sweijie24"},"content":"            System.out.println(\"     Got it. I\u0027ve added this task:\");","lastModifiedDate":"2024-02-03"},{"lineNumber":12,"author":{"gitId":"sweijie24"},"content":"            System.out.println(\"       \" + newTask);","lastModifiedDate":"2024-02-03"},{"lineNumber":13,"author":{"gitId":"sweijie24"},"content":"            System.out.println(\"     Now you have \" + taskCount + \" tasks in the list.\");","lastModifiedDate":"2024-02-03"},{"lineNumber":14,"author":{"gitId":"sweijie24"},"content":"        } else {","lastModifiedDate":"2024-01-27"},{"lineNumber":15,"author":{"gitId":"sweijie24"},"content":"            System.out.println(\"    Sorry, the task list is full. You cannot add more tasks.\");","lastModifiedDate":"2024-01-27"},{"lineNumber":16,"author":{"gitId":"sweijie24"},"content":"        }","lastModifiedDate":"2024-01-27"},{"lineNumber":17,"author":{"gitId":"sweijie24"},"content":"    }","lastModifiedDate":"2024-01-27"},{"lineNumber":18,"author":{"gitId":"sweijie24"},"content":"","lastModifiedDate":"2024-01-27"},{"lineNumber":19,"author":{"gitId":"sweijie24"},"content":"    private static Todo parseTodoTask(String userInput) {","lastModifiedDate":"2024-02-03"},{"lineNumber":20,"author":{"gitId":"sweijie24"},"content":"        String description \u003d userInput.substring(\"todo\".length()).trim();","lastModifiedDate":"2024-02-03"},{"lineNumber":21,"author":{"gitId":"sweijie24"},"content":"        return new Todo(description);","lastModifiedDate":"2024-02-03"},{"lineNumber":22,"author":{"gitId":"sweijie24"},"content":"    }","lastModifiedDate":"2024-02-03"},{"lineNumber":23,"author":{"gitId":"sweijie24"},"content":"","lastModifiedDate":"2024-02-03"},{"lineNumber":24,"author":{"gitId":"sweijie24"},"content":"    private static Deadline parseDeadlineTask(String userInput) {","lastModifiedDate":"2024-02-03"},{"lineNumber":25,"author":{"gitId":"sweijie24"},"content":"        String[] parts \u003d userInput.split(\"/by\", 2);","lastModifiedDate":"2024-02-03"},{"lineNumber":26,"author":{"gitId":"sweijie24"},"content":"        if (parts.length \u003d\u003d 2) {","lastModifiedDate":"2024-02-03"},{"lineNumber":27,"author":{"gitId":"sweijie24"},"content":"            String description \u003d parts[0].substring(\"deadline\".length()).trim();","lastModifiedDate":"2024-02-03"},{"lineNumber":28,"author":{"gitId":"sweijie24"},"content":"            String by \u003d parts[1].trim();","lastModifiedDate":"2024-02-03"},{"lineNumber":29,"author":{"gitId":"sweijie24"},"content":"            return new Deadline(description, by);","lastModifiedDate":"2024-02-03"},{"lineNumber":30,"author":{"gitId":"sweijie24"},"content":"        } else {","lastModifiedDate":"2024-02-03"},{"lineNumber":31,"author":{"gitId":"sweijie24"},"content":"            System.out.println(\"    Invalid deadline format. Please use: deadline [description] /by [date/time]\");","lastModifiedDate":"2024-02-03"},{"lineNumber":32,"author":{"gitId":"sweijie24"},"content":"            return null;","lastModifiedDate":"2024-02-03"},{"lineNumber":33,"author":{"gitId":"sweijie24"},"content":"        }","lastModifiedDate":"2024-02-03"},{"lineNumber":34,"author":{"gitId":"sweijie24"},"content":"    }","lastModifiedDate":"2024-02-03"},{"lineNumber":35,"author":{"gitId":"sweijie24"},"content":"","lastModifiedDate":"2024-02-03"},{"lineNumber":36,"author":{"gitId":"sweijie24"},"content":"    private static Event parseEventTask(String userInput) {","lastModifiedDate":"2024-02-03"},{"lineNumber":37,"author":{"gitId":"sweijie24"},"content":"        String[] parts \u003d userInput.split(\"/from\", 2);","lastModifiedDate":"2024-02-03"},{"lineNumber":38,"author":{"gitId":"sweijie24"},"content":"        if (parts.length \u003d\u003d 2) {","lastModifiedDate":"2024-02-03"},{"lineNumber":39,"author":{"gitId":"sweijie24"},"content":"            String description \u003d parts[0].substring(\"event\".length()).trim();","lastModifiedDate":"2024-02-03"},{"lineNumber":40,"author":{"gitId":"sweijie24"},"content":"            String[] dateTimes \u003d parts[1].split(\"/to\", 2);","lastModifiedDate":"2024-02-03"},{"lineNumber":41,"author":{"gitId":"sweijie24"},"content":"            if (dateTimes.length \u003d\u003d 2) {","lastModifiedDate":"2024-02-03"},{"lineNumber":42,"author":{"gitId":"sweijie24"},"content":"                String from \u003d dateTimes[0].trim();","lastModifiedDate":"2024-02-03"},{"lineNumber":43,"author":{"gitId":"sweijie24"},"content":"                String to \u003d dateTimes[1].trim();","lastModifiedDate":"2024-02-03"},{"lineNumber":44,"author":{"gitId":"sweijie24"},"content":"                return new Event(description, from, to);","lastModifiedDate":"2024-02-03"},{"lineNumber":45,"author":{"gitId":"sweijie24"},"content":"            } else {","lastModifiedDate":"2024-02-03"},{"lineNumber":46,"author":{"gitId":"sweijie24"},"content":"                System.out.println(\"    Invalid event format. Please use: event [description] /from [start] /to [end]\");","lastModifiedDate":"2024-02-03"},{"lineNumber":47,"author":{"gitId":"sweijie24"},"content":"                return null;","lastModifiedDate":"2024-02-03"},{"lineNumber":48,"author":{"gitId":"sweijie24"},"content":"            }","lastModifiedDate":"2024-02-03"},{"lineNumber":49,"author":{"gitId":"sweijie24"},"content":"        } else {","lastModifiedDate":"2024-02-03"},{"lineNumber":50,"author":{"gitId":"sweijie24"},"content":"            System.out.println(\"    Invalid event format. Please use: event [description] /from [start] /to [end]\");","lastModifiedDate":"2024-02-03"},{"lineNumber":51,"author":{"gitId":"sweijie24"},"content":"            return null;","lastModifiedDate":"2024-02-03"},{"lineNumber":52,"author":{"gitId":"sweijie24"},"content":"        }","lastModifiedDate":"2024-02-03"},{"lineNumber":53,"author":{"gitId":"sweijie24"},"content":"    }","lastModifiedDate":"2024-02-03"},{"lineNumber":54,"author":{"gitId":"sweijie24"},"content":"","lastModifiedDate":"2024-02-03"},{"lineNumber":55,"author":{"gitId":"sweijie24"},"content":"    private static void displayTasks() {","lastModifiedDate":"2024-01-27"},{"lineNumber":56,"author":{"gitId":"sweijie24"},"content":"        if (taskCount \u003d\u003d 0) {","lastModifiedDate":"2024-01-27"},{"lineNumber":57,"author":{"gitId":"sweijie24"},"content":"            System.out.println(\"    No tasks added yet.\");","lastModifiedDate":"2024-01-27"},{"lineNumber":58,"author":{"gitId":"sweijie24"},"content":"        } else {","lastModifiedDate":"2024-01-27"},{"lineNumber":59,"author":{"gitId":"sweijie24"},"content":"            System.out.println(\"    Here are the tasks in your list:\");","lastModifiedDate":"2024-01-27"},{"lineNumber":60,"author":{"gitId":"sweijie24"},"content":"            for (int i \u003d 0; i \u003c taskCount; i++) {","lastModifiedDate":"2024-01-27"},{"lineNumber":61,"author":{"gitId":"sweijie24"},"content":"                System.out.println(\"    \" + (i + 1) + \". \" + tasks[i]);","lastModifiedDate":"2024-02-03"},{"lineNumber":62,"author":{"gitId":"sweijie24"},"content":"            }","lastModifiedDate":"2024-01-27"},{"lineNumber":63,"author":{"gitId":"sweijie24"},"content":"        }","lastModifiedDate":"2024-01-27"},{"lineNumber":64,"author":{"gitId":"sweijie24"},"content":"    }","lastModifiedDate":"2024-01-27"},{"lineNumber":65,"author":{"gitId":"sweijie24"},"content":"","lastModifiedDate":"2024-01-27"},{"lineNumber":66,"author":{"gitId":"sweijie24"},"content":"    private static void markTaskAsDone(String userInput) {","lastModifiedDate":"2024-01-27"},{"lineNumber":67,"author":{"gitId":"sweijie24"},"content":"        updateTaskStatus(userInput, true, \"Nice! I\u0027ve marked this task as done:\");","lastModifiedDate":"2024-01-27"},{"lineNumber":68,"author":{"gitId":"sweijie24"},"content":"    }","lastModifiedDate":"2024-01-27"},{"lineNumber":69,"author":{"gitId":"sweijie24"},"content":"","lastModifiedDate":"2024-01-27"},{"lineNumber":70,"author":{"gitId":"sweijie24"},"content":"    private static void markTaskAsNotDone(String userInput) {","lastModifiedDate":"2024-01-27"},{"lineNumber":71,"author":{"gitId":"sweijie24"},"content":"        updateTaskStatus(userInput, false, \"OK, I\u0027ve marked this task as not done yet:\");","lastModifiedDate":"2024-01-27"},{"lineNumber":72,"author":{"gitId":"sweijie24"},"content":"    }","lastModifiedDate":"2024-01-27"},{"lineNumber":73,"author":{"gitId":"sweijie24"},"content":"","lastModifiedDate":"2024-01-27"},{"lineNumber":74,"author":{"gitId":"sweijie24"},"content":"    private static void updateTaskStatus(String userInput, boolean newStatus, String statusMessage) {","lastModifiedDate":"2024-01-27"},{"lineNumber":75,"author":{"gitId":"sweijie24"},"content":"        String[] parts \u003d userInput.split(\" \", 2);","lastModifiedDate":"2024-01-27"},{"lineNumber":76,"author":{"gitId":"sweijie24"},"content":"        if (parts.length \u003d\u003d 2) {","lastModifiedDate":"2024-01-27"},{"lineNumber":77,"author":{"gitId":"sweijie24"},"content":"            int taskIndex \u003d Integer.parseInt(parts[1]) - 1;","lastModifiedDate":"2024-01-27"},{"lineNumber":78,"author":{"gitId":"sweijie24"},"content":"            if (taskIndex \u003e\u003d 0 \u0026\u0026 taskIndex \u003c taskCount) {","lastModifiedDate":"2024-01-27"},{"lineNumber":79,"author":{"gitId":"sweijie24"},"content":"                tasks[taskIndex].setStatus(newStatus);","lastModifiedDate":"2024-01-27"},{"lineNumber":80,"author":{"gitId":"sweijie24"},"content":"                System.out.println(\"    \" + statusMessage);","lastModifiedDate":"2024-01-27"},{"lineNumber":81,"author":{"gitId":"sweijie24"},"content":"                System.out.println(\"      \" + tasks[taskIndex]);","lastModifiedDate":"2024-02-03"},{"lineNumber":82,"author":{"gitId":"sweijie24"},"content":"            } else {","lastModifiedDate":"2024-01-27"},{"lineNumber":83,"author":{"gitId":"sweijie24"},"content":"                System.out.println(\"    Invalid task index.\");","lastModifiedDate":"2024-01-27"},{"lineNumber":84,"author":{"gitId":"sweijie24"},"content":"            }","lastModifiedDate":"2024-01-27"},{"lineNumber":85,"author":{"gitId":"sweijie24"},"content":"        } else {","lastModifiedDate":"2024-01-27"},{"lineNumber":86,"author":{"gitId":"sweijie24"},"content":"            System.out.println(\"    Please provide a valid task index to mark as done or not done.\");","lastModifiedDate":"2024-01-27"},{"lineNumber":87,"author":{"gitId":"sweijie24"},"content":"        }","lastModifiedDate":"2024-01-27"},{"lineNumber":88,"author":{"gitId":"sweijie24"},"content":"    }","lastModifiedDate":"2024-01-27"},{"lineNumber":89,"author":{"gitId":"sweijie24"},"content":"","lastModifiedDate":"2024-01-27"},{"lineNumber":90,"author":{"gitId":"sweijie24"},"content":"    public static void main(String[] args) {","lastModifiedDate":"2024-01-27"},{"lineNumber":91,"author":{"gitId":"sweijie24"},"content":"        Scanner scanner \u003d new Scanner(System.in);","lastModifiedDate":"2024-01-27"},{"lineNumber":92,"author":{"gitId":"sweijie24"},"content":"","lastModifiedDate":"2024-01-27"},{"lineNumber":93,"author":{"gitId":"sweijie24"},"content":"        System.out.println(\"Hello! I\u0027m Quokka\");","lastModifiedDate":"2024-01-27"},{"lineNumber":94,"author":{"gitId":"sweijie24"},"content":"        System.out.println(\"What can I do for you?\");","lastModifiedDate":"2024-01-27"},{"lineNumber":95,"author":{"gitId":"sweijie24"},"content":"","lastModifiedDate":"2024-01-27"},{"lineNumber":96,"author":{"gitId":"sweijie24"},"content":"        while (true) {","lastModifiedDate":"2024-01-27"},{"lineNumber":97,"author":{"gitId":"sweijie24"},"content":"            // Read user input","lastModifiedDate":"2024-01-27"},{"lineNumber":98,"author":{"gitId":"sweijie24"},"content":"            String userInput \u003d scanner.nextLine();","lastModifiedDate":"2024-01-27"},{"lineNumber":99,"author":{"gitId":"sweijie24"},"content":"","lastModifiedDate":"2024-01-27"},{"lineNumber":100,"author":{"gitId":"sweijie24"},"content":"            // Check if the user wants to exit","lastModifiedDate":"2024-01-27"},{"lineNumber":101,"author":{"gitId":"sweijie24"},"content":"            if (userInput.equalsIgnoreCase(\"bye\")) {","lastModifiedDate":"2024-01-27"},{"lineNumber":102,"author":{"gitId":"sweijie24"},"content":"                System.out.println(\"    Bye. Hope to see you again soon!\");","lastModifiedDate":"2024-01-27"},{"lineNumber":103,"author":{"gitId":"sweijie24"},"content":"                break;","lastModifiedDate":"2024-01-27"},{"lineNumber":104,"author":{"gitId":"sweijie24"},"content":"            }","lastModifiedDate":"2024-01-27"},{"lineNumber":105,"author":{"gitId":"sweijie24"},"content":"","lastModifiedDate":"2024-01-27"},{"lineNumber":106,"author":{"gitId":"sweijie24"},"content":"            // Check if the user wants to list tasks","lastModifiedDate":"2024-01-27"},{"lineNumber":107,"author":{"gitId":"sweijie24"},"content":"            if (userInput.equalsIgnoreCase(\"list\")) {","lastModifiedDate":"2024-01-27"},{"lineNumber":108,"author":{"gitId":"sweijie24"},"content":"                displayTasks();","lastModifiedDate":"2024-01-27"},{"lineNumber":109,"author":{"gitId":"sweijie24"},"content":"            } else {","lastModifiedDate":"2024-01-27"},{"lineNumber":110,"author":{"gitId":"sweijie24"},"content":"                // Handle different types of tasks","lastModifiedDate":"2024-02-03"},{"lineNumber":111,"author":{"gitId":"sweijie24"},"content":"                if (userInput.toLowerCase().startsWith(\"mark \")) {","lastModifiedDate":"2024-01-27"},{"lineNumber":112,"author":{"gitId":"sweijie24"},"content":"                    markTaskAsDone(userInput);","lastModifiedDate":"2024-01-27"},{"lineNumber":113,"author":{"gitId":"sweijie24"},"content":"                } else if (userInput.toLowerCase().startsWith(\"unmark \")) {","lastModifiedDate":"2024-01-27"},{"lineNumber":114,"author":{"gitId":"sweijie24"},"content":"                    markTaskAsNotDone(userInput);","lastModifiedDate":"2024-01-27"},{"lineNumber":115,"author":{"gitId":"sweijie24"},"content":"                } else if (userInput.toLowerCase().startsWith(\"todo\")) {","lastModifiedDate":"2024-02-03"},{"lineNumber":116,"author":{"gitId":"sweijie24"},"content":"                    addTask(parseTodoTask(userInput));","lastModifiedDate":"2024-02-03"},{"lineNumber":117,"author":{"gitId":"sweijie24"},"content":"                } else if (userInput.toLowerCase().startsWith(\"deadline\")) {","lastModifiedDate":"2024-02-03"},{"lineNumber":118,"author":{"gitId":"sweijie24"},"content":"                    addTask(parseDeadlineTask(userInput));","lastModifiedDate":"2024-02-03"},{"lineNumber":119,"author":{"gitId":"sweijie24"},"content":"                } else if (userInput.toLowerCase().startsWith(\"event\")) {","lastModifiedDate":"2024-02-03"},{"lineNumber":120,"author":{"gitId":"sweijie24"},"content":"                    addTask(parseEventTask(userInput));","lastModifiedDate":"2024-02-03"},{"lineNumber":121,"author":{"gitId":"sweijie24"},"content":"                } else {","lastModifiedDate":"2024-01-27"},{"lineNumber":122,"author":{"gitId":"sweijie24"},"content":"                    System.out.println(\"    I\u0027m sorry, I don\u0027t understand that command.\");","lastModifiedDate":"2024-02-03"},{"lineNumber":123,"author":{"gitId":"sweijie24"},"content":"                }","lastModifiedDate":"2024-01-27"},{"lineNumber":124,"author":{"gitId":"sweijie24"},"content":"            }","lastModifiedDate":"2024-01-27"},{"lineNumber":125,"author":{"gitId":"sweijie24"},"content":"        }","lastModifiedDate":"2024-01-27"},{"lineNumber":126,"author":{"gitId":"sweijie24"},"content":"","lastModifiedDate":"2024-01-27"},{"lineNumber":127,"author":{"gitId":"sweijie24"},"content":"        // Close the scanner","lastModifiedDate":"2024-01-27"},{"lineNumber":128,"author":{"gitId":"sweijie24"},"content":"        scanner.close();","lastModifiedDate":"2024-01-27"},{"lineNumber":129,"author":{"gitId":"sweijie24"},"content":"    }","lastModifiedDate":"2024-01-27"},{"lineNumber":130,"author":{"gitId":"sweijie24"},"content":"}","lastModifiedDate":"2024-01-27"}],"authorContributionMap":{"sweijie24":130}},{"path":"src/main/java/Task.java","fileType":"java","lines":[{"lineNumber":1,"author":{"gitId":"sweijie24"},"content":"public class Task {","lastModifiedDate":"2024-01-27"},{"lineNumber":2,"author":{"gitId":"sweijie24"},"content":"    private String description;","lastModifiedDate":"2024-01-27"},{"lineNumber":3,"author":{"gitId":"sweijie24"},"content":"    private boolean isDone;","lastModifiedDate":"2024-01-27"},{"lineNumber":4,"author":{"gitId":"sweijie24"},"content":"","lastModifiedDate":"2024-01-27"},{"lineNumber":5,"author":{"gitId":"sweijie24"},"content":"    public Task(String description) {","lastModifiedDate":"2024-01-27"},{"lineNumber":6,"author":{"gitId":"sweijie24"},"content":"        this.description \u003d description;","lastModifiedDate":"2024-01-27"},{"lineNumber":7,"author":{"gitId":"sweijie24"},"content":"        this.isDone \u003d false;","lastModifiedDate":"2024-01-27"},{"lineNumber":8,"author":{"gitId":"sweijie24"},"content":"    }","lastModifiedDate":"2024-01-27"},{"lineNumber":9,"author":{"gitId":"sweijie24"},"content":"","lastModifiedDate":"2024-01-27"},{"lineNumber":10,"author":{"gitId":"sweijie24"},"content":"    public void setStatus(boolean isDone) {","lastModifiedDate":"2024-01-27"},{"lineNumber":11,"author":{"gitId":"sweijie24"},"content":"        this.isDone \u003d isDone;","lastModifiedDate":"2024-01-27"},{"lineNumber":12,"author":{"gitId":"sweijie24"},"content":"    }","lastModifiedDate":"2024-01-27"},{"lineNumber":13,"author":{"gitId":"sweijie24"},"content":"","lastModifiedDate":"2024-01-27"},{"lineNumber":14,"author":{"gitId":"sweijie24"},"content":"    public String getStatusIcon() {","lastModifiedDate":"2024-01-27"},{"lineNumber":15,"author":{"gitId":"sweijie24"},"content":"        return (isDone ? \"X\" : \" \"); // mark done task with X","lastModifiedDate":"2024-01-27"},{"lineNumber":16,"author":{"gitId":"sweijie24"},"content":"    }","lastModifiedDate":"2024-01-27"},{"lineNumber":17,"author":{"gitId":"sweijie24"},"content":"","lastModifiedDate":"2024-02-03"},{"lineNumber":18,"author":{"gitId":"sweijie24"},"content":"    @Override","lastModifiedDate":"2024-02-03"},{"lineNumber":19,"author":{"gitId":"sweijie24"},"content":"    public String toString() {","lastModifiedDate":"2024-02-03"},{"lineNumber":20,"author":{"gitId":"sweijie24"},"content":"        return \"[\" + getStatusIcon() + \"] \" + description;","lastModifiedDate":"2024-02-03"},{"lineNumber":21,"author":{"gitId":"sweijie24"},"content":"    }","lastModifiedDate":"2024-02-03"},{"lineNumber":22,"author":{"gitId":"sweijie24"},"content":"}","lastModifiedDate":"2024-01-27"}],"authorContributionMap":{"sweijie24":22}},{"path":"src/main/java/Todo.java","fileType":"java","lines":[{"lineNumber":1,"author":{"gitId":"sweijie24"},"content":"public class Todo extends Task {","lastModifiedDate":"2024-02-03"},{"lineNumber":2,"author":{"gitId":"sweijie24"},"content":"    public Todo(String description) {","lastModifiedDate":"2024-02-03"},{"lineNumber":3,"author":{"gitId":"sweijie24"},"content":"        super(description);","lastModifiedDate":"2024-02-03"},{"lineNumber":4,"author":{"gitId":"sweijie24"},"content":"    }","lastModifiedDate":"2024-02-03"},{"lineNumber":5,"author":{"gitId":"sweijie24"},"content":"","lastModifiedDate":"2024-02-03"},{"lineNumber":6,"author":{"gitId":"sweijie24"},"content":"    @Override","lastModifiedDate":"2024-02-03"},{"lineNumber":7,"author":{"gitId":"sweijie24"},"content":"    public String toString() {","lastModifiedDate":"2024-02-03"},{"lineNumber":8,"author":{"gitId":"sweijie24"},"content":"        return \"[T]\" + super.toString();","lastModifiedDate":"2024-02-03"},{"lineNumber":9,"author":{"gitId":"sweijie24"},"content":"    }","lastModifiedDate":"2024-02-03"},{"lineNumber":10,"author":{"gitId":"sweijie24"},"content":"}","lastModifiedDate":"2024-02-03"}],"authorContributionMap":{"sweijie24":10}},{"path":"text-ui-test/input.txt","fileType":"txt","lines":[{"lineNumber":1,"author":{"gitId":"sweijie24"},"content":"todo Wei Jie: Answer CS2113 Tutorial Questions","lastModifiedDate":"2024-02-08"},{"lineNumber":2,"author":{"gitId":"sweijie24"},"content":"deadline weekly cs2113 quiz /by Monday 9Pm","lastModifiedDate":"2024-02-08"},{"lineNumber":3,"author":{"gitId":"sweijie24"},"content":"list","lastModifiedDate":"2024-02-08"},{"lineNumber":4,"author":{"gitId":"sweijie24"},"content":"event 2113 lecture /from Friday 4 /to 6pm","lastModifiedDate":"2024-02-08"},{"lineNumber":5,"author":{"gitId":"sweijie24"},"content":"mark 1","lastModifiedDate":"2024-02-08"},{"lineNumber":6,"author":{"gitId":"sweijie24"},"content":"list","lastModifiedDate":"2024-02-08"}],"authorContributionMap":{"sweijie24":6}},{"path":"text-ui-test/runtest.bat","fileType":"bat","lines":[{"lineNumber":1,"author":{"gitId":"-"},"content":"@ECHO OFF","lastModifiedDate":"2020-05-25"},{"lineNumber":2,"author":{"gitId":"-"},"content":"","lastModifiedDate":"2020-05-25"},{"lineNumber":3,"author":{"gitId":"-"},"content":"REM create bin directory if it doesn\u0027t exist","lastModifiedDate":"2020-05-25"},{"lineNumber":4,"author":{"gitId":"-"},"content":"if not exist ..\\bin mkdir ..\\bin","lastModifiedDate":"2020-05-25"},{"lineNumber":5,"author":{"gitId":"-"},"content":"","lastModifiedDate":"2020-05-25"},{"lineNumber":6,"author":{"gitId":"-"},"content":"REM delete output from previous run","lastModifiedDate":"2020-05-25"},{"lineNumber":7,"author":{"gitId":"-"},"content":"if exist ACTUAL.TXT del ACTUAL.TXT","lastModifiedDate":"2020-08-25"},{"lineNumber":8,"author":{"gitId":"-"},"content":"","lastModifiedDate":"2020-05-25"},{"lineNumber":9,"author":{"gitId":"-"},"content":"REM compile the code into the bin folder","lastModifiedDate":"2020-05-25"},{"lineNumber":10,"author":{"gitId":"-"},"content":"javac  -cp ..\\src\\main\\java -Xlint:none -d ..\\bin ..\\src\\main\\java\\*.java","lastModifiedDate":"2020-08-25"},{"lineNumber":11,"author":{"gitId":"-"},"content":"IF ERRORLEVEL 1 (","lastModifiedDate":"2020-05-25"},{"lineNumber":12,"author":{"gitId":"-"},"content":"    echo ********** BUILD FAILURE **********","lastModifiedDate":"2020-05-25"},{"lineNumber":13,"author":{"gitId":"-"},"content":"    exit /b 1","lastModifiedDate":"2020-05-25"},{"lineNumber":14,"author":{"gitId":"-"},"content":")","lastModifiedDate":"2020-05-25"},{"lineNumber":15,"author":{"gitId":"-"},"content":"REM no error here, errorlevel \u003d\u003d 0","lastModifiedDate":"2020-05-25"},{"lineNumber":16,"author":{"gitId":"-"},"content":"","lastModifiedDate":"2020-05-25"},{"lineNumber":17,"author":{"gitId":"-"},"content":"REM run the program, feed commands from input.txt file and redirect the output to the ACTUAL.TXT","lastModifiedDate":"2020-05-25"},{"lineNumber":18,"author":{"gitId":"sweijie24"},"content":"java -classpath ..\\bin Quokka \u003c input.txt \u003e ACTUAL.TXT","lastModifiedDate":"2024-02-08"},{"lineNumber":19,"author":{"gitId":"-"},"content":"","lastModifiedDate":"2020-05-25"},{"lineNumber":20,"author":{"gitId":"-"},"content":"REM compare the output to the expected output","lastModifiedDate":"2020-05-25"},{"lineNumber":21,"author":{"gitId":"-"},"content":"FC ACTUAL.TXT EXPECTED.TXT","lastModifiedDate":"2020-05-25"}],"authorContributionMap":{"sweijie24":1,"-":20}}]
