{"authorDailyContributionsMap":{"HenryGan138":[{"date":"2024-01-25","commitResults":[{"hash":"b3adc6ee7506118d8c4fdd51721b07aa4f4e8f92","isMergeCommit":false,"messageTitle":"Rename as Ruby, add greet and exit function","messageBody":"","fileTypesAndContributionMap":{"java":{"insertions":17,"deletions":6}}}]},{"date":"2024-01-29","commitResults":[{"hash":"2dcb15ca36714f187ed51cf3a38ef2c3e7c44d3d","isMergeCommit":false,"messageTitle":"Rename Duke.java to Ruby.java","messageBody":"","fileTypesAndContributionMap":{"java":{"insertions":1,"deletions":7}}},{"hash":"e03af5073e47b5c4a38c7c6863b736d98e57ee30","isMergeCommit":false,"messageTitle":"Add echo function","messageBody":"","tags":["Level-1"],"fileTypesAndContributionMap":{"java":{"insertions":27,"deletions":3}}},{"hash":"f9001a636409a8cc7b2cd0b414dc86f9e1ad50bf","isMergeCommit":false,"messageTitle":"Add task list and list_addition function","messageBody":"","tags":["Level-2"],"fileTypesAndContributionMap":{"java":{"insertions":16,"deletions":4}}}]},{"date":"2024-01-30","commitResults":[{"hash":"63509e0bf63a461c675a54ac15a56e7e4a2d12e5","isMergeCommit":false,"messageTitle":"Add Task class and mark systems","messageBody":"","tags":["Level-3"],"fileTypesAndContributionMap":{"java":{"insertions":88,"deletions":21}}}]},{"date":"2024-02-04","commitResults":[{"hash":"cfe3734d71cfe7e5291e65cf7472edfe88ad4a0a","isMergeCommit":false,"messageTitle":"Add the InputCatcher, showTaskList function, and improve the readability of processor() function","messageBody":"","tags":["A-CodingStandard"],"fileTypesAndContributionMap":{"java":{"insertions":36,"deletions":18}}}]},{"date":"2024-02-05","commitResults":[{"hash":"1adf9e7beb3443a3eb45db7e23438692861a5d85","isMergeCommit":false,"messageTitle":"Restructure Ruby\u0027s taskList management function into new Tasklist.class","messageBody":"","fileTypesAndContributionMap":{"java":{"insertions":71,"deletions":31}}},{"hash":"3a65aabb788472bd0e3d1b1d96828b26da9a749b","isMergeCommit":false,"messageTitle":"Add Todo, Deadline, Event class inherite from Task class","messageBody":"","tags":["Level-4"],"fileTypesAndContributionMap":{"java":{"insertions":113,"deletions":5}}}]},{"date":"2024-02-06","commitResults":[{"hash":"b4826d8ca4ee48831f4815086771efb68da4df17","isMergeCommit":false,"messageTitle":"TextUiTesting -- 1.0","messageBody":"","tags":["A-TextUiTesting"],"fileTypesAndContributionMap":{"txt":{"insertions":10,"deletions":0},"bat":{"insertions":1,"deletions":1}}},{"hash":"73922ed9544312166d3b19faf70a174ee3c99cc0","isMergeCommit":false,"messageTitle":"Improve the code quality for task add function","messageBody":"","tags":["A-CodeQuality"],"fileTypesAndContributionMap":{"java":{"insertions":8,"deletions":1}}}]},{"date":"2024-02-09","commitResults":[{"hash":"d59b1a9f93f402d531f6aad5a12bbcc968af0a28","isMergeCommit":false,"messageTitle":"Add Javadoc for Ruby, Task, Tasklist","messageBody":"","fileTypesAndContributionMap":{"java":{"insertions":175,"deletions":10}}}]},{"date":"2024-02-15","commitResults":[{"hash":"eaab483e4d156fa0f318d4686417c306ed4c0cdc","isMergeCommit":false,"messageTitle":"Add error deal function without using exception class","messageBody":"","fileTypesAndContributionMap":{"java":{"insertions":14,"deletions":9}}},{"hash":"6c64666f337cfe615cd17589e9b340b70fb51905","isMergeCommit":false,"messageTitle":"Add exception handle for mark/unmark function","messageBody":"","fileTypesAndContributionMap":{"java":{"insertions":19,"deletions":18}}},{"hash":"d240653732befbc8c39e6ca774bf971ca8a062fd","isMergeCommit":false,"messageTitle":"Add RubyException to represnt specific exception to Ruby","messageBody":"","fileTypesAndContributionMap":{"java":{"insertions":4,"deletions":0}}},{"hash":"53c54866211561a77e650cdbc0cc22d9cfe5beca","isMergeCommit":false,"messageTitle":"Handle InvalidKeyword and MissingDescription error function with exception class","messageBody":"","fileTypesAndContributionMap":{"java":{"insertions":23,"deletions":11}}},{"hash":"6dd40e141f8220ba8fbff72f5840c7bd5ef8754b","isMergeCommit":true,"messageTitle":"Merge branch \u0027branch-Level-5\u0027","messageBody":"","tags":["Level-5","A-Exceptions"],"fileTypesAndContributionMap":{}},{"hash":"1234e1bcef3270d65415c743bc257191f6c870d4","isMergeCommit":false,"messageTitle":"Organize classes into Ruby, task, and exception package","messageBody":"","tags":["A-Packages"],"fileTypesAndContributionMap":{"java":{"insertions":26,"deletions":5}}}]},{"date":"2024-02-18","commitResults":[{"hash":"b5270ef4270984a76f2c5ab1473a8c77fe6bad7d","isMergeCommit":false,"messageTitle":"Import Arraylist and replace Array for better storing and managing Task","messageBody":"","fileTypesAndContributionMap":{"java":{"insertions":40,"deletions":30}}},{"hash":"07e33612230323ec530b829fddb5df98fdcd1ab9","isMergeCommit":false,"messageTitle":"Add Delete function to TaskList and Ruby","messageBody":"","fileTypesAndContributionMap":{"java":{"insertions":11,"deletions":0}}}]},{"date":"2024-02-22","commitResults":[{"hash":"a3ac202b5f9295bca830dec4d7bf49af91d4b18a","isMergeCommit":false,"messageTitle":"Add toString function in Task Class for data saving purpose","messageBody":"","fileTypesAndContributionMap":{"java":{"insertions":15,"deletions":0}}},{"hash":"e35984e6e9d4022a4e93c2177abc5f8c3d55410a","isMergeCommit":false,"messageTitle":"Add the recordRead function to check if there is any past data, and update into the TaskList","messageBody":"","fileTypesAndContributionMap":{"java":{"insertions":37,"deletions":0}}},{"hash":"6d4b1bf6616b3b14c9b68ec3c64793d7f7beb59c","isMergeCommit":false,"messageTitle":"Add data writing function for changes in TaskList","messageBody":"","fileTypesAndContributionMap":{"java":{"insertions":27,"deletions":0}}},{"hash":"d0bb5034ede6140713cd07314b23babfb1eaa8fd","isMergeCommit":true,"messageTitle":"Merge branch \u0027branch-Level-6\u0027","messageBody":"","tags":["Level-6","A-Collections"],"fileTypesAndContributionMap":{}},{"hash":"9d109739ee861f24de3c713fcccd6acdbe8429fe","isMergeCommit":true,"messageTitle":"Merge branch \u0027branch-Level-7\u0027","messageBody":"# Conflicts:\n#\tsrc/main/java/Ruby/TaskList.java\n","tags":["Level-7"],"fileTypesAndContributionMap":{}}]},{"date":"2024-02-29","commitResults":[{"hash":"65b2e9b70049b42e4033e359f9867108dc17afb3","isMergeCommit":false,"messageTitle":"Abstract mark and unmark function for Task class to avoid code duplication","messageBody":"","fileTypesAndContributionMap":{"java":{"insertions":18,"deletions":34}}},{"hash":"58592db7eac08cbaa05f0f022fc98096ddef8aaa","isMergeCommit":false,"messageTitle":"Add Ui Class to explicitly deals with interactions with the user","messageBody":"","fileTypesAndContributionMap":{"java":{"insertions":53,"deletions":0}}},{"hash":"b8d9889573e2e760b05f9925f3b5500d99eb957f","isMergeCommit":false,"messageTitle":"Add Parser Class to explicitly deals with process user command","messageBody":"","fileTypesAndContributionMap":{"java":{"insertions":101,"deletions":34}}},{"hash":"08c3eb5ecbba3010e00217405055a53e60c21f18","isMergeCommit":false,"messageTitle":"Add Storage Class to explicitly deal with load and write to file","messageBody":"","tags":["A-MoreOOP"],"fileTypesAndContributionMap":{"java":{"insertions":110,"deletions":150}}}]},{"date":"2024-03-01","commitResults":[{"hash":"a04a3a1a3a90a0fbbeceac884a10e52ab66eaba9","isMergeCommit":false,"messageTitle":"Update Deadline and Event class instance variable from String to LocalDate","messageBody":"","fileTypesAndContributionMap":{"java":{"insertions":19,"deletions":9}}},{"hash":"744ed1cf3139fefe6ed916c8d0411fd917714023","isMergeCommit":false,"messageTitle":"Refract the Ruby and Storage class to adapt the LocalDate function","messageBody":"","fileTypesAndContributionMap":{"java":{"insertions":37,"deletions":12}}},{"hash":"321bbca806c9cf2ab28cbfebf6f8c4e0d3b02f4e","isMergeCommit":true,"messageTitle":"Merge pull request #1 from HenryGan138/branch-Level-8","messageBody":"Add Branch level 8 into master","tags":["Level-8"],"fileTypesAndContributionMap":{}}]},{"date":"2024-03-02","commitResults":[{"hash":"b63b9a226462e0453b6c703b1ecc3187485916fe","isMergeCommit":false,"messageTitle":"Add description find function in TaskList class","messageBody":"","fileTypesAndContributionMap":{"java":{"insertions":17,"deletions":0}}},{"hash":"a773cdce6e3480a94f57e601645fb916740ae162","isMergeCommit":false,"messageTitle":"Implement the find function and process the possible error","messageBody":"","fileTypesAndContributionMap":{"java":{"insertions":25,"deletions":18}}},{"hash":"a096ace65839b0a9aa830cbe6aa41a243a7f4932","isMergeCommit":true,"messageTitle":"Merge pull request #2 from HenryGan138/branch-Level-9","messageBody":"Branch level 9","tags":["Level-9"],"fileTypesAndContributionMap":{}}]},{"date":"2024-03-03","commitResults":[{"hash":"7c3327239bc272e8f15c9d3f5665a317e109c631","isMergeCommit":false,"messageTitle":"Add JavaDoc for Task classes","messageBody":"","fileTypesAndContributionMap":{"java":{"insertions":3,"deletions":4}}},{"hash":"10a11944941f098130220acfd0804bc9a57aff98","isMergeCommit":false,"messageTitle":"Add JavaDoc for Exception classes","messageBody":"","fileTypesAndContributionMap":{"java":{"insertions":14,"deletions":0}}},{"hash":"9a869e0bb0ae9d426f176f6c147662a73e79cbd4","isMergeCommit":false,"messageTitle":"Add JavaDoc for TaskList, Ui, Storage, and Parser class","messageBody":"","fileTypesAndContributionMap":{"java":{"insertions":155,"deletions":30}}},{"hash":"66c694cfeb57198e1d207b4ffd53685ef217919a","isMergeCommit":true,"messageTitle":"Merge pull request #3 from HenryGan138/branch-A-JavaDoc","messageBody":"Branch-A-JavaDoc","tags":["A-JavaDoc"],"fileTypesAndContributionMap":{}}]},{"date":"2024-03-04","commitResults":[{"hash":"c3b40ad62313cef96118ec98d52061c1c24865c3","isMergeCommit":false,"messageTitle":"Add user guide for user","messageBody":"","tags":["A-UserGuide","A-Release"],"fileTypesAndContributionMap":{"md":{"insertions":91,"deletions":16}}}]}]},"authorFileTypeContributionMap":{"HenryGan138":{"java":855,"md":86,"fxml":0,"sh":0,"bat":1,"gradle":0,"txt":10}},"authorContributionVariance":{"HenryGan138":7943.25},"authorDisplayNameMap":{"HenryGan138":"CS2113-F15-3 GAN ..AHAO"}}
