{"authorDailyContributionsMap":{"nigelheng":[{"date":"2024-01-26","commitResults":[{"hash":"311f197e63eb5544b54bbca5013bf011f0dfee3f","isMergeCommit":false,"messageTitle":"Add increment Level-0 Renamed File and Class Prints Greeting and Farewell","messageBody":"","tags":["Level-0"],"fileTypesAndContributionMap":{"java":{"insertions":16,"deletions":0}}},{"hash":"2405003b33d2400e4f81c4fe0049c6ce21bd1d6c","isMergeCommit":false,"messageTitle":"Delete Duke.java","messageBody":"","fileTypesAndContributionMap":{"java":{"insertions":0,"deletions":10}}}]},{"date":"2024-02-04","commitResults":[{"hash":"0a6b8e9ed2b9a67746ca6e8e484a39020fc80405","isMergeCommit":false,"messageTitle":"Add increment Level-1 Add echoUser method Eln echoes user input till bye is given","messageBody":"","tags":["Level-1"],"fileTypesAndContributionMap":{"java":{"insertions":25,"deletions":9}}}]},{"date":"2024-02-05","commitResults":[{"hash":"faa317178c7d004e5e455a3ef4a65b314e204348","isMergeCommit":false,"messageTitle":"Add increment Level-2 Update echoUser method Eln adds user inputs into a list \"list\" input prints list of added inputs","messageBody":"","tags":["Level-2"],"fileTypesAndContributionMap":{"java":{"insertions":19,"deletions":4}}}]},{"date":"2024-02-14","commitResults":[{"hash":"8e38f98010cf362f9c19029470daf18c0757bcc1","isMergeCommit":false,"messageTitle":"Add increment Level-3","messageBody":"implement taskManager\nadd todo and task classes\nadd method to mark and unmark tasks\n","tags":["Level-3"],"fileTypesAndContributionMap":{"java":{"insertions":133,"deletions":17}}}]},{"date":"2024-02-21","commitResults":[{"hash":"ab261b7dc34f211594754201c29dfa7835548a94","isMergeCommit":false,"messageTitle":"Add increment Level-4","messageBody":"add todo, deadline and event classes\nadd method to print tasks with task type\n","tags":["Level-4"],"fileTypesAndContributionMap":{"java":{"insertions":54,"deletions":32}}}]}]},"authorFileTypeContributionMap":{"nigelheng":{"java":185,"md":0,"fxml":0,"sh":0,"bat":0,"gradle":0,"txt":0}},"authorContributionVariance":{"nigelheng":860.70685},"authorDisplayNameMap":{"nigelheng":"CS2113-W13-1 HENG..IGEL"}}
