{"authorDailyContributionsMap":{"BenjoBurger":[{"date":"2024-01-21","commitResults":[{"hash":"d89176de4f9e23fbd997f7ef612b6906797ea43d","isMergeCommit":false,"messageTitle":"Add Increment: Level-0","messageBody":"","tags":["Level-0"],"fileTypesAndContributionMap":{"java":{"insertions":10,"deletions":0}}},{"hash":"e5b5e0eec31856fc1a6f46fd2bd454bf122a7cad","isMergeCommit":false,"messageTitle":"Rename chatbot","messageBody":"","fileTypesAndContributionMap":{"java":{"insertions":1,"deletions":1}}}]},{"date":"2024-01-31","commitResults":[{"hash":"7ba95cef0522411ed9100451e1e4c46a91487b0a","isMergeCommit":false,"messageTitle":"Add printLine, echo and goodbye functions","messageBody":"","tags":["Level-1"],"fileTypesAndContributionMap":{"java":{"insertions":32,"deletions":3}}},{"hash":"c88abba6ec3e5f64b4792e200d938f9c93e88fc2","isMergeCommit":false,"messageTitle":"Add Todo.java","messageBody":"","tags":["Level-2"],"fileTypesAndContributionMap":{"java":{"insertions":34,"deletions":8}}}]},{"date":"2024-02-02","commitResults":[{"hash":"691b00537be17b561d8b5eeb6161cf0d127bf446","isMergeCommit":false,"messageTitle":"Add Task.java","messageBody":"","tags":["Level-3"],"fileTypesAndContributionMap":{"java":{"insertions":92,"deletions":21}}}]},{"date":"2024-02-03","commitResults":[{"hash":"e69b23aaf576db33144b96ec988871f62d558c30","isMergeCommit":false,"messageTitle":"Tweak code to comply with coding standards","messageBody":"","tags":["A-CodingStandard"],"fileTypesAndContributionMap":{"java":{"insertions":35,"deletions":22}}}]},{"date":"2024-02-07","commitResults":[{"hash":"2886235e6cf0f971959f96c2529f51eee816467f","isMergeCommit":false,"messageTitle":"Add todo, event and deadline functions","messageBody":"","tags":["Level-4"],"fileTypesAndContributionMap":{"java":{"insertions":161,"deletions":87}}}]},{"date":"2024-02-08","commitResults":[{"hash":"24a095cc0cc35e1df42eb07451e7ee7ea9c646ce","isMergeCommit":false,"messageTitle":"Add Automated Text UI testing and improve code quality","messageBody":"","tags":["A-TextUiTesting","A-CodeQuality"],"fileTypesAndContributionMap":{"txt":{"insertions":7,"deletions":0},"java":{"insertions":55,"deletions":28},"sh":{"insertions":1,"deletions":1}}},{"hash":"c736269481ada36c4c6de5a6bec4752989eaf1a9","isMergeCommit":false,"messageTitle":"Delete Duke.java","messageBody":"","fileTypesAndContributionMap":{"java":{"insertions":0,"deletions":10}}},{"hash":"096e11660cab716444bbc06c58b74daa2e9cafbd","isMergeCommit":false,"messageTitle":"Update README.md","messageBody":"","fileTypesAndContributionMap":{"md":{"insertions":5,"deletions":7}}}]},{"date":"2024-02-13","commitResults":[{"hash":"ea7131b2c37f74b76961bc59de33a9515116f2d8","isMergeCommit":false,"messageTitle":"Handle incorrect inputs from user","messageBody":"","fileTypesAndContributionMap":{"java":{"insertions":115,"deletions":48}}},{"hash":"e33fa3d9ffbe8ea12ad030b76087590a1f63e790","isMergeCommit":false,"messageTitle":"Add javadocs comments","messageBody":"","fileTypesAndContributionMap":{"java":{"insertions":3,"deletions":0}}},{"hash":"6c06e775a035d653edf9d6c7dfb927f64a2b10bd","isMergeCommit":true,"messageTitle":"Merge branch \u0027master\u0027 into branch-Level-5","messageBody":"","tags":["Level-5"],"fileTypesAndContributionMap":{}}]},{"date":"2024-02-14","commitResults":[{"hash":"215eb2db0800d25e3fffb6fcf50732ec5a8b17aa","isMergeCommit":false,"messageTitle":"Organize the files into packages","messageBody":"","fileTypesAndContributionMap":{"java":{"insertions":17,"deletions":0},"bat":{"insertions":3,"deletions":3},"sh":{"insertions":2,"deletions":2}}},{"hash":"5749a0dd40cf204884f00ca3609112c10152e1e0","isMergeCommit":true,"messageTitle":"Merge branch \u0027branch-A-Packages\u0027","messageBody":"* branch-A-Packages:\n  Organize the files into packages\n","tags":["A-Packages"],"fileTypesAndContributionMap":{}}]},{"date":"2024-02-15","commitResults":[{"hash":"9dfa5b7d4ba6dc74210d52c368cf4c90d4365de8","isMergeCommit":false,"messageTitle":"Add BurgerException class","messageBody":"","fileTypesAndContributionMap":{"java":{"insertions":57,"deletions":23}}},{"hash":"e810e76a453c9bbb73ede536a4c30c78005bdf0c","isMergeCommit":true,"messageTitle":"Merge branch \u0027branch-Level-5\u0027","messageBody":"* branch-Level-5:\n  Add BurgerException class\n","fileTypesAndContributionMap":{}}]},{"date":"2024-02-16","commitResults":[{"hash":"61ae4cc9421a03fe8fbe2f8f28b66dcbf5925347","isMergeCommit":false,"messageTitle":"Fix exceptions bug in isValidCommand() and clean up code","messageBody":"","tags":["A-Exceptions"],"fileTypesAndContributionMap":{"java":{"insertions":115,"deletions":100}}}]}]},"authorFileTypeContributionMap":{"BenjoBurger":{"java":384,"md":5,"fxml":0,"sh":2,"bat":3,"gradle":0,"txt":7}},"authorContributionVariance":{"BenjoBurger":4658.3213},"authorDisplayNameMap":{"BenjoBurger":"CS2113-T12-1 BENJ.. RUI"}}
