{"authorDailyContributionsMap":{"nidhi-nayak":[{"date":"2024-02-01","commitResults":[{"hash":"72bef8b4eb7a1a46b9681b9d5e582432f25ba30e","isMergeCommit":false,"messageTitle":"Level-0","messageBody":"","tags":["Level-0"],"fileTypesAndContributionMap":{"java":{"insertions":15,"deletions":0}}}]},{"date":"2024-02-02","commitResults":[{"hash":"df6cb9234cbbe312cd6daaf44a65fb7236075721","isMergeCommit":false,"messageTitle":"Level-1","messageBody":"","tags":["Level-1"],"fileTypesAndContributionMap":{"java":{"insertions":33,"deletions":11}}},{"hash":"d38f49007c4baaa10c3bd4fbe906ca8a30709c18","isMergeCommit":false,"messageTitle":"Level-2","messageBody":"","tags":["Level-2"],"fileTypesAndContributionMap":{"java":{"insertions":23,"deletions":9}}},{"hash":"2ec69e787a9e086e615d0235db1d35d69d3d5cf6","isMergeCommit":false,"messageTitle":"Level-3","messageBody":"","tags":["Level-3"],"fileTypesAndContributionMap":{"java":{"insertions":74,"deletions":8}}},{"hash":"1471ae2bdc75063e0cb88511549f6d74ce4a1a74","isMergeCommit":false,"messageTitle":"A-CodingStandard","messageBody":"","fileTypesAndContributionMap":{"java":{"insertions":73,"deletions":66}}},{"hash":"c3790f46fb330bdda065eb3005ce3b65aec2b393","isMergeCommit":false,"messageTitle":"fixed the case of negative + 0 task number","messageBody":"","tags":["A-CodingStandard"],"fileTypesAndContributionMap":{"java":{"insertions":2,"deletions":2}}}]}]},"authorFileTypeContributionMap":{"nidhi-nayak":{"java":124,"md":0,"fxml":0,"sh":0,"bat":0,"gradle":0,"txt":0}},"authorContributionVariance":{"nidhi-nayak":5611.262},"authorDisplayNameMap":{"nidhi-nayak":"CS2113-W14-2 NAYA..RISH"}}
