{"authorDailyContributionsMap":{"nidhi-nayak":[{"date":"2024-02-01","commitResults":[{"hash":"72bef8b4eb7a1a46b9681b9d5e582432f25ba30e","isMergeCommit":false,"messageTitle":"Level-0","messageBody":"","tags":["Level-0"],"fileTypesAndContributionMap":{"java":{"insertions":15,"deletions":0}}}]},{"date":"2024-02-02","commitResults":[{"hash":"df6cb9234cbbe312cd6daaf44a65fb7236075721","isMergeCommit":false,"messageTitle":"Level-1","messageBody":"","tags":["Level-1"],"fileTypesAndContributionMap":{"java":{"insertions":33,"deletions":11}}},{"hash":"d38f49007c4baaa10c3bd4fbe906ca8a30709c18","isMergeCommit":false,"messageTitle":"Level-2","messageBody":"","tags":["Level-2"],"fileTypesAndContributionMap":{"java":{"insertions":23,"deletions":9}}},{"hash":"2ec69e787a9e086e615d0235db1d35d69d3d5cf6","isMergeCommit":false,"messageTitle":"Level-3","messageBody":"","tags":["Level-3"],"fileTypesAndContributionMap":{"java":{"insertions":74,"deletions":8}}},{"hash":"1471ae2bdc75063e0cb88511549f6d74ce4a1a74","isMergeCommit":false,"messageTitle":"A-CodingStandard","messageBody":"","fileTypesAndContributionMap":{"java":{"insertions":73,"deletions":66}}},{"hash":"c3790f46fb330bdda065eb3005ce3b65aec2b393","isMergeCommit":false,"messageTitle":"fixed the case of negative + 0 task number","messageBody":"","tags":["A-CodingStandard"],"fileTypesAndContributionMap":{"java":{"insertions":2,"deletions":2}}}]},{"date":"2024-02-11","commitResults":[{"hash":"9650043df6bc9606c9de5f5bd2e4480c167658c2","isMergeCommit":false,"messageTitle":"Add deadlines, events, and todos + implement them in main","messageBody":"","tags":["Level-4","A-CodeQuality"],"fileTypesAndContributionMap":{"java":{"insertions":157,"deletions":83},"md":{"insertions":38,"deletions":9}}}]},{"date":"2024-02-16","commitResults":[{"hash":"560b020fab25e7caf9d529fbb672f55059451fe9","isMergeCommit":false,"messageTitle":"Add LovieException class and fix error handling","messageBody":"","fileTypesAndContributionMap":{"java":{"insertions":141,"deletions":98}}},{"hash":"c7d79b952bfb2ce8431c54f85f9030b755c8589a","isMergeCommit":false,"messageTitle":"Add LovieException and try catch for todo tasks","messageBody":"","fileTypesAndContributionMap":{"java":{"insertions":15,"deletions":5}}},{"hash":"778bd002346094dcd583f9589551c5f7261e5bbc","isMergeCommit":false,"messageTitle":"Add try catch + helpers for deadline and event tasks","messageBody":"","fileTypesAndContributionMap":{"java":{"insertions":56,"deletions":5}}},{"hash":"39b4284bfec85e1be06459aa06c052e8e498e4ff","isMergeCommit":false,"messageTitle":"Add case insensitivity to user input","messageBody":"","fileTypesAndContributionMap":{"java":{"insertions":31,"deletions":24}}},{"hash":"1bd3978fdd3f7ff0e33efda73840ac3c155f187d","isMergeCommit":true,"messageTitle":"Merge branch-Level-5 into master","messageBody":"","tags":["Level-5","A-Exceptions","A-Collections"],"fileTypesAndContributionMap":{}}]},{"date":"2024-02-23","commitResults":[{"hash":"e3e15ad66282173a30719fe6ab9b686159070c27","isMergeCommit":false,"messageTitle":"Add storage for persisting tasks","messageBody":"","fileTypesAndContributionMap":{"txt":{"insertions":1,"deletions":0}}}]}]},"authorFileTypeContributionMap":{"nidhi-nayak":{"java":319,"md":37,"fxml":0,"sh":0,"bat":0,"gradle":0,"txt":1}},"authorContributionVariance":{"nidhi-nayak":7977.71},"authorDisplayNameMap":{"nidhi-nayak":"CS2113-W14-2 NAYA..RISH"}}
