{"authorDailyContributionsMap":{"azamanis":[{"date":"2024-01-31","commitResults":[{"hash":"981d70aa3e429cf3be83c2c6a8e18dff0e6513bf","isMergeCommit":false,"messageTitle":"Rename chatbot and display greeting and bye messages.","messageBody":"","fileTypesAndContributionMap":{"java":{"insertions":11,"deletions":10}}},{"hash":"430d6e81855bbed71c3166e3bdb9b2595ab3778b","isMergeCommit":false,"messageTitle":"Implement repeatCommands (Level-1).","messageBody":"","fileTypesAndContributionMap":{"java":{"insertions":17,"deletions":0}}},{"hash":"1d36c6bd80981d05ce0279e76871d036c26a2f81","isMergeCommit":false,"messageTitle":"Implement Add \u0026 List commands. (Level-2)","messageBody":"","fileTypesAndContributionMap":{"java":{"insertions":52,"deletions":6}}},{"hash":"841ab8f04adf6a7f3c4daadfb0cd6d3981a2bca7","isMergeCommit":false,"messageTitle":"Create Task class.","messageBody":"","fileTypesAndContributionMap":{"java":{"insertions":35,"deletions":0}}},{"hash":"780dbb1aabc765be831293ee0566822171b62af0","isMergeCommit":false,"messageTitle":"Add methods mark and unmark.","messageBody":"Arguments for methods mark and unmark are checked.\n","fileTypesAndContributionMap":{"java":{"insertions":65,"deletions":7}}}]},{"date":"2024-02-02","commitResults":[{"hash":"c3ce4de0c0bce96a1087cdcdd765e69353b025c8","isMergeCommit":false,"messageTitle":"Create classes Deadline, Event and Todo.","messageBody":"","fileTypesAndContributionMap":{"java":{"insertions":55,"deletions":0}}},{"hash":"9a823c35a177d722ae9f5e0d58155bba36ec7e53","isMergeCommit":false,"messageTitle":"Implement first version of parseLine and add functionality to method add.","messageBody":"","fileTypesAndContributionMap":{"java":{"insertions":77,"deletions":2}}}]}]},"authorFileTypeContributionMap":{"azamanis":{"java":297,"md":0,"fxml":0,"sh":0,"bat":0,"gradle":0,"txt":0}},"authorContributionVariance":{"azamanis":3439.5818},"authorDisplayNameMap":{"azamanis":"CS2113-W14-4 ZAMA..VARO"}}
