[{"path":"src/main/java/Bobby.java","fileType":"java","lines":[{"lineNumber":1,"author":{"gitId":"seandooa"},"content":"import java.util.Scanner;","lastModifiedDate":"2024-02-02"},{"lineNumber":2,"author":{"gitId":"seandooa"},"content":"public class Bobby {","lastModifiedDate":"2024-02-06"},{"lineNumber":3,"author":{"gitId":"-"},"content":"    public static void main(String[] args) {","lastModifiedDate":"2019-07-29"},{"lineNumber":4,"author":{"gitId":"seandooa"},"content":"        int counter \u003d 0;","lastModifiedDate":"2024-02-06"},{"lineNumber":5,"author":{"gitId":"seandooa"},"content":"        boolean isExit \u003d false;","lastModifiedDate":"2024-02-06"},{"lineNumber":6,"author":{"gitId":"seandooa"},"content":"        Task[] tasks \u003d new Task[100];","lastModifiedDate":"2024-02-02"},{"lineNumber":7,"author":{"gitId":"seandooa"},"content":"        Scanner in \u003d new Scanner(System.in);","lastModifiedDate":"2024-02-02"},{"lineNumber":8,"author":{"gitId":"seandooa"},"content":"        System.out.println(\"Hello I\u0027m Bobby\\n\" + \"What can I do for you?\");","lastModifiedDate":"2024-02-06"},{"lineNumber":9,"author":{"gitId":"seandooa"},"content":"","lastModifiedDate":"2024-02-02"},{"lineNumber":10,"author":{"gitId":"seandooa"},"content":"        while (!isExit) {","lastModifiedDate":"2024-02-06"},{"lineNumber":11,"author":{"gitId":"seandooa"},"content":"            String input \u003d in.nextLine();","lastModifiedDate":"2024-02-06"},{"lineNumber":12,"author":{"gitId":"seandooa"},"content":"            String command;","lastModifiedDate":"2024-02-06"},{"lineNumber":13,"author":{"gitId":"seandooa"},"content":"            String description;","lastModifiedDate":"2024-02-06"},{"lineNumber":14,"author":{"gitId":"seandooa"},"content":"            String by;","lastModifiedDate":"2024-02-06"},{"lineNumber":15,"author":{"gitId":"seandooa"},"content":"            String from;","lastModifiedDate":"2024-02-06"},{"lineNumber":16,"author":{"gitId":"seandooa"},"content":"            if (input.indexOf(\u0027 \u0027) \u003e 0) {","lastModifiedDate":"2024-02-06"},{"lineNumber":17,"author":{"gitId":"seandooa"},"content":"                command \u003d input.substring(0, input.indexOf(\u0027 \u0027));","lastModifiedDate":"2024-02-06"},{"lineNumber":18,"author":{"gitId":"seandooa"},"content":"            } else {","lastModifiedDate":"2024-02-02"},{"lineNumber":19,"author":{"gitId":"seandooa"},"content":"                command \u003d input;","lastModifiedDate":"2024-02-06"},{"lineNumber":20,"author":{"gitId":"seandooa"},"content":"            }","lastModifiedDate":"2024-02-02"},{"lineNumber":21,"author":{"gitId":"seandooa"},"content":"            int entry;","lastModifiedDate":"2024-02-06"},{"lineNumber":22,"author":{"gitId":"seandooa"},"content":"            switch (command) {","lastModifiedDate":"2024-02-06"},{"lineNumber":23,"author":{"gitId":"seandooa"},"content":"            case \"bye\":","lastModifiedDate":"2024-02-06"},{"lineNumber":24,"author":{"gitId":"seandooa"},"content":"                System.out.println(\"See you again soon!\");","lastModifiedDate":"2024-02-06"},{"lineNumber":25,"author":{"gitId":"seandooa"},"content":"                isExit \u003d true;","lastModifiedDate":"2024-02-06"},{"lineNumber":26,"author":{"gitId":"seandooa"},"content":"                break;","lastModifiedDate":"2024-02-02"},{"lineNumber":27,"author":{"gitId":"seandooa"},"content":"            case \"mark\":","lastModifiedDate":"2024-02-06"},{"lineNumber":28,"author":{"gitId":"seandooa"},"content":"                entry \u003d Integer.parseInt(input.substring(5));","lastModifiedDate":"2024-02-06"},{"lineNumber":29,"author":{"gitId":"seandooa"},"content":"                if (entry \u003e 0 \u0026\u0026 entry \u003c\u003d counter) {","lastModifiedDate":"2024-02-06"},{"lineNumber":30,"author":{"gitId":"seandooa"},"content":"                    tasks[entry - 1].setDone(true);","lastModifiedDate":"2024-02-06"},{"lineNumber":31,"author":{"gitId":"seandooa"},"content":"                    System.out.println(\"Marked as done\");","lastModifiedDate":"2024-02-06"},{"lineNumber":32,"author":{"gitId":"seandooa"},"content":"                    System.out.println(entry + \".\" + tasks[entry - 1]);","lastModifiedDate":"2024-02-06"},{"lineNumber":33,"author":{"gitId":"seandooa"},"content":"                }","lastModifiedDate":"2024-02-02"},{"lineNumber":34,"author":{"gitId":"seandooa"},"content":"                break;","lastModifiedDate":"2024-02-06"},{"lineNumber":35,"author":{"gitId":"seandooa"},"content":"            case \"unmark\":","lastModifiedDate":"2024-02-06"},{"lineNumber":36,"author":{"gitId":"seandooa"},"content":"                entry \u003d Integer.parseInt(input.substring(7));","lastModifiedDate":"2024-02-06"},{"lineNumber":37,"author":{"gitId":"seandooa"},"content":"                if (entry \u003e 0 \u0026\u0026 entry \u003c\u003d counter) {","lastModifiedDate":"2024-02-06"},{"lineNumber":38,"author":{"gitId":"seandooa"},"content":"                    tasks[entry - 1].setDone(false);","lastModifiedDate":"2024-02-06"},{"lineNumber":39,"author":{"gitId":"seandooa"},"content":"                    System.out.println(\"Unmarked\");","lastModifiedDate":"2024-02-06"},{"lineNumber":40,"author":{"gitId":"seandooa"},"content":"                    System.out.println(entry + \".\" + tasks[entry - 1]);","lastModifiedDate":"2024-02-06"},{"lineNumber":41,"author":{"gitId":"seandooa"},"content":"                }","lastModifiedDate":"2024-02-02"},{"lineNumber":42,"author":{"gitId":"seandooa"},"content":"                break;","lastModifiedDate":"2024-02-06"},{"lineNumber":43,"author":{"gitId":"seandooa"},"content":"            case \"list\":","lastModifiedDate":"2024-02-06"},{"lineNumber":44,"author":{"gitId":"seandooa"},"content":"                for (int i \u003d 0; i \u003c counter; i +\u003d 1) {","lastModifiedDate":"2024-02-06"},{"lineNumber":45,"author":{"gitId":"seandooa"},"content":"                    System.out.println((i + 1) + \".\" + tasks[i]);","lastModifiedDate":"2024-02-06"},{"lineNumber":46,"author":{"gitId":"seandooa"},"content":"                }","lastModifiedDate":"2024-02-02"},{"lineNumber":47,"author":{"gitId":"seandooa"},"content":"                break;","lastModifiedDate":"2024-02-06"},{"lineNumber":48,"author":{"gitId":"seandooa"},"content":"            case \"todo\":","lastModifiedDate":"2024-02-06"},{"lineNumber":49,"author":{"gitId":"seandooa"},"content":"                if (input.length() \u003c 5 || input.substring(5).trim().isEmpty()) {","lastModifiedDate":"2024-02-06"},{"lineNumber":50,"author":{"gitId":"seandooa"},"content":"                    System.out.println(\"Please enter a valid task.\");","lastModifiedDate":"2024-02-06"},{"lineNumber":51,"author":{"gitId":"seandooa"},"content":"                    break;","lastModifiedDate":"2024-02-06"},{"lineNumber":52,"author":{"gitId":"seandooa"},"content":"                }","lastModifiedDate":"2024-02-06"},{"lineNumber":53,"author":{"gitId":"seandooa"},"content":"                description \u003d input.substring(5);","lastModifiedDate":"2024-02-06"},{"lineNumber":54,"author":{"gitId":"seandooa"},"content":"                tasks[counter] \u003d new Todo(description);","lastModifiedDate":"2024-02-06"},{"lineNumber":55,"author":{"gitId":"seandooa"},"content":"                System.out.println(\"Okay, added:\\n\" + tasks[counter]);","lastModifiedDate":"2024-02-06"},{"lineNumber":56,"author":{"gitId":"seandooa"},"content":"                counter +\u003d 1;","lastModifiedDate":"2024-02-06"},{"lineNumber":57,"author":{"gitId":"seandooa"},"content":"                System.out.println(\"Now you have \" + counter + \" task(s) in the list.\");","lastModifiedDate":"2024-02-06"},{"lineNumber":58,"author":{"gitId":"seandooa"},"content":"                break;","lastModifiedDate":"2024-02-06"},{"lineNumber":59,"author":{"gitId":"seandooa"},"content":"            case \"deadline\":","lastModifiedDate":"2024-02-06"},{"lineNumber":60,"author":{"gitId":"seandooa"},"content":"                if (!input.contains(\"/by\")) {","lastModifiedDate":"2024-02-06"},{"lineNumber":61,"author":{"gitId":"seandooa"},"content":"                    System.out.println(\"Please enter a valid deadline.\");","lastModifiedDate":"2024-02-06"},{"lineNumber":62,"author":{"gitId":"seandooa"},"content":"                    break;","lastModifiedDate":"2024-02-06"},{"lineNumber":63,"author":{"gitId":"seandooa"},"content":"                }","lastModifiedDate":"2024-02-06"},{"lineNumber":64,"author":{"gitId":"seandooa"},"content":"                description \u003d input.substring(9, input.indexOf(\"/by\") - 1);","lastModifiedDate":"2024-02-06"},{"lineNumber":65,"author":{"gitId":"seandooa"},"content":"                by \u003d input.substring(input.indexOf(\"/by\") + 4);","lastModifiedDate":"2024-02-06"},{"lineNumber":66,"author":{"gitId":"seandooa"},"content":"                tasks[counter] \u003d new Deadline(description, by);","lastModifiedDate":"2024-02-06"},{"lineNumber":67,"author":{"gitId":"seandooa"},"content":"                System.out.println(\"Okay, added:\\n\" + tasks[counter]);","lastModifiedDate":"2024-02-06"},{"lineNumber":68,"author":{"gitId":"seandooa"},"content":"                counter +\u003d 1;","lastModifiedDate":"2024-02-06"},{"lineNumber":69,"author":{"gitId":"seandooa"},"content":"                System.out.println(\"Now you have \" + counter + \" task(s) in the list.\");","lastModifiedDate":"2024-02-06"},{"lineNumber":70,"author":{"gitId":"seandooa"},"content":"                break;","lastModifiedDate":"2024-02-06"},{"lineNumber":71,"author":{"gitId":"seandooa"},"content":"            case \"event\":","lastModifiedDate":"2024-02-06"},{"lineNumber":72,"author":{"gitId":"seandooa"},"content":"                if (!input.contains(\"/to\") || !input.contains(\"/from\")) {","lastModifiedDate":"2024-02-06"},{"lineNumber":73,"author":{"gitId":"seandooa"},"content":"                    System.out.println(\"Please enter a valid start and end date.\");","lastModifiedDate":"2024-02-06"},{"lineNumber":74,"author":{"gitId":"seandooa"},"content":"                    break;","lastModifiedDate":"2024-02-06"},{"lineNumber":75,"author":{"gitId":"seandooa"},"content":"                }","lastModifiedDate":"2024-02-06"},{"lineNumber":76,"author":{"gitId":"seandooa"},"content":"                description \u003d input.substring(6, input.indexOf(\"/from\") - 1);","lastModifiedDate":"2024-02-06"},{"lineNumber":77,"author":{"gitId":"seandooa"},"content":"                by \u003d input.substring(input.indexOf(\"/to\") + 4);","lastModifiedDate":"2024-02-06"},{"lineNumber":78,"author":{"gitId":"seandooa"},"content":"                from \u003d input.substring(input.indexOf(\"/from\") + 6, input.indexOf(\"/to\") - 1);","lastModifiedDate":"2024-02-06"},{"lineNumber":79,"author":{"gitId":"seandooa"},"content":"                tasks[counter] \u003d new Event(description, by, from);","lastModifiedDate":"2024-02-06"},{"lineNumber":80,"author":{"gitId":"seandooa"},"content":"                System.out.println(\"Okay, added:\\n\" + tasks[counter]);","lastModifiedDate":"2024-02-06"},{"lineNumber":81,"author":{"gitId":"seandooa"},"content":"                counter +\u003d 1;","lastModifiedDate":"2024-02-06"},{"lineNumber":82,"author":{"gitId":"seandooa"},"content":"                System.out.println(\"Now you have \" + counter + \" task(s) in the list.\");","lastModifiedDate":"2024-02-06"},{"lineNumber":83,"author":{"gitId":"seandooa"},"content":"                break;","lastModifiedDate":"2024-02-06"},{"lineNumber":84,"author":{"gitId":"seandooa"},"content":"            default:","lastModifiedDate":"2024-02-06"},{"lineNumber":85,"author":{"gitId":"seandooa"},"content":"                System.out.println(\"Sorry, I didn\u0027t quite understand that.\\nPlease input a valid command.\");","lastModifiedDate":"2024-02-06"},{"lineNumber":86,"author":{"gitId":"seandooa"},"content":"                break;","lastModifiedDate":"2024-02-06"},{"lineNumber":87,"author":{"gitId":"seandooa"},"content":"            }","lastModifiedDate":"2024-02-02"},{"lineNumber":88,"author":{"gitId":"seandooa"},"content":"        }","lastModifiedDate":"2024-02-02"},{"lineNumber":89,"author":{"gitId":"-"},"content":"    }","lastModifiedDate":"2019-07-29"},{"lineNumber":90,"author":{"gitId":"-"},"content":"}","lastModifiedDate":"2019-07-29"}],"authorContributionMap":{"seandooa":87,"-":3}},{"path":"src/main/java/Deadline.java","fileType":"java","lines":[{"lineNumber":1,"author":{"gitId":"seandooa"},"content":"public class Deadline extends Task {","lastModifiedDate":"2024-02-04"},{"lineNumber":2,"author":{"gitId":"seandooa"},"content":"    protected String by;","lastModifiedDate":"2024-02-04"},{"lineNumber":3,"author":{"gitId":"seandooa"},"content":"","lastModifiedDate":"2024-02-04"},{"lineNumber":4,"author":{"gitId":"seandooa"},"content":"    public Deadline(String description, String by) {","lastModifiedDate":"2024-02-04"},{"lineNumber":5,"author":{"gitId":"seandooa"},"content":"        super(description);","lastModifiedDate":"2024-02-04"},{"lineNumber":6,"author":{"gitId":"seandooa"},"content":"        this.by \u003d by;","lastModifiedDate":"2024-02-04"},{"lineNumber":7,"author":{"gitId":"seandooa"},"content":"    }","lastModifiedDate":"2024-02-04"},{"lineNumber":8,"author":{"gitId":"seandooa"},"content":"    public String toString() {","lastModifiedDate":"2024-02-06"},{"lineNumber":9,"author":{"gitId":"seandooa"},"content":"        return \"[D]\" + super.toString() + \" (by: \" + by + \")\";","lastModifiedDate":"2024-02-06"},{"lineNumber":10,"author":{"gitId":"seandooa"},"content":"    }","lastModifiedDate":"2024-02-06"},{"lineNumber":11,"author":{"gitId":"seandooa"},"content":"}","lastModifiedDate":"2024-02-04"}],"authorContributionMap":{"seandooa":11}},{"path":"src/main/java/Event.java","fileType":"java","lines":[{"lineNumber":1,"author":{"gitId":"seandooa"},"content":"public class Event extends Task {","lastModifiedDate":"2024-02-04"},{"lineNumber":2,"author":{"gitId":"seandooa"},"content":"    protected String by;","lastModifiedDate":"2024-02-04"},{"lineNumber":3,"author":{"gitId":"seandooa"},"content":"    protected String from;","lastModifiedDate":"2024-02-04"},{"lineNumber":4,"author":{"gitId":"seandooa"},"content":"","lastModifiedDate":"2024-02-04"},{"lineNumber":5,"author":{"gitId":"seandooa"},"content":"    public Event(String description, String by, String from) {","lastModifiedDate":"2024-02-04"},{"lineNumber":6,"author":{"gitId":"seandooa"},"content":"        super(description);","lastModifiedDate":"2024-02-04"},{"lineNumber":7,"author":{"gitId":"seandooa"},"content":"        this.by \u003d by;","lastModifiedDate":"2024-02-04"},{"lineNumber":8,"author":{"gitId":"seandooa"},"content":"        this.from \u003d from;","lastModifiedDate":"2024-02-04"},{"lineNumber":9,"author":{"gitId":"seandooa"},"content":"    }","lastModifiedDate":"2024-02-04"},{"lineNumber":10,"author":{"gitId":"seandooa"},"content":"","lastModifiedDate":"2024-02-06"},{"lineNumber":11,"author":{"gitId":"seandooa"},"content":"    public String toString() {","lastModifiedDate":"2024-02-06"},{"lineNumber":12,"author":{"gitId":"seandooa"},"content":"        return \"[E]\" + super.toString() + \" (from: \" + from + \" to: \" + by + \")\";","lastModifiedDate":"2024-02-06"},{"lineNumber":13,"author":{"gitId":"seandooa"},"content":"    }","lastModifiedDate":"2024-02-06"},{"lineNumber":14,"author":{"gitId":"seandooa"},"content":"}","lastModifiedDate":"2024-02-04"}],"authorContributionMap":{"seandooa":14}},{"path":"src/main/java/Task.java","fileType":"java","lines":[{"lineNumber":1,"author":{"gitId":"seandooa"},"content":"public class Task {","lastModifiedDate":"2024-02-02"},{"lineNumber":2,"author":{"gitId":"seandooa"},"content":"    protected String description;","lastModifiedDate":"2024-02-02"},{"lineNumber":3,"author":{"gitId":"seandooa"},"content":"    protected boolean isDone;","lastModifiedDate":"2024-02-02"},{"lineNumber":4,"author":{"gitId":"seandooa"},"content":"","lastModifiedDate":"2024-02-02"},{"lineNumber":5,"author":{"gitId":"seandooa"},"content":"    public Task(String description) {","lastModifiedDate":"2024-02-02"},{"lineNumber":6,"author":{"gitId":"seandooa"},"content":"        this.description \u003d description;","lastModifiedDate":"2024-02-02"},{"lineNumber":7,"author":{"gitId":"seandooa"},"content":"        this.isDone \u003d false;","lastModifiedDate":"2024-02-02"},{"lineNumber":8,"author":{"gitId":"seandooa"},"content":"    }","lastModifiedDate":"2024-02-02"},{"lineNumber":9,"author":{"gitId":"seandooa"},"content":"","lastModifiedDate":"2024-02-02"},{"lineNumber":10,"author":{"gitId":"seandooa"},"content":"    public String getStatusIcon() {","lastModifiedDate":"2024-02-02"},{"lineNumber":11,"author":{"gitId":"seandooa"},"content":"        return (isDone ? \"X\" : \" \");","lastModifiedDate":"2024-02-06"},{"lineNumber":12,"author":{"gitId":"seandooa"},"content":"    }","lastModifiedDate":"2024-02-02"},{"lineNumber":13,"author":{"gitId":"seandooa"},"content":"","lastModifiedDate":"2024-02-02"},{"lineNumber":14,"author":{"gitId":"seandooa"},"content":"    public String getDescription() {","lastModifiedDate":"2024-02-02"},{"lineNumber":15,"author":{"gitId":"seandooa"},"content":"        return description;","lastModifiedDate":"2024-02-02"},{"lineNumber":16,"author":{"gitId":"seandooa"},"content":"    }","lastModifiedDate":"2024-02-02"},{"lineNumber":17,"author":{"gitId":"seandooa"},"content":"","lastModifiedDate":"2024-02-02"},{"lineNumber":18,"author":{"gitId":"seandooa"},"content":"    public void setDone(boolean isDone) {","lastModifiedDate":"2024-02-02"},{"lineNumber":19,"author":{"gitId":"seandooa"},"content":"        this.isDone \u003d isDone;","lastModifiedDate":"2024-02-02"},{"lineNumber":20,"author":{"gitId":"seandooa"},"content":"    }","lastModifiedDate":"2024-02-02"},{"lineNumber":21,"author":{"gitId":"seandooa"},"content":"","lastModifiedDate":"2024-02-02"},{"lineNumber":22,"author":{"gitId":"seandooa"},"content":"    public void printDescription() {","lastModifiedDate":"2024-02-02"},{"lineNumber":23,"author":{"gitId":"seandooa"},"content":"        System.out.println(description);","lastModifiedDate":"2024-02-02"},{"lineNumber":24,"author":{"gitId":"seandooa"},"content":"    }","lastModifiedDate":"2024-02-02"},{"lineNumber":25,"author":{"gitId":"seandooa"},"content":"","lastModifiedDate":"2024-02-06"},{"lineNumber":26,"author":{"gitId":"seandooa"},"content":"    @Override","lastModifiedDate":"2024-02-06"},{"lineNumber":27,"author":{"gitId":"seandooa"},"content":"    public String toString() {","lastModifiedDate":"2024-02-06"},{"lineNumber":28,"author":{"gitId":"seandooa"},"content":"        return \"[\" + getStatusIcon() + \"] \" + description;","lastModifiedDate":"2024-02-06"},{"lineNumber":29,"author":{"gitId":"seandooa"},"content":"    }","lastModifiedDate":"2024-02-06"},{"lineNumber":30,"author":{"gitId":"seandooa"},"content":"}","lastModifiedDate":"2024-02-02"}],"authorContributionMap":{"seandooa":30}},{"path":"src/main/java/Todo.java","fileType":"java","lines":[{"lineNumber":1,"author":{"gitId":"seandooa"},"content":"public class Todo extends Task {","lastModifiedDate":"2024-02-04"},{"lineNumber":2,"author":{"gitId":"seandooa"},"content":"    Todo (String description) {","lastModifiedDate":"2024-02-04"},{"lineNumber":3,"author":{"gitId":"seandooa"},"content":"        super(description);","lastModifiedDate":"2024-02-04"},{"lineNumber":4,"author":{"gitId":"seandooa"},"content":"    }","lastModifiedDate":"2024-02-04"},{"lineNumber":5,"author":{"gitId":"seandooa"},"content":"","lastModifiedDate":"2024-02-04"},{"lineNumber":6,"author":{"gitId":"seandooa"},"content":"    @Override","lastModifiedDate":"2024-02-06"},{"lineNumber":7,"author":{"gitId":"seandooa"},"content":"    public String toString() {","lastModifiedDate":"2024-02-06"},{"lineNumber":8,"author":{"gitId":"seandooa"},"content":"        return \"[T]\" + super.toString();","lastModifiedDate":"2024-02-06"},{"lineNumber":9,"author":{"gitId":"seandooa"},"content":"    }","lastModifiedDate":"2024-02-06"},{"lineNumber":10,"author":{"gitId":"seandooa"},"content":"}","lastModifiedDate":"2024-02-04"}],"authorContributionMap":{"seandooa":10}}]
