[{"path":"src/main/java/Bean.java","fileType":"java","lines":[{"lineNumber":1,"author":{"gitId":"pqienso"},"content":"import java.util.Scanner;","lastModifiedDate":"2024-01-29"},{"lineNumber":2,"author":{"gitId":"pqienso"},"content":"import java.util.Arrays;","lastModifiedDate":"2024-01-29"},{"lineNumber":3,"author":{"gitId":"pqienso"},"content":"","lastModifiedDate":"2024-01-29"},{"lineNumber":4,"author":{"gitId":"pqienso"},"content":"public class Bean {","lastModifiedDate":"2024-01-26"},{"lineNumber":5,"author":{"gitId":"pqienso"},"content":"    private static final String SEPARATOR \u003d \"   -------------------------------------------------\";","lastModifiedDate":"2024-02-03"},{"lineNumber":6,"author":{"gitId":"pqienso"},"content":"    private static final Scanner SCANNER \u003d new Scanner(System.in);","lastModifiedDate":"2024-02-03"},{"lineNumber":7,"author":{"gitId":"pqienso"},"content":"    private static void printWelcomeMessage() {","lastModifiedDate":"2024-02-03"},{"lineNumber":8,"author":{"gitId":"pqienso"},"content":"        System.out.println(\"    Hello! I\u0027m Bean.\\n    What can I do for you?\");","lastModifiedDate":"2024-01-29"},{"lineNumber":9,"author":{"gitId":"pqienso"},"content":"        System.out.println(SEPARATOR);","lastModifiedDate":"2024-02-02"},{"lineNumber":10,"author":{"gitId":"pqienso"},"content":"    }","lastModifiedDate":"2024-02-03"},{"lineNumber":11,"author":{"gitId":"pqienso"},"content":"","lastModifiedDate":"2024-01-29"},{"lineNumber":12,"author":{"gitId":"pqienso"},"content":"    private static void printTaskList(TaskList tasks) {","lastModifiedDate":"2024-02-04"},{"lineNumber":13,"author":{"gitId":"pqienso"},"content":"        System.out.println(\"    These are the tasks in your list:\");","lastModifiedDate":"2024-02-04"},{"lineNumber":14,"author":{"gitId":"pqienso"},"content":"        System.out.println(tasks.toString());","lastModifiedDate":"2024-02-04"},{"lineNumber":15,"author":{"gitId":"pqienso"},"content":"        System.out.println(SEPARATOR);","lastModifiedDate":"2024-02-04"},{"lineNumber":16,"author":{"gitId":"pqienso"},"content":"    }","lastModifiedDate":"2024-02-04"},{"lineNumber":17,"author":{"gitId":"pqienso"},"content":"    private static void printTaskDone(Task task) {","lastModifiedDate":"2024-02-03"},{"lineNumber":18,"author":{"gitId":"pqienso"},"content":"        System.out.print(\"    Hey, looks like you\u0027re done with this task:\\n   \");","lastModifiedDate":"2024-02-03"},{"lineNumber":19,"author":{"gitId":"pqienso"},"content":"        System.out.println(task.toString());","lastModifiedDate":"2024-02-03"},{"lineNumber":20,"author":{"gitId":"pqienso"},"content":"        System.out.println(SEPARATOR);","lastModifiedDate":"2024-02-03"},{"lineNumber":21,"author":{"gitId":"pqienso"},"content":"    }","lastModifiedDate":"2024-02-03"},{"lineNumber":22,"author":{"gitId":"pqienso"},"content":"","lastModifiedDate":"2024-01-29"},{"lineNumber":23,"author":{"gitId":"pqienso"},"content":"    private static void printTaskUndone(Task task) {","lastModifiedDate":"2024-02-03"},{"lineNumber":24,"author":{"gitId":"pqienso"},"content":"        System.out.print(\"    Oops, looks like you\u0027re still not done with this:\\n   \");","lastModifiedDate":"2024-02-03"},{"lineNumber":25,"author":{"gitId":"pqienso"},"content":"        System.out.println(task.toString());","lastModifiedDate":"2024-02-03"},{"lineNumber":26,"author":{"gitId":"pqienso"},"content":"        System.out.println(SEPARATOR);","lastModifiedDate":"2024-02-02"},{"lineNumber":27,"author":{"gitId":"pqienso"},"content":"    }","lastModifiedDate":"2024-01-29"},{"lineNumber":28,"author":{"gitId":"pqienso"},"content":"","lastModifiedDate":"2024-02-03"},{"lineNumber":29,"author":{"gitId":"pqienso"},"content":"    private static void printTaskAdded(Task task, int numTasks) {","lastModifiedDate":"2024-02-04"},{"lineNumber":30,"author":{"gitId":"pqienso"},"content":"        System.out.println(\"    Hey, I\u0027ve added:\\n    \" + task.toString());","lastModifiedDate":"2024-02-03"},{"lineNumber":31,"author":{"gitId":"pqienso"},"content":"        String singularOrPlural \u003d numTasks \u003d\u003d 1 ? \" task.\"  : \" tasks.\";","lastModifiedDate":"2024-02-04"},{"lineNumber":32,"author":{"gitId":"pqienso"},"content":"        System.out.println(\"    You currently have \" + numTasks + singularOrPlural);","lastModifiedDate":"2024-02-04"},{"lineNumber":33,"author":{"gitId":"pqienso"},"content":"        System.out.println(SEPARATOR);","lastModifiedDate":"2024-02-02"},{"lineNumber":34,"author":{"gitId":"pqienso"},"content":"    }","lastModifiedDate":"2024-01-29"},{"lineNumber":35,"author":{"gitId":"pqienso"},"content":"","lastModifiedDate":"2024-02-03"},{"lineNumber":36,"author":{"gitId":"pqienso"},"content":"    private static void printInvalidTaskNo() {","lastModifiedDate":"2024-02-03"},{"lineNumber":37,"author":{"gitId":"pqienso"},"content":"        System.out.println(\"    Sorry, that was an invalid task number.\");","lastModifiedDate":"2024-02-03"},{"lineNumber":38,"author":{"gitId":"pqienso"},"content":"        System.out.println(SEPARATOR);","lastModifiedDate":"2024-02-02"},{"lineNumber":39,"author":{"gitId":"pqienso"},"content":"    }","lastModifiedDate":"2024-02-03"},{"lineNumber":40,"author":{"gitId":"pqienso"},"content":"","lastModifiedDate":"2024-02-03"},{"lineNumber":41,"author":{"gitId":"pqienso"},"content":"    private static void printNoValueForFields() {","lastModifiedDate":"2024-02-03"},{"lineNumber":42,"author":{"gitId":"pqienso"},"content":"        System.out.println(\"    Error: no value for required fields\");","lastModifiedDate":"2024-02-03"},{"lineNumber":43,"author":{"gitId":"pqienso"},"content":"        System.out.println(SEPARATOR);","lastModifiedDate":"2024-02-02"},{"lineNumber":44,"author":{"gitId":"pqienso"},"content":"    }","lastModifiedDate":"2024-01-29"},{"lineNumber":45,"author":{"gitId":"pqienso"},"content":"","lastModifiedDate":"2024-02-03"},{"lineNumber":46,"author":{"gitId":"pqienso"},"content":"    private static void printNoSuchCommand() {","lastModifiedDate":"2024-02-03"},{"lineNumber":47,"author":{"gitId":"pqienso"},"content":"        System.out.println(\"    Sorry, I don\u0027t understand that command\");","lastModifiedDate":"2024-02-03"},{"lineNumber":48,"author":{"gitId":"pqienso"},"content":"        System.out.println(SEPARATOR);","lastModifiedDate":"2024-02-03"},{"lineNumber":49,"author":{"gitId":"pqienso"},"content":"    }","lastModifiedDate":"2024-01-29"},{"lineNumber":50,"author":{"gitId":"pqienso"},"content":"","lastModifiedDate":"2024-01-29"},{"lineNumber":51,"author":{"gitId":"pqienso"},"content":"    private static void printGoodbyeMessage() {","lastModifiedDate":"2024-02-03"},{"lineNumber":52,"author":{"gitId":"pqienso"},"content":"        System.out.println(\"    Bean will take a nap now. Bye!\");","lastModifiedDate":"2024-01-29"},{"lineNumber":53,"author":{"gitId":"pqienso"},"content":"        System.out.println(SEPARATOR);","lastModifiedDate":"2024-02-02"},{"lineNumber":54,"author":{"gitId":"pqienso"},"content":"    }","lastModifiedDate":"2024-01-26"},{"lineNumber":55,"author":{"gitId":"pqienso"},"content":"","lastModifiedDate":"2024-02-03"},{"lineNumber":56,"author":{"gitId":"pqienso"},"content":"    private static void processAndExecute(String line, TaskList listOfTasks) {","lastModifiedDate":"2024-02-04"},{"lineNumber":57,"author":{"gitId":"pqienso"},"content":"        Parser userLine \u003d new Parser(line);","lastModifiedDate":"2024-02-03"},{"lineNumber":58,"author":{"gitId":"pqienso"},"content":"        if (userLine.getCommand().equals(\"list\")) {","lastModifiedDate":"2024-02-03"},{"lineNumber":59,"author":{"gitId":"pqienso"},"content":"            printTaskList(listOfTasks);","lastModifiedDate":"2024-02-04"},{"lineNumber":60,"author":{"gitId":"pqienso"},"content":"","lastModifiedDate":"2024-02-03"},{"lineNumber":61,"author":{"gitId":"pqienso"},"content":"        } else if (userLine.getCommand().startsWith(\"mark\")) {","lastModifiedDate":"2024-02-03"},{"lineNumber":62,"author":{"gitId":"pqienso"},"content":"            int taskIndex \u003d Integer.parseInt(userLine.getArgument()) - 1;","lastModifiedDate":"2024-02-03"},{"lineNumber":63,"author":{"gitId":"pqienso"},"content":"            if (taskIndex \u003e\u003d 0 \u0026\u0026 taskIndex \u003c listOfTasks.getNumTasks()) {","lastModifiedDate":"2024-02-04"},{"lineNumber":64,"author":{"gitId":"pqienso"},"content":"                Task markedTask \u003d listOfTasks.markTask(taskIndex, true);","lastModifiedDate":"2024-02-04"},{"lineNumber":65,"author":{"gitId":"pqienso"},"content":"                printTaskDone(markedTask);","lastModifiedDate":"2024-02-04"},{"lineNumber":66,"author":{"gitId":"pqienso"},"content":"            } else {","lastModifiedDate":"2024-02-03"},{"lineNumber":67,"author":{"gitId":"pqienso"},"content":"                printInvalidTaskNo();","lastModifiedDate":"2024-02-03"},{"lineNumber":68,"author":{"gitId":"pqienso"},"content":"            }","lastModifiedDate":"2024-02-03"},{"lineNumber":69,"author":{"gitId":"pqienso"},"content":"","lastModifiedDate":"2024-02-03"},{"lineNumber":70,"author":{"gitId":"pqienso"},"content":"        } else if (userLine.getCommand().startsWith(\"unmark\")) {","lastModifiedDate":"2024-02-03"},{"lineNumber":71,"author":{"gitId":"pqienso"},"content":"            int taskIndex \u003d Integer.parseInt(userLine.getArgument()) - 1;","lastModifiedDate":"2024-02-03"},{"lineNumber":72,"author":{"gitId":"pqienso"},"content":"            if (taskIndex \u003e\u003d 0 \u0026\u0026 taskIndex \u003c listOfTasks.getNumTasks()) {","lastModifiedDate":"2024-02-04"},{"lineNumber":73,"author":{"gitId":"pqienso"},"content":"                Task unmarkedTask \u003d listOfTasks.markTask(taskIndex, false);","lastModifiedDate":"2024-02-04"},{"lineNumber":74,"author":{"gitId":"pqienso"},"content":"                printTaskUndone(unmarkedTask);","lastModifiedDate":"2024-02-04"},{"lineNumber":75,"author":{"gitId":"pqienso"},"content":"            } else {","lastModifiedDate":"2024-02-03"},{"lineNumber":76,"author":{"gitId":"pqienso"},"content":"                printInvalidTaskNo();","lastModifiedDate":"2024-02-03"},{"lineNumber":77,"author":{"gitId":"pqienso"},"content":"            }","lastModifiedDate":"2024-02-03"},{"lineNumber":78,"author":{"gitId":"pqienso"},"content":"","lastModifiedDate":"2024-02-03"},{"lineNumber":79,"author":{"gitId":"pqienso"},"content":"        } else if (userLine.getCommand().equals(\"todo\")) {","lastModifiedDate":"2024-02-03"},{"lineNumber":80,"author":{"gitId":"pqienso"},"content":"            String description \u003d userLine.getArgument();","lastModifiedDate":"2024-02-03"},{"lineNumber":81,"author":{"gitId":"pqienso"},"content":"            if (description.isEmpty()) {","lastModifiedDate":"2024-02-03"},{"lineNumber":82,"author":{"gitId":"pqienso"},"content":"                printNoValueForFields();","lastModifiedDate":"2024-02-03"},{"lineNumber":83,"author":{"gitId":"pqienso"},"content":"            } else {","lastModifiedDate":"2024-02-03"},{"lineNumber":84,"author":{"gitId":"pqienso"},"content":"                Task newTask \u003d listOfTasks.addTask(description);","lastModifiedDate":"2024-02-04"},{"lineNumber":85,"author":{"gitId":"pqienso"},"content":"                printTaskAdded(newTask, listOfTasks.getNumTasks());","lastModifiedDate":"2024-02-04"},{"lineNumber":86,"author":{"gitId":"pqienso"},"content":"            }","lastModifiedDate":"2024-02-03"},{"lineNumber":87,"author":{"gitId":"pqienso"},"content":"","lastModifiedDate":"2024-02-03"},{"lineNumber":88,"author":{"gitId":"pqienso"},"content":"        } else if (userLine.getCommand().equals(\"deadline\")) {","lastModifiedDate":"2024-02-03"},{"lineNumber":89,"author":{"gitId":"pqienso"},"content":"            String description \u003d userLine.getArgument();","lastModifiedDate":"2024-02-03"},{"lineNumber":90,"author":{"gitId":"pqienso"},"content":"            String by \u003d userLine.getValue(\"by\");","lastModifiedDate":"2024-02-03"},{"lineNumber":91,"author":{"gitId":"pqienso"},"content":"            if (by.isEmpty() || description.isEmpty()) {","lastModifiedDate":"2024-02-03"},{"lineNumber":92,"author":{"gitId":"pqienso"},"content":"                printNoValueForFields();","lastModifiedDate":"2024-02-03"},{"lineNumber":93,"author":{"gitId":"pqienso"},"content":"            } else {","lastModifiedDate":"2024-02-03"},{"lineNumber":94,"author":{"gitId":"pqienso"},"content":"                Task newTask \u003d listOfTasks.addTask(description, by);","lastModifiedDate":"2024-02-04"},{"lineNumber":95,"author":{"gitId":"pqienso"},"content":"                printTaskAdded(newTask, listOfTasks.getNumTasks());","lastModifiedDate":"2024-02-04"},{"lineNumber":96,"author":{"gitId":"pqienso"},"content":"            }","lastModifiedDate":"2024-02-03"},{"lineNumber":97,"author":{"gitId":"pqienso"},"content":"","lastModifiedDate":"2024-02-03"},{"lineNumber":98,"author":{"gitId":"pqienso"},"content":"        } else if (userLine.getCommand().equals(\"event\")) {","lastModifiedDate":"2024-02-03"},{"lineNumber":99,"author":{"gitId":"pqienso"},"content":"            String description \u003d userLine.getArgument();","lastModifiedDate":"2024-02-03"},{"lineNumber":100,"author":{"gitId":"pqienso"},"content":"            String start \u003d userLine.getValue(\"start\");","lastModifiedDate":"2024-02-03"},{"lineNumber":101,"author":{"gitId":"pqienso"},"content":"            String end \u003d userLine.getValue(\"end\");","lastModifiedDate":"2024-02-03"},{"lineNumber":102,"author":{"gitId":"pqienso"},"content":"            if (start.isEmpty() || end.isEmpty() || description.isEmpty()) {","lastModifiedDate":"2024-02-03"},{"lineNumber":103,"author":{"gitId":"pqienso"},"content":"                printNoValueForFields();","lastModifiedDate":"2024-02-03"},{"lineNumber":104,"author":{"gitId":"pqienso"},"content":"            } else {","lastModifiedDate":"2024-02-03"},{"lineNumber":105,"author":{"gitId":"pqienso"},"content":"                Task newTask \u003d listOfTasks.addTask(description, start, end);","lastModifiedDate":"2024-02-04"},{"lineNumber":106,"author":{"gitId":"pqienso"},"content":"                printTaskAdded(newTask, listOfTasks.getNumTasks());","lastModifiedDate":"2024-02-04"},{"lineNumber":107,"author":{"gitId":"pqienso"},"content":"            }","lastModifiedDate":"2024-02-03"},{"lineNumber":108,"author":{"gitId":"pqienso"},"content":"","lastModifiedDate":"2024-02-03"},{"lineNumber":109,"author":{"gitId":"pqienso"},"content":"        } else {","lastModifiedDate":"2024-02-03"},{"lineNumber":110,"author":{"gitId":"pqienso"},"content":"            printNoSuchCommand();","lastModifiedDate":"2024-02-03"},{"lineNumber":111,"author":{"gitId":"pqienso"},"content":"        }","lastModifiedDate":"2024-02-03"},{"lineNumber":112,"author":{"gitId":"pqienso"},"content":"    }","lastModifiedDate":"2024-02-03"},{"lineNumber":113,"author":{"gitId":"pqienso"},"content":"","lastModifiedDate":"2024-02-03"},{"lineNumber":114,"author":{"gitId":"pqienso"},"content":"    private static String getUserInput() {","lastModifiedDate":"2024-02-03"},{"lineNumber":115,"author":{"gitId":"pqienso"},"content":"        String inputLine \u003d SCANNER.nextLine();","lastModifiedDate":"2024-02-03"},{"lineNumber":116,"author":{"gitId":"pqienso"},"content":"        // silently consume all blank and comment lines","lastModifiedDate":"2024-02-03"},{"lineNumber":117,"author":{"gitId":"pqienso"},"content":"        while (inputLine.trim().isEmpty()) {","lastModifiedDate":"2024-02-03"},{"lineNumber":118,"author":{"gitId":"pqienso"},"content":"            inputLine \u003d SCANNER.nextLine();","lastModifiedDate":"2024-02-03"},{"lineNumber":119,"author":{"gitId":"pqienso"},"content":"        }","lastModifiedDate":"2024-02-03"},{"lineNumber":120,"author":{"gitId":"pqienso"},"content":"        return inputLine;","lastModifiedDate":"2024-02-03"},{"lineNumber":121,"author":{"gitId":"pqienso"},"content":"    }","lastModifiedDate":"2024-02-03"},{"lineNumber":122,"author":{"gitId":"pqienso"},"content":"","lastModifiedDate":"2024-02-03"},{"lineNumber":123,"author":{"gitId":"pqienso"},"content":"    public static void main(String[] args) {","lastModifiedDate":"2024-02-03"},{"lineNumber":124,"author":{"gitId":"pqienso"},"content":"        printWelcomeMessage();","lastModifiedDate":"2024-02-03"},{"lineNumber":125,"author":{"gitId":"pqienso"},"content":"","lastModifiedDate":"2024-02-03"},{"lineNumber":126,"author":{"gitId":"pqienso"},"content":"        String line \u003d getUserInput();","lastModifiedDate":"2024-02-03"},{"lineNumber":127,"author":{"gitId":"pqienso"},"content":"        TaskList listOfTasks \u003d new TaskList();","lastModifiedDate":"2024-02-04"},{"lineNumber":128,"author":{"gitId":"pqienso"},"content":"","lastModifiedDate":"2024-02-03"},{"lineNumber":129,"author":{"gitId":"pqienso"},"content":"        while (!line.equals(\"bye\")) {","lastModifiedDate":"2024-02-03"},{"lineNumber":130,"author":{"gitId":"pqienso"},"content":"            processAndExecute(line, listOfTasks);","lastModifiedDate":"2024-02-04"},{"lineNumber":131,"author":{"gitId":"pqienso"},"content":"            line \u003d getUserInput();","lastModifiedDate":"2024-02-03"},{"lineNumber":132,"author":{"gitId":"pqienso"},"content":"        }","lastModifiedDate":"2024-02-03"},{"lineNumber":133,"author":{"gitId":"pqienso"},"content":"","lastModifiedDate":"2024-02-03"},{"lineNumber":134,"author":{"gitId":"pqienso"},"content":"        printGoodbyeMessage();","lastModifiedDate":"2024-02-03"},{"lineNumber":135,"author":{"gitId":"pqienso"},"content":"    }","lastModifiedDate":"2024-02-03"},{"lineNumber":136,"author":{"gitId":"pqienso"},"content":"}","lastModifiedDate":"2024-01-26"}],"authorContributionMap":{"pqienso":136}},{"path":"src/main/java/Deadline.java","fileType":"java","lines":[{"lineNumber":1,"author":{"gitId":"pqienso"},"content":"public class Deadline extends Task {","lastModifiedDate":"2024-02-03"},{"lineNumber":2,"author":{"gitId":"pqienso"},"content":"    private String by;","lastModifiedDate":"2024-02-03"},{"lineNumber":3,"author":{"gitId":"pqienso"},"content":"","lastModifiedDate":"2024-02-03"},{"lineNumber":4,"author":{"gitId":"pqienso"},"content":"    public Deadline(String description, String by) {","lastModifiedDate":"2024-02-03"},{"lineNumber":5,"author":{"gitId":"pqienso"},"content":"        super(description);","lastModifiedDate":"2024-02-03"},{"lineNumber":6,"author":{"gitId":"pqienso"},"content":"        this.by \u003d by;","lastModifiedDate":"2024-02-03"},{"lineNumber":7,"author":{"gitId":"pqienso"},"content":"    }","lastModifiedDate":"2024-02-03"},{"lineNumber":8,"author":{"gitId":"pqienso"},"content":"","lastModifiedDate":"2024-02-03"},{"lineNumber":9,"author":{"gitId":"pqienso"},"content":"    @Override","lastModifiedDate":"2024-02-03"},{"lineNumber":10,"author":{"gitId":"pqienso"},"content":"    public String toString() {","lastModifiedDate":"2024-02-03"},{"lineNumber":11,"author":{"gitId":"pqienso"},"content":"        return \"[D]\" + super.toString() + \" (by: \" + this.by + \")\";","lastModifiedDate":"2024-02-03"},{"lineNumber":12,"author":{"gitId":"pqienso"},"content":"    }","lastModifiedDate":"2024-02-03"},{"lineNumber":13,"author":{"gitId":"pqienso"},"content":"","lastModifiedDate":"2024-02-03"},{"lineNumber":14,"author":{"gitId":"pqienso"},"content":"    public void setBy(String by) {","lastModifiedDate":"2024-02-03"},{"lineNumber":15,"author":{"gitId":"pqienso"},"content":"        this.by \u003d by;","lastModifiedDate":"2024-02-03"},{"lineNumber":16,"author":{"gitId":"pqienso"},"content":"    }","lastModifiedDate":"2024-02-03"},{"lineNumber":17,"author":{"gitId":"pqienso"},"content":"}","lastModifiedDate":"2024-02-03"}],"authorContributionMap":{"pqienso":17}},{"path":"src/main/java/Event.java","fileType":"java","lines":[{"lineNumber":1,"author":{"gitId":"pqienso"},"content":"public class Event extends Task {","lastModifiedDate":"2024-02-03"},{"lineNumber":2,"author":{"gitId":"pqienso"},"content":"    private final String start;","lastModifiedDate":"2024-02-03"},{"lineNumber":3,"author":{"gitId":"pqienso"},"content":"    private final String end;","lastModifiedDate":"2024-02-03"},{"lineNumber":4,"author":{"gitId":"pqienso"},"content":"","lastModifiedDate":"2024-02-03"},{"lineNumber":5,"author":{"gitId":"pqienso"},"content":"    public Event(String description, String start, String end) {","lastModifiedDate":"2024-02-03"},{"lineNumber":6,"author":{"gitId":"pqienso"},"content":"        super(description);","lastModifiedDate":"2024-02-03"},{"lineNumber":7,"author":{"gitId":"pqienso"},"content":"        this.start \u003d start;","lastModifiedDate":"2024-02-03"},{"lineNumber":8,"author":{"gitId":"pqienso"},"content":"        this.end \u003d end;","lastModifiedDate":"2024-02-03"},{"lineNumber":9,"author":{"gitId":"pqienso"},"content":"    }","lastModifiedDate":"2024-02-03"},{"lineNumber":10,"author":{"gitId":"pqienso"},"content":"","lastModifiedDate":"2024-02-03"},{"lineNumber":11,"author":{"gitId":"pqienso"},"content":"    @Override","lastModifiedDate":"2024-02-03"},{"lineNumber":12,"author":{"gitId":"pqienso"},"content":"    public String toString() {","lastModifiedDate":"2024-02-03"},{"lineNumber":13,"author":{"gitId":"pqienso"},"content":"        return \"[E]\" + super.toString() + \" (from: \" + start + \" to: \" + end + \")\";","lastModifiedDate":"2024-02-03"},{"lineNumber":14,"author":{"gitId":"pqienso"},"content":"    }","lastModifiedDate":"2024-02-03"},{"lineNumber":15,"author":{"gitId":"pqienso"},"content":"}","lastModifiedDate":"2024-02-03"}],"authorContributionMap":{"pqienso":15}},{"path":"src/main/java/Parser.java","fileType":"java","lines":[{"lineNumber":1,"author":{"gitId":"pqienso"},"content":"public class Parser {","lastModifiedDate":"2024-02-03"},{"lineNumber":2,"author":{"gitId":"pqienso"},"content":"    private final String[] fieldValuePairs;","lastModifiedDate":"2024-02-03"},{"lineNumber":3,"author":{"gitId":"pqienso"},"content":"    private final String command;","lastModifiedDate":"2024-02-03"},{"lineNumber":4,"author":{"gitId":"pqienso"},"content":"","lastModifiedDate":"2024-02-03"},{"lineNumber":5,"author":{"gitId":"pqienso"},"content":"    public String getValue(String field) {","lastModifiedDate":"2024-02-03"},{"lineNumber":6,"author":{"gitId":"pqienso"},"content":"        for (String item : fieldValuePairs) {","lastModifiedDate":"2024-02-03"},{"lineNumber":7,"author":{"gitId":"pqienso"},"content":"            if (item.startsWith(field) \u0026\u0026 item.contains(\" \")) {","lastModifiedDate":"2024-02-03"},{"lineNumber":8,"author":{"gitId":"pqienso"},"content":"                int indexOfFirstSpace \u003d item.indexOf(\" \");","lastModifiedDate":"2024-02-03"},{"lineNumber":9,"author":{"gitId":"pqienso"},"content":"                return item.substring(indexOfFirstSpace + 1).trim();","lastModifiedDate":"2024-02-03"},{"lineNumber":10,"author":{"gitId":"pqienso"},"content":"            }","lastModifiedDate":"2024-02-03"},{"lineNumber":11,"author":{"gitId":"pqienso"},"content":"        }","lastModifiedDate":"2024-02-03"},{"lineNumber":12,"author":{"gitId":"pqienso"},"content":"        return \"\";","lastModifiedDate":"2024-02-03"},{"lineNumber":13,"author":{"gitId":"pqienso"},"content":"    }","lastModifiedDate":"2024-02-03"},{"lineNumber":14,"author":{"gitId":"pqienso"},"content":"","lastModifiedDate":"2024-02-03"},{"lineNumber":15,"author":{"gitId":"pqienso"},"content":"    public String getArgument() {","lastModifiedDate":"2024-02-03"},{"lineNumber":16,"author":{"gitId":"pqienso"},"content":"        int indexOfFirstSpace \u003d command.indexOf(\" \");","lastModifiedDate":"2024-02-03"},{"lineNumber":17,"author":{"gitId":"pqienso"},"content":"        return command.substring(indexOfFirstSpace + 1).trim();","lastModifiedDate":"2024-02-03"},{"lineNumber":18,"author":{"gitId":"pqienso"},"content":"    }","lastModifiedDate":"2024-02-03"},{"lineNumber":19,"author":{"gitId":"pqienso"},"content":"","lastModifiedDate":"2024-02-03"},{"lineNumber":20,"author":{"gitId":"pqienso"},"content":"","lastModifiedDate":"2024-02-03"},{"lineNumber":21,"author":{"gitId":"pqienso"},"content":"    public String getCommand() {","lastModifiedDate":"2024-02-03"},{"lineNumber":22,"author":{"gitId":"pqienso"},"content":"        int indexOfFirstSpace \u003d command.indexOf(\" \");","lastModifiedDate":"2024-02-03"},{"lineNumber":23,"author":{"gitId":"pqienso"},"content":"        if (indexOfFirstSpace !\u003d -1) {","lastModifiedDate":"2024-02-03"},{"lineNumber":24,"author":{"gitId":"pqienso"},"content":"            return command.substring(0, indexOfFirstSpace).trim();","lastModifiedDate":"2024-02-03"},{"lineNumber":25,"author":{"gitId":"pqienso"},"content":"        } else {","lastModifiedDate":"2024-02-03"},{"lineNumber":26,"author":{"gitId":"pqienso"},"content":"            return command;","lastModifiedDate":"2024-02-03"},{"lineNumber":27,"author":{"gitId":"pqienso"},"content":"        }","lastModifiedDate":"2024-02-03"},{"lineNumber":28,"author":{"gitId":"pqienso"},"content":"    }","lastModifiedDate":"2024-02-03"},{"lineNumber":29,"author":{"gitId":"pqienso"},"content":"","lastModifiedDate":"2024-02-03"},{"lineNumber":30,"author":{"gitId":"pqienso"},"content":"    public Parser(String line) {","lastModifiedDate":"2024-02-03"},{"lineNumber":31,"author":{"gitId":"pqienso"},"content":"        int indexOfFirstSlash \u003d line.indexOf(\u0027/\u0027);","lastModifiedDate":"2024-02-03"},{"lineNumber":32,"author":{"gitId":"pqienso"},"content":"        if (indexOfFirstSlash !\u003d -1) {","lastModifiedDate":"2024-02-03"},{"lineNumber":33,"author":{"gitId":"pqienso"},"content":"            command \u003d line.substring(0, indexOfFirstSlash);","lastModifiedDate":"2024-02-03"},{"lineNumber":34,"author":{"gitId":"pqienso"},"content":"            fieldValuePairs \u003d line.substring(indexOfFirstSlash + 1).split(\"/\");","lastModifiedDate":"2024-02-03"},{"lineNumber":35,"author":{"gitId":"pqienso"},"content":"            for (String item : fieldValuePairs) {","lastModifiedDate":"2024-02-03"},{"lineNumber":36,"author":{"gitId":"pqienso"},"content":"                item \u003d item.trim();","lastModifiedDate":"2024-02-03"},{"lineNumber":37,"author":{"gitId":"pqienso"},"content":"            }","lastModifiedDate":"2024-02-03"},{"lineNumber":38,"author":{"gitId":"pqienso"},"content":"        } else {","lastModifiedDate":"2024-02-03"},{"lineNumber":39,"author":{"gitId":"pqienso"},"content":"            command \u003d line.trim();","lastModifiedDate":"2024-02-03"},{"lineNumber":40,"author":{"gitId":"pqienso"},"content":"            fieldValuePairs \u003d new String[0];","lastModifiedDate":"2024-02-03"},{"lineNumber":41,"author":{"gitId":"pqienso"},"content":"        }","lastModifiedDate":"2024-02-03"},{"lineNumber":42,"author":{"gitId":"pqienso"},"content":"    }","lastModifiedDate":"2024-02-03"},{"lineNumber":43,"author":{"gitId":"pqienso"},"content":"}","lastModifiedDate":"2024-02-03"}],"authorContributionMap":{"pqienso":43}},{"path":"src/main/java/Task.java","fileType":"java","lines":[{"lineNumber":1,"author":{"gitId":"pqienso"},"content":"public class Task {","lastModifiedDate":"2024-01-29"},{"lineNumber":2,"author":{"gitId":"pqienso"},"content":"    protected String description;","lastModifiedDate":"2024-02-03"},{"lineNumber":3,"author":{"gitId":"pqienso"},"content":"    protected boolean isDone;","lastModifiedDate":"2024-02-03"},{"lineNumber":4,"author":{"gitId":"pqienso"},"content":"","lastModifiedDate":"2024-01-29"},{"lineNumber":5,"author":{"gitId":"pqienso"},"content":"    public Task(String description) {","lastModifiedDate":"2024-01-29"},{"lineNumber":6,"author":{"gitId":"pqienso"},"content":"        this.description \u003d description;","lastModifiedDate":"2024-01-29"},{"lineNumber":7,"author":{"gitId":"pqienso"},"content":"        this.isDone \u003d false;","lastModifiedDate":"2024-01-29"},{"lineNumber":8,"author":{"gitId":"pqienso"},"content":"    }","lastModifiedDate":"2024-01-29"},{"lineNumber":9,"author":{"gitId":"pqienso"},"content":"","lastModifiedDate":"2024-01-29"},{"lineNumber":10,"author":{"gitId":"pqienso"},"content":"    public String toString() {","lastModifiedDate":"2024-02-03"},{"lineNumber":11,"author":{"gitId":"pqienso"},"content":"        String checkBox \u003d \"[ ] \";","lastModifiedDate":"2024-02-03"},{"lineNumber":12,"author":{"gitId":"pqienso"},"content":"        if (isDone) {","lastModifiedDate":"2024-01-29"},{"lineNumber":13,"author":{"gitId":"pqienso"},"content":"            checkBox \u003d \"[X] \";","lastModifiedDate":"2024-02-03"},{"lineNumber":14,"author":{"gitId":"pqienso"},"content":"        }","lastModifiedDate":"2024-01-29"},{"lineNumber":15,"author":{"gitId":"pqienso"},"content":"        return checkBox + description;","lastModifiedDate":"2024-02-03"},{"lineNumber":16,"author":{"gitId":"pqienso"},"content":"    }","lastModifiedDate":"2024-01-29"},{"lineNumber":17,"author":{"gitId":"pqienso"},"content":"","lastModifiedDate":"2024-01-29"},{"lineNumber":18,"author":{"gitId":"pqienso"},"content":"    public String getDescription() {","lastModifiedDate":"2024-01-29"},{"lineNumber":19,"author":{"gitId":"pqienso"},"content":"        return description;","lastModifiedDate":"2024-01-29"},{"lineNumber":20,"author":{"gitId":"pqienso"},"content":"    }","lastModifiedDate":"2024-01-29"},{"lineNumber":21,"author":{"gitId":"pqienso"},"content":"","lastModifiedDate":"2024-01-29"},{"lineNumber":22,"author":{"gitId":"pqienso"},"content":"    public void setDescription(String description) {","lastModifiedDate":"2024-01-29"},{"lineNumber":23,"author":{"gitId":"pqienso"},"content":"        this.description \u003d description;","lastModifiedDate":"2024-01-29"},{"lineNumber":24,"author":{"gitId":"pqienso"},"content":"    }","lastModifiedDate":"2024-01-29"},{"lineNumber":25,"author":{"gitId":"pqienso"},"content":"","lastModifiedDate":"2024-01-29"},{"lineNumber":26,"author":{"gitId":"pqienso"},"content":"    public boolean checkDone() {","lastModifiedDate":"2024-02-02"},{"lineNumber":27,"author":{"gitId":"pqienso"},"content":"        return isDone;","lastModifiedDate":"2024-01-29"},{"lineNumber":28,"author":{"gitId":"pqienso"},"content":"    }","lastModifiedDate":"2024-01-29"},{"lineNumber":29,"author":{"gitId":"pqienso"},"content":"","lastModifiedDate":"2024-01-29"},{"lineNumber":30,"author":{"gitId":"pqienso"},"content":"    public void setDone() {","lastModifiedDate":"2024-01-29"},{"lineNumber":31,"author":{"gitId":"pqienso"},"content":"        isDone \u003d true;","lastModifiedDate":"2024-01-29"},{"lineNumber":32,"author":{"gitId":"pqienso"},"content":"    }","lastModifiedDate":"2024-01-29"},{"lineNumber":33,"author":{"gitId":"pqienso"},"content":"","lastModifiedDate":"2024-01-29"},{"lineNumber":34,"author":{"gitId":"pqienso"},"content":"    public void setUndone() {","lastModifiedDate":"2024-01-29"},{"lineNumber":35,"author":{"gitId":"pqienso"},"content":"        isDone \u003d false;","lastModifiedDate":"2024-01-29"},{"lineNumber":36,"author":{"gitId":"pqienso"},"content":"    }","lastModifiedDate":"2024-01-29"},{"lineNumber":37,"author":{"gitId":"pqienso"},"content":"}","lastModifiedDate":"2024-01-29"}],"authorContributionMap":{"pqienso":37}},{"path":"src/main/java/TaskList.java","fileType":"java","lines":[{"lineNumber":1,"author":{"gitId":"pqienso"},"content":"import java.util.Arrays;","lastModifiedDate":"2024-02-04"},{"lineNumber":2,"author":{"gitId":"pqienso"},"content":"","lastModifiedDate":"2024-02-04"},{"lineNumber":3,"author":{"gitId":"pqienso"},"content":"public class TaskList {","lastModifiedDate":"2024-02-04"},{"lineNumber":4,"author":{"gitId":"pqienso"},"content":"    private Task[] tasks;","lastModifiedDate":"2024-02-04"},{"lineNumber":5,"author":{"gitId":"pqienso"},"content":"    private int numTasks;","lastModifiedDate":"2024-02-04"},{"lineNumber":6,"author":{"gitId":"pqienso"},"content":"    private int numTasksDone;","lastModifiedDate":"2024-02-04"},{"lineNumber":7,"author":{"gitId":"pqienso"},"content":"","lastModifiedDate":"2024-02-04"},{"lineNumber":8,"author":{"gitId":"pqienso"},"content":"    public int getNumTasks() {","lastModifiedDate":"2024-02-04"},{"lineNumber":9,"author":{"gitId":"pqienso"},"content":"        return numTasks;","lastModifiedDate":"2024-02-04"},{"lineNumber":10,"author":{"gitId":"pqienso"},"content":"    }","lastModifiedDate":"2024-02-04"},{"lineNumber":11,"author":{"gitId":"pqienso"},"content":"","lastModifiedDate":"2024-02-04"},{"lineNumber":12,"author":{"gitId":"pqienso"},"content":"    public Task[] getTaskList() {","lastModifiedDate":"2024-02-04"},{"lineNumber":13,"author":{"gitId":"pqienso"},"content":"        return Arrays.copyOf(tasks, numTasks);","lastModifiedDate":"2024-02-04"},{"lineNumber":14,"author":{"gitId":"pqienso"},"content":"    }","lastModifiedDate":"2024-02-04"},{"lineNumber":15,"author":{"gitId":"pqienso"},"content":"","lastModifiedDate":"2024-02-04"},{"lineNumber":16,"author":{"gitId":"pqienso"},"content":"    public int getNumTasksDone() {","lastModifiedDate":"2024-02-04"},{"lineNumber":17,"author":{"gitId":"pqienso"},"content":"        return numTasksDone;","lastModifiedDate":"2024-02-04"},{"lineNumber":18,"author":{"gitId":"pqienso"},"content":"    }","lastModifiedDate":"2024-02-04"},{"lineNumber":19,"author":{"gitId":"pqienso"},"content":"","lastModifiedDate":"2024-02-04"},{"lineNumber":20,"author":{"gitId":"pqienso"},"content":"    public Task addTask(String description) {","lastModifiedDate":"2024-02-04"},{"lineNumber":21,"author":{"gitId":"pqienso"},"content":"        tasks[numTasks] \u003d new ToDo(description);","lastModifiedDate":"2024-02-04"},{"lineNumber":22,"author":{"gitId":"pqienso"},"content":"        numTasks +\u003d 1;","lastModifiedDate":"2024-02-04"},{"lineNumber":23,"author":{"gitId":"pqienso"},"content":"        return tasks[numTasks - 1];","lastModifiedDate":"2024-02-04"},{"lineNumber":24,"author":{"gitId":"pqienso"},"content":"    }","lastModifiedDate":"2024-02-04"},{"lineNumber":25,"author":{"gitId":"pqienso"},"content":"","lastModifiedDate":"2024-02-04"},{"lineNumber":26,"author":{"gitId":"pqienso"},"content":"    public Task addTask(String description, String by) {","lastModifiedDate":"2024-02-04"},{"lineNumber":27,"author":{"gitId":"pqienso"},"content":"        tasks[numTasks] \u003d new Deadline(description, by);","lastModifiedDate":"2024-02-04"},{"lineNumber":28,"author":{"gitId":"pqienso"},"content":"        numTasks +\u003d 1;","lastModifiedDate":"2024-02-04"},{"lineNumber":29,"author":{"gitId":"pqienso"},"content":"        return tasks[numTasks - 1];","lastModifiedDate":"2024-02-04"},{"lineNumber":30,"author":{"gitId":"pqienso"},"content":"    }","lastModifiedDate":"2024-02-04"},{"lineNumber":31,"author":{"gitId":"pqienso"},"content":"","lastModifiedDate":"2024-02-04"},{"lineNumber":32,"author":{"gitId":"pqienso"},"content":"    public Task addTask(String description, String start, String end) {","lastModifiedDate":"2024-02-04"},{"lineNumber":33,"author":{"gitId":"pqienso"},"content":"        tasks[numTasks] \u003d new Event(description, start, end);","lastModifiedDate":"2024-02-04"},{"lineNumber":34,"author":{"gitId":"pqienso"},"content":"        numTasks +\u003d 1;","lastModifiedDate":"2024-02-04"},{"lineNumber":35,"author":{"gitId":"pqienso"},"content":"        return tasks[numTasks - 1];","lastModifiedDate":"2024-02-04"},{"lineNumber":36,"author":{"gitId":"pqienso"},"content":"    }","lastModifiedDate":"2024-02-04"},{"lineNumber":37,"author":{"gitId":"pqienso"},"content":"","lastModifiedDate":"2024-02-04"},{"lineNumber":38,"author":{"gitId":"pqienso"},"content":"    public Task markTask(int index, boolean isDone) {","lastModifiedDate":"2024-02-04"},{"lineNumber":39,"author":{"gitId":"pqienso"},"content":"        if(index \u003e\u003d numTasks){","lastModifiedDate":"2024-02-04"},{"lineNumber":40,"author":{"gitId":"pqienso"},"content":"            return null;","lastModifiedDate":"2024-02-04"},{"lineNumber":41,"author":{"gitId":"pqienso"},"content":"        }","lastModifiedDate":"2024-02-04"},{"lineNumber":42,"author":{"gitId":"pqienso"},"content":"        else if (isDone) {","lastModifiedDate":"2024-02-04"},{"lineNumber":43,"author":{"gitId":"pqienso"},"content":"            tasks[index].setDone();","lastModifiedDate":"2024-02-04"},{"lineNumber":44,"author":{"gitId":"pqienso"},"content":"            numTasksDone +\u003d 1;","lastModifiedDate":"2024-02-04"},{"lineNumber":45,"author":{"gitId":"pqienso"},"content":"        }","lastModifiedDate":"2024-02-04"},{"lineNumber":46,"author":{"gitId":"pqienso"},"content":"        else {","lastModifiedDate":"2024-02-04"},{"lineNumber":47,"author":{"gitId":"pqienso"},"content":"            tasks[index].setUndone();","lastModifiedDate":"2024-02-04"},{"lineNumber":48,"author":{"gitId":"pqienso"},"content":"            numTasksDone -\u003d 1;","lastModifiedDate":"2024-02-04"},{"lineNumber":49,"author":{"gitId":"pqienso"},"content":"        }","lastModifiedDate":"2024-02-04"},{"lineNumber":50,"author":{"gitId":"pqienso"},"content":"        return tasks[index];","lastModifiedDate":"2024-02-04"},{"lineNumber":51,"author":{"gitId":"pqienso"},"content":"    }","lastModifiedDate":"2024-02-04"},{"lineNumber":52,"author":{"gitId":"pqienso"},"content":"","lastModifiedDate":"2024-02-04"},{"lineNumber":53,"author":{"gitId":"pqienso"},"content":"    public TaskList() {","lastModifiedDate":"2024-02-04"},{"lineNumber":54,"author":{"gitId":"pqienso"},"content":"        tasks \u003d new Task[100];","lastModifiedDate":"2024-02-04"},{"lineNumber":55,"author":{"gitId":"pqienso"},"content":"        numTasks \u003d 0;","lastModifiedDate":"2024-02-04"},{"lineNumber":56,"author":{"gitId":"pqienso"},"content":"        numTasksDone \u003d 0;","lastModifiedDate":"2024-02-04"},{"lineNumber":57,"author":{"gitId":"pqienso"},"content":"    }","lastModifiedDate":"2024-02-04"},{"lineNumber":58,"author":{"gitId":"pqienso"},"content":"","lastModifiedDate":"2024-02-04"},{"lineNumber":59,"author":{"gitId":"pqienso"},"content":"    public String toString(){","lastModifiedDate":"2024-02-04"},{"lineNumber":60,"author":{"gitId":"pqienso"},"content":"        StringBuilder result \u003d new StringBuilder();","lastModifiedDate":"2024-02-04"},{"lineNumber":61,"author":{"gitId":"pqienso"},"content":"        for (int i \u003d 0; i \u003c numTasks; i +\u003d 1) {","lastModifiedDate":"2024-02-04"},{"lineNumber":62,"author":{"gitId":"pqienso"},"content":"            result.append(\"    \").append(i+1).append(\u0027.\u0027).append(tasks[i].toString());","lastModifiedDate":"2024-02-04"},{"lineNumber":63,"author":{"gitId":"pqienso"},"content":"            if (i !\u003d numTasks - 1) {","lastModifiedDate":"2024-02-04"},{"lineNumber":64,"author":{"gitId":"pqienso"},"content":"                result.append(\u0027\\n\u0027);","lastModifiedDate":"2024-02-04"},{"lineNumber":65,"author":{"gitId":"pqienso"},"content":"            }","lastModifiedDate":"2024-02-04"},{"lineNumber":66,"author":{"gitId":"pqienso"},"content":"        }","lastModifiedDate":"2024-02-04"},{"lineNumber":67,"author":{"gitId":"pqienso"},"content":"        return result.toString();","lastModifiedDate":"2024-02-04"},{"lineNumber":68,"author":{"gitId":"pqienso"},"content":"    }","lastModifiedDate":"2024-02-04"},{"lineNumber":69,"author":{"gitId":"pqienso"},"content":"}","lastModifiedDate":"2024-02-04"}],"authorContributionMap":{"pqienso":69}},{"path":"src/main/java/ToDo.java","fileType":"java","lines":[{"lineNumber":1,"author":{"gitId":"pqienso"},"content":"public class ToDo extends Task {","lastModifiedDate":"2024-02-03"},{"lineNumber":2,"author":{"gitId":"pqienso"},"content":"    public ToDo(String description) {","lastModifiedDate":"2024-02-03"},{"lineNumber":3,"author":{"gitId":"pqienso"},"content":"        super(description);","lastModifiedDate":"2024-02-03"},{"lineNumber":4,"author":{"gitId":"pqienso"},"content":"    }","lastModifiedDate":"2024-02-03"},{"lineNumber":5,"author":{"gitId":"pqienso"},"content":"","lastModifiedDate":"2024-02-03"},{"lineNumber":6,"author":{"gitId":"pqienso"},"content":"    @Override","lastModifiedDate":"2024-02-03"},{"lineNumber":7,"author":{"gitId":"pqienso"},"content":"    public String toString() {","lastModifiedDate":"2024-02-03"},{"lineNumber":8,"author":{"gitId":"pqienso"},"content":"        return \"[T]\" + super.toString();","lastModifiedDate":"2024-02-03"},{"lineNumber":9,"author":{"gitId":"pqienso"},"content":"    }","lastModifiedDate":"2024-02-03"},{"lineNumber":10,"author":{"gitId":"pqienso"},"content":"}","lastModifiedDate":"2024-02-03"},{"lineNumber":11,"author":{"gitId":"pqienso"},"content":"","lastModifiedDate":"2024-02-03"}],"authorContributionMap":{"pqienso":11}}]
