{"authorDailyContributionsMap":{"pqienso":[{"date":"2024-01-26","commitResults":[{"hash":"3131c873d539cee2aeba3c31f7486306a8b88236","isMergeCommit":false,"messageTitle":"Rename to bean; add skeletal code","messageBody":"","tags":["Level-0"],"fileTypesAndContributionMap":{"java":{"insertions":9,"deletions":10}}}]},{"date":"2024-01-29","commitResults":[{"hash":"c7dc7e35bac55e095b9b158d12d9d96616df5dbd","isMergeCommit":false,"messageTitle":"Add echo functionality","messageBody":"","tags":["Level-1"],"fileTypesAndContributionMap":{"java":{"insertions":14,"deletions":5}}},{"hash":"507f53a5192ed56beb0a190bd494dbaf8573ff07","isMergeCommit":false,"messageTitle":"Add list functionality","messageBody":"","tags":["Level-2"],"fileTypesAndContributionMap":{"java":{"insertions":24,"deletions":2}}},{"hash":"32de0a9bfe1787bf59b4b1de64d0c5cf42b3f55c","isMergeCommit":false,"messageTitle":"Refactor bean to use task class","messageBody":"","fileTypesAndContributionMap":{"java":{"insertions":39,"deletions":5}}},{"hash":"2e4881febe07d608dc2474b8b18478c61dbed801","isMergeCommit":false,"messageTitle":"Add checklist functionality","messageBody":"","tags":["Level-3"],"fileTypesAndContributionMap":{"java":{"insertions":27,"deletions":3}}},{"hash":"adbe00fa8dd73b0163b92fb722855712391012bc","isMergeCommit":false,"messageTitle":"Add line separators after each command","messageBody":"","fileTypesAndContributionMap":{"java":{"insertions":9,"deletions":5}}}]},{"date":"2024-02-02","commitResults":[{"hash":"06054e1a9ae1b47b77337cfd85fe6f9b3e9d9758","isMergeCommit":false,"messageTitle":"Change style to follow standard","messageBody":"","tags":["A-CodingStandard"],"fileTypesAndContributionMap":{"java":{"insertions":17,"deletions":23}}}]},{"date":"2024-02-03","commitResults":[{"hash":"8eccd8df6d24667a8b54099536e193772f14948d","isMergeCommit":false,"messageTitle":"Add Parser, ToDo, Event, Deadline classes","messageBody":"","fileTypesAndContributionMap":{"java":{"insertions":223,"deletions":46}}},{"hash":"ac85c6a717763bdfd2f3dfa96563576b5657ed02","isMergeCommit":false,"messageTitle":"Reformat code","messageBody":"","tags":["Level-4"],"fileTypesAndContributionMap":{"java":{"insertions":17,"deletions":21}}}]},{"date":"2024-02-04","commitResults":[{"hash":"1d90f83541091f006b79c34c9046adee01af83d8","isMergeCommit":false,"messageTitle":"Refactor Bean to use TaskList class, add task counter","messageBody":"","fileTypesAndContributionMap":{"java":{"insertions":93,"deletions":34}}},{"hash":"961f872874ce1c7348f838f10701d5b3d09f6c01","isMergeCommit":false,"messageTitle":"Introduce constants","messageBody":"","tags":["A-CodeQuality"],"fileTypesAndContributionMap":{"java":{"insertions":21,"deletions":10}}}]},{"date":"2024-02-11","commitResults":[{"hash":"2cc792941de233dfbafadddda3cc3d6274b4c003","isMergeCommit":false,"messageTitle":"Organize classes into packages","messageBody":"","tags":["A-Packages"],"fileTypesAndContributionMap":{"java":{"insertions":28,"deletions":7}}},{"hash":"e97e19bc798d56f8c649f7f28db86668be24329d","isMergeCommit":true,"messageTitle":"Merge branch \u0027branch-A-Packages\u0027","messageBody":"","fileTypesAndContributionMap":{}},{"hash":"cb28532e3a94434488f8559d256ccb4ec4939585","isMergeCommit":false,"messageTitle":"Add exceptions","messageBody":"","tags":["Level-5","A-Exceptions"],"fileTypesAndContributionMap":{"java":{"insertions":82,"deletions":50}}},{"hash":"b209fc5b83515449e87a480249595ffac27297bc","isMergeCommit":true,"messageTitle":"Merge branch \u0027branch-Level-5\u0027","messageBody":"","fileTypesAndContributionMap":{}}]},{"date":"2024-02-18","commitResults":[{"hash":"ce93ae2df1359a679263650242b9ea1fa8eab2f3","isMergeCommit":false,"messageTitle":"Cleanup code, add remove functionality","messageBody":"","fileTypesAndContributionMap":{"java":{"insertions":65,"deletions":34}}},{"hash":"3f488beef5b89cab0928516afbe9f5a469f13edc","isMergeCommit":false,"messageTitle":"Remove unused methods","messageBody":"","tags":["Level-6","A-Collections"],"fileTypesAndContributionMap":{"java":{"insertions":0,"deletions":4}}},{"hash":"3d997ddeb3654146864873c18e3c1cf4a6d9d38a","isMergeCommit":false,"messageTitle":"Add save functionality","messageBody":"","tags":["Level-7"],"fileTypesAndContributionMap":{"txt":{"insertions":3,"deletions":0},"java":{"insertions":137,"deletions":20}}},{"hash":"65646a647059382db558f92039b7045bf4d3d4e7","isMergeCommit":true,"messageTitle":"Merge branch \u0027branch-Level-6\u0027","messageBody":"","fileTypesAndContributionMap":{}},{"hash":"a5b71c1043678c249653885ef5961c0970c41a8f","isMergeCommit":true,"messageTitle":"Merge branch \u0027branch-Level-7\u0027","messageBody":"# Conflicts:\n#\tsrc/main/java/bean/task/Deadline.java\n","fileTypesAndContributionMap":{}},{"hash":"a16fff3c585641be2011a575a51c9bd1a7ad2676","isMergeCommit":false,"messageTitle":"Refactor Bean class","messageBody":"","fileTypesAndContributionMap":{"java":{"insertions":112,"deletions":87}}},{"hash":"559606b3aaeee6aba5b28c12b6ecdc36e9d6d103","isMergeCommit":false,"messageTitle":"Change file path","messageBody":"","fileTypesAndContributionMap":{"java":{"insertions":1,"deletions":1}}},{"hash":"481d468851b45ebe01b7cec47b9fbbf02c1e2544","isMergeCommit":false,"messageTitle":"Fix bugs, change file path, package as jar file","messageBody":"","tags":["A-Jar"],"fileTypesAndContributionMap":{"java":{"insertions":4,"deletions":4}}}]},{"date":"2024-02-25","commitResults":[{"hash":"de23d1171567d6b92bc69d5a57f1b2e02444bba9","isMergeCommit":false,"messageTitle":"Refactor into Storage and Ui class, change file path","messageBody":"","tags":["A-MoreOOP"],"fileTypesAndContributionMap":{"java":{"insertions":192,"deletions":167}}}]},{"date":"2024-02-26","commitResults":[{"hash":"bc1c8031a3e8727fc83636e2b3225e6a82382b45","isMergeCommit":false,"messageTitle":"Add date functionality","messageBody":"","fileTypesAndContributionMap":{"java":{"insertions":40,"deletions":10}}},{"hash":"2219eb0f62c6b2918b4c49558e963085b7226b3a","isMergeCommit":true,"messageTitle":"Merge pull request #1 from pqienso/branch-Level-8","messageBody":"Add date functionality","fileTypesAndContributionMap":{}},{"hash":"251fb5365221d99e7dfcb515b3366b886d2596e5","isMergeCommit":false,"messageTitle":"Revert \"Add date functionality\"","messageBody":"","fileTypesAndContributionMap":{"java":{"insertions":10,"deletions":40}}},{"hash":"c92985fe4f17c31996e64619bfe30d53c34d8e38","isMergeCommit":true,"messageTitle":"Merge pull request #2 from pqienso/revert-1-branch-Level-8","messageBody":"Revert \"Add date functionality\"","fileTypesAndContributionMap":{}},{"hash":"d94da8e69c40ddc9620ba595f2edbab144b5eb63","isMergeCommit":false,"messageTitle":"Add find functionality","messageBody":"","tags":["Level-9"],"fileTypesAndContributionMap":{"java":{"insertions":36,"deletions":9}}},{"hash":"618128174a61fd85fdf5cbebc825f1984597be7f","isMergeCommit":false,"messageTitle":"Add JavaDoc","messageBody":"","tags":["A-JavaDoc"],"fileTypesAndContributionMap":{"java":{"insertions":160,"deletions":8}}},{"hash":"3ff553779140ae50c02eeec17c13669feff5e33e","isMergeCommit":false,"messageTitle":"Add date functionality","messageBody":"","tags":["Level-8"],"fileTypesAndContributionMap":{"java":{"insertions":42,"deletions":12}}},{"hash":"eff84bfed7b9689bc32c60506f79e23eacf632c7","isMergeCommit":true,"messageTitle":"Merge pull request #3 from pqienso/branch-Level-8","messageBody":"Add date functionality","fileTypesAndContributionMap":{}},{"hash":"667de79fef17e322d8e8459093f4e5cc1315035f","isMergeCommit":true,"messageTitle":"Merge branch \u0027master\u0027 into branch-Level-9","messageBody":"","fileTypesAndContributionMap":{}},{"hash":"85e0e6080886eb08ee863aab1f1aa37d98bb28ac","isMergeCommit":true,"messageTitle":"Merge branch \u0027master\u0027 into branch-A-JavaDoc","messageBody":"","fileTypesAndContributionMap":{}},{"hash":"693cd7a13a068936019bb84df840b95e009eb736","isMergeCommit":true,"messageTitle":"Merge pull request #4 from pqienso/branch-Level-9","messageBody":"Branch level 9","fileTypesAndContributionMap":{}},{"hash":"716edb70f08215d0a16b50c2578d6a80cfd8066c","isMergeCommit":true,"messageTitle":"Merge branch \u0027master\u0027 into branch-A-JavaDoc","messageBody":"# Conflicts:\n#\tsrc/main/java/bean/Bean.java\n","fileTypesAndContributionMap":{}},{"hash":"40f5b17d5d78861b9dae4a0be785d303b3dd27e9","isMergeCommit":true,"messageTitle":"Merge pull request #6 from pqienso/branch-A-JavaDoc","messageBody":"Branch A-JavaDoc","fileTypesAndContributionMap":{}}]},{"date":"2024-02-27","commitResults":[{"hash":"fa43350c19c36190f9b35ce8083c2d606de3e366","isMergeCommit":false,"messageTitle":"Change file path to fix bug","messageBody":"","fileTypesAndContributionMap":{"java":{"insertions":1,"deletions":1}}}]}]},"authorFileTypeContributionMap":{"pqienso":{"java":799,"md":0,"fxml":0,"sh":0,"bat":0,"gradle":0,"txt":0}},"authorContributionVariance":{"pqienso":13767.391},"authorDisplayNameMap":{"pqienso":"CS2113-F14-3 LIM ..U AN"}}
