{"authorDailyContributionsMap":{"john-nng":[{"date":"2024-02-01","commitResults":[{"hash":"71d03b1362baeb854c7f7bc11c1cadd262be7aa5","isMergeCommit":false,"messageTitle":"Implemented John Chatbot","messageBody":"","fileTypesAndContributionMap":{"java":{"insertions":2,"deletions":0}}}]},{"date":"2024-02-05","commitResults":[{"hash":"40d56e0a614e90181e0e33bc82e86e6a4e718fc1","isMergeCommit":false,"messageTitle":"Completed Week 3 Duke","messageBody":"","fileTypesAndContributionMap":{"java":{"insertions":117,"deletions":1}}},{"hash":"65e2991cad4d7df0fe09721ad7c560eeeec54cb7","isMergeCommit":false,"messageTitle":"Added Todo, Deadline, and Event","messageBody":"","fileTypesAndContributionMap":{"java":{"insertions":171,"deletions":29}}}]}]},"authorFileTypeContributionMap":{"john-nng":{"java":270,"md":0,"fxml":0,"sh":0,"bat":0,"gradle":0,"txt":0}},"authorContributionVariance":{"john-nng":5302.1733},"authorDisplayNameMap":{"john-nng":"CS2113-T13-2 NGUY..JOHN"}}
