{"authorDailyContributionsMap":{"john-nng":[{"date":"2024-02-01","commitResults":[{"hash":"71d03b1362baeb854c7f7bc11c1cadd262be7aa5","isMergeCommit":false,"messageTitle":"Implemented John Chatbot","messageBody":"","fileTypesAndContributionMap":{"java":{"insertions":2,"deletions":0}}}]},{"date":"2024-02-05","commitResults":[{"hash":"40d56e0a614e90181e0e33bc82e86e6a4e718fc1","isMergeCommit":false,"messageTitle":"Completed Week 3 Duke","messageBody":"","fileTypesAndContributionMap":{"java":{"insertions":117,"deletions":1}}},{"hash":"65e2991cad4d7df0fe09721ad7c560eeeec54cb7","isMergeCommit":false,"messageTitle":"Added Todo, Deadline, and Event","messageBody":"","fileTypesAndContributionMap":{"java":{"insertions":171,"deletions":29}}}]},{"date":"2024-02-06","commitResults":[{"hash":"0b33d11395d34f65d92098d69835d98ce5fcbb1b","isMergeCommit":false,"messageTitle":"New branch level 5","messageBody":"","fileTypesAndContributionMap":{"java":{"insertions":2,"deletions":2}}},{"hash":"0cbe3dca6b28a11bf4f4c33cbdd12d587c646415","isMergeCommit":false,"messageTitle":"Added Exceptions to commands","messageBody":"","tags":["Level-5"],"fileTypesAndContributionMap":{"java":{"insertions":109,"deletions":63}}},{"hash":"ce717c47f2a1a3b06cdefcbdde847eb793b5149d","isMergeCommit":false,"messageTitle":"organized commands into package","messageBody":"","fileTypesAndContributionMap":{"java":{"insertions":24,"deletions":14}}}]},{"date":"2024-02-15","commitResults":[{"hash":"6b967dae84868e89606f6f412bed5f5feebfbd0e","isMergeCommit":false,"messageTitle":"commit before working on level 6 \u0026 7","messageBody":"","fileTypesAndContributionMap":{"java":{"insertions":9,"deletions":27}}}]},{"date":"2024-02-20","commitResults":[{"hash":"35d058655fd717db5d940b652f147d4e304bdc01","isMergeCommit":false,"messageTitle":"Implemented delete function in branch level 6","messageBody":"","fileTypesAndContributionMap":{"java":{"insertions":34,"deletions":1}}}]},{"date":"2024-02-21","commitResults":[{"hash":"dc8868f2fccea0c69d0d5507a30f042ef1374ec1","isMergeCommit":false,"messageTitle":"Completed auto-save function on branch Level 7","messageBody":"","fileTypesAndContributionMap":{"txt":{"insertions":1,"deletions":0},"java":{"insertions":123,"deletions":3}}},{"hash":"571a024e1327528efe286ff4e6ba8e74a3f85b24","isMergeCommit":true,"messageTitle":"resolved merge conflicts between level 6 and level 7","messageBody":"","tags":["Level-7"],"fileTypesAndContributionMap":{}}]}]},"authorFileTypeContributionMap":{"john-nng":{"java":466,"md":0,"fxml":0,"sh":0,"bat":0,"gradle":0,"txt":1}},"authorContributionVariance":{"john-nng":4406.3076},"authorDisplayNameMap":{"john-nng":"CS2113-T13-2 NGUY..JOHN"}}
