[{"path":"src/main/java/Bobble/Bobble.java","fileType":"java","lines":[{"lineNumber":1,"author":{"gitId":"kyuichyi"},"content":"package Bobble;","lastModifiedDate":"2024-02-15"},{"lineNumber":2,"author":{"gitId":"kyuichyi"},"content":"","lastModifiedDate":"2024-02-15"},{"lineNumber":3,"author":{"gitId":"kyuichyi"},"content":"import Bobble.task.*;","lastModifiedDate":"2024-02-15"},{"lineNumber":4,"author":{"gitId":"kyuichyi"},"content":"","lastModifiedDate":"2024-02-29"},{"lineNumber":5,"author":{"gitId":"kyuichyi"},"content":"import java.io.File;","lastModifiedDate":"2024-02-29"},{"lineNumber":6,"author":{"gitId":"kyuichyi"},"content":"import java.io.IOException;","lastModifiedDate":"2024-02-29"},{"lineNumber":7,"author":{"gitId":"kyuichyi"},"content":"import java.util.Scanner;","lastModifiedDate":"2024-02-01"},{"lineNumber":8,"author":{"gitId":"kyuichyi"},"content":"import java.util.ArrayList;","lastModifiedDate":"2024-02-29"},{"lineNumber":9,"author":{"gitId":"kyuichyi"},"content":"","lastModifiedDate":"2024-02-01"},{"lineNumber":10,"author":{"gitId":"kyuichyi"},"content":"public class Bobble {","lastModifiedDate":"2024-01-25"},{"lineNumber":11,"author":{"gitId":"kyuichyi"},"content":"    private static final String FILE_NAME \u003d \"./data/bobble.txt\";","lastModifiedDate":"2024-02-29"},{"lineNumber":12,"author":{"gitId":"kyuichyi"},"content":"","lastModifiedDate":"2024-02-15"},{"lineNumber":13,"author":{"gitId":"kyuichyi"},"content":"    private static ArrayList\u003cTask\u003e taskList \u003d new ArrayList\u003c\u003e();","lastModifiedDate":"2024-02-29"},{"lineNumber":14,"author":{"gitId":"kyuichyi"},"content":"    public static final String LINE_WRAP \u003d \"____________________________________________________________\\n\";","lastModifiedDate":"2024-02-15"},{"lineNumber":15,"author":{"gitId":"kyuichyi"},"content":"","lastModifiedDate":"2024-02-15"},{"lineNumber":16,"author":{"gitId":"kyuichyi"},"content":"","lastModifiedDate":"2024-02-29"},{"lineNumber":17,"author":{"gitId":"kyuichyi"},"content":"","lastModifiedDate":"2024-02-29"},{"lineNumber":18,"author":{"gitId":"kyuichyi"},"content":"    public static void main(String[] args) {","lastModifiedDate":"2024-02-01"},{"lineNumber":19,"author":{"gitId":"kyuichyi"},"content":"        try {","lastModifiedDate":"2024-02-29"},{"lineNumber":20,"author":{"gitId":"kyuichyi"},"content":"            taskList \u003d new FileManager().loadSavedList();","lastModifiedDate":"2024-02-29"},{"lineNumber":21,"author":{"gitId":"kyuichyi"},"content":"        } catch (IOException e) {","lastModifiedDate":"2024-02-29"},{"lineNumber":22,"author":{"gitId":"kyuichyi"},"content":"            throw new RuntimeException(e);","lastModifiedDate":"2024-02-29"},{"lineNumber":23,"author":{"gitId":"kyuichyi"},"content":"        }","lastModifiedDate":"2024-02-29"},{"lineNumber":24,"author":{"gitId":"kyuichyi"},"content":"","lastModifiedDate":"2024-02-29"},{"lineNumber":25,"author":{"gitId":"kyuichyi"},"content":"        start();","lastModifiedDate":"2024-02-01"},{"lineNumber":26,"author":{"gitId":"kyuichyi"},"content":"        Scanner input \u003d new Scanner(System.in);","lastModifiedDate":"2024-02-01"},{"lineNumber":27,"author":{"gitId":"kyuichyi"},"content":"        String userInput \u003d input.nextLine();","lastModifiedDate":"2024-02-01"},{"lineNumber":28,"author":{"gitId":"kyuichyi"},"content":"","lastModifiedDate":"2024-02-01"},{"lineNumber":29,"author":{"gitId":"kyuichyi"},"content":"        while (!userInput.equals(\"bye\")) {","lastModifiedDate":"2024-02-01"},{"lineNumber":30,"author":{"gitId":"kyuichyi"},"content":"            String[] UserInputs \u003d getCommandAndDesc(userInput);","lastModifiedDate":"2024-02-15"},{"lineNumber":31,"author":{"gitId":"kyuichyi"},"content":"            String command \u003d UserInputs[0];","lastModifiedDate":"2024-02-29"},{"lineNumber":32,"author":{"gitId":"kyuichyi"},"content":"            try {","lastModifiedDate":"2024-02-15"},{"lineNumber":33,"author":{"gitId":"kyuichyi"},"content":"                switch (command) {","lastModifiedDate":"2024-02-08"},{"lineNumber":34,"author":{"gitId":"kyuichyi"},"content":"                case \"list\":","lastModifiedDate":"2024-02-01"},{"lineNumber":35,"author":{"gitId":"kyuichyi"},"content":"                    listResponse();","lastModifiedDate":"2024-02-29"},{"lineNumber":36,"author":{"gitId":"kyuichyi"},"content":"                    break;","lastModifiedDate":"2024-02-01"},{"lineNumber":37,"author":{"gitId":"kyuichyi"},"content":"                case \"todo\":","lastModifiedDate":"2024-02-08"},{"lineNumber":38,"author":{"gitId":"kyuichyi"},"content":"                    ToDo newToDo \u003d new ToDo(UserInputs[1]);","lastModifiedDate":"2024-02-29"},{"lineNumber":39,"author":{"gitId":"kyuichyi"},"content":"                    taskList.add(newToDo);","lastModifiedDate":"2024-02-29"},{"lineNumber":40,"author":{"gitId":"kyuichyi"},"content":"                    addTaskResponse(newToDo);","lastModifiedDate":"2024-02-29"},{"lineNumber":41,"author":{"gitId":"kyuichyi"},"content":"                    break;","lastModifiedDate":"2024-02-08"},{"lineNumber":42,"author":{"gitId":"kyuichyi"},"content":"                case \"deadline\":","lastModifiedDate":"2024-02-08"},{"lineNumber":43,"author":{"gitId":"kyuichyi"},"content":"                    String[] parts \u003d UserInputs[1].split(\"/by\");","lastModifiedDate":"2024-02-08"},{"lineNumber":44,"author":{"gitId":"kyuichyi"},"content":"                    Deadline newDeadline \u003d new Deadline(parts[0], parts[1]);","lastModifiedDate":"2024-02-29"},{"lineNumber":45,"author":{"gitId":"kyuichyi"},"content":"                    taskList.add(newDeadline);","lastModifiedDate":"2024-02-29"},{"lineNumber":46,"author":{"gitId":"kyuichyi"},"content":"                    addTaskResponse(newDeadline);","lastModifiedDate":"2024-02-29"},{"lineNumber":47,"author":{"gitId":"kyuichyi"},"content":"                    break;","lastModifiedDate":"2024-02-08"},{"lineNumber":48,"author":{"gitId":"kyuichyi"},"content":"                case \"event\":","lastModifiedDate":"2024-02-08"},{"lineNumber":49,"author":{"gitId":"kyuichyi"},"content":"                    parts \u003d UserInputs[1].split(\"/from\");","lastModifiedDate":"2024-02-08"},{"lineNumber":50,"author":{"gitId":"kyuichyi"},"content":"                    String[] duration \u003d parts[1].split(\"/to\");","lastModifiedDate":"2024-02-08"},{"lineNumber":51,"author":{"gitId":"kyuichyi"},"content":"                    Event newEvent \u003d new Event(parts[0], duration[0], duration[1]);","lastModifiedDate":"2024-02-29"},{"lineNumber":52,"author":{"gitId":"kyuichyi"},"content":"                    taskList.add(newEvent);","lastModifiedDate":"2024-02-29"},{"lineNumber":53,"author":{"gitId":"kyuichyi"},"content":"                    addTaskResponse(newEvent);","lastModifiedDate":"2024-02-29"},{"lineNumber":54,"author":{"gitId":"kyuichyi"},"content":"                    break;","lastModifiedDate":"2024-02-08"},{"lineNumber":55,"author":{"gitId":"kyuichyi"},"content":"                case \"mark\":","lastModifiedDate":"2024-02-08"},{"lineNumber":56,"author":{"gitId":"kyuichyi"},"content":"                    int taskNumber \u003d Integer.parseInt(userInput.substring(5)) - 1;","lastModifiedDate":"2024-02-02"},{"lineNumber":57,"author":{"gitId":"kyuichyi"},"content":"                    markResponse(taskList.get(taskNumber), taskNumber);","lastModifiedDate":"2024-02-29"},{"lineNumber":58,"author":{"gitId":"kyuichyi"},"content":"                    break;","lastModifiedDate":"2024-02-08"},{"lineNumber":59,"author":{"gitId":"kyuichyi"},"content":"                case \"unmark\":","lastModifiedDate":"2024-02-08"},{"lineNumber":60,"author":{"gitId":"kyuichyi"},"content":"                    taskNumber \u003d Integer.parseInt(userInput.substring(7)) - 1;","lastModifiedDate":"2024-02-08"},{"lineNumber":61,"author":{"gitId":"kyuichyi"},"content":"                    unmarkResponse(taskList.get(taskNumber), taskNumber);","lastModifiedDate":"2024-02-29"},{"lineNumber":62,"author":{"gitId":"kyuichyi"},"content":"                    break;","lastModifiedDate":"2024-02-29"},{"lineNumber":63,"author":{"gitId":"kyuichyi"},"content":"                case \"delete\":","lastModifiedDate":"2024-02-29"},{"lineNumber":64,"author":{"gitId":"kyuichyi"},"content":"                    taskNumber \u003d Integer.parseInt(userInput.substring(7)) - 1;","lastModifiedDate":"2024-02-29"},{"lineNumber":65,"author":{"gitId":"kyuichyi"},"content":"                    deleteResponse(taskList.get(taskNumber), taskNumber);","lastModifiedDate":"2024-02-29"},{"lineNumber":66,"author":{"gitId":"kyuichyi"},"content":"                    break;","lastModifiedDate":"2024-02-08"},{"lineNumber":67,"author":{"gitId":"kyuichyi"},"content":"                default:","lastModifiedDate":"2024-02-08"},{"lineNumber":68,"author":{"gitId":"kyuichyi"},"content":"                    throw new BobbleExceptionCommand();","lastModifiedDate":"2024-02-15"},{"lineNumber":69,"author":{"gitId":"kyuichyi"},"content":"                }","lastModifiedDate":"2024-02-15"},{"lineNumber":70,"author":{"gitId":"kyuichyi"},"content":"            } catch (BobbleExceptionCommand e) {","lastModifiedDate":"2024-02-15"},{"lineNumber":71,"author":{"gitId":"kyuichyi"},"content":"                System.out.println(LINE_WRAP +","lastModifiedDate":"2024-02-15"},{"lineNumber":72,"author":{"gitId":"kyuichyi"},"content":"                        \"OOPS!! I\u0027m sorry, but I don\u0027t know what that means :-(\\n\" +","lastModifiedDate":"2024-02-15"},{"lineNumber":73,"author":{"gitId":"kyuichyi"},"content":"                        LINE_WRAP);","lastModifiedDate":"2024-02-15"},{"lineNumber":74,"author":{"gitId":"kyuichyi"},"content":"            } catch (IndexOutOfBoundsException e) {","lastModifiedDate":"2024-02-15"},{"lineNumber":75,"author":{"gitId":"kyuichyi"},"content":"                System.out.println(LINE_WRAP +","lastModifiedDate":"2024-02-15"},{"lineNumber":76,"author":{"gitId":"kyuichyi"},"content":"                        \"OOPS!! One or more fields of a(n) \" + command + \" cannot be empty.\\n\" +","lastModifiedDate":"2024-02-15"},{"lineNumber":77,"author":{"gitId":"kyuichyi"},"content":"                        LINE_WRAP);","lastModifiedDate":"2024-02-15"},{"lineNumber":78,"author":{"gitId":"kyuichyi"},"content":"            }","lastModifiedDate":"2024-02-02"},{"lineNumber":79,"author":{"gitId":"kyuichyi"},"content":"            userInput \u003d input.nextLine();","lastModifiedDate":"2024-02-01"},{"lineNumber":80,"author":{"gitId":"kyuichyi"},"content":"        }","lastModifiedDate":"2024-02-01"},{"lineNumber":81,"author":{"gitId":"kyuichyi"},"content":"        goodbye();","lastModifiedDate":"2024-02-01"},{"lineNumber":82,"author":{"gitId":"kyuichyi"},"content":"    }","lastModifiedDate":"2024-02-01"},{"lineNumber":83,"author":{"gitId":"kyuichyi"},"content":"","lastModifiedDate":"2024-01-25"},{"lineNumber":84,"author":{"gitId":"kyuichyi"},"content":"    private static void deleteResponse(Task task, int taskNumber) {","lastModifiedDate":"2024-02-29"},{"lineNumber":85,"author":{"gitId":"kyuichyi"},"content":"        System.out.println(LINE_WRAP + \"Noted. I\u0027ve removed this task:\\n\" +","lastModifiedDate":"2024-02-29"},{"lineNumber":86,"author":{"gitId":"kyuichyi"},"content":"                task.toString() + \"\\nNow you have \" + (taskList.size() - 1) +","lastModifiedDate":"2024-02-29"},{"lineNumber":87,"author":{"gitId":"kyuichyi"},"content":"                \" task(s) in the list.\\n\" + LINE_WRAP);","lastModifiedDate":"2024-02-29"},{"lineNumber":88,"author":{"gitId":"kyuichyi"},"content":"        taskList.remove(taskNumber);","lastModifiedDate":"2024-02-29"},{"lineNumber":89,"author":{"gitId":"kyuichyi"},"content":"        FileManager.saveWholeList(taskList);","lastModifiedDate":"2024-02-29"},{"lineNumber":90,"author":{"gitId":"kyuichyi"},"content":"    }","lastModifiedDate":"2024-02-29"},{"lineNumber":91,"author":{"gitId":"kyuichyi"},"content":"","lastModifiedDate":"2024-02-29"},{"lineNumber":92,"author":{"gitId":"kyuichyi"},"content":"    private static void listResponse() {","lastModifiedDate":"2024-02-29"},{"lineNumber":93,"author":{"gitId":"kyuichyi"},"content":"        System.out.println(LINE_WRAP + \"Here are the tasks in your list:\");","lastModifiedDate":"2024-02-15"},{"lineNumber":94,"author":{"gitId":"kyuichyi"},"content":"        for (int i \u003d 0; i \u003c taskList.size(); i++) {","lastModifiedDate":"2024-02-29"},{"lineNumber":95,"author":{"gitId":"kyuichyi"},"content":"            System.out.println((i + 1) + \".\" + taskList.get(i).toString());","lastModifiedDate":"2024-02-29"},{"lineNumber":96,"author":{"gitId":"kyuichyi"},"content":"        }","lastModifiedDate":"2024-02-08"},{"lineNumber":97,"author":{"gitId":"kyuichyi"},"content":"        System.out.println(LINE_WRAP);","lastModifiedDate":"2024-02-15"},{"lineNumber":98,"author":{"gitId":"kyuichyi"},"content":"    }","lastModifiedDate":"2024-02-08"},{"lineNumber":99,"author":{"gitId":"kyuichyi"},"content":"","lastModifiedDate":"2024-02-08"},{"lineNumber":100,"author":{"gitId":"kyuichyi"},"content":"    private static void markResponse(Task task, int taskNumber) {","lastModifiedDate":"2024-02-29"},{"lineNumber":101,"author":{"gitId":"kyuichyi"},"content":"        taskList.get(taskNumber).setDone(true);","lastModifiedDate":"2024-02-29"},{"lineNumber":102,"author":{"gitId":"kyuichyi"},"content":"        System.out.println(\"Nice! I\u0027ve marked this task as done:\\n\" +","lastModifiedDate":"2024-02-08"},{"lineNumber":103,"author":{"gitId":"kyuichyi"},"content":"                task.toString() + \"\\n\" + LINE_WRAP);","lastModifiedDate":"2024-02-29"},{"lineNumber":104,"author":{"gitId":"kyuichyi"},"content":"        FileManager.saveWholeList(taskList);","lastModifiedDate":"2024-02-29"},{"lineNumber":105,"author":{"gitId":"kyuichyi"},"content":"    }","lastModifiedDate":"2024-02-08"},{"lineNumber":106,"author":{"gitId":"kyuichyi"},"content":"","lastModifiedDate":"2024-02-08"},{"lineNumber":107,"author":{"gitId":"kyuichyi"},"content":"    private static void unmarkResponse(Task task, int taskNumber) {","lastModifiedDate":"2024-02-29"},{"lineNumber":108,"author":{"gitId":"kyuichyi"},"content":"        taskList.get(taskNumber).setDone(false);","lastModifiedDate":"2024-02-29"},{"lineNumber":109,"author":{"gitId":"kyuichyi"},"content":"        System.out.println(\"OK, I\u0027ve marked this task as not done yet:\\n\" +","lastModifiedDate":"2024-02-08"},{"lineNumber":110,"author":{"gitId":"kyuichyi"},"content":"                task.toString() + \"\\n\" + LINE_WRAP);","lastModifiedDate":"2024-02-15"},{"lineNumber":111,"author":{"gitId":"kyuichyi"},"content":"        FileManager.saveWholeList(taskList);","lastModifiedDate":"2024-02-29"},{"lineNumber":112,"author":{"gitId":"kyuichyi"},"content":"    }","lastModifiedDate":"2024-02-08"},{"lineNumber":113,"author":{"gitId":"kyuichyi"},"content":"","lastModifiedDate":"2024-02-08"},{"lineNumber":114,"author":{"gitId":"kyuichyi"},"content":"    public static String[] getCommandAndDesc(String input) {","lastModifiedDate":"2024-02-15"},{"lineNumber":115,"author":{"gitId":"kyuichyi"},"content":"        return input.split(\" \", 2);","lastModifiedDate":"2024-02-29"},{"lineNumber":116,"author":{"gitId":"kyuichyi"},"content":"    }","lastModifiedDate":"2024-02-08"},{"lineNumber":117,"author":{"gitId":"kyuichyi"},"content":"","lastModifiedDate":"2024-02-08"},{"lineNumber":118,"author":{"gitId":"kyuichyi"},"content":"    public static void addTaskResponse(Task task) {","lastModifiedDate":"2024-02-29"},{"lineNumber":119,"author":{"gitId":"kyuichyi"},"content":"        System.out.println(LINE_WRAP +","lastModifiedDate":"2024-02-15"},{"lineNumber":120,"author":{"gitId":"kyuichyi"},"content":"                \"Got it. I\u0027ve added this task: \\n  \" +","lastModifiedDate":"2024-02-08"},{"lineNumber":121,"author":{"gitId":"kyuichyi"},"content":"                task.toString() +","lastModifiedDate":"2024-02-08"},{"lineNumber":122,"author":{"gitId":"kyuichyi"},"content":"                \"\\nNow you have \" + taskList.size() + \" task(s) in the list.\\n\" +","lastModifiedDate":"2024-02-29"},{"lineNumber":123,"author":{"gitId":"kyuichyi"},"content":"                LINE_WRAP);","lastModifiedDate":"2024-02-15"},{"lineNumber":124,"author":{"gitId":"kyuichyi"},"content":"        FileManager.saveAddedTask(taskList);","lastModifiedDate":"2024-02-29"},{"lineNumber":125,"author":{"gitId":"kyuichyi"},"content":"    }","lastModifiedDate":"2024-02-08"},{"lineNumber":126,"author":{"gitId":"kyuichyi"},"content":"","lastModifiedDate":"2024-02-08"},{"lineNumber":127,"author":{"gitId":"kyuichyi"},"content":"    //Greets user","lastModifiedDate":"2024-01-25"},{"lineNumber":128,"author":{"gitId":"kyuichyi"},"content":"    public static void start() {","lastModifiedDate":"2024-01-25"},{"lineNumber":129,"author":{"gitId":"kyuichyi"},"content":"        System.out.println(LINE_WRAP +","lastModifiedDate":"2024-02-15"},{"lineNumber":130,"author":{"gitId":"kyuichyi"},"content":"                \"Hello! I\u0027m Bobble\\n\" +","lastModifiedDate":"2024-02-29"},{"lineNumber":131,"author":{"gitId":"kyuichyi"},"content":"                \"What can I do for you?\\n\" +","lastModifiedDate":"2024-02-15"},{"lineNumber":132,"author":{"gitId":"kyuichyi"},"content":"                LINE_WRAP);","lastModifiedDate":"2024-02-15"},{"lineNumber":133,"author":{"gitId":"kyuichyi"},"content":"    }","lastModifiedDate":"2024-01-25"},{"lineNumber":134,"author":{"gitId":"kyuichyi"},"content":"","lastModifiedDate":"2024-02-01"},{"lineNumber":135,"author":{"gitId":"kyuichyi"},"content":"    //Exits","lastModifiedDate":"2024-02-02"},{"lineNumber":136,"author":{"gitId":"kyuichyi"},"content":"    public static void goodbye() {","lastModifiedDate":"2024-01-25"},{"lineNumber":137,"author":{"gitId":"kyuichyi"},"content":"        System.out.println(LINE_WRAP +","lastModifiedDate":"2024-02-15"},{"lineNumber":138,"author":{"gitId":"kyuichyi"},"content":"                \"Bye. Hope to see you again soon!\\n\" + LINE_WRAP);","lastModifiedDate":"2024-02-15"},{"lineNumber":139,"author":{"gitId":"kyuichyi"},"content":"    }","lastModifiedDate":"2024-01-25"},{"lineNumber":140,"author":{"gitId":"kyuichyi"},"content":"","lastModifiedDate":"2024-01-25"},{"lineNumber":141,"author":{"gitId":"kyuichyi"},"content":"}","lastModifiedDate":"2024-01-25"}],"authorContributionMap":{"kyuichyi":141}},{"path":"src/main/java/Bobble/BobbleException.java","fileType":"java","lines":[{"lineNumber":1,"author":{"gitId":"kyuichyi"},"content":"package Bobble;","lastModifiedDate":"2024-02-15"},{"lineNumber":2,"author":{"gitId":"kyuichyi"},"content":"","lastModifiedDate":"2024-02-15"},{"lineNumber":3,"author":{"gitId":"kyuichyi"},"content":"public class BobbleException extends Exception {","lastModifiedDate":"2024-02-15"},{"lineNumber":4,"author":{"gitId":"kyuichyi"},"content":"}","lastModifiedDate":"2024-02-15"},{"lineNumber":5,"author":{"gitId":"kyuichyi"},"content":"","lastModifiedDate":"2024-02-15"},{"lineNumber":6,"author":{"gitId":"kyuichyi"},"content":"class BobbleExceptionCommand extends BobbleException {","lastModifiedDate":"2024-02-15"},{"lineNumber":7,"author":{"gitId":"kyuichyi"},"content":"}","lastModifiedDate":"2024-02-15"}],"authorContributionMap":{"kyuichyi":7}},{"path":"src/main/java/Bobble/task/Deadline.java","fileType":"java","lines":[{"lineNumber":1,"author":{"gitId":"kyuichyi"},"content":"package Bobble.task;","lastModifiedDate":"2024-02-15"},{"lineNumber":2,"author":{"gitId":"kyuichyi"},"content":"","lastModifiedDate":"2024-02-15"},{"lineNumber":3,"author":{"gitId":"kyuichyi"},"content":"public class Deadline extends Task {","lastModifiedDate":"2024-02-08"},{"lineNumber":4,"author":{"gitId":"kyuichyi"},"content":"","lastModifiedDate":"2024-02-08"},{"lineNumber":5,"author":{"gitId":"kyuichyi"},"content":"    protected String by;","lastModifiedDate":"2024-02-08"},{"lineNumber":6,"author":{"gitId":"kyuichyi"},"content":"","lastModifiedDate":"2024-02-08"},{"lineNumber":7,"author":{"gitId":"kyuichyi"},"content":"    public Deadline(String description, String by) {","lastModifiedDate":"2024-02-08"},{"lineNumber":8,"author":{"gitId":"kyuichyi"},"content":"        super(description);","lastModifiedDate":"2024-02-08"},{"lineNumber":9,"author":{"gitId":"kyuichyi"},"content":"        this.by \u003d by;","lastModifiedDate":"2024-02-08"},{"lineNumber":10,"author":{"gitId":"kyuichyi"},"content":"    }","lastModifiedDate":"2024-02-08"},{"lineNumber":11,"author":{"gitId":"kyuichyi"},"content":"","lastModifiedDate":"2024-02-08"},{"lineNumber":12,"author":{"gitId":"kyuichyi"},"content":"    @Override","lastModifiedDate":"2024-02-08"},{"lineNumber":13,"author":{"gitId":"kyuichyi"},"content":"    public String toString() {","lastModifiedDate":"2024-02-08"},{"lineNumber":14,"author":{"gitId":"kyuichyi"},"content":"        return \"[D]\" + super.toString() + \"(by:\" + by + \")\";","lastModifiedDate":"2024-02-08"},{"lineNumber":15,"author":{"gitId":"kyuichyi"},"content":"    }","lastModifiedDate":"2024-02-08"},{"lineNumber":16,"author":{"gitId":"kyuichyi"},"content":"}","lastModifiedDate":"2024-02-08"}],"authorContributionMap":{"kyuichyi":16}},{"path":"src/main/java/Bobble/task/Event.java","fileType":"java","lines":[{"lineNumber":1,"author":{"gitId":"kyuichyi"},"content":"package Bobble.task;","lastModifiedDate":"2024-02-15"},{"lineNumber":2,"author":{"gitId":"kyuichyi"},"content":"","lastModifiedDate":"2024-02-15"},{"lineNumber":3,"author":{"gitId":"kyuichyi"},"content":"public class Event extends Task {","lastModifiedDate":"2024-02-08"},{"lineNumber":4,"author":{"gitId":"kyuichyi"},"content":"","lastModifiedDate":"2024-02-08"},{"lineNumber":5,"author":{"gitId":"kyuichyi"},"content":"    protected String from;","lastModifiedDate":"2024-02-08"},{"lineNumber":6,"author":{"gitId":"kyuichyi"},"content":"    protected String to;","lastModifiedDate":"2024-02-08"},{"lineNumber":7,"author":{"gitId":"kyuichyi"},"content":"","lastModifiedDate":"2024-02-08"},{"lineNumber":8,"author":{"gitId":"kyuichyi"},"content":"    public Event(String description, String from, String to) {","lastModifiedDate":"2024-02-08"},{"lineNumber":9,"author":{"gitId":"kyuichyi"},"content":"        super(description);","lastModifiedDate":"2024-02-08"},{"lineNumber":10,"author":{"gitId":"kyuichyi"},"content":"        this.from \u003d from;","lastModifiedDate":"2024-02-08"},{"lineNumber":11,"author":{"gitId":"kyuichyi"},"content":"        this.to \u003d to;","lastModifiedDate":"2024-02-08"},{"lineNumber":12,"author":{"gitId":"kyuichyi"},"content":"    }","lastModifiedDate":"2024-02-08"},{"lineNumber":13,"author":{"gitId":"kyuichyi"},"content":"","lastModifiedDate":"2024-02-08"},{"lineNumber":14,"author":{"gitId":"kyuichyi"},"content":"    @Override","lastModifiedDate":"2024-02-08"},{"lineNumber":15,"author":{"gitId":"kyuichyi"},"content":"    public String toString() {","lastModifiedDate":"2024-02-08"},{"lineNumber":16,"author":{"gitId":"kyuichyi"},"content":"        return \"[E]\" + super.toString() + \"(from:\" + from + \"to:\" + to + \")\";","lastModifiedDate":"2024-02-08"},{"lineNumber":17,"author":{"gitId":"kyuichyi"},"content":"    }","lastModifiedDate":"2024-02-08"},{"lineNumber":18,"author":{"gitId":"kyuichyi"},"content":"}","lastModifiedDate":"2024-02-08"}],"authorContributionMap":{"kyuichyi":18}},{"path":"src/main/java/Bobble/task/FileManager.java","fileType":"java","lines":[{"lineNumber":1,"author":{"gitId":"kyuichyi"},"content":"package Bobble.task;","lastModifiedDate":"2024-02-29"},{"lineNumber":2,"author":{"gitId":"kyuichyi"},"content":"","lastModifiedDate":"2024-02-29"},{"lineNumber":3,"author":{"gitId":"kyuichyi"},"content":"import java.io.File;","lastModifiedDate":"2024-02-29"},{"lineNumber":4,"author":{"gitId":"kyuichyi"},"content":"import java.io.FileWriter;","lastModifiedDate":"2024-02-29"},{"lineNumber":5,"author":{"gitId":"kyuichyi"},"content":"import java.io.IOException;","lastModifiedDate":"2024-02-29"},{"lineNumber":6,"author":{"gitId":"kyuichyi"},"content":"import java.io.FileNotFoundException;","lastModifiedDate":"2024-02-29"},{"lineNumber":7,"author":{"gitId":"kyuichyi"},"content":"import java.util.ArrayList;","lastModifiedDate":"2024-02-29"},{"lineNumber":8,"author":{"gitId":"kyuichyi"},"content":"import java.util.Scanner;","lastModifiedDate":"2024-02-29"},{"lineNumber":9,"author":{"gitId":"kyuichyi"},"content":"","lastModifiedDate":"2024-02-29"},{"lineNumber":10,"author":{"gitId":"kyuichyi"},"content":"public class FileManager extends ArrayList\u003cTask\u003e {","lastModifiedDate":"2024-02-29"},{"lineNumber":11,"author":{"gitId":"kyuichyi"},"content":"    private static final String FILE_PATH \u003d \"./data/bobble.txt\";","lastModifiedDate":"2024-02-29"},{"lineNumber":12,"author":{"gitId":"kyuichyi"},"content":"    private static final String DIRECTORY_PATH \u003d \"./data\";","lastModifiedDate":"2024-02-29"},{"lineNumber":13,"author":{"gitId":"kyuichyi"},"content":"    private static final String DIVIDER \u003d \"\\\\|\";","lastModifiedDate":"2024-02-29"},{"lineNumber":14,"author":{"gitId":"kyuichyi"},"content":"    private ArrayList\u003cTask\u003e savedTaskList;","lastModifiedDate":"2024-02-29"},{"lineNumber":15,"author":{"gitId":"kyuichyi"},"content":"","lastModifiedDate":"2024-02-29"},{"lineNumber":16,"author":{"gitId":"kyuichyi"},"content":"    public FileManager() {","lastModifiedDate":"2024-02-29"},{"lineNumber":17,"author":{"gitId":"kyuichyi"},"content":"        savedTaskList \u003d new ArrayList\u003c\u003e();","lastModifiedDate":"2024-02-29"},{"lineNumber":18,"author":{"gitId":"kyuichyi"},"content":"    }","lastModifiedDate":"2024-02-29"},{"lineNumber":19,"author":{"gitId":"kyuichyi"},"content":"","lastModifiedDate":"2024-02-29"},{"lineNumber":20,"author":{"gitId":"kyuichyi"},"content":"//    public ArrayList\u003cTask\u003e getSavedList() {","lastModifiedDate":"2024-02-29"},{"lineNumber":21,"author":{"gitId":"kyuichyi"},"content":"//        savedTaskList \u003d loadSavedTasks();","lastModifiedDate":"2024-02-29"},{"lineNumber":22,"author":{"gitId":"kyuichyi"},"content":"//        return this.savedTaskList;","lastModifiedDate":"2024-02-29"},{"lineNumber":23,"author":{"gitId":"kyuichyi"},"content":"//    }","lastModifiedDate":"2024-02-29"},{"lineNumber":24,"author":{"gitId":"kyuichyi"},"content":"","lastModifiedDate":"2024-02-29"},{"lineNumber":25,"author":{"gitId":"kyuichyi"},"content":"    public ArrayList\u003cTask\u003e loadSavedList() throws IOException {","lastModifiedDate":"2024-02-29"},{"lineNumber":26,"author":{"gitId":"kyuichyi"},"content":"        //if file(Path) does not exist, create a new file, return empty ArrayList","lastModifiedDate":"2024-02-29"},{"lineNumber":27,"author":{"gitId":"kyuichyi"},"content":"        //else","lastModifiedDate":"2024-02-29"},{"lineNumber":28,"author":{"gitId":"kyuichyi"},"content":"        //read file, parse file by \"|\", then input into savedtaskList","lastModifiedDate":"2024-02-29"},{"lineNumber":29,"author":{"gitId":"kyuichyi"},"content":"        // Check if the file exists","lastModifiedDate":"2024-02-29"},{"lineNumber":30,"author":{"gitId":"kyuichyi"},"content":"        File directory \u003d new File(DIRECTORY_PATH);","lastModifiedDate":"2024-02-29"},{"lineNumber":31,"author":{"gitId":"kyuichyi"},"content":"        if (!directory.exists()) {","lastModifiedDate":"2024-02-29"},{"lineNumber":32,"author":{"gitId":"kyuichyi"},"content":"            if (!directory.mkdirs()) {","lastModifiedDate":"2024-02-29"},{"lineNumber":33,"author":{"gitId":"kyuichyi"},"content":"                // Failed to create the directory","lastModifiedDate":"2024-02-29"},{"lineNumber":34,"author":{"gitId":"kyuichyi"},"content":"                throw new IOException(\"Failed to create directory: \" + directory.getAbsolutePath());","lastModifiedDate":"2024-02-29"},{"lineNumber":35,"author":{"gitId":"kyuichyi"},"content":"            }","lastModifiedDate":"2024-02-29"},{"lineNumber":36,"author":{"gitId":"kyuichyi"},"content":"        }","lastModifiedDate":"2024-02-29"},{"lineNumber":37,"author":{"gitId":"kyuichyi"},"content":"","lastModifiedDate":"2024-02-29"},{"lineNumber":38,"author":{"gitId":"kyuichyi"},"content":"        File file \u003d new File(FILE_PATH);","lastModifiedDate":"2024-02-29"},{"lineNumber":39,"author":{"gitId":"kyuichyi"},"content":"        if (!file.exists()) {","lastModifiedDate":"2024-02-29"},{"lineNumber":40,"author":{"gitId":"kyuichyi"},"content":"            // If the file does not exist, create a new file and return an empty ArrayList","lastModifiedDate":"2024-02-29"},{"lineNumber":41,"author":{"gitId":"kyuichyi"},"content":"            try {","lastModifiedDate":"2024-02-29"},{"lineNumber":42,"author":{"gitId":"kyuichyi"},"content":"                file.createNewFile();","lastModifiedDate":"2024-02-29"},{"lineNumber":43,"author":{"gitId":"kyuichyi"},"content":"            } catch (Exception e) {","lastModifiedDate":"2024-02-29"},{"lineNumber":44,"author":{"gitId":"kyuichyi"},"content":"                e.printStackTrace();","lastModifiedDate":"2024-02-29"},{"lineNumber":45,"author":{"gitId":"kyuichyi"},"content":"            }","lastModifiedDate":"2024-02-29"},{"lineNumber":46,"author":{"gitId":"kyuichyi"},"content":"            return savedTaskList;","lastModifiedDate":"2024-02-29"},{"lineNumber":47,"author":{"gitId":"kyuichyi"},"content":"        }","lastModifiedDate":"2024-02-29"},{"lineNumber":48,"author":{"gitId":"kyuichyi"},"content":"","lastModifiedDate":"2024-02-29"},{"lineNumber":49,"author":{"gitId":"kyuichyi"},"content":"        // If the file exists, read its contents","lastModifiedDate":"2024-02-29"},{"lineNumber":50,"author":{"gitId":"kyuichyi"},"content":"        try {","lastModifiedDate":"2024-02-29"},{"lineNumber":51,"author":{"gitId":"kyuichyi"},"content":"            Scanner scanner \u003d new Scanner(file);","lastModifiedDate":"2024-02-29"},{"lineNumber":52,"author":{"gitId":"kyuichyi"},"content":"            while (scanner.hasNextLine()) {","lastModifiedDate":"2024-02-29"},{"lineNumber":53,"author":{"gitId":"kyuichyi"},"content":"                // Parse each line by splitting it with \"|\"","lastModifiedDate":"2024-02-29"},{"lineNumber":54,"author":{"gitId":"kyuichyi"},"content":"                String savedTask \u003d scanner.nextLine();","lastModifiedDate":"2024-02-29"},{"lineNumber":55,"author":{"gitId":"kyuichyi"},"content":"                String[] parts \u003d savedTask.split(DIVIDER);","lastModifiedDate":"2024-02-29"},{"lineNumber":56,"author":{"gitId":"kyuichyi"},"content":"                switch (parts[0]) {","lastModifiedDate":"2024-02-29"},{"lineNumber":57,"author":{"gitId":"kyuichyi"},"content":"                case \"T\":","lastModifiedDate":"2024-02-29"},{"lineNumber":58,"author":{"gitId":"kyuichyi"},"content":"                    ToDo newToDo \u003d new ToDo(parts[2]);","lastModifiedDate":"2024-02-29"},{"lineNumber":59,"author":{"gitId":"kyuichyi"},"content":"                    savedTaskList.add(newToDo);","lastModifiedDate":"2024-02-29"},{"lineNumber":60,"author":{"gitId":"kyuichyi"},"content":"                    checkIfDone(parts[1]);","lastModifiedDate":"2024-02-29"},{"lineNumber":61,"author":{"gitId":"kyuichyi"},"content":"                    break;","lastModifiedDate":"2024-02-29"},{"lineNumber":62,"author":{"gitId":"kyuichyi"},"content":"                case \"D\":","lastModifiedDate":"2024-02-29"},{"lineNumber":63,"author":{"gitId":"kyuichyi"},"content":"                    String[] descAndBy \u003d parts[2].split(\"/by\");","lastModifiedDate":"2024-02-29"},{"lineNumber":64,"author":{"gitId":"kyuichyi"},"content":"                    Deadline newDeadline \u003d new Deadline(descAndBy[0], descAndBy[1]);","lastModifiedDate":"2024-02-29"},{"lineNumber":65,"author":{"gitId":"kyuichyi"},"content":"                    savedTaskList.add(newDeadline);","lastModifiedDate":"2024-02-29"},{"lineNumber":66,"author":{"gitId":"kyuichyi"},"content":"                    checkIfDone(parts[1]);","lastModifiedDate":"2024-02-29"},{"lineNumber":67,"author":{"gitId":"kyuichyi"},"content":"                    break;","lastModifiedDate":"2024-02-29"},{"lineNumber":68,"author":{"gitId":"kyuichyi"},"content":"                case \"E\":","lastModifiedDate":"2024-02-29"},{"lineNumber":69,"author":{"gitId":"kyuichyi"},"content":"                    String[] descAndTime \u003d parts[2].split(\"/from\");","lastModifiedDate":"2024-02-29"},{"lineNumber":70,"author":{"gitId":"kyuichyi"},"content":"                    String[] duration \u003d descAndTime[1].split(\"/to\");","lastModifiedDate":"2024-02-29"},{"lineNumber":71,"author":{"gitId":"kyuichyi"},"content":"                    Event newEvent \u003d new Event(descAndTime[0], duration[0], duration[1]);","lastModifiedDate":"2024-02-29"},{"lineNumber":72,"author":{"gitId":"kyuichyi"},"content":"                    savedTaskList.add(newEvent);","lastModifiedDate":"2024-02-29"},{"lineNumber":73,"author":{"gitId":"kyuichyi"},"content":"                    checkIfDone(parts[1]);","lastModifiedDate":"2024-02-29"},{"lineNumber":74,"author":{"gitId":"kyuichyi"},"content":"                    break;","lastModifiedDate":"2024-02-29"},{"lineNumber":75,"author":{"gitId":"kyuichyi"},"content":"                default:","lastModifiedDate":"2024-02-29"},{"lineNumber":76,"author":{"gitId":"kyuichyi"},"content":"                }","lastModifiedDate":"2024-02-29"},{"lineNumber":77,"author":{"gitId":"kyuichyi"},"content":"            }","lastModifiedDate":"2024-02-29"},{"lineNumber":78,"author":{"gitId":"kyuichyi"},"content":"            scanner.close();","lastModifiedDate":"2024-02-29"},{"lineNumber":79,"author":{"gitId":"kyuichyi"},"content":"        } catch (FileNotFoundException e) {","lastModifiedDate":"2024-02-29"},{"lineNumber":80,"author":{"gitId":"kyuichyi"},"content":"            System.out.println(\"error\");","lastModifiedDate":"2024-02-29"},{"lineNumber":81,"author":{"gitId":"kyuichyi"},"content":"        }","lastModifiedDate":"2024-02-29"},{"lineNumber":82,"author":{"gitId":"kyuichyi"},"content":"        return savedTaskList;","lastModifiedDate":"2024-02-29"},{"lineNumber":83,"author":{"gitId":"kyuichyi"},"content":"    }","lastModifiedDate":"2024-02-29"},{"lineNumber":84,"author":{"gitId":"kyuichyi"},"content":"","lastModifiedDate":"2024-02-29"},{"lineNumber":85,"author":{"gitId":"kyuichyi"},"content":"    private void checkIfDone(String status) {","lastModifiedDate":"2024-02-29"},{"lineNumber":86,"author":{"gitId":"kyuichyi"},"content":"        if (status.equals(\"X\")) {","lastModifiedDate":"2024-02-29"},{"lineNumber":87,"author":{"gitId":"kyuichyi"},"content":"            int index \u003d savedTaskList.size();","lastModifiedDate":"2024-02-29"},{"lineNumber":88,"author":{"gitId":"kyuichyi"},"content":"            savedTaskList.get(index - 1).setDone(true);","lastModifiedDate":"2024-02-29"},{"lineNumber":89,"author":{"gitId":"kyuichyi"},"content":"        }","lastModifiedDate":"2024-02-29"},{"lineNumber":90,"author":{"gitId":"kyuichyi"},"content":"    }","lastModifiedDate":"2024-02-29"},{"lineNumber":91,"author":{"gitId":"kyuichyi"},"content":"","lastModifiedDate":"2024-02-29"},{"lineNumber":92,"author":{"gitId":"kyuichyi"},"content":"    // Method to add a task to the task list","lastModifiedDate":"2024-02-29"},{"lineNumber":93,"author":{"gitId":"kyuichyi"},"content":"    public static void saveAddedTask(ArrayList\u003cTask\u003e taskList) {","lastModifiedDate":"2024-02-29"},{"lineNumber":94,"author":{"gitId":"kyuichyi"},"content":"        saveList(taskList.get(taskList.size() - 1).toString()); // Save tasks to file whenever the task list changes","lastModifiedDate":"2024-02-29"},{"lineNumber":95,"author":{"gitId":"kyuichyi"},"content":"    }","lastModifiedDate":"2024-02-29"},{"lineNumber":96,"author":{"gitId":"kyuichyi"},"content":"","lastModifiedDate":"2024-02-29"},{"lineNumber":97,"author":{"gitId":"kyuichyi"},"content":"    public static void saveWholeList(ArrayList\u003cTask\u003e TaskList) {","lastModifiedDate":"2024-02-29"},{"lineNumber":98,"author":{"gitId":"kyuichyi"},"content":"        try {","lastModifiedDate":"2024-02-29"},{"lineNumber":99,"author":{"gitId":"kyuichyi"},"content":"            writeToFile(\"\");","lastModifiedDate":"2024-02-29"},{"lineNumber":100,"author":{"gitId":"kyuichyi"},"content":"        } catch (IOException e) {","lastModifiedDate":"2024-02-29"},{"lineNumber":101,"author":{"gitId":"kyuichyi"},"content":"            throw new RuntimeException(e);","lastModifiedDate":"2024-02-29"},{"lineNumber":102,"author":{"gitId":"kyuichyi"},"content":"        }","lastModifiedDate":"2024-02-29"},{"lineNumber":103,"author":{"gitId":"kyuichyi"},"content":"        for (int i \u003d 0; i \u003c TaskList.size(); i++) {","lastModifiedDate":"2024-02-29"},{"lineNumber":104,"author":{"gitId":"kyuichyi"},"content":"            saveList(TaskList.get(i).toString());","lastModifiedDate":"2024-02-29"},{"lineNumber":105,"author":{"gitId":"kyuichyi"},"content":"        }","lastModifiedDate":"2024-02-29"},{"lineNumber":106,"author":{"gitId":"kyuichyi"},"content":"    }","lastModifiedDate":"2024-02-29"},{"lineNumber":107,"author":{"gitId":"kyuichyi"},"content":"","lastModifiedDate":"2024-02-29"},{"lineNumber":108,"author":{"gitId":"kyuichyi"},"content":"    // call function every time you add/delete a function","lastModifiedDate":"2024-02-29"},{"lineNumber":109,"author":{"gitId":"kyuichyi"},"content":"    private static void saveList(String taskToString) {","lastModifiedDate":"2024-02-29"},{"lineNumber":110,"author":{"gitId":"kyuichyi"},"content":"        //for each task in ArrayList savedTaskList, get Class + isDone + Desc of each based on type.","lastModifiedDate":"2024-02-29"},{"lineNumber":111,"author":{"gitId":"kyuichyi"},"content":"        String taskType \u003d taskToString.substring(1, 2);","lastModifiedDate":"2024-02-29"},{"lineNumber":112,"author":{"gitId":"kyuichyi"},"content":"        String taskStatus \u003d taskToString.substring(4, 5);","lastModifiedDate":"2024-02-29"},{"lineNumber":113,"author":{"gitId":"kyuichyi"},"content":"        String description \u003d formatTaskDescription(taskToString, taskType);","lastModifiedDate":"2024-02-29"},{"lineNumber":114,"author":{"gitId":"kyuichyi"},"content":"        String text \u003d taskType + \"|\" + taskStatus + \"|\" + description;","lastModifiedDate":"2024-02-29"},{"lineNumber":115,"author":{"gitId":"kyuichyi"},"content":"","lastModifiedDate":"2024-02-29"},{"lineNumber":116,"author":{"gitId":"kyuichyi"},"content":"        try {","lastModifiedDate":"2024-02-29"},{"lineNumber":117,"author":{"gitId":"kyuichyi"},"content":"            appendToFile(text);","lastModifiedDate":"2024-02-29"},{"lineNumber":118,"author":{"gitId":"kyuichyi"},"content":"        } catch (IOException e) {","lastModifiedDate":"2024-02-29"},{"lineNumber":119,"author":{"gitId":"kyuichyi"},"content":"            throw new RuntimeException(e);","lastModifiedDate":"2024-02-29"},{"lineNumber":120,"author":{"gitId":"kyuichyi"},"content":"        }","lastModifiedDate":"2024-02-29"},{"lineNumber":121,"author":{"gitId":"kyuichyi"},"content":"    }","lastModifiedDate":"2024-02-29"},{"lineNumber":122,"author":{"gitId":"kyuichyi"},"content":"","lastModifiedDate":"2024-02-29"},{"lineNumber":123,"author":{"gitId":"kyuichyi"},"content":"    private static String formatTaskDescription(String taskToString, String taskType) {","lastModifiedDate":"2024-02-29"},{"lineNumber":124,"author":{"gitId":"kyuichyi"},"content":"        String description \u003d taskToString.substring(7);","lastModifiedDate":"2024-02-29"},{"lineNumber":125,"author":{"gitId":"kyuichyi"},"content":"        if (taskType.equals(\"T\")) {","lastModifiedDate":"2024-02-29"},{"lineNumber":126,"author":{"gitId":"kyuichyi"},"content":"            return description;","lastModifiedDate":"2024-02-29"},{"lineNumber":127,"author":{"gitId":"kyuichyi"},"content":"        }","lastModifiedDate":"2024-02-29"},{"lineNumber":128,"author":{"gitId":"kyuichyi"},"content":"","lastModifiedDate":"2024-02-29"},{"lineNumber":129,"author":{"gitId":"kyuichyi"},"content":"        String formattedDescription \u003d \"\";","lastModifiedDate":"2024-02-29"},{"lineNumber":130,"author":{"gitId":"kyuichyi"},"content":"        if (taskType.equals(\"D\")) {","lastModifiedDate":"2024-02-29"},{"lineNumber":131,"author":{"gitId":"kyuichyi"},"content":"            String[] descAndBy \u003d description.split(\"\\\\(by: \");","lastModifiedDate":"2024-02-29"},{"lineNumber":132,"author":{"gitId":"kyuichyi"},"content":"            formattedDescription \u003d descAndBy[0] + \"/by \" + descAndBy[1].substring(0, descAndBy[1].length() - 1);","lastModifiedDate":"2024-02-29"},{"lineNumber":133,"author":{"gitId":"kyuichyi"},"content":"        }","lastModifiedDate":"2024-02-29"},{"lineNumber":134,"author":{"gitId":"kyuichyi"},"content":"        if (taskType.equals(\"E\")) {","lastModifiedDate":"2024-02-29"},{"lineNumber":135,"author":{"gitId":"kyuichyi"},"content":"            String[] descAndTime \u003d description.split(\"\\\\(from: \");","lastModifiedDate":"2024-02-29"},{"lineNumber":136,"author":{"gitId":"kyuichyi"},"content":"            String[] duration \u003d descAndTime[1].split(\"to: \");","lastModifiedDate":"2024-02-29"},{"lineNumber":137,"author":{"gitId":"kyuichyi"},"content":"            formattedDescription \u003d descAndTime[0] + \"/from \" + duration[0] + \"/to \" +","lastModifiedDate":"2024-02-29"},{"lineNumber":138,"author":{"gitId":"kyuichyi"},"content":"                    duration[1].substring(0, duration[1].length() - 1);","lastModifiedDate":"2024-02-29"},{"lineNumber":139,"author":{"gitId":"kyuichyi"},"content":"        }","lastModifiedDate":"2024-02-29"},{"lineNumber":140,"author":{"gitId":"kyuichyi"},"content":"        return formattedDescription;","lastModifiedDate":"2024-02-29"},{"lineNumber":141,"author":{"gitId":"kyuichyi"},"content":"    }","lastModifiedDate":"2024-02-29"},{"lineNumber":142,"author":{"gitId":"kyuichyi"},"content":"","lastModifiedDate":"2024-02-29"},{"lineNumber":143,"author":{"gitId":"kyuichyi"},"content":"    private static void writeToFile(String textToAdd) throws IOException {","lastModifiedDate":"2024-02-29"},{"lineNumber":144,"author":{"gitId":"kyuichyi"},"content":"        FileWriter fw \u003d new FileWriter(FILE_PATH);","lastModifiedDate":"2024-02-29"},{"lineNumber":145,"author":{"gitId":"kyuichyi"},"content":"        fw.write(textToAdd);","lastModifiedDate":"2024-02-29"},{"lineNumber":146,"author":{"gitId":"kyuichyi"},"content":"        fw.close();","lastModifiedDate":"2024-02-29"},{"lineNumber":147,"author":{"gitId":"kyuichyi"},"content":"    }","lastModifiedDate":"2024-02-29"},{"lineNumber":148,"author":{"gitId":"kyuichyi"},"content":"","lastModifiedDate":"2024-02-29"},{"lineNumber":149,"author":{"gitId":"kyuichyi"},"content":"    private static void appendToFile(String textToAppend) throws IOException {","lastModifiedDate":"2024-02-29"},{"lineNumber":150,"author":{"gitId":"kyuichyi"},"content":"        FileWriter fw \u003d new FileWriter(FileManager.FILE_PATH, true); // create a FileWriter in append mode","lastModifiedDate":"2024-02-29"},{"lineNumber":151,"author":{"gitId":"kyuichyi"},"content":"        fw.write(textToAppend + \"\\n\");","lastModifiedDate":"2024-02-29"},{"lineNumber":152,"author":{"gitId":"kyuichyi"},"content":"        fw.close();","lastModifiedDate":"2024-02-29"},{"lineNumber":153,"author":{"gitId":"kyuichyi"},"content":"    }","lastModifiedDate":"2024-02-29"},{"lineNumber":154,"author":{"gitId":"kyuichyi"},"content":"","lastModifiedDate":"2024-02-29"},{"lineNumber":155,"author":{"gitId":"kyuichyi"},"content":"}","lastModifiedDate":"2024-02-29"}],"authorContributionMap":{"kyuichyi":155}},{"path":"src/main/java/Bobble/task/Task.java","fileType":"java","lines":[{"lineNumber":1,"author":{"gitId":"kyuichyi"},"content":"package Bobble.task;","lastModifiedDate":"2024-02-15"},{"lineNumber":2,"author":{"gitId":"kyuichyi"},"content":"","lastModifiedDate":"2024-02-15"},{"lineNumber":3,"author":{"gitId":"kyuichyi"},"content":"public class Task {","lastModifiedDate":"2024-02-02"},{"lineNumber":4,"author":{"gitId":"kyuichyi"},"content":"    protected String description;","lastModifiedDate":"2024-02-02"},{"lineNumber":5,"author":{"gitId":"kyuichyi"},"content":"    protected boolean isDone;","lastModifiedDate":"2024-02-02"},{"lineNumber":6,"author":{"gitId":"kyuichyi"},"content":"","lastModifiedDate":"2024-02-02"},{"lineNumber":7,"author":{"gitId":"kyuichyi"},"content":"    public Task(String description) {","lastModifiedDate":"2024-02-02"},{"lineNumber":8,"author":{"gitId":"kyuichyi"},"content":"        this.description \u003d description;","lastModifiedDate":"2024-02-02"},{"lineNumber":9,"author":{"gitId":"kyuichyi"},"content":"        this.isDone \u003d false;","lastModifiedDate":"2024-02-02"},{"lineNumber":10,"author":{"gitId":"kyuichyi"},"content":"    }","lastModifiedDate":"2024-02-02"},{"lineNumber":11,"author":{"gitId":"kyuichyi"},"content":"","lastModifiedDate":"2024-02-02"},{"lineNumber":12,"author":{"gitId":"kyuichyi"},"content":"    public String getStatusIcon() {","lastModifiedDate":"2024-02-02"},{"lineNumber":13,"author":{"gitId":"kyuichyi"},"content":"        return (isDone ? \"X\" : \" \"); // mark done task with X","lastModifiedDate":"2024-02-02"},{"lineNumber":14,"author":{"gitId":"kyuichyi"},"content":"    }","lastModifiedDate":"2024-02-02"},{"lineNumber":15,"author":{"gitId":"kyuichyi"},"content":"","lastModifiedDate":"2024-02-02"},{"lineNumber":16,"author":{"gitId":"kyuichyi"},"content":"    public String getDescription() {","lastModifiedDate":"2024-02-02"},{"lineNumber":17,"author":{"gitId":"kyuichyi"},"content":"        return description;","lastModifiedDate":"2024-02-02"},{"lineNumber":18,"author":{"gitId":"kyuichyi"},"content":"    }","lastModifiedDate":"2024-02-02"},{"lineNumber":19,"author":{"gitId":"kyuichyi"},"content":"","lastModifiedDate":"2024-02-02"},{"lineNumber":20,"author":{"gitId":"kyuichyi"},"content":"    public void setDone(boolean isDone) {","lastModifiedDate":"2024-02-02"},{"lineNumber":21,"author":{"gitId":"kyuichyi"},"content":"        this.isDone \u003d isDone;","lastModifiedDate":"2024-02-02"},{"lineNumber":22,"author":{"gitId":"kyuichyi"},"content":"    }","lastModifiedDate":"2024-02-02"},{"lineNumber":23,"author":{"gitId":"kyuichyi"},"content":"","lastModifiedDate":"2024-02-08"},{"lineNumber":24,"author":{"gitId":"kyuichyi"},"content":"    public String toString() {","lastModifiedDate":"2024-02-08"},{"lineNumber":25,"author":{"gitId":"kyuichyi"},"content":"        return \"[\" + getStatusIcon() + \"] \" + description;","lastModifiedDate":"2024-02-08"},{"lineNumber":26,"author":{"gitId":"kyuichyi"},"content":"    }","lastModifiedDate":"2024-02-08"},{"lineNumber":27,"author":{"gitId":"kyuichyi"},"content":"}","lastModifiedDate":"2024-02-02"}],"authorContributionMap":{"kyuichyi":27}},{"path":"src/main/java/Bobble/task/ToDo.java","fileType":"java","lines":[{"lineNumber":1,"author":{"gitId":"kyuichyi"},"content":"package Bobble.task;","lastModifiedDate":"2024-02-15"},{"lineNumber":2,"author":{"gitId":"kyuichyi"},"content":"","lastModifiedDate":"2024-02-15"},{"lineNumber":3,"author":{"gitId":"kyuichyi"},"content":"import Bobble.task.Task;","lastModifiedDate":"2024-02-15"},{"lineNumber":4,"author":{"gitId":"kyuichyi"},"content":"","lastModifiedDate":"2024-02-15"},{"lineNumber":5,"author":{"gitId":"kyuichyi"},"content":"public class ToDo extends Task {","lastModifiedDate":"2024-02-08"},{"lineNumber":6,"author":{"gitId":"kyuichyi"},"content":"","lastModifiedDate":"2024-02-08"},{"lineNumber":7,"author":{"gitId":"kyuichyi"},"content":"    public ToDo(String description) {","lastModifiedDate":"2024-02-08"},{"lineNumber":8,"author":{"gitId":"kyuichyi"},"content":"        super(description);","lastModifiedDate":"2024-02-08"},{"lineNumber":9,"author":{"gitId":"kyuichyi"},"content":"    }","lastModifiedDate":"2024-02-08"},{"lineNumber":10,"author":{"gitId":"kyuichyi"},"content":"","lastModifiedDate":"2024-02-08"},{"lineNumber":11,"author":{"gitId":"kyuichyi"},"content":"    @Override","lastModifiedDate":"2024-02-08"},{"lineNumber":12,"author":{"gitId":"kyuichyi"},"content":"    public String toString() {","lastModifiedDate":"2024-02-08"},{"lineNumber":13,"author":{"gitId":"kyuichyi"},"content":"        return \"[T]\" + super.toString();","lastModifiedDate":"2024-02-08"},{"lineNumber":14,"author":{"gitId":"kyuichyi"},"content":"    }","lastModifiedDate":"2024-02-08"},{"lineNumber":15,"author":{"gitId":"kyuichyi"},"content":"}","lastModifiedDate":"2024-02-08"}],"authorContributionMap":{"kyuichyi":15}}]
