{"authorDailyContributionsMap":{"kyuichyi":[{"date":"2024-01-25","commitResults":[{"hash":"ff165825a2f6d3f2110b7bf1962f61a8192e4dc7","isMergeCommit":false,"messageTitle":"Level-0 (Rename, Greet, Exit): Renamed chatbot, implemented initial skeletal version to greet user and exits.","messageBody":"","tags":["Level-1","Level-0"],"fileTypesAndContributionMap":{"java":{"insertions":21,"deletions":10}}}]},{"date":"2024-02-01","commitResults":[{"hash":"19e647932b41abbaa574581c0560e7dbc8e592c8","isMergeCommit":false,"messageTitle":"Level-1 (Echo): Added echo method so that it echos commands entered by the user, and exits when the user types the command bye.","messageBody":"","tags":["Level-2"],"fileTypesAndContributionMap":{"java":{"insertions":17,"deletions":3}}},{"hash":"274f704910f7c34a241527d230dec3759f11b267","isMergeCommit":false,"messageTitle":"Level 2 (Add, List): Added the ability to store whatever text entered by the user and display them back to the user when requested.","messageBody":"","fileTypesAndContributionMap":{"java":{"insertions":26,"deletions":7}}}]},{"date":"2024-02-02","commitResults":[{"hash":"ab315a0dc1e5a109af320c4b3f9576354482a64f","isMergeCommit":false,"messageTitle":"Level 3 (Mark as Done): Add the ability to mark tasks as done. Added Task class to represent tasks.","messageBody":"","tags":["Level-3"],"fileTypesAndContributionMap":{"java":{"insertions":38,"deletions":15}}},{"hash":"d98005e77ba55d0fa0601b2c84c57bda1c7eb0ca","isMergeCommit":false,"messageTitle":"Level 3 (Mark as Done): Added the ability to change the status back to not done.","messageBody":"","tags":["A-CodingStandard"],"fileTypesAndContributionMap":{"java":{"insertions":8,"deletions":2}}},{"hash":"f10726d8f183d5968faa790271295bdf6bd240b1","isMergeCommit":false,"messageTitle":"A-CodingStandard: modified case to fit coding standards.","messageBody":"","tags":["Level-4"],"fileTypesAndContributionMap":{"java":{"insertions":27,"deletions":26}}}]},{"date":"2024-02-08","commitResults":[{"hash":"2de57247c139ef21235e2df96618f7d07d00975d","isMergeCommit":false,"messageTitle":"Level 4 (ToDos, Events, Deadlines): Add support for tracking three types of tasks (ToDos, Events, Deadlines).","messageBody":"","tags":["A-CodeQuality"],"fileTypesAndContributionMap":{"java":{"insertions":96,"deletions":21}}},{"hash":"cc77c44b71f717a8ac5258a599d57725ef793f71","isMergeCommit":false,"messageTitle":"extracted methods to improve readability","messageBody":"","tags":["A-Exceptions"],"fileTypesAndContributionMap":{"java":{"insertions":29,"deletions":18}}}]},{"date":"2024-02-15","commitResults":[{"hash":"8d7d431d977b1b0b18cb6fc4653c0ac6f971d4aa","isMergeCommit":false,"messageTitle":"A-Exceptions: defined a class DukeException to represent exceptions specific to Duke","messageBody":"","fileTypesAndContributionMap":{"java":{"insertions":5,"deletions":0}}},{"hash":"2dd8f69cf689bec92796227889ade281a17b45d9","isMergeCommit":false,"messageTitle":"Level-5: chatbot deal with errors such as incorrect inputs entered by the user","messageBody":"","tags":["Level-5"],"fileTypesAndContributionMap":{"java":{"insertions":61,"deletions":52}}},{"hash":"c19a46455ee1fb3ecd5317c808f0c718a9f17a7f","isMergeCommit":false,"messageTitle":"A-Packages: Organize into Packages","messageBody":"","tags":["A-Packages"],"fileTypesAndContributionMap":{"java":{"insertions":25,"deletions":10}}},{"hash":"847058370bc0396e20c42559d24ef7a11dd3b10f","isMergeCommit":true,"messageTitle":"Merge branch \u0027branch-A-Packages\u0027","messageBody":"","tags":["A-Collections"],"fileTypesAndContributionMap":{}}]},{"date":"2024-02-21","commitResults":[{"hash":"6929e37f029cd0330f71dfb49c0b9bda27236607","isMergeCommit":false,"messageTitle":"Level 6 (Delete), A-Collections: Add support for deleting tasks from the list, used Java Collections classes","messageBody":"","fileTypesAndContributionMap":{"java":{"insertions":42,"deletions":29}}},{"hash":"985ad6a2d4e472354bc890055d06ad213c9a1cf4","isMergeCommit":false,"messageTitle":"Cleaned up code","messageBody":"","tags":["Level-6"],"fileTypesAndContributionMap":{"java":{"insertions":0,"deletions":4}}}]},{"date":"2024-02-29","commitResults":[{"hash":"d2a84b9710fb157ebc5aadb5f094c83355ee07fe","isMergeCommit":false,"messageTitle":"Level-7 (Save): Added the option to save and load task list","messageBody":"","tags":["Level-7"],"fileTypesAndContributionMap":{"java":{"insertions":210,"deletions":30}}},{"hash":"413d84f66ea4f572f0c94a50e84cbf4d2913d1c5","isMergeCommit":true,"messageTitle":"Merge branch \u0027branch-Level-6\u0027","messageBody":"","fileTypesAndContributionMap":{}},{"hash":"8e5e01b60ca473dd2fe68feaddfa00c5377cfd0a","isMergeCommit":true,"messageTitle":"Merge branch \u0027branch-Level-7\u0027","messageBody":"","tags":["A-Jar"],"fileTypesAndContributionMap":{}}]},{"date":"2024-03-01","commitResults":[{"hash":"c382147a0106f01873e53fdeeaae4bfd12131529","isMergeCommit":false,"messageTitle":"Cleaned up code, renamed FileManger class to Storage","messageBody":"","fileTypesAndContributionMap":{"java":{"insertions":15,"deletions":22}}},{"hash":"bfaa92720d08abc376c1abe0cfa35a5c8e4240b4","isMergeCommit":false,"messageTitle":"Revert \"Cleaned up code, renamed FileManger class to Storage\"","messageBody":"This reverts commit c382147a0106f01873e53fdeeaae4bfd12131529.\n","fileTypesAndContributionMap":{"java":{"insertions":22,"deletions":15}}},{"hash":"0a79fd81412851b509e7d271fcf2e74733dbaeb2","isMergeCommit":false,"messageTitle":"Cleaned up comments in FileManager","messageBody":"","fileTypesAndContributionMap":{"java":{"insertions":1,"deletions":13}}},{"hash":"24c8ca4c7e18ce4ad016e464660322696f1c7cbc","isMergeCommit":false,"messageTitle":"Renamed FileManager class to Storage as per week 7","messageBody":"","fileTypesAndContributionMap":{"java":{"insertions":3,"deletions":3}}}]},{"date":"2024-03-08","commitResults":[{"hash":"448263b310771bc83b617683601317587d20d398","isMergeCommit":false,"messageTitle":"A-MoreOOP: Refactor the code to extract out closely related code as classes.","messageBody":"","tags":["A-MoreOOP"],"fileTypesAndContributionMap":{"java":{"insertions":199,"deletions":130}}},{"hash":"52027190effe6035f284527cb4e4e73af6c764a8","isMergeCommit":false,"messageTitle":"Level-9 (Find): Give users a way to find a task by searching for a keyword.","messageBody":"","fileTypesAndContributionMap":{"java":{"insertions":29,"deletions":4}}},{"hash":"2a50cb12ae2d1808bf6a8c41e013a70182718c28","isMergeCommit":true,"messageTitle":"Merge pull request #1 from kyuichyi/branch-Level-9","messageBody":"branch-Level-9","tags":["Level-9"],"fileTypesAndContributionMap":{}},{"hash":"193d836dd86385565b306d009ff1260b5aad95bc","isMergeCommit":false,"messageTitle":"A-JavaDoc: Added JavaDoc comments to the code.","messageBody":"","fileTypesAndContributionMap":{"java":{"insertions":215,"deletions":35}}},{"hash":"beac5c6110a4af81102e1ad129c8c4aba3f00b96","isMergeCommit":true,"messageTitle":"Merge pull request #2 from kyuichyi/branch-A-JavaDoc","messageBody":"A-JavaDoc","fileTypesAndContributionMap":{}}]}]},"authorFileTypeContributionMap":{"kyuichyi":{"java":641,"md":0,"fxml":0,"sh":0,"bat":0,"gradle":0,"txt":0}},"authorContributionVariance":{"kyuichyi":9336.543},"authorDisplayNameMap":{"kyuichyi":"CS2113T-T09-1 KAIT..I YI"}}
