{"authorDailyContributionsMap":{"kyuichyi":[{"date":"2024-01-25","commitResults":[{"hash":"ff165825a2f6d3f2110b7bf1962f61a8192e4dc7","isMergeCommit":false,"messageTitle":"Level-0 (Rename, Greet, Exit): Renamed chatbot, implemented initial skeletal version to greet user and exits.","messageBody":"","tags":["Level-1","Level-0"],"fileTypesAndContributionMap":{"java":{"insertions":21,"deletions":10}}}]},{"date":"2024-02-01","commitResults":[{"hash":"19e647932b41abbaa574581c0560e7dbc8e592c8","isMergeCommit":false,"messageTitle":"Level-1 (Echo): Added echo method so that it echos commands entered by the user, and exits when the user types the command bye.","messageBody":"","tags":["Level-2"],"fileTypesAndContributionMap":{"java":{"insertions":17,"deletions":3}}},{"hash":"274f704910f7c34a241527d230dec3759f11b267","isMergeCommit":false,"messageTitle":"Level 2 (Add, List): Added the ability to store whatever text entered by the user and display them back to the user when requested.","messageBody":"","fileTypesAndContributionMap":{"java":{"insertions":26,"deletions":7}}}]},{"date":"2024-02-02","commitResults":[{"hash":"ab315a0dc1e5a109af320c4b3f9576354482a64f","isMergeCommit":false,"messageTitle":"Level 3 (Mark as Done): Add the ability to mark tasks as done. Added Task class to represent tasks.","messageBody":"","tags":["Level-3"],"fileTypesAndContributionMap":{"java":{"insertions":38,"deletions":15}}},{"hash":"d98005e77ba55d0fa0601b2c84c57bda1c7eb0ca","isMergeCommit":false,"messageTitle":"Level 3 (Mark as Done): Added the ability to change the status back to not done.","messageBody":"","tags":["A-CodingStandard"],"fileTypesAndContributionMap":{"java":{"insertions":8,"deletions":2}}},{"hash":"f10726d8f183d5968faa790271295bdf6bd240b1","isMergeCommit":false,"messageTitle":"A-CodingStandard: modified case to fit coding standards.","messageBody":"","fileTypesAndContributionMap":{"java":{"insertions":27,"deletions":26}}}]}]},"authorFileTypeContributionMap":{"kyuichyi":{"java":84,"md":0,"fxml":0,"sh":0,"bat":0,"gradle":0,"txt":0}},"authorContributionVariance":{"kyuichyi":970.6222},"authorDisplayNameMap":{"kyuichyi":"KAIT..I YI"}}
