{"authorDailyContributionsMap":{"awesomesjh":[{"date":"2024-01-22","commitResults":[{"hash":"4923c54f04632ddec4c6e77d0043a798d7276225","isMergeCommit":false,"messageTitle":"Add increment level-0","messageBody":"","tags":["Level-0"],"fileTypesAndContributionMap":{"java":{"insertions":10,"deletions":10}}}]},{"date":"2024-01-28","commitResults":[{"hash":"89e42ea0fbe2c520ef6198c000797f56dcae1d92","isMergeCommit":false,"messageTitle":"Add increment level-1","messageBody":"","tags":["Level-1"],"fileTypesAndContributionMap":{"java":{"insertions":38,"deletions":6}}},{"hash":"ace99f72a199b3e0125ff35ac0962517ffcfca86","isMergeCommit":false,"messageTitle":"Add increment level-2","messageBody":"","tags":["Level-2"],"fileTypesAndContributionMap":{"java":{"insertions":10,"deletions":7}}},{"hash":"1144ebaf22f0de88dc866664410a358dc98daf04","isMergeCommit":false,"messageTitle":"Add increment level-3","messageBody":"","tags":["Level-3"],"fileTypesAndContributionMap":{"java":{"insertions":73,"deletions":20}}},{"hash":"072d74ba5ae42bae3fa3f20afefb3730250198cc","isMergeCommit":false,"messageTitle":"Rename Task methods","messageBody":"","tags":["A-CodingStandard"],"fileTypesAndContributionMap":{"java":{"insertions":4,"deletions":4}}},{"hash":"cf144f85d5f76524aa4062baf542c3e66947986f","isMergeCommit":false,"messageTitle":"Change class variable to local variable","messageBody":"","tags":["A-CodeQuality"],"fileTypesAndContributionMap":{"java":{"insertions":1,"deletions":2}}}]},{"date":"2024-02-04","commitResults":[{"hash":"d3a20eb79685a00000c90c4ce5c90d82a60c66e5","isMergeCommit":false,"messageTitle":"Add increment level-4","messageBody":"Add support for tracking three types of tasks:\n1. Todos: tasks without any date/time attached to it\n2. Deadlines: tasks that need to be done before a specific date/time\n3. Events: tasks that start at a specific date/time\n","tags":["Level-4"],"fileTypesAndContributionMap":{"java":{"insertions":86,"deletions":37}}},{"hash":"74dd4bdfc611ef2e64388a0a433f80a4c675ea2c","isMergeCommit":false,"messageTitle":"Add increment A-TextUiTesting","messageBody":"Use the input/output redirection technique to semi-automate the testing of Jeff\n","tags":["A-TextUiTesting"],"fileTypesAndContributionMap":{"txt":{"insertions":5,"deletions":0},"bat":{"insertions":1,"deletions":1}}}]},{"date":"2024-02-12","commitResults":[{"hash":"7312cec79daa9d6eb1a85f9581f9b4754d47f04c","isMergeCommit":false,"messageTitle":"Refactor code and add error handling","messageBody":"","tags":["A-Exceptions"],"fileTypesAndContributionMap":{"java":{"insertions":255,"deletions":74}}},{"hash":"3055c778bf8096cf837ebe65176ef68fc4d8d639","isMergeCommit":false,"messageTitle":"Update error messages","messageBody":"","fileTypesAndContributionMap":{"java":{"insertions":12,"deletions":0}}},{"hash":"cc8e1ba1af193268e0ad7a01d0b2ca5e12ec3b37","isMergeCommit":true,"messageTitle":"Merge branch \u0027branch-Level-5\u0027","messageBody":"","tags":["Level-5"],"fileTypesAndContributionMap":{}},{"hash":"394e6d0e28c723daf732383d33e84754ee45a2ff","isMergeCommit":false,"messageTitle":"Move all classes into jeff package","messageBody":"","fileTypesAndContributionMap":{"java":{"insertions":31,"deletions":0}}},{"hash":"d1431bb1d7628cb70bf06996ac0e39d20b2cf375","isMergeCommit":true,"messageTitle":"Merge branch \u0027branch-A-Packages\u0027","messageBody":"","tags":["A-Packages"],"fileTypesAndContributionMap":{}}]}]},"authorFileTypeContributionMap":{"awesomesjh":{"java":370,"md":0,"fxml":0,"sh":0,"bat":1,"gradle":0,"txt":5}},"authorContributionVariance":{"awesomesjh":6561.209},"authorDisplayNameMap":{"awesomesjh":"CS2113-T13-4 SIM ..HONG"}}
