[{"path":"src/TaskList.txt","fileType":"txt","lines":[{"lineNumber":1,"author":{"gitId":"hongyijie06"},"content":"[T][0] hike","lastModifiedDate":"2024-02-23"},{"lineNumber":2,"author":{"gitId":"hongyijie06"},"content":"[T][0] run","lastModifiedDate":"2024-02-23"},{"lineNumber":3,"author":{"gitId":"hongyijie06"},"content":"[D][0] tut (by:  5)","lastModifiedDate":"2024-02-23"},{"lineNumber":4,"author":{"gitId":"hongyijie06"},"content":"[E][0] he (from: 5 to: 6)","lastModifiedDate":"2024-02-23"},{"lineNumber":5,"author":{"gitId":"hongyijie06"},"content":"[T][0] jump","lastModifiedDate":"2024-02-23"},{"lineNumber":6,"author":{"gitId":"hongyijie06"},"content":"[T][0] go","lastModifiedDate":"2024-02-23"},{"lineNumber":7,"author":{"gitId":"hongyijie06"},"content":"[D][0] hop (by:  4)","lastModifiedDate":"2024-02-23"},{"lineNumber":8,"author":{"gitId":"hongyijie06"},"content":"[E][0] he (from: 4 to:  5)","lastModifiedDate":"2024-02-23"},{"lineNumber":9,"author":{"gitId":"hongyijie06"},"content":"[D][0] b (by:  4)","lastModifiedDate":"2024-02-23"},{"lineNumber":10,"author":{"gitId":"hongyijie06"},"content":"[E][0] go (from: 4 to:  454)","lastModifiedDate":"2024-02-23"},{"lineNumber":11,"author":{"gitId":"hongyijie06"},"content":"[T][0] ds","lastModifiedDate":"2024-02-23"},{"lineNumber":12,"author":{"gitId":"hongyijie06"},"content":"[D][0] kj (by:  4)","lastModifiedDate":"2024-02-23"},{"lineNumber":13,"author":{"gitId":"hongyijie06"},"content":"[T][0] he","lastModifiedDate":"2024-02-23"},{"lineNumber":14,"author":{"gitId":"hongyijie06"},"content":"[E][0] f (from: 4 to:  5)","lastModifiedDate":"2024-02-23"},{"lineNumber":15,"author":{"gitId":"hongyijie06"},"content":"[D][0] sd (by:  5)","lastModifiedDate":"2024-02-23"},{"lineNumber":16,"author":{"gitId":"hongyijie06"},"content":"[D][0] hsd (by:  343354535)","lastModifiedDate":"2024-02-23"}],"authorContributionMap":{"hongyijie06":16}},{"path":"src/main/java/CreateFile.java","fileType":"java","lines":[{"lineNumber":1,"author":{"gitId":"hongyijie06"},"content":"import java.io.File;","lastModifiedDate":"2024-02-23"},{"lineNumber":2,"author":{"gitId":"hongyijie06"},"content":"import java.io.IOException;","lastModifiedDate":"2024-02-23"},{"lineNumber":3,"author":{"gitId":"hongyijie06"},"content":"","lastModifiedDate":"2024-02-23"},{"lineNumber":4,"author":{"gitId":"hongyijie06"},"content":"public class CreateFile {","lastModifiedDate":"2024-02-23"},{"lineNumber":5,"author":{"gitId":"hongyijie06"},"content":"    public static void main(String[] args) {","lastModifiedDate":"2024-02-23"},{"lineNumber":6,"author":{"gitId":"hongyijie06"},"content":"        File f \u003d new File(\"TaskList.txt\");","lastModifiedDate":"2024-02-23"},{"lineNumber":7,"author":{"gitId":"hongyijie06"},"content":"        if (!f.exists()) {","lastModifiedDate":"2024-02-23"},{"lineNumber":8,"author":{"gitId":"hongyijie06"},"content":"            try {","lastModifiedDate":"2024-02-23"},{"lineNumber":9,"author":{"gitId":"hongyijie06"},"content":"                if (f.createNewFile()) {","lastModifiedDate":"2024-02-23"},{"lineNumber":10,"author":{"gitId":"hongyijie06"},"content":"                    System.out.println(\"File created: \" + f.getAbsolutePath());","lastModifiedDate":"2024-02-23"},{"lineNumber":11,"author":{"gitId":"hongyijie06"},"content":"                } else {","lastModifiedDate":"2024-02-23"},{"lineNumber":12,"author":{"gitId":"hongyijie06"},"content":"                    System.out.println(\"File creation failed.\");","lastModifiedDate":"2024-02-23"},{"lineNumber":13,"author":{"gitId":"hongyijie06"},"content":"                }","lastModifiedDate":"2024-02-23"},{"lineNumber":14,"author":{"gitId":"hongyijie06"},"content":"            } catch (IOException e) {","lastModifiedDate":"2024-02-23"},{"lineNumber":15,"author":{"gitId":"hongyijie06"},"content":"                System.out.println(\"An error occurred.\");","lastModifiedDate":"2024-02-23"},{"lineNumber":16,"author":{"gitId":"hongyijie06"},"content":"                e.printStackTrace();","lastModifiedDate":"2024-02-23"},{"lineNumber":17,"author":{"gitId":"hongyijie06"},"content":"            }","lastModifiedDate":"2024-02-23"},{"lineNumber":18,"author":{"gitId":"hongyijie06"},"content":"        } else {","lastModifiedDate":"2024-02-23"},{"lineNumber":19,"author":{"gitId":"hongyijie06"},"content":"            System.out.println(\"File already exists: \" + f.getAbsolutePath());","lastModifiedDate":"2024-02-23"},{"lineNumber":20,"author":{"gitId":"hongyijie06"},"content":"        }","lastModifiedDate":"2024-02-23"},{"lineNumber":21,"author":{"gitId":"hongyijie06"},"content":"    }","lastModifiedDate":"2024-02-23"},{"lineNumber":22,"author":{"gitId":"hongyijie06"},"content":"}","lastModifiedDate":"2024-02-23"}],"authorContributionMap":{"hongyijie06":22}},{"path":"src/main/java/Deadline.java","fileType":"java","lines":[{"lineNumber":1,"author":{"gitId":"hongyijie06"},"content":"public class Deadline extends Task{","lastModifiedDate":"2024-02-16"},{"lineNumber":2,"author":{"gitId":"hongyijie06"},"content":"    protected String by;","lastModifiedDate":"2024-02-16"},{"lineNumber":3,"author":{"gitId":"hongyijie06"},"content":"","lastModifiedDate":"2024-02-16"},{"lineNumber":4,"author":{"gitId":"hongyijie06"},"content":"    public Deadline(String description, String by) {","lastModifiedDate":"2024-02-16"},{"lineNumber":5,"author":{"gitId":"hongyijie06"},"content":"        super(description);","lastModifiedDate":"2024-02-16"},{"lineNumber":6,"author":{"gitId":"hongyijie06"},"content":"        this.by \u003d by;","lastModifiedDate":"2024-02-16"},{"lineNumber":7,"author":{"gitId":"hongyijie06"},"content":"    }","lastModifiedDate":"2024-02-16"},{"lineNumber":8,"author":{"gitId":"hongyijie06"},"content":"","lastModifiedDate":"2024-02-16"},{"lineNumber":9,"author":{"gitId":"hongyijie06"},"content":"    @Override","lastModifiedDate":"2024-02-16"},{"lineNumber":10,"author":{"gitId":"hongyijie06"},"content":"    public String toString() {","lastModifiedDate":"2024-02-16"},{"lineNumber":11,"author":{"gitId":"hongyijie06"},"content":"        return \"[D]\" + super.toString() + \" (by: \" + by + \")\";","lastModifiedDate":"2024-02-16"},{"lineNumber":12,"author":{"gitId":"hongyijie06"},"content":"    }","lastModifiedDate":"2024-02-16"},{"lineNumber":13,"author":{"gitId":"hongyijie06"},"content":"}","lastModifiedDate":"2024-02-16"}],"authorContributionMap":{"hongyijie06":13}},{"path":"src/main/java/Duke.java","fileType":"java","lines":[{"lineNumber":1,"author":{"gitId":"hongyijie06"},"content":"import java.io.File;","lastModifiedDate":"2024-02-23"},{"lineNumber":2,"author":{"gitId":"hongyijie06"},"content":"import java.io.FileNotFoundException;","lastModifiedDate":"2024-02-23"},{"lineNumber":3,"author":{"gitId":"hongyijie06"},"content":"import java.io.IOException;","lastModifiedDate":"2024-02-23"},{"lineNumber":4,"author":{"gitId":"hongyijie06"},"content":"import java.sql.Array;","lastModifiedDate":"2024-02-20"},{"lineNumber":5,"author":{"gitId":"hongyijie06"},"content":"import java.util.Scanner;","lastModifiedDate":"2024-02-07"},{"lineNumber":6,"author":{"gitId":"hongyijie06"},"content":"import java.util.ArrayList;","lastModifiedDate":"2024-02-20"},{"lineNumber":7,"author":{"gitId":"hongyijie06"},"content":"","lastModifiedDate":"2024-02-07"},{"lineNumber":8,"author":{"gitId":"-"},"content":"public class Duke {","lastModifiedDate":"2019-07-29"},{"lineNumber":9,"author":{"gitId":"hongyijie06"},"content":"","lastModifiedDate":"2024-02-16"},{"lineNumber":10,"author":{"gitId":"hongyijie06"},"content":"    private static void printFileContents(String filePath) throws FileNotFoundException {","lastModifiedDate":"2024-02-23"},{"lineNumber":11,"author":{"gitId":"hongyijie06"},"content":"        File f \u003d new File(filePath); // create a File for the given file path","lastModifiedDate":"2024-02-23"},{"lineNumber":12,"author":{"gitId":"hongyijie06"},"content":"        Scanner s \u003d new Scanner(f); // create a Scanner using the File as the source","lastModifiedDate":"2024-02-23"},{"lineNumber":13,"author":{"gitId":"hongyijie06"},"content":"        while (s.hasNext()) {","lastModifiedDate":"2024-02-23"},{"lineNumber":14,"author":{"gitId":"hongyijie06"},"content":"            System.out.println(s.nextLine());","lastModifiedDate":"2024-02-23"},{"lineNumber":15,"author":{"gitId":"hongyijie06"},"content":"        }","lastModifiedDate":"2024-02-23"},{"lineNumber":16,"author":{"gitId":"hongyijie06"},"content":"    }","lastModifiedDate":"2024-02-23"},{"lineNumber":17,"author":{"gitId":"hongyijie06"},"content":"","lastModifiedDate":"2024-02-16"},{"lineNumber":18,"author":{"gitId":"hongyijie06"},"content":"    public static void main(String[] args) throws UnexpectedCommandException, EmptyLineException, IOException {","lastModifiedDate":"2024-02-23"},{"lineNumber":19,"author":{"gitId":"hongyijie06"},"content":"        ArrayList\u003cTask\u003e tasks \u003d new ArrayList\u003cTask\u003e();","lastModifiedDate":"2024-02-20"},{"lineNumber":20,"author":{"gitId":"hongyijie06"},"content":"","lastModifiedDate":"2024-01-26"},{"lineNumber":21,"author":{"gitId":"hongyijie06"},"content":"        //greeting","lastModifiedDate":"2024-02-09"},{"lineNumber":22,"author":{"gitId":"hongyijie06"},"content":"        System.out.println(\"Hello! I\u0027m Apple\");","lastModifiedDate":"2024-02-09"},{"lineNumber":23,"author":{"gitId":"hongyijie06"},"content":"        System.out.println(\"What can I do for you?\");","lastModifiedDate":"2024-02-09"},{"lineNumber":24,"author":{"gitId":"hongyijie06"},"content":"        try {","lastModifiedDate":"2024-02-23"},{"lineNumber":25,"author":{"gitId":"hongyijie06"},"content":"            System.out.println(\"Here are the items in your task list: \");","lastModifiedDate":"2024-02-23"},{"lineNumber":26,"author":{"gitId":"hongyijie06"},"content":"            printFileContents(\"TaskList.txt\");","lastModifiedDate":"2024-02-23"},{"lineNumber":27,"author":{"gitId":"hongyijie06"},"content":"","lastModifiedDate":"2024-02-07"},{"lineNumber":28,"author":{"gitId":"hongyijie06"},"content":"        } catch (FileNotFoundException e) {","lastModifiedDate":"2024-02-23"},{"lineNumber":29,"author":{"gitId":"hongyijie06"},"content":"            File f \u003d new File(\"TaskList.txt\");","lastModifiedDate":"2024-02-23"},{"lineNumber":30,"author":{"gitId":"hongyijie06"},"content":"            System.out.println(\"File not found\");","lastModifiedDate":"2024-02-23"},{"lineNumber":31,"author":{"gitId":"hongyijie06"},"content":"            System.out.println(\"File created: \" + f.getAbsolutePath());","lastModifiedDate":"2024-02-23"},{"lineNumber":32,"author":{"gitId":"hongyijie06"},"content":"        }","lastModifiedDate":"2024-02-23"},{"lineNumber":33,"author":{"gitId":"hongyijie06"},"content":"        int index \u003d 0;//number of items in the list","lastModifiedDate":"2024-02-09"},{"lineNumber":34,"author":{"gitId":"hongyijie06"},"content":"        String line \u003d \" \";","lastModifiedDate":"2024-02-09"},{"lineNumber":35,"author":{"gitId":"hongyijie06"},"content":"","lastModifiedDate":"2024-02-07"},{"lineNumber":36,"author":{"gitId":"hongyijie06"},"content":"        new ManageInputs(tasks, index, line);","lastModifiedDate":"2024-02-20"},{"lineNumber":37,"author":{"gitId":"-"},"content":"    }","lastModifiedDate":"2019-07-29"},{"lineNumber":38,"author":{"gitId":"-"},"content":"}","lastModifiedDate":"2019-07-29"}],"authorContributionMap":{"hongyijie06":35,"-":3}},{"path":"src/main/java/EmptyLineException.java","fileType":"java","lines":[{"lineNumber":1,"author":{"gitId":"hongyijie06"},"content":"public class EmptyLineException extends Exception{","lastModifiedDate":"2024-02-20"},{"lineNumber":2,"author":{"gitId":"hongyijie06"},"content":"}","lastModifiedDate":"2024-02-20"}],"authorContributionMap":{"hongyijie06":2}},{"path":"src/main/java/Event.java","fileType":"java","lines":[{"lineNumber":1,"author":{"gitId":"hongyijie06"},"content":"public class Event extends Task{","lastModifiedDate":"2024-02-16"},{"lineNumber":2,"author":{"gitId":"hongyijie06"},"content":"    protected String from;","lastModifiedDate":"2024-02-16"},{"lineNumber":3,"author":{"gitId":"hongyijie06"},"content":"    protected String to;","lastModifiedDate":"2024-02-16"},{"lineNumber":4,"author":{"gitId":"hongyijie06"},"content":"    public Event(String description, String from, String to){","lastModifiedDate":"2024-02-16"},{"lineNumber":5,"author":{"gitId":"hongyijie06"},"content":"        super(description);","lastModifiedDate":"2024-02-16"},{"lineNumber":6,"author":{"gitId":"hongyijie06"},"content":"        this.from \u003d from;","lastModifiedDate":"2024-02-16"},{"lineNumber":7,"author":{"gitId":"hongyijie06"},"content":"        this.to \u003d to;","lastModifiedDate":"2024-02-16"},{"lineNumber":8,"author":{"gitId":"hongyijie06"},"content":"    }","lastModifiedDate":"2024-02-16"},{"lineNumber":9,"author":{"gitId":"hongyijie06"},"content":"    @Override","lastModifiedDate":"2024-02-16"},{"lineNumber":10,"author":{"gitId":"hongyijie06"},"content":"    public String toString() {","lastModifiedDate":"2024-02-16"},{"lineNumber":11,"author":{"gitId":"hongyijie06"},"content":"        return \"[E]\" + super.toString() + \" (from: \" + from + \" to: \" + to + \")\";","lastModifiedDate":"2024-02-16"},{"lineNumber":12,"author":{"gitId":"hongyijie06"},"content":"    }","lastModifiedDate":"2024-02-16"},{"lineNumber":13,"author":{"gitId":"hongyijie06"},"content":"}","lastModifiedDate":"2024-02-16"}],"authorContributionMap":{"hongyijie06":13}},{"path":"src/main/java/ManageInputs.java","fileType":"java","lines":[{"lineNumber":1,"author":{"gitId":"hongyijie06"},"content":"import java.io.File;","lastModifiedDate":"2024-02-23"},{"lineNumber":2,"author":{"gitId":"hongyijie06"},"content":"import java.io.FileWriter;","lastModifiedDate":"2024-02-23"},{"lineNumber":3,"author":{"gitId":"hongyijie06"},"content":"import java.io.IOException;","lastModifiedDate":"2024-02-23"},{"lineNumber":4,"author":{"gitId":"hongyijie06"},"content":"import java.util.ArrayList;","lastModifiedDate":"2024-02-20"},{"lineNumber":5,"author":{"gitId":"hongyijie06"},"content":"import java.util.Scanner;","lastModifiedDate":"2024-02-20"},{"lineNumber":6,"author":{"gitId":"hongyijie06"},"content":"","lastModifiedDate":"2024-02-20"},{"lineNumber":7,"author":{"gitId":"hongyijie06"},"content":"public class ManageInputs {","lastModifiedDate":"2024-02-20"},{"lineNumber":8,"author":{"gitId":"hongyijie06"},"content":"    protected static String from;","lastModifiedDate":"2024-02-20"},{"lineNumber":9,"author":{"gitId":"hongyijie06"},"content":"    protected static String to;","lastModifiedDate":"2024-02-20"},{"lineNumber":10,"author":{"gitId":"hongyijie06"},"content":"    public static String description;","lastModifiedDate":"2024-02-20"},{"lineNumber":11,"author":{"gitId":"hongyijie06"},"content":"    protected static String by;","lastModifiedDate":"2024-02-20"},{"lineNumber":12,"author":{"gitId":"hongyijie06"},"content":"","lastModifiedDate":"2024-02-20"},{"lineNumber":13,"author":{"gitId":"hongyijie06"},"content":"    private static void writeToFile(String filePath, Task textToAdd) throws IOException {","lastModifiedDate":"2024-02-23"},{"lineNumber":14,"author":{"gitId":"hongyijie06"},"content":"        FileWriter fw \u003d new FileWriter(filePath, true);","lastModifiedDate":"2024-02-23"},{"lineNumber":15,"author":{"gitId":"hongyijie06"},"content":"        fw.write(textToAdd + \"\\n\");","lastModifiedDate":"2024-02-23"},{"lineNumber":16,"author":{"gitId":"hongyijie06"},"content":"        fw.close();","lastModifiedDate":"2024-02-23"},{"lineNumber":17,"author":{"gitId":"hongyijie06"},"content":"    }","lastModifiedDate":"2024-02-23"},{"lineNumber":18,"author":{"gitId":"hongyijie06"},"content":"","lastModifiedDate":"2024-02-23"},{"lineNumber":19,"author":{"gitId":"hongyijie06"},"content":"","lastModifiedDate":"2024-03-02"},{"lineNumber":20,"author":{"gitId":"hongyijie06"},"content":"//file -\u003e tasks","lastModifiedDate":"2024-03-02"},{"lineNumber":21,"author":{"gitId":"hongyijie06"},"content":"    private static int fillFileContents(ArrayList\u003cTask\u003e tasks, String filePath, int index) throws IOException, UnexpectedCommandException {//updates index","lastModifiedDate":"2024-03-02"},{"lineNumber":22,"author":{"gitId":"hongyijie06"},"content":"        File f \u003d new File(filePath); // create a File for the given file path","lastModifiedDate":"2024-02-23"},{"lineNumber":23,"author":{"gitId":"hongyijie06"},"content":"        Scanner s \u003d new Scanner(f); // create a Scanner using the File as the source","lastModifiedDate":"2024-02-23"},{"lineNumber":24,"author":{"gitId":"hongyijie06"},"content":"","lastModifiedDate":"2024-02-20"},{"lineNumber":25,"author":{"gitId":"hongyijie06"},"content":"        while (s.hasNext()) {","lastModifiedDate":"2024-02-23"},{"lineNumber":26,"author":{"gitId":"hongyijie06"},"content":"","lastModifiedDate":"2024-03-02"},{"lineNumber":27,"author":{"gitId":"hongyijie06"},"content":"            String sLine \u003d s.nextLine();","lastModifiedDate":"2024-02-23"},{"lineNumber":28,"author":{"gitId":"hongyijie06"},"content":"            if (sLine.contains(\"[E]\")) {","lastModifiedDate":"2024-02-23"},{"lineNumber":29,"author":{"gitId":"hongyijie06"},"content":"                dealWithEvent(tasks, index, sLine, true);","lastModifiedDate":"2024-03-02"},{"lineNumber":30,"author":{"gitId":"hongyijie06"},"content":"            } else if (sLine.contains(\"[D]\")) {","lastModifiedDate":"2024-02-23"},{"lineNumber":31,"author":{"gitId":"hongyijie06"},"content":"                dealWithDeadline(tasks, index, sLine, true);","lastModifiedDate":"2024-03-02"},{"lineNumber":32,"author":{"gitId":"hongyijie06"},"content":"            } else if (sLine.contains(\"[T]\")) {","lastModifiedDate":"2024-02-23"},{"lineNumber":33,"author":{"gitId":"hongyijie06"},"content":"                dealWithTodo(tasks, index, sLine, true);","lastModifiedDate":"2024-03-02"},{"lineNumber":34,"author":{"gitId":"hongyijie06"},"content":"            }","lastModifiedDate":"2024-02-23"},{"lineNumber":35,"author":{"gitId":"hongyijie06"},"content":"            boolean isInTxt \u003d false;","lastModifiedDate":"2024-03-02"},{"lineNumber":36,"author":{"gitId":"hongyijie06"},"content":"            index++;","lastModifiedDate":"2024-02-23"},{"lineNumber":37,"author":{"gitId":"hongyijie06"},"content":"        }","lastModifiedDate":"2024-02-23"},{"lineNumber":38,"author":{"gitId":"hongyijie06"},"content":"","lastModifiedDate":"2024-03-02"},{"lineNumber":39,"author":{"gitId":"hongyijie06"},"content":"        return index;","lastModifiedDate":"2024-02-23"},{"lineNumber":40,"author":{"gitId":"hongyijie06"},"content":"    }","lastModifiedDate":"2024-02-23"},{"lineNumber":41,"author":{"gitId":"hongyijie06"},"content":"","lastModifiedDate":"2024-02-23"},{"lineNumber":42,"author":{"gitId":"hongyijie06"},"content":"private void saveToFile(ArrayList\u003cTask\u003e tasks, int index) throws IOException{","lastModifiedDate":"2024-03-02"},{"lineNumber":43,"author":{"gitId":"hongyijie06"},"content":"    new FileWriter(\"TaskList.txt\", false).close();","lastModifiedDate":"2024-03-02"},{"lineNumber":44,"author":{"gitId":"hongyijie06"},"content":"    for (int TaskIndex \u003d 0; TaskIndex \u003c index; TaskIndex ++) {","lastModifiedDate":"2024-03-02"},{"lineNumber":45,"author":{"gitId":"hongyijie06"},"content":"        writeToFile(\"TaskList.txt\", tasks.get(TaskIndex));","lastModifiedDate":"2024-03-02"},{"lineNumber":46,"author":{"gitId":"hongyijie06"},"content":"    }","lastModifiedDate":"2024-03-02"},{"lineNumber":47,"author":{"gitId":"hongyijie06"},"content":"}","lastModifiedDate":"2024-03-02"},{"lineNumber":48,"author":{"gitId":"hongyijie06"},"content":"","lastModifiedDate":"2024-03-02"},{"lineNumber":49,"author":{"gitId":"hongyijie06"},"content":"    public static void dealWithEvent(ArrayList\u003cTask\u003e tasks, int index, String line, boolean isInTxt) throws UnexpectedCommandException, IOException {","lastModifiedDate":"2024-03-02"},{"lineNumber":50,"author":{"gitId":"hongyijie06"},"content":"        int indexTo \u003d line.lastIndexOf(\"to\");","lastModifiedDate":"2024-03-02"},{"lineNumber":51,"author":{"gitId":"hongyijie06"},"content":"        int indexFrom \u003d line.indexOf(\"from\");","lastModifiedDate":"2024-02-23"},{"lineNumber":52,"author":{"gitId":"hongyijie06"},"content":"        String from;","lastModifiedDate":"2024-03-02"},{"lineNumber":53,"author":{"gitId":"hongyijie06"},"content":"        String to;","lastModifiedDate":"2024-03-02"},{"lineNumber":54,"author":{"gitId":"hongyijie06"},"content":"        String description;","lastModifiedDate":"2024-03-02"},{"lineNumber":55,"author":{"gitId":"hongyijie06"},"content":"","lastModifiedDate":"2024-02-20"},{"lineNumber":56,"author":{"gitId":"hongyijie06"},"content":"        if ((indexTo \u003d\u003d -1) || (indexFrom \u003d\u003d -1)) { //invalid format","lastModifiedDate":"2024-02-20"},{"lineNumber":57,"author":{"gitId":"hongyijie06"},"content":"            System.out.println(\"Invalid format! Enter event in the format: event (description) from (start) to (end)\");","lastModifiedDate":"2024-02-23"},{"lineNumber":58,"author":{"gitId":"hongyijie06"},"content":"            throw new UnexpectedCommandException();","lastModifiedDate":"2024-02-20"},{"lineNumber":59,"author":{"gitId":"hongyijie06"},"content":"        }","lastModifiedDate":"2024-02-20"},{"lineNumber":60,"author":{"gitId":"hongyijie06"},"content":"        try {//timeline not specified/ both not specified","lastModifiedDate":"2024-02-20"},{"lineNumber":61,"author":{"gitId":"hongyijie06"},"content":"            from \u003d line.substring(indexFrom + 5, indexTo - 1);","lastModifiedDate":"2024-03-02"},{"lineNumber":62,"author":{"gitId":"hongyijie06"},"content":"            to \u003d line.substring(indexTo + 2);","lastModifiedDate":"2024-03-02"},{"lineNumber":63,"author":{"gitId":"hongyijie06"},"content":"        } catch (IndexOutOfBoundsException e) {","lastModifiedDate":"2024-02-20"},{"lineNumber":64,"author":{"gitId":"hongyijie06"},"content":"            try {","lastModifiedDate":"2024-02-20"},{"lineNumber":65,"author":{"gitId":"hongyijie06"},"content":"                description \u003d line.substring(5, indexFrom - 1);","lastModifiedDate":"2024-03-02"},{"lineNumber":66,"author":{"gitId":"hongyijie06"},"content":"            } catch (IndexOutOfBoundsException f) {","lastModifiedDate":"2024-02-20"},{"lineNumber":67,"author":{"gitId":"hongyijie06"},"content":"                System.out.println(\"event description and timeline not specified\");","lastModifiedDate":"2024-02-20"},{"lineNumber":68,"author":{"gitId":"hongyijie06"},"content":"                throw new UnexpectedCommandException();","lastModifiedDate":"2024-02-20"},{"lineNumber":69,"author":{"gitId":"hongyijie06"},"content":"            }","lastModifiedDate":"2024-02-20"},{"lineNumber":70,"author":{"gitId":"hongyijie06"},"content":"            System.out.println(\"event timeline not specified\");","lastModifiedDate":"2024-02-20"},{"lineNumber":71,"author":{"gitId":"hongyijie06"},"content":"            throw new UnexpectedCommandException();","lastModifiedDate":"2024-02-20"},{"lineNumber":72,"author":{"gitId":"hongyijie06"},"content":"        }","lastModifiedDate":"2024-02-20"},{"lineNumber":73,"author":{"gitId":"hongyijie06"},"content":"        try {//description not specified","lastModifiedDate":"2024-02-20"},{"lineNumber":74,"author":{"gitId":"hongyijie06"},"content":"            description \u003d line.substring(5, indexFrom - 1);","lastModifiedDate":"2024-03-02"},{"lineNumber":75,"author":{"gitId":"hongyijie06"},"content":"        } catch (IndexOutOfBoundsException e) {","lastModifiedDate":"2024-02-20"},{"lineNumber":76,"author":{"gitId":"hongyijie06"},"content":"            System.out.println(\"event description not specified\");","lastModifiedDate":"2024-02-20"},{"lineNumber":77,"author":{"gitId":"hongyijie06"},"content":"            throw new UnexpectedCommandException();","lastModifiedDate":"2024-02-20"},{"lineNumber":78,"author":{"gitId":"hongyijie06"},"content":"        }","lastModifiedDate":"2024-02-20"},{"lineNumber":79,"author":{"gitId":"hongyijie06"},"content":"        if(!isInTxt) {","lastModifiedDate":"2024-03-02"},{"lineNumber":80,"author":{"gitId":"hongyijie06"},"content":"            from \u003d line.substring(indexFrom + 5, indexTo - 1);","lastModifiedDate":"2024-03-02"},{"lineNumber":81,"author":{"gitId":"hongyijie06"},"content":"            to \u003d line.substring(indexTo + 3);","lastModifiedDate":"2024-03-02"},{"lineNumber":82,"author":{"gitId":"hongyijie06"},"content":"            description \u003d line.substring(5, indexFrom - 1);","lastModifiedDate":"2024-03-02"},{"lineNumber":83,"author":{"gitId":"hongyijie06"},"content":"        } else {","lastModifiedDate":"2024-03-02"},{"lineNumber":84,"author":{"gitId":"hongyijie06"},"content":"            from \u003d line.substring(indexFrom + 6, indexTo - 1);","lastModifiedDate":"2024-03-02"},{"lineNumber":85,"author":{"gitId":"hongyijie06"},"content":"            to \u003d line.substring(indexTo + 4, line.length() - 1);","lastModifiedDate":"2024-03-02"},{"lineNumber":86,"author":{"gitId":"hongyijie06"},"content":"            description \u003d line.substring(6, indexFrom - 1);","lastModifiedDate":"2024-03-02"},{"lineNumber":87,"author":{"gitId":"hongyijie06"},"content":"        }","lastModifiedDate":"2024-03-02"},{"lineNumber":88,"author":{"gitId":"hongyijie06"},"content":"","lastModifiedDate":"2024-02-20"},{"lineNumber":89,"author":{"gitId":"hongyijie06"},"content":"        tasks.add(index, new Event(description, from, to));","lastModifiedDate":"2024-02-20"},{"lineNumber":90,"author":{"gitId":"hongyijie06"},"content":"    }","lastModifiedDate":"2024-02-20"},{"lineNumber":91,"author":{"gitId":"hongyijie06"},"content":"","lastModifiedDate":"2024-02-20"},{"lineNumber":92,"author":{"gitId":"hongyijie06"},"content":"    public static void dealWithDeadline(ArrayList\u003cTask\u003e tasks, int index, String line, boolean isInTxt) throws UnexpectedCommandException, IOException {","lastModifiedDate":"2024-03-02"},{"lineNumber":93,"author":{"gitId":"hongyijie06"},"content":"        int indexBy \u003d line.indexOf(\"by\");","lastModifiedDate":"2024-02-20"},{"lineNumber":94,"author":{"gitId":"hongyijie06"},"content":"        int space \u003d line.indexOf(\" \");","lastModifiedDate":"2024-02-23"},{"lineNumber":95,"author":{"gitId":"hongyijie06"},"content":"        String by;","lastModifiedDate":"2024-03-02"},{"lineNumber":96,"author":{"gitId":"hongyijie06"},"content":"        String description;","lastModifiedDate":"2024-03-02"},{"lineNumber":97,"author":{"gitId":"hongyijie06"},"content":"        if (indexBy \u003d\u003d -1) {//invalid format","lastModifiedDate":"2024-02-20"},{"lineNumber":98,"author":{"gitId":"hongyijie06"},"content":"            System.out.println(\"Invalid format! Enter deadline in the format: deadline (description) by (deadline)\");","lastModifiedDate":"2024-02-20"},{"lineNumber":99,"author":{"gitId":"hongyijie06"},"content":"            throw new UnexpectedCommandException();","lastModifiedDate":"2024-02-20"},{"lineNumber":100,"author":{"gitId":"hongyijie06"},"content":"        }","lastModifiedDate":"2024-02-20"},{"lineNumber":101,"author":{"gitId":"hongyijie06"},"content":"        try {//deadline / both not specified","lastModifiedDate":"2024-02-20"},{"lineNumber":102,"author":{"gitId":"hongyijie06"},"content":"            by \u003d line.substring(indexBy + 2);","lastModifiedDate":"2024-03-02"},{"lineNumber":103,"author":{"gitId":"hongyijie06"},"content":"        } catch (IndexOutOfBoundsException e) {","lastModifiedDate":"2024-02-20"},{"lineNumber":104,"author":{"gitId":"hongyijie06"},"content":"            try {","lastModifiedDate":"2024-02-20"},{"lineNumber":105,"author":{"gitId":"hongyijie06"},"content":"                description \u003d line.substring(space, indexBy - 1);","lastModifiedDate":"2024-03-02"},{"lineNumber":106,"author":{"gitId":"hongyijie06"},"content":"            } catch (IndexOutOfBoundsException f) {","lastModifiedDate":"2024-02-20"},{"lineNumber":107,"author":{"gitId":"hongyijie06"},"content":"                System.out.println(\"deadline description and deadline not specified\");","lastModifiedDate":"2024-02-20"},{"lineNumber":108,"author":{"gitId":"hongyijie06"},"content":"                throw new UnexpectedCommandException();","lastModifiedDate":"2024-02-20"},{"lineNumber":109,"author":{"gitId":"hongyijie06"},"content":"            }","lastModifiedDate":"2024-02-20"},{"lineNumber":110,"author":{"gitId":"hongyijie06"},"content":"            System.out.println(\"deadline not specified\");","lastModifiedDate":"2024-02-20"},{"lineNumber":111,"author":{"gitId":"hongyijie06"},"content":"            throw new UnexpectedCommandException();","lastModifiedDate":"2024-02-20"},{"lineNumber":112,"author":{"gitId":"hongyijie06"},"content":"        }","lastModifiedDate":"2024-02-20"},{"lineNumber":113,"author":{"gitId":"hongyijie06"},"content":"        try {//deadline not specified","lastModifiedDate":"2024-02-20"},{"lineNumber":114,"author":{"gitId":"hongyijie06"},"content":"            description \u003d line.substring(space, indexBy - 1);","lastModifiedDate":"2024-03-02"},{"lineNumber":115,"author":{"gitId":"hongyijie06"},"content":"        } catch (IndexOutOfBoundsException e) {","lastModifiedDate":"2024-02-20"},{"lineNumber":116,"author":{"gitId":"hongyijie06"},"content":"            System.out.println(\"deadline description not specified\");","lastModifiedDate":"2024-02-20"},{"lineNumber":117,"author":{"gitId":"hongyijie06"},"content":"            throw new UnexpectedCommandException();","lastModifiedDate":"2024-02-20"},{"lineNumber":118,"author":{"gitId":"hongyijie06"},"content":"        }","lastModifiedDate":"2024-02-20"},{"lineNumber":119,"author":{"gitId":"hongyijie06"},"content":"        if (!isInTxt) {","lastModifiedDate":"2024-03-02"},{"lineNumber":120,"author":{"gitId":"hongyijie06"},"content":"            description \u003d line.substring(space, indexBy - 1);","lastModifiedDate":"2024-03-02"},{"lineNumber":121,"author":{"gitId":"hongyijie06"},"content":"            by \u003d line.substring(indexBy + 3);","lastModifiedDate":"2024-03-02"},{"lineNumber":122,"author":{"gitId":"hongyijie06"},"content":"        } else{","lastModifiedDate":"2024-03-02"},{"lineNumber":123,"author":{"gitId":"hongyijie06"},"content":"            description \u003d line.substring(space, indexBy - 1);","lastModifiedDate":"2024-03-02"},{"lineNumber":124,"author":{"gitId":"hongyijie06"},"content":"            by \u003d line.substring(indexBy + 4, line.length() - 1);","lastModifiedDate":"2024-03-02"},{"lineNumber":125,"author":{"gitId":"hongyijie06"},"content":"        }","lastModifiedDate":"2024-03-02"},{"lineNumber":126,"author":{"gitId":"hongyijie06"},"content":"","lastModifiedDate":"2024-02-23"},{"lineNumber":127,"author":{"gitId":"hongyijie06"},"content":"        tasks.add(index, new Deadline(description, by));","lastModifiedDate":"2024-02-20"},{"lineNumber":128,"author":{"gitId":"hongyijie06"},"content":"    }","lastModifiedDate":"2024-02-20"},{"lineNumber":129,"author":{"gitId":"hongyijie06"},"content":"","lastModifiedDate":"2024-02-20"},{"lineNumber":130,"author":{"gitId":"hongyijie06"},"content":"    public static void dealWithTodo(ArrayList\u003cTask\u003e tasks, int index, String line, boolean isInTxt) throws UnexpectedCommandException, IOException {","lastModifiedDate":"2024-03-02"},{"lineNumber":131,"author":{"gitId":"hongyijie06"},"content":"        int indexSpace \u003d line.indexOf(\" \");","lastModifiedDate":"2024-02-20"},{"lineNumber":132,"author":{"gitId":"hongyijie06"},"content":"        if (indexSpace \u003d\u003d -1) {","lastModifiedDate":"2024-02-20"},{"lineNumber":133,"author":{"gitId":"hongyijie06"},"content":"            System.out.println(\"todo description not specified\");","lastModifiedDate":"2024-02-20"},{"lineNumber":134,"author":{"gitId":"hongyijie06"},"content":"            throw new UnexpectedCommandException();","lastModifiedDate":"2024-02-20"},{"lineNumber":135,"author":{"gitId":"hongyijie06"},"content":"        }","lastModifiedDate":"2024-02-20"},{"lineNumber":136,"author":{"gitId":"hongyijie06"},"content":"","lastModifiedDate":"2024-02-20"},{"lineNumber":137,"author":{"gitId":"hongyijie06"},"content":"        String description \u003d line.substring(indexSpace);","lastModifiedDate":"2024-02-20"},{"lineNumber":138,"author":{"gitId":"hongyijie06"},"content":"","lastModifiedDate":"2024-02-20"},{"lineNumber":139,"author":{"gitId":"hongyijie06"},"content":"        tasks.add(index, new Todo(description));","lastModifiedDate":"2024-02-20"},{"lineNumber":140,"author":{"gitId":"hongyijie06"},"content":"","lastModifiedDate":"2024-02-23"},{"lineNumber":141,"author":{"gitId":"hongyijie06"},"content":"    }","lastModifiedDate":"2024-02-20"},{"lineNumber":142,"author":{"gitId":"hongyijie06"},"content":"","lastModifiedDate":"2024-02-20"},{"lineNumber":143,"author":{"gitId":"hongyijie06"},"content":"    private void handleUnexpectedCommand(boolean isValidCommand) throws UnexpectedCommandException {","lastModifiedDate":"2024-02-20"},{"lineNumber":144,"author":{"gitId":"hongyijie06"},"content":"        if (!isValidCommand) {","lastModifiedDate":"2024-02-20"},{"lineNumber":145,"author":{"gitId":"hongyijie06"},"content":"            throw new UnexpectedCommandException();","lastModifiedDate":"2024-02-20"},{"lineNumber":146,"author":{"gitId":"hongyijie06"},"content":"        }","lastModifiedDate":"2024-02-20"},{"lineNumber":147,"author":{"gitId":"hongyijie06"},"content":"    }","lastModifiedDate":"2024-02-20"},{"lineNumber":148,"author":{"gitId":"hongyijie06"},"content":"","lastModifiedDate":"2024-02-20"},{"lineNumber":149,"author":{"gitId":"hongyijie06"},"content":"    private void handleEmptyInput(String line) throws EmptyLineException {","lastModifiedDate":"2024-02-20"},{"lineNumber":150,"author":{"gitId":"hongyijie06"},"content":"        if (line.isEmpty()) {","lastModifiedDate":"2024-02-20"},{"lineNumber":151,"author":{"gitId":"hongyijie06"},"content":"            throw new EmptyLineException();","lastModifiedDate":"2024-02-20"},{"lineNumber":152,"author":{"gitId":"hongyijie06"},"content":"        }","lastModifiedDate":"2024-02-20"},{"lineNumber":153,"author":{"gitId":"hongyijie06"},"content":"    }","lastModifiedDate":"2024-02-20"},{"lineNumber":154,"author":{"gitId":"hongyijie06"},"content":"","lastModifiedDate":"2024-02-20"},{"lineNumber":155,"author":{"gitId":"hongyijie06"},"content":"    public ManageInputs(ArrayList\u003cTask\u003e tasks, int index, String line) throws IOException, UnexpectedCommandException {","lastModifiedDate":"2024-02-23"},{"lineNumber":156,"author":{"gitId":"hongyijie06"},"content":"        boolean isInTxt \u003d false;","lastModifiedDate":"2024-03-02"},{"lineNumber":157,"author":{"gitId":"hongyijie06"},"content":"        index \u003d fillFileContents(tasks, \"TaskList.txt\", index);","lastModifiedDate":"2024-03-02"},{"lineNumber":158,"author":{"gitId":"hongyijie06"},"content":"","lastModifiedDate":"2024-03-02"},{"lineNumber":159,"author":{"gitId":"hongyijie06"},"content":"        while (!line.equals(\"bye\")) {","lastModifiedDate":"2024-02-20"},{"lineNumber":160,"author":{"gitId":"hongyijie06"},"content":"            Boolean isValidCommand \u003d false;","lastModifiedDate":"2024-02-20"},{"lineNumber":161,"author":{"gitId":"hongyijie06"},"content":"            Scanner input \u003d new Scanner(System.in);","lastModifiedDate":"2024-02-20"},{"lineNumber":162,"author":{"gitId":"hongyijie06"},"content":"            line \u003d input.nextLine();","lastModifiedDate":"2024-02-20"},{"lineNumber":163,"author":{"gitId":"hongyijie06"},"content":"","lastModifiedDate":"2024-02-20"},{"lineNumber":164,"author":{"gitId":"hongyijie06"},"content":"            Task t \u003d new Task(line);","lastModifiedDate":"2024-02-20"},{"lineNumber":165,"author":{"gitId":"hongyijie06"},"content":"            String[] inputs \u003d line.split(\" \");","lastModifiedDate":"2024-02-20"},{"lineNumber":166,"author":{"gitId":"hongyijie06"},"content":"            ","lastModifiedDate":"2024-02-20"},{"lineNumber":167,"author":{"gitId":"hongyijie06"},"content":"            if (inputs[0].equals(\"mark\")) {//mark as done","lastModifiedDate":"2024-02-20"},{"lineNumber":168,"author":{"gitId":"hongyijie06"},"content":"                isValidCommand \u003d true;","lastModifiedDate":"2024-02-20"},{"lineNumber":169,"author":{"gitId":"hongyijie06"},"content":"                int idx \u003d Integer.parseInt(inputs[1]);","lastModifiedDate":"2024-02-20"},{"lineNumber":170,"author":{"gitId":"hongyijie06"},"content":"                tasks.get(idx - 1).markAsDone();","lastModifiedDate":"2024-02-20"},{"lineNumber":171,"author":{"gitId":"hongyijie06"},"content":"                System.out.println(\"Nice! I\u0027ve marked this task as done: \");","lastModifiedDate":"2024-02-20"},{"lineNumber":172,"author":{"gitId":"hongyijie06"},"content":"                System.out.println(tasks.get(idx - 1));","lastModifiedDate":"2024-02-20"},{"lineNumber":173,"author":{"gitId":"hongyijie06"},"content":"                saveToFile(tasks, index);","lastModifiedDate":"2024-03-02"},{"lineNumber":174,"author":{"gitId":"hongyijie06"},"content":"            } else if (inputs[0].equals(\"unmark\")) {//unmark done","lastModifiedDate":"2024-02-20"},{"lineNumber":175,"author":{"gitId":"hongyijie06"},"content":"                isValidCommand \u003d true;","lastModifiedDate":"2024-02-20"},{"lineNumber":176,"author":{"gitId":"hongyijie06"},"content":"                int idx \u003d Integer.parseInt(inputs[1]);","lastModifiedDate":"2024-02-20"},{"lineNumber":177,"author":{"gitId":"hongyijie06"},"content":"                tasks.get(idx - 1).unmarkDone();","lastModifiedDate":"2024-02-20"},{"lineNumber":178,"author":{"gitId":"hongyijie06"},"content":"                System.out.println(\"OK, I\u0027ve marked this task as not done yet: \");","lastModifiedDate":"2024-02-20"},{"lineNumber":179,"author":{"gitId":"hongyijie06"},"content":"                System.out.println(tasks.get(idx - 1));","lastModifiedDate":"2024-02-20"},{"lineNumber":180,"author":{"gitId":"hongyijie06"},"content":"                saveToFile(tasks, index);","lastModifiedDate":"2024-03-02"},{"lineNumber":181,"author":{"gitId":"hongyijie06"},"content":"            } else if (line.equals(\"list\")) {//lists tasks","lastModifiedDate":"2024-02-20"},{"lineNumber":182,"author":{"gitId":"hongyijie06"},"content":"                isValidCommand \u003d true;","lastModifiedDate":"2024-02-20"},{"lineNumber":183,"author":{"gitId":"hongyijie06"},"content":"                System.out.println(\"Here are the tasks in your list: \");","lastModifiedDate":"2024-02-20"},{"lineNumber":184,"author":{"gitId":"hongyijie06"},"content":"","lastModifiedDate":"2024-02-23"},{"lineNumber":185,"author":{"gitId":"hongyijie06"},"content":"                for (int i \u003d 0; i \u003c index; i++) {","lastModifiedDate":"2024-02-20"},{"lineNumber":186,"author":{"gitId":"hongyijie06"},"content":"                    System.out.println((i + 1) + \". \" + tasks.get(i));","lastModifiedDate":"2024-02-20"},{"lineNumber":187,"author":{"gitId":"hongyijie06"},"content":"                }","lastModifiedDate":"2024-02-20"},{"lineNumber":188,"author":{"gitId":"hongyijie06"},"content":"            } else if (line.equals(\"bye\")) {//exit chat","lastModifiedDate":"2024-02-20"},{"lineNumber":189,"author":{"gitId":"hongyijie06"},"content":"                isValidCommand \u003d true;","lastModifiedDate":"2024-02-20"},{"lineNumber":190,"author":{"gitId":"hongyijie06"},"content":"                saveToFile(tasks, index);","lastModifiedDate":"2024-03-02"},{"lineNumber":191,"author":{"gitId":"hongyijie06"},"content":"                break;","lastModifiedDate":"2024-02-20"},{"lineNumber":192,"author":{"gitId":"hongyijie06"},"content":"            } else if (inputs[0].equals(\"event\") || inputs[0].equals(\"todo\") || inputs[0].equals(\"deadline\")) {//add items","lastModifiedDate":"2024-02-20"},{"lineNumber":193,"author":{"gitId":"hongyijie06"},"content":"                try {","lastModifiedDate":"2024-02-20"},{"lineNumber":194,"author":{"gitId":"hongyijie06"},"content":"                    if (inputs[0].equals(\"event\")) {","lastModifiedDate":"2024-02-20"},{"lineNumber":195,"author":{"gitId":"hongyijie06"},"content":"                        isValidCommand \u003d true;","lastModifiedDate":"2024-02-20"},{"lineNumber":196,"author":{"gitId":"hongyijie06"},"content":"                        dealWithEvent(tasks, index, line, isInTxt);","lastModifiedDate":"2024-03-02"},{"lineNumber":197,"author":{"gitId":"hongyijie06"},"content":"                        writeToFile(\"TaskList.txt\", tasks.get(index));","lastModifiedDate":"2024-02-23"},{"lineNumber":198,"author":{"gitId":"hongyijie06"},"content":"                        System.out.println(\"Got it. I\u0027ve added this task: \");","lastModifiedDate":"2024-02-23"},{"lineNumber":199,"author":{"gitId":"hongyijie06"},"content":"                        System.out.println(tasks.get(index));","lastModifiedDate":"2024-02-23"},{"lineNumber":200,"author":{"gitId":"hongyijie06"},"content":"                        index++;","lastModifiedDate":"2024-02-20"},{"lineNumber":201,"author":{"gitId":"hongyijie06"},"content":"                    } else if (inputs[0].equals(\"deadline\")) {","lastModifiedDate":"2024-02-20"},{"lineNumber":202,"author":{"gitId":"hongyijie06"},"content":"                        isValidCommand \u003d true;","lastModifiedDate":"2024-02-20"},{"lineNumber":203,"author":{"gitId":"hongyijie06"},"content":"                        dealWithDeadline(tasks, index, line, isInTxt);","lastModifiedDate":"2024-03-02"},{"lineNumber":204,"author":{"gitId":"hongyijie06"},"content":"                        writeToFile(\"TaskList.txt\", tasks.get(index));","lastModifiedDate":"2024-02-23"},{"lineNumber":205,"author":{"gitId":"hongyijie06"},"content":"                        System.out.println(\"Got it. I\u0027ve added this task: \");","lastModifiedDate":"2024-02-23"},{"lineNumber":206,"author":{"gitId":"hongyijie06"},"content":"                        System.out.println(tasks.get(index));","lastModifiedDate":"2024-02-23"},{"lineNumber":207,"author":{"gitId":"hongyijie06"},"content":"                        index++;","lastModifiedDate":"2024-02-20"},{"lineNumber":208,"author":{"gitId":"hongyijie06"},"content":"                    } else {","lastModifiedDate":"2024-02-20"},{"lineNumber":209,"author":{"gitId":"hongyijie06"},"content":"                        isValidCommand \u003d true;","lastModifiedDate":"2024-02-20"},{"lineNumber":210,"author":{"gitId":"hongyijie06"},"content":"                        dealWithTodo(tasks, index, line, isInTxt);","lastModifiedDate":"2024-03-02"},{"lineNumber":211,"author":{"gitId":"hongyijie06"},"content":"                        writeToFile(\"TaskList.txt\", tasks.get(index));","lastModifiedDate":"2024-02-23"},{"lineNumber":212,"author":{"gitId":"hongyijie06"},"content":"                        System.out.println(\"Got it. I\u0027ve added this task: \");","lastModifiedDate":"2024-02-23"},{"lineNumber":213,"author":{"gitId":"hongyijie06"},"content":"                        System.out.println(tasks.get(index));","lastModifiedDate":"2024-02-23"},{"lineNumber":214,"author":{"gitId":"hongyijie06"},"content":"                        index++;","lastModifiedDate":"2024-02-20"},{"lineNumber":215,"author":{"gitId":"hongyijie06"},"content":"                    }","lastModifiedDate":"2024-02-20"},{"lineNumber":216,"author":{"gitId":"hongyijie06"},"content":"                } catch (UnexpectedCommandException e) {","lastModifiedDate":"2024-02-20"},{"lineNumber":217,"author":{"gitId":"hongyijie06"},"content":"                } catch (IOException e) {","lastModifiedDate":"2024-02-23"},{"lineNumber":218,"author":{"gitId":"hongyijie06"},"content":"                    throw new RuntimeException(e);","lastModifiedDate":"2024-02-23"},{"lineNumber":219,"author":{"gitId":"hongyijie06"},"content":"                }","lastModifiedDate":"2024-02-20"},{"lineNumber":220,"author":{"gitId":"hongyijie06"},"content":"                System.out.println(\"Now you have \" + tasks.size() + \" tasks in the list.\");","lastModifiedDate":"2024-02-20"},{"lineNumber":221,"author":{"gitId":"hongyijie06"},"content":"            } else if (inputs[0].equals(\"delete\")) {","lastModifiedDate":"2024-02-20"},{"lineNumber":222,"author":{"gitId":"hongyijie06"},"content":"                isValidCommand \u003d true;","lastModifiedDate":"2024-02-23"},{"lineNumber":223,"author":{"gitId":"hongyijie06"},"content":"                fillFileContents(tasks, \"TaskList.txt\", index);","lastModifiedDate":"2024-03-02"},{"lineNumber":224,"author":{"gitId":"hongyijie06"},"content":"                int idx \u003d Integer.parseInt(inputs[1]);","lastModifiedDate":"2024-02-20"},{"lineNumber":225,"author":{"gitId":"hongyijie06"},"content":"                System.out.println(\"Noted. I\u0027ve removed this task: \");","lastModifiedDate":"2024-02-20"},{"lineNumber":226,"author":{"gitId":"hongyijie06"},"content":"                System.out.println(tasks.get(idx - 1));","lastModifiedDate":"2024-02-20"},{"lineNumber":227,"author":{"gitId":"hongyijie06"},"content":"                tasks.remove(idx - 1);","lastModifiedDate":"2024-02-20"},{"lineNumber":228,"author":{"gitId":"hongyijie06"},"content":"                index--;","lastModifiedDate":"2024-02-20"},{"lineNumber":229,"author":{"gitId":"hongyijie06"},"content":"                System.out.println(\"Now you have \" + index + \" tasks in the list.\");","lastModifiedDate":"2024-03-02"},{"lineNumber":230,"author":{"gitId":"hongyijie06"},"content":"                saveToFile(tasks, index);","lastModifiedDate":"2024-03-02"},{"lineNumber":231,"author":{"gitId":"hongyijie06"},"content":"","lastModifiedDate":"2024-03-02"},{"lineNumber":232,"author":{"gitId":"hongyijie06"},"content":"            } else {","lastModifiedDate":"2024-02-20"},{"lineNumber":233,"author":{"gitId":"hongyijie06"},"content":"                try {","lastModifiedDate":"2024-02-20"},{"lineNumber":234,"author":{"gitId":"hongyijie06"},"content":"                    handleEmptyInput(line);","lastModifiedDate":"2024-02-20"},{"lineNumber":235,"author":{"gitId":"hongyijie06"},"content":"                    handleUnexpectedCommand(isValidCommand);","lastModifiedDate":"2024-02-20"},{"lineNumber":236,"author":{"gitId":"hongyijie06"},"content":"                } catch (UnexpectedCommandException e) {","lastModifiedDate":"2024-02-20"},{"lineNumber":237,"author":{"gitId":"hongyijie06"},"content":"                    System.out.println(\"please enter a valid command\");","lastModifiedDate":"2024-02-20"},{"lineNumber":238,"author":{"gitId":"hongyijie06"},"content":"                } catch (EmptyLineException e) {","lastModifiedDate":"2024-02-20"},{"lineNumber":239,"author":{"gitId":"hongyijie06"},"content":"                    System.out.println(\"enter a task\");","lastModifiedDate":"2024-02-20"},{"lineNumber":240,"author":{"gitId":"hongyijie06"},"content":"                }","lastModifiedDate":"2024-02-20"},{"lineNumber":241,"author":{"gitId":"hongyijie06"},"content":"            }","lastModifiedDate":"2024-02-20"},{"lineNumber":242,"author":{"gitId":"hongyijie06"},"content":"        }","lastModifiedDate":"2024-02-20"},{"lineNumber":243,"author":{"gitId":"hongyijie06"},"content":"        System.out.println(\"Bye. Hope to see you again soon!\");","lastModifiedDate":"2024-02-20"},{"lineNumber":244,"author":{"gitId":"hongyijie06"},"content":"    }","lastModifiedDate":"2024-02-20"},{"lineNumber":245,"author":{"gitId":"hongyijie06"},"content":"}","lastModifiedDate":"2024-02-20"}],"authorContributionMap":{"hongyijie06":245}},{"path":"src/main/java/ReadFileContents.java","fileType":"java","lines":[{"lineNumber":1,"author":{"gitId":"hongyijie06"},"content":"import java.io.File;","lastModifiedDate":"2024-02-23"},{"lineNumber":2,"author":{"gitId":"hongyijie06"},"content":"import java.io.FileNotFoundException;","lastModifiedDate":"2024-02-23"},{"lineNumber":3,"author":{"gitId":"hongyijie06"},"content":"import java.util.Scanner;","lastModifiedDate":"2024-02-23"},{"lineNumber":4,"author":{"gitId":"hongyijie06"},"content":"","lastModifiedDate":"2024-02-23"},{"lineNumber":5,"author":{"gitId":"hongyijie06"},"content":"public class ReadFileContents {","lastModifiedDate":"2024-02-23"},{"lineNumber":6,"author":{"gitId":"hongyijie06"},"content":"","lastModifiedDate":"2024-02-23"},{"lineNumber":7,"author":{"gitId":"hongyijie06"},"content":"    private static void printFileContents(String filePath) throws FileNotFoundException {","lastModifiedDate":"2024-02-23"},{"lineNumber":8,"author":{"gitId":"hongyijie06"},"content":"        File f \u003d new File(filePath); // create a File for the given file path","lastModifiedDate":"2024-02-23"},{"lineNumber":9,"author":{"gitId":"hongyijie06"},"content":"        Scanner s \u003d new Scanner(f); // create a Scanner using the File as the source","lastModifiedDate":"2024-02-23"},{"lineNumber":10,"author":{"gitId":"hongyijie06"},"content":"        while (s.hasNext()) {","lastModifiedDate":"2024-02-23"},{"lineNumber":11,"author":{"gitId":"hongyijie06"},"content":"            System.out.println(s.nextLine());","lastModifiedDate":"2024-02-23"},{"lineNumber":12,"author":{"gitId":"hongyijie06"},"content":"        }","lastModifiedDate":"2024-02-23"},{"lineNumber":13,"author":{"gitId":"hongyijie06"},"content":"    }","lastModifiedDate":"2024-02-23"},{"lineNumber":14,"author":{"gitId":"hongyijie06"},"content":"","lastModifiedDate":"2024-02-23"},{"lineNumber":15,"author":{"gitId":"hongyijie06"},"content":"    public static void main(String[] args) {","lastModifiedDate":"2024-02-23"},{"lineNumber":16,"author":{"gitId":"hongyijie06"},"content":"        try {","lastModifiedDate":"2024-02-23"},{"lineNumber":17,"author":{"gitId":"hongyijie06"},"content":"            printFileContents(\"TaskList.txt\");","lastModifiedDate":"2024-02-23"},{"lineNumber":18,"author":{"gitId":"hongyijie06"},"content":"","lastModifiedDate":"2024-02-23"},{"lineNumber":19,"author":{"gitId":"hongyijie06"},"content":"        } catch (FileNotFoundException e) {","lastModifiedDate":"2024-02-23"},{"lineNumber":20,"author":{"gitId":"hongyijie06"},"content":"            new CreateFile();","lastModifiedDate":"2024-02-23"},{"lineNumber":21,"author":{"gitId":"hongyijie06"},"content":"            System.out.println(\"File not found\");","lastModifiedDate":"2024-02-23"},{"lineNumber":22,"author":{"gitId":"hongyijie06"},"content":"        }","lastModifiedDate":"2024-02-23"},{"lineNumber":23,"author":{"gitId":"hongyijie06"},"content":"    }","lastModifiedDate":"2024-02-23"},{"lineNumber":24,"author":{"gitId":"hongyijie06"},"content":"","lastModifiedDate":"2024-02-23"},{"lineNumber":25,"author":{"gitId":"hongyijie06"},"content":"}","lastModifiedDate":"2024-02-23"}],"authorContributionMap":{"hongyijie06":25}},{"path":"src/main/java/Task.java","fileType":"java","lines":[{"lineNumber":1,"author":{"gitId":"hongyijie06"},"content":"public class Task {","lastModifiedDate":"2024-02-09"},{"lineNumber":2,"author":{"gitId":"hongyijie06"},"content":"    protected String description;","lastModifiedDate":"2024-02-09"},{"lineNumber":3,"author":{"gitId":"hongyijie06"},"content":"    protected boolean isDone;","lastModifiedDate":"2024-02-09"},{"lineNumber":4,"author":{"gitId":"hongyijie06"},"content":"    public Task(String description) {","lastModifiedDate":"2024-02-09"},{"lineNumber":5,"author":{"gitId":"hongyijie06"},"content":"        this.description \u003d description;","lastModifiedDate":"2024-02-09"},{"lineNumber":6,"author":{"gitId":"hongyijie06"},"content":"        this.isDone \u003d false;","lastModifiedDate":"2024-02-09"},{"lineNumber":7,"author":{"gitId":"hongyijie06"},"content":"    }","lastModifiedDate":"2024-02-09"},{"lineNumber":8,"author":{"gitId":"hongyijie06"},"content":"","lastModifiedDate":"2024-02-09"},{"lineNumber":9,"author":{"gitId":"hongyijie06"},"content":"    public String getStatusIcon() {","lastModifiedDate":"2024-02-09"},{"lineNumber":10,"author":{"gitId":"hongyijie06"},"content":"        return (isDone ? \"1\" : \"0\"); // mark done task with X","lastModifiedDate":"2024-02-23"},{"lineNumber":11,"author":{"gitId":"hongyijie06"},"content":"    }","lastModifiedDate":"2024-02-09"},{"lineNumber":12,"author":{"gitId":"hongyijie06"},"content":"","lastModifiedDate":"2024-02-09"},{"lineNumber":13,"author":{"gitId":"hongyijie06"},"content":"    public void markAsDone() {","lastModifiedDate":"2024-02-09"},{"lineNumber":14,"author":{"gitId":"hongyijie06"},"content":"        this.isDone \u003d true;","lastModifiedDate":"2024-02-09"},{"lineNumber":15,"author":{"gitId":"hongyijie06"},"content":"    }","lastModifiedDate":"2024-02-09"},{"lineNumber":16,"author":{"gitId":"hongyijie06"},"content":"","lastModifiedDate":"2024-02-09"},{"lineNumber":17,"author":{"gitId":"hongyijie06"},"content":"    public void unmarkDone() {","lastModifiedDate":"2024-02-09"},{"lineNumber":18,"author":{"gitId":"hongyijie06"},"content":"        this.isDone \u003d false;","lastModifiedDate":"2024-02-09"},{"lineNumber":19,"author":{"gitId":"hongyijie06"},"content":"    }","lastModifiedDate":"2024-02-09"},{"lineNumber":20,"author":{"gitId":"hongyijie06"},"content":"","lastModifiedDate":"2024-02-16"},{"lineNumber":21,"author":{"gitId":"hongyijie06"},"content":"    public String toString(){","lastModifiedDate":"2024-02-16"},{"lineNumber":22,"author":{"gitId":"hongyijie06"},"content":"        return \"[\" + getStatusIcon() + \"]\" + description;","lastModifiedDate":"2024-02-16"},{"lineNumber":23,"author":{"gitId":"hongyijie06"},"content":"    }","lastModifiedDate":"2024-02-16"},{"lineNumber":24,"author":{"gitId":"hongyijie06"},"content":"}","lastModifiedDate":"2024-02-09"},{"lineNumber":25,"author":{"gitId":"hongyijie06"},"content":"","lastModifiedDate":"2024-02-09"}],"authorContributionMap":{"hongyijie06":25}},{"path":"src/main/java/Todo.java","fileType":"java","lines":[{"lineNumber":1,"author":{"gitId":"hongyijie06"},"content":"public class Todo extends Task{","lastModifiedDate":"2024-02-16"},{"lineNumber":2,"author":{"gitId":"hongyijie06"},"content":"","lastModifiedDate":"2024-02-16"},{"lineNumber":3,"author":{"gitId":"hongyijie06"},"content":"    public Todo(String description){","lastModifiedDate":"2024-02-16"},{"lineNumber":4,"author":{"gitId":"hongyijie06"},"content":"        super(description);","lastModifiedDate":"2024-02-16"},{"lineNumber":5,"author":{"gitId":"hongyijie06"},"content":"    }","lastModifiedDate":"2024-02-16"},{"lineNumber":6,"author":{"gitId":"hongyijie06"},"content":"    @Override","lastModifiedDate":"2024-02-16"},{"lineNumber":7,"author":{"gitId":"hongyijie06"},"content":"    public String toString() {","lastModifiedDate":"2024-02-16"},{"lineNumber":8,"author":{"gitId":"hongyijie06"},"content":"        return \"[T]\" + super.toString();","lastModifiedDate":"2024-02-16"},{"lineNumber":9,"author":{"gitId":"hongyijie06"},"content":"    }","lastModifiedDate":"2024-02-16"},{"lineNumber":10,"author":{"gitId":"hongyijie06"},"content":"","lastModifiedDate":"2024-02-16"},{"lineNumber":11,"author":{"gitId":"hongyijie06"},"content":"}","lastModifiedDate":"2024-02-16"}],"authorContributionMap":{"hongyijie06":11}},{"path":"src/main/java/UnexpectedCommandException.java","fileType":"java","lines":[{"lineNumber":1,"author":{"gitId":"hongyijie06"},"content":"public class UnexpectedCommandException extends Exception {","lastModifiedDate":"2024-02-20"},{"lineNumber":2,"author":{"gitId":"hongyijie06"},"content":"}","lastModifiedDate":"2024-02-20"}],"authorContributionMap":{"hongyijie06":2}}]
