{"authorDailyContributionsMap":{"hongyijie06":[{"date":"2024-01-26","commitResults":[{"hash":"f0ecd9cdbc3d816a0ef0efe2f512008fc0db423b","isMergeCommit":false,"messageTitle":"add chatbot name","messageBody":"","fileTypesAndContributionMap":{"java":{"insertions":4,"deletions":6}}}]}]},"authorFileTypeContributionMap":{"hongyijie06":{"java":4,"md":0,"fxml":0,"sh":0,"bat":0,"gradle":0,"txt":0}},"authorContributionVariance":{"hongyijie06":10.9375},"authorDisplayNameMap":{"hongyijie06":"CS2113-F15-1 HONG.. JIE"}}
