{"authorDailyContributionsMap":{"hongyijie06":[{"date":"2024-01-26","commitResults":[{"hash":"f0ecd9cdbc3d816a0ef0efe2f512008fc0db423b","isMergeCommit":false,"messageTitle":"add chatbot name","messageBody":"","tags":["Level-1","Level-0"],"fileTypesAndContributionMap":{"java":{"insertions":4,"deletions":6}}}]},{"date":"2024-02-07","commitResults":[{"hash":"e0b6eeda26c7b64e6df39652a16d12b867e9bcf4","isMergeCommit":false,"messageTitle":"Add echo","messageBody":"","tags":["Level-2"],"fileTypesAndContributionMap":{"java":{"insertions":22,"deletions":0}}},{"hash":"35ec609da73aa0b0b920aba737871704d1ace3f1","isMergeCommit":false,"messageTitle":"add Add,list","messageBody":"","fileTypesAndContributionMap":{"java":{"insertions":18,"deletions":3}}}]},{"date":"2024-02-09","commitResults":[{"hash":"0c167248e0c87e57066436708fbf29340460d22f","isMergeCommit":false,"messageTitle":"add mark as done","messageBody":"","tags":["Level-3"],"fileTypesAndContributionMap":{"java":{"insertions":68,"deletions":39}}},{"hash":"1b6ca15d9aaa88aa5a7a834645c3e6f233cda887","isMergeCommit":false,"messageTitle":"add A-CodingStandard","messageBody":"","tags":["A-CodingStandard"],"fileTypesAndContributionMap":{"java":{"insertions":56,"deletions":61}}}]},{"date":"2024-02-16","commitResults":[{"hash":"6ef3078ef99ac0a9d393d5279651eb9a475b2015","isMergeCommit":false,"messageTitle":"add todo, deadline and event","messageBody":"","tags":["Level-4"],"fileTypesAndContributionMap":{"java":{"insertions":93,"deletions":3}}}]},{"date":"2024-02-19","commitResults":[{"hash":"b540106ed3d6520543d5b1a4a0fb826199257881","isMergeCommit":false,"messageTitle":"add code quality","messageBody":"","tags":["A-CodeQuality"],"fileTypesAndContributionMap":{"java":{"insertions":19,"deletions":31}}}]},{"date":"2024-02-20","commitResults":[{"hash":"c2302554e61de79479108a70d79e8a85e504f885","isMergeCommit":false,"messageTitle":"add error handling","messageBody":"","fileTypesAndContributionMap":{"java":{"insertions":133,"deletions":69}}},{"hash":"bedc8ec32b86d83940acdcb69ce5ddf192d49ecd","isMergeCommit":false,"messageTitle":"make error handling more error-specific","messageBody":"","fileTypesAndContributionMap":{"java":{"insertions":53,"deletions":14}}},{"hash":"4793c541ea1fe105390fec9bb05217c3159eddd1","isMergeCommit":false,"messageTitle":"Revert \"make error handling more error-specific\"","messageBody":"This reverts commit bedc8ec32b86d83940acdcb69ce5ddf192d49ecd.\n","fileTypesAndContributionMap":{"java":{"insertions":14,"deletions":53}}},{"hash":"c43aef30e21d72dd3b09e696a9a7b88ddce1017a","isMergeCommit":false,"messageTitle":"Revert \"Revert \"make error handling more error-specific\"\"","messageBody":"This reverts commit 4793c541ea1fe105390fec9bb05217c3159eddd1.\n","tags":["Level-5","A-Exceptions"],"fileTypesAndContributionMap":{"java":{"insertions":53,"deletions":14}}},{"hash":"e0bf4a2973deab651cd783f2fcea2ff5fdb1f753","isMergeCommit":false,"messageTitle":"add delete","messageBody":"","fileTypesAndContributionMap":{"java":{"insertions":33,"deletions":24}}}]},{"date":"2024-02-22","commitResults":[{"hash":"7078d987edae719f8d7bbb56ac4ea4c01655039c","isMergeCommit":true,"messageTitle":"Merge branch \u0027branch-Level-6\u0027","messageBody":"","tags":["Level-6","A-Collections"],"fileTypesAndContributionMap":{}}]},{"date":"2024-02-23","commitResults":[{"hash":"e44d14ee743a002b01d0fc8c76e941b0ad946c46","isMergeCommit":false,"messageTitle":"add save","messageBody":"","fileTypesAndContributionMap":{"java":{"insertions":4,"deletions":0}}},{"hash":"011c695f9f3c86b23caa4d00802262bb1895062a","isMergeCommit":false,"messageTitle":"resolve errors","messageBody":"","fileTypesAndContributionMap":{"txt":{"insertions":16,"deletions":0},"java":{"insertions":132,"deletions":35}}},{"hash":"0bc39f63d7e1ebaf1903b6c7cc6ebd25b1975f02","isMergeCommit":true,"messageTitle":"Merge branch \u0027branch-Level-7\u0027","messageBody":"","tags":["Level-7"],"fileTypesAndContributionMap":{}}]},{"date":"2024-03-02","commitResults":[{"hash":"b1fd82dd74ba227a2a9e43ddc187b8c067735cc4","isMergeCommit":false,"messageTitle":"fix formatting when listing tasks","messageBody":"","fileTypesAndContributionMap":{"java":{"insertions":55,"deletions":25}}},{"hash":"61216db1637d89d14f8311fa42c959d044c42f36","isMergeCommit":false,"messageTitle":"add saveToFile","messageBody":"","fileTypesAndContributionMap":{"java":{"insertions":20,"deletions":14}}}]},{"date":"2024-03-03","commitResults":[{"hash":"996ba2b9a0c58e4600300eedc050aeb3aba7e58e","isMergeCommit":false,"messageTitle":"fix file not found error","messageBody":"","fileTypesAndContributionMap":{"java":{"insertions":17,"deletions":4}}}]},{"date":"2024-03-07","commitResults":[{"hash":"7162ac7c59ff2c8efb7188baa13bb4c7dbe1d24f","isMergeCommit":false,"messageTitle":"use more oop","messageBody":"","tags":["A-MoreOOP"],"fileTypesAndContributionMap":{"java":{"insertions":111,"deletions":245}}},{"hash":"7a5826c8b085f7bb8b84963bc82b63e8613a9ccd","isMergeCommit":false,"messageTitle":"fix loading file errors","messageBody":"","fileTypesAndContributionMap":{"java":{"insertions":265,"deletions":29}}},{"hash":"4a60dbe4472dd6a8fd308309e092fcabe5341c90","isMergeCommit":false,"messageTitle":"add find","messageBody":"","fileTypesAndContributionMap":{"java":{"insertions":23,"deletions":1}}},{"hash":"422ac12c2439676c094ebccc2a758602457789ed","isMergeCommit":true,"messageTitle":"Merge branch \u0027branch-Level-9\u0027","messageBody":"","tags":["Level-9","A-Jar"],"fileTypesAndContributionMap":{}},{"hash":"2152ef7ccae13e8bf00288427ff53ee8c846b8bf","isMergeCommit":false,"messageTitle":"add javadoc","messageBody":"","fileTypesAndContributionMap":{"java":{"insertions":135,"deletions":2}}},{"hash":"b611a02186daeb54455bdfb27ba7a507387780d1","isMergeCommit":true,"messageTitle":"Merge pull request #1 from hongyijie06/branch-A-JavaDoc","messageBody":"add javadoc","fileTypesAndContributionMap":{}},{"hash":"d141099ddd90db40ba7b995ddd2ce29ada15a6b4","isMergeCommit":true,"messageTitle":"Merge branch \u0027master\u0027 of https://github.com/hongyijie06/ip","messageBody":"","tags":["A-JavaDoc"],"fileTypesAndContributionMap":{}}]},{"date":"2024-03-08","commitResults":[{"hash":"67523069e7e900a480f85ee888d4182cbdee5c0a","isMergeCommit":false,"messageTitle":"Add user guide","messageBody":"","fileTypesAndContributionMap":{"md":{"insertions":135,"deletions":24}}},{"hash":"2f4b48118b711f55779b87e2434b8efc14275d96","isMergeCommit":false,"messageTitle":"Format headers","messageBody":"","fileTypesAndContributionMap":{"md":{"insertions":13,"deletions":17}}},{"hash":"4f03af2ddd781c95bf5b2346545493980c7b5777","isMergeCommit":false,"messageTitle":"follow coding standards","messageBody":"","tags":["A-Release"],"fileTypesAndContributionMap":{"java":{"insertions":189,"deletions":141},"md":{"insertions":3,"deletions":3}}}]}]},"authorFileTypeContributionMap":{"hongyijie06":{"java":711,"md":131,"fxml":0,"sh":0,"bat":0,"gradle":0,"txt":16}},"authorContributionVariance":{"hongyijie06":22561.19},"authorDisplayNameMap":{"hongyijie06":"CS2113-F15-1 HONG.. JIE"}}
