{"authorDailyContributionsMap":{"ymirmeddeb":[{"date":"2024-02-02","commitResults":[{"hash":"d8403ec3e331ea8c85235c20d6b32305fe2f6279","isMergeCommit":false,"messageTitle":"changed the name of the chatbot and the message it prints out.","messageBody":"","tags":["level-0"],"fileTypesAndContributionMap":{"java":{"insertions":8,"deletions":6}}}]},{"date":"2024-02-08","commitResults":[{"hash":"6338c5b6dd56802a66fa25f02d4193996c5ac1e2","isMergeCommit":false,"messageTitle":"added echo functionality","messageBody":"","tags":["level-1"],"fileTypesAndContributionMap":{"java":{"insertions":21,"deletions":3}}},{"hash":"6f4e4540f8b77aaa8392974ad43741c92f566712","isMergeCommit":false,"messageTitle":"added functionality to add tasks to a list and display them","messageBody":"","tags":["level-2"],"fileTypesAndContributionMap":{"java":{"insertions":20,"deletions":1}}}]},{"date":"2024-02-13","commitResults":[{"hash":"2bd137b564a0db83f200c2079e0026684b8f8e2f","isMergeCommit":false,"messageTitle":"added mark and unmark functionality","messageBody":"","tags":["level-3"],"fileTypesAndContributionMap":{"java":{"insertions":117,"deletions":0}}}]},{"date":"2024-02-14","commitResults":[{"hash":"0db053ada775b3be5b63ecd6c439ca955cb406af","isMergeCommit":false,"messageTitle":"added todo, deadline and event functionality","messageBody":"","tags":["level-4"],"fileTypesAndContributionMap":{"java":{"insertions":85,"deletions":16}}},{"hash":"c1a6fb072611759d1f8191e4f689b92b5baa9410","isMergeCommit":false,"messageTitle":"implemented testing","messageBody":"","tags":["testing"],"fileTypesAndContributionMap":{"txt":{"insertions":18,"deletions":0},"sh":{"insertions":2,"deletions":2}}}]},{"date":"2024-02-28","commitResults":[{"hash":"e69538b57b0dc91d62524c849793a3c157dfce04","isMergeCommit":false,"messageTitle":"added error handling","messageBody":"","fileTypesAndContributionMap":{"java":{"insertions":88,"deletions":40}}},{"hash":"da0f04273fe70cd0baf20525ec10fc745955f776","isMergeCommit":false,"messageTitle":"no message","messageBody":"","fileTypesAndContributionMap":{"java":{"insertions":0,"deletions":49}}},{"hash":"fcf12c01e94622965c9a6d930be4ce4069aad3c5","isMergeCommit":false,"messageTitle":"no message","messageBody":"","fileTypesAndContributionMap":{"java":{"insertions":49,"deletions":0}}}]},{"date":"2024-03-07","commitResults":[{"hash":"e961737132ec4d8798361c87f551d3b4fdbd26c2","isMergeCommit":false,"messageTitle":"Revert \"no message\"","messageBody":"This reverts commit fcf12c01e94622965c9a6d930be4ce4069aad3c5.\n","fileTypesAndContributionMap":{"java":{"insertions":0,"deletions":49}}},{"hash":"97ddea9c35f9a5ab8f1f6bd369b712cd1b389226","isMergeCommit":false,"messageTitle":"added error handling","messageBody":"","fileTypesAndContributionMap":{"java":{"insertions":4,"deletions":4}}},{"hash":"708ed46eb728d71091201414ac9f80761b3f35f3","isMergeCommit":false,"messageTitle":"no message","messageBody":"","fileTypesAndContributionMap":{"java":{"insertions":77,"deletions":27}}},{"hash":"f59b21fdd8687d192c8002189c3e5e06cf872b96","isMergeCommit":true,"messageTitle":"Merge branch \u0027master\u0027 of https://github.com/ymirmeddeb/ip","messageBody":"* \u0027master\u0027 of https://github.com/ymirmeddeb/ip:\n  no message\n","fileTypesAndContributionMap":{}},{"hash":"68e5ae7ba8d2a1644e6eb97a54955843a347813c","isMergeCommit":false,"messageTitle":"added delete functionality","messageBody":"","tags":["level-6"],"fileTypesAndContributionMap":{"java":{"insertions":5,"deletions":0}}},{"hash":"771917173cc4bbb12472f02e3c415713b07c2a23","isMergeCommit":true,"messageTitle":"Merge branch \u0027branch-level-6\u0027","messageBody":"* branch-level-6:\n  added delete functionality\n","tags":["level-5"],"fileTypesAndContributionMap":{}},{"hash":"d9659d2561e2e468d0c5a1f759f3486918c54a2f","isMergeCommit":false,"messageTitle":"added text reading and writing functionality","messageBody":"","fileTypesAndContributionMap":{"txt":{"insertions":0,"deletions":0},"java":{"insertions":150,"deletions":37}}}]},{"date":"2024-03-08","commitResults":[{"hash":"0aa28c427d7f02936e7f74be60bece0aabc14d34","isMergeCommit":false,"messageTitle":"added more OOP","messageBody":"","tags":["A-MoreOOP"],"fileTypesAndContributionMap":{"java":{"insertions":245,"deletions":186}}},{"hash":"733f2b90e6fa789c51baa232298f6bd98e280723","isMergeCommit":false,"messageTitle":"implemented find functionality","messageBody":"","fileTypesAndContributionMap":{"java":{"insertions":34,"deletions":10}}},{"hash":"c45e4f5255fc6c03237bbafcb950b4546c666651","isMergeCommit":false,"messageTitle":"no message","messageBody":"","fileTypesAndContributionMap":{"java":{"insertions":26,"deletions":18}}},{"hash":"d2c62e14a76420538298748279ed8ecd25506268","isMergeCommit":true,"messageTitle":"Merge pull request #1 from ymirmeddeb/branch-level-9","messageBody":"Level 9","fileTypesAndContributionMap":{}},{"hash":"73109e30fc069c157a499cde222d75dd584d08a8","isMergeCommit":false,"messageTitle":"added save functionality","messageBody":"","fileTypesAndContributionMap":{"txt":{"insertions":3,"deletions":0},"java":{"insertions":201,"deletions":126}}},{"hash":"df2b335efb228f08787d2aa18eafef5352374f13","isMergeCommit":false,"messageTitle":"added save functionality","messageBody":"","fileTypesAndContributionMap":{"txt":{"insertions":0,"deletions":3},"java":{"insertions":145,"deletions":202}}},{"hash":"4c5d96bbb7da0cda61263064fc14ae256be8e177","isMergeCommit":false,"messageTitle":"no message","messageBody":"","fileTypesAndContributionMap":{"java":{"insertions":186,"deletions":128}}},{"hash":"b4f49103952d0ca472e3e9d1003bf9c2ec7abf29","isMergeCommit":false,"messageTitle":"no message","messageBody":"","tags":["level-7"],"fileTypesAndContributionMap":{"java":{"insertions":2,"deletions":0}}},{"hash":"a6e50e895dbee10515e3f316e2300f4ec922a6a9","isMergeCommit":true,"messageTitle":"Merge pull request #2 from ymirmeddeb/branch-level-7","messageBody":"Branch level 7","tags":["A-Release"],"fileTypesAndContributionMap":{}}]},{"date":"2024-03-10","commitResults":[{"hash":"3df77c6abcf5bdd9c22246ed93a1bac7c4bb5f82","isMergeCommit":false,"messageTitle":"Update README.md","messageBody":"","fileTypesAndContributionMap":{"md":{"insertions":157,"deletions":11}}},{"hash":"ea2cc06269e7cb98c11d8c977bb71120eb50cb1f","isMergeCommit":false,"messageTitle":"Update Joe.java","messageBody":"updated this because my last commit was the wrong code due to some confusion and problems with using Sourcetree","fileTypesAndContributionMap":{"java":{"insertions":125,"deletions":182}}},{"hash":"de40e72d3db92a337af91b02841ab3916798147a","isMergeCommit":false,"messageTitle":"Update Deadline.java","messageBody":"updated this because my last commit was the wrong code due to some confusion and problems with using Sourcetree","fileTypesAndContributionMap":{"java":{"insertions":4,"deletions":3}}},{"hash":"946f886c9199845b56db9a46b68984a6fa24590b","isMergeCommit":false,"messageTitle":"Update Parser.java","messageBody":"updated this because my last commit was the wrong code due to some confusion and problems with using Sourcetree","fileTypesAndContributionMap":{"java":{"insertions":11,"deletions":6}}},{"hash":"f6484c034b99dbeaf30e73d80cb464235407b983","isMergeCommit":false,"messageTitle":"Update Storage.java","messageBody":"updated this because my last commit was the wrong code due to some confusion and problems with using Sourcetree","fileTypesAndContributionMap":{"java":{"insertions":46,"deletions":6}}},{"hash":"31a3b494371fa1ff5b6536a656a66dbe74c5b142","isMergeCommit":false,"messageTitle":"A-UserGuide","messageBody":"made the UG","tags":["level-9","level-8","A-UserGuide","A-JavaDoc","A-Exceptions","A-Collections","A-CodingStandard","A-CodeQuality"],"fileTypesAndContributionMap":{"md":{"insertions":1,"deletions":0}}}]}]},"authorFileTypeContributionMap":{"ymirmeddeb":{"java":560,"md":147,"fxml":0,"sh":2,"bat":0,"gradle":0,"txt":18}},"authorContributionVariance":{"ymirmeddeb":50766.617},"authorDisplayNameMap":{"ymirmeddeb":"CS2113-F15-3 MEDD..YMIR"}}
