{"authorDailyContributionsMap":{"annnniexu":[{"date":"2024-02-01","commitResults":[{"hash":"16a079b1341573cf3eaf2dcd0f3737f69c2c86e1","isMergeCommit":false,"messageTitle":"finished level-0","messageBody":"","tags":["level-0"],"fileTypesAndContributionMap":{"java":{"insertions":7,"deletions":0}}},{"hash":"9c07628f762629e490331701aeaa5ee714e0c48e","isMergeCommit":false,"messageTitle":"finished level1","messageBody":"","tags":["Level-1"],"fileTypesAndContributionMap":{"java":{"insertions":20,"deletions":1}}},{"hash":"c74352896014242b06e510ec21f68f5acf006340","isMergeCommit":false,"messageTitle":"finished level2","messageBody":"","tags":["Level-2"],"fileTypesAndContributionMap":{"java":{"insertions":18,"deletions":4}}},{"hash":"14a264eded4a19874298afe2f324b420a886345f","isMergeCommit":false,"messageTitle":"level 2\u0027","messageBody":"","tags":["Level-3"],"fileTypesAndContributionMap":{"java":{"insertions":39,"deletions":4}}}]},{"date":"2024-02-05","commitResults":[{"hash":"14fcb680e92230785de4bae9a2c449c3fd4a2afb","isMergeCommit":false,"messageTitle":"created Task class and checks","messageBody":"","tags":["A-CodingStandard"],"fileTypesAndContributionMap":{"java":{"insertions":85,"deletions":38}}}]}]},"authorFileTypeContributionMap":{"annnniexu":{"java":122,"md":0,"fxml":0,"sh":0,"bat":0,"gradle":0,"txt":0}},"authorContributionVariance":{"annnniexu":1177.0},"authorDisplayNameMap":{"annnniexu":"XU A..NNIE"}}
