{"authorDailyContributionsMap":{"nickczh":[{"date":"2024-01-21","commitResults":[{"hash":"e52e140e20ec71b97b20f167efaecd368b44afa9","isMergeCommit":false,"messageTitle":"Complete Level-0 (Rename, Greet, Exit)","messageBody":"Let\u0027s call the chatbot \"Nick\".\n\nLet\u0027s implement an initial skeletal version of the ip that simply greets the user and exits.\n\nIncluded *.class in the .gitignore file which will not be committed as\nit should not be revision controlled.\n","tags":["Level-0"],"fileTypesAndContributionMap":{"java":{"insertions":7,"deletions":6}}}]},{"date":"2024-01-29","commitResults":[{"hash":"fa645e081ab37abc5f7000dbc23daf155ddfeec8","isMergeCommit":false,"messageTitle":"Complete Level-1 (Echo)","messageBody":"Let\u0027s,\n\n* Add a file containing ASCII content of name to the root of the\n  project directory for uniqueness and customization.\n\n* Improve skeletal version of Duke so that it echos commands entered by the user, and exits when the user types the command bye.\n","tags":["Level-1"],"fileTypesAndContributionMap":{"txt":{"insertions":15,"deletions":0},"java":{"insertions":30,"deletions":4}}},{"hash":"1ba8d573de19d153bb4dd5389ad44f436f2621c5","isMergeCommit":false,"messageTitle":"Complete Level-2 (Add, List)","messageBody":"Let\u0027s,\n* Create a fixed size array ( String[100] ) to store the items.\n* Store whatever text entered by the user and display them back to the user when requested.\n","tags":["Level-2"],"fileTypesAndContributionMap":{"java":{"insertions":14,"deletions":2}}},{"hash":"525bec68d45baca392525868049ba2c4f72b8fe0","isMergeCommit":false,"messageTitle":"Complete Level-3 (Mark as Done)","messageBody":"Let\u0027s,\n\n* Add the ability to mark tasks as done.\n* Add the ability to change the status back to not done.\n* Implement extension (A-Classes) with Task class to represent tasks.\n","tags":["Level-3"],"fileTypesAndContributionMap":{"java":{"insertions":44,"deletions":3}}}]},{"date":"2024-01-31","commitResults":[{"hash":"80002bab39c23809ba1d2a9bc2d7d1b04225b6c1","isMergeCommit":false,"messageTitle":"A-CodingStandard","messageBody":"Tweak the code to comply with a given coding standard.\nLink: https://se-education.org/guides/conventions/java/basic.html\n","tags":["A-CodingStandard"],"fileTypesAndContributionMap":{"java":{"insertions":19,"deletions":19}}}]}]},"authorFileTypeContributionMap":{"nickczh":{"java":86,"md":0,"fxml":0,"sh":0,"bat":0,"gradle":0,"txt":15}},"authorContributionVariance":{"nickczh":931.78705},"authorDisplayNameMap":{"nickczh":"NICK.. HUI"}}
