[{"path":"src/main/java/Confusion.java","fileType":"java","lines":[{"lineNumber":1,"author":{"gitId":"STeng618"},"content":"public class Confusion extends Exception{","lastModifiedDate":"2024-02-13"},{"lineNumber":2,"author":{"gitId":"STeng618"},"content":"}","lastModifiedDate":"2024-02-13"}],"authorContributionMap":{"STeng618":2}},{"path":"src/main/java/ConvoCraft.java","fileType":"java","lines":[{"lineNumber":1,"author":{"gitId":"STeng618"},"content":"public class ConvoCraft {","lastModifiedDate":"2024-01-21"},{"lineNumber":2,"author":{"gitId":"STeng618"},"content":"    private static void printWelcomeMessage() {","lastModifiedDate":"2024-02-02"},{"lineNumber":3,"author":{"gitId":"STeng618"},"content":"        HorizontalGenerator.printHorizontal();","lastModifiedDate":"2024-01-24"},{"lineNumber":4,"author":{"gitId":"STeng618"},"content":"        System.out.println(\"Hello! I\u0027m ConvoCraft\");","lastModifiedDate":"2024-01-21"},{"lineNumber":5,"author":{"gitId":"STeng618"},"content":"        System.out.println(\"What can I do for you?\");","lastModifiedDate":"2024-01-21"},{"lineNumber":6,"author":{"gitId":"STeng618"},"content":"        HorizontalGenerator.printHorizontal();","lastModifiedDate":"2024-01-24"},{"lineNumber":7,"author":{"gitId":"STeng618"},"content":"    }","lastModifiedDate":"2024-02-02"},{"lineNumber":8,"author":{"gitId":"STeng618"},"content":"","lastModifiedDate":"2024-02-02"},{"lineNumber":9,"author":{"gitId":"STeng618"},"content":"    private static void printExitMessage() {","lastModifiedDate":"2024-02-02"},{"lineNumber":10,"author":{"gitId":"STeng618"},"content":"        HorizontalGenerator.printHorizontal();","lastModifiedDate":"2024-01-24"},{"lineNumber":11,"author":{"gitId":"STeng618"},"content":"        System.out.println(\"Bye. Hope to see you again soon!\");","lastModifiedDate":"2024-01-21"},{"lineNumber":12,"author":{"gitId":"STeng618"},"content":"        HorizontalGenerator.printHorizontal();","lastModifiedDate":"2024-01-24"},{"lineNumber":13,"author":{"gitId":"STeng618"},"content":"    }","lastModifiedDate":"2024-01-21"},{"lineNumber":14,"author":{"gitId":"STeng618"},"content":"","lastModifiedDate":"2024-02-02"},{"lineNumber":15,"author":{"gitId":"STeng618"},"content":"    public static void main(String[] args) {","lastModifiedDate":"2024-02-02"},{"lineNumber":16,"author":{"gitId":"STeng618"},"content":"        ListKeeper listKeeper \u003d new ListKeeper();","lastModifiedDate":"2024-02-02"},{"lineNumber":17,"author":{"gitId":"STeng618"},"content":"        LogicManager logicManager \u003d new LogicManager(listKeeper);","lastModifiedDate":"2024-02-02"},{"lineNumber":18,"author":{"gitId":"STeng618"},"content":"        UserInterface userInterface \u003d new UserInterface(logicManager);","lastModifiedDate":"2024-02-02"},{"lineNumber":19,"author":{"gitId":"STeng618"},"content":"        printWelcomeMessage();","lastModifiedDate":"2024-02-02"},{"lineNumber":20,"author":{"gitId":"STeng618"},"content":"        userInterface.manageList();","lastModifiedDate":"2024-02-02"},{"lineNumber":21,"author":{"gitId":"STeng618"},"content":"        printExitMessage();","lastModifiedDate":"2024-02-02"},{"lineNumber":22,"author":{"gitId":"STeng618"},"content":"    }","lastModifiedDate":"2024-02-02"},{"lineNumber":23,"author":{"gitId":"STeng618"},"content":"}","lastModifiedDate":"2024-01-21"}],"authorContributionMap":{"STeng618":23}},{"path":"src/main/java/Deadline.java","fileType":"java","lines":[{"lineNumber":1,"author":{"gitId":"STeng618"},"content":"public class Deadline extends Task {","lastModifiedDate":"2024-02-03"},{"lineNumber":2,"author":{"gitId":"STeng618"},"content":"    private final String by;","lastModifiedDate":"2024-02-03"},{"lineNumber":3,"author":{"gitId":"STeng618"},"content":"","lastModifiedDate":"2024-02-03"},{"lineNumber":4,"author":{"gitId":"STeng618"},"content":"    public Deadline(String taskName, String by) {","lastModifiedDate":"2024-02-03"},{"lineNumber":5,"author":{"gitId":"STeng618"},"content":"        super(taskName);","lastModifiedDate":"2024-02-03"},{"lineNumber":6,"author":{"gitId":"STeng618"},"content":"        this.by \u003d by;","lastModifiedDate":"2024-02-03"},{"lineNumber":7,"author":{"gitId":"STeng618"},"content":"    }","lastModifiedDate":"2024-02-03"},{"lineNumber":8,"author":{"gitId":"STeng618"},"content":"","lastModifiedDate":"2024-02-03"},{"lineNumber":9,"author":{"gitId":"STeng618"},"content":"    @Override","lastModifiedDate":"2024-02-03"},{"lineNumber":10,"author":{"gitId":"STeng618"},"content":"    public String toString() {","lastModifiedDate":"2024-02-03"},{"lineNumber":11,"author":{"gitId":"STeng618"},"content":"        return \"[D]\" + super.toString() + \" (by: \" + this.by + \")\";","lastModifiedDate":"2024-02-03"},{"lineNumber":12,"author":{"gitId":"STeng618"},"content":"    }","lastModifiedDate":"2024-02-03"},{"lineNumber":13,"author":{"gitId":"STeng618"},"content":"}","lastModifiedDate":"2024-02-03"}],"authorContributionMap":{"STeng618":13}},{"path":"src/main/java/EmptyTaskDescription.java","fileType":"java","lines":[{"lineNumber":1,"author":{"gitId":"STeng618"},"content":"public class EmptyTaskDescription extends Exception{","lastModifiedDate":"2024-02-13"},{"lineNumber":2,"author":{"gitId":"STeng618"},"content":"}","lastModifiedDate":"2024-02-13"}],"authorContributionMap":{"STeng618":2}},{"path":"src/main/java/Event.java","fileType":"java","lines":[{"lineNumber":1,"author":{"gitId":"STeng618"},"content":"public class Event extends Task {","lastModifiedDate":"2024-02-03"},{"lineNumber":2,"author":{"gitId":"STeng618"},"content":"    private final String start;","lastModifiedDate":"2024-02-03"},{"lineNumber":3,"author":{"gitId":"STeng618"},"content":"    private final String end;","lastModifiedDate":"2024-02-03"},{"lineNumber":4,"author":{"gitId":"STeng618"},"content":"","lastModifiedDate":"2024-02-03"},{"lineNumber":5,"author":{"gitId":"STeng618"},"content":"    public Event(String taskName, String start, String end) {","lastModifiedDate":"2024-02-03"},{"lineNumber":6,"author":{"gitId":"STeng618"},"content":"        super(taskName);","lastModifiedDate":"2024-02-03"},{"lineNumber":7,"author":{"gitId":"STeng618"},"content":"        this.start \u003d start;","lastModifiedDate":"2024-02-03"},{"lineNumber":8,"author":{"gitId":"STeng618"},"content":"        this.end \u003d end;","lastModifiedDate":"2024-02-03"},{"lineNumber":9,"author":{"gitId":"STeng618"},"content":"    }","lastModifiedDate":"2024-02-03"},{"lineNumber":10,"author":{"gitId":"STeng618"},"content":"","lastModifiedDate":"2024-02-03"},{"lineNumber":11,"author":{"gitId":"STeng618"},"content":"    @Override","lastModifiedDate":"2024-02-03"},{"lineNumber":12,"author":{"gitId":"STeng618"},"content":"    public String toString() {","lastModifiedDate":"2024-02-03"},{"lineNumber":13,"author":{"gitId":"STeng618"},"content":"        return \"[E]\" + super.toString() + \" (from: \" + this.start + \" to: \" + this.end + \")\";","lastModifiedDate":"2024-02-03"},{"lineNumber":14,"author":{"gitId":"STeng618"},"content":"    }","lastModifiedDate":"2024-02-03"},{"lineNumber":15,"author":{"gitId":"STeng618"},"content":"}","lastModifiedDate":"2024-02-03"}],"authorContributionMap":{"STeng618":15}},{"path":"src/main/java/HorizontalGenerator.java","fileType":"java","lines":[{"lineNumber":1,"author":{"gitId":"STeng618"},"content":"public class HorizontalGenerator {","lastModifiedDate":"2024-01-24"},{"lineNumber":2,"author":{"gitId":"STeng618"},"content":"    public static void printHorizontal() {","lastModifiedDate":"2024-01-24"},{"lineNumber":3,"author":{"gitId":"STeng618"},"content":"        System.out.println(\"-----------------------------------------------\");","lastModifiedDate":"2024-01-24"},{"lineNumber":4,"author":{"gitId":"STeng618"},"content":"    }","lastModifiedDate":"2024-01-24"},{"lineNumber":5,"author":{"gitId":"STeng618"},"content":"}","lastModifiedDate":"2024-01-24"}],"authorContributionMap":{"STeng618":5}},{"path":"src/main/java/IllegalNumberOfArguments.java","fileType":"java","lines":[{"lineNumber":1,"author":{"gitId":"STeng618"},"content":"public class IllegalNumberOfArguments extends Exception{","lastModifiedDate":"2024-02-13"},{"lineNumber":2,"author":{"gitId":"STeng618"},"content":"}","lastModifiedDate":"2024-02-13"}],"authorContributionMap":{"STeng618":2}},{"path":"src/main/java/InvalidTaskArguments.java","fileType":"java","lines":[{"lineNumber":1,"author":{"gitId":"STeng618"},"content":"public class InvalidTaskArguments extends Exception{","lastModifiedDate":"2024-02-13"},{"lineNumber":2,"author":{"gitId":"STeng618"},"content":"}","lastModifiedDate":"2024-02-13"}],"authorContributionMap":{"STeng618":2}},{"path":"src/main/java/InvalidTaskIndex.java","fileType":"java","lines":[{"lineNumber":1,"author":{"gitId":"STeng618"},"content":"public class InvalidTaskIndex extends Exception{","lastModifiedDate":"2024-02-13"},{"lineNumber":2,"author":{"gitId":"STeng618"},"content":"}","lastModifiedDate":"2024-02-13"}],"authorContributionMap":{"STeng618":2}},{"path":"src/main/java/ListKeeper.java","fileType":"java","lines":[{"lineNumber":1,"author":{"gitId":"STeng618"},"content":"import java.util.Scanner;","lastModifiedDate":"2024-01-24"},{"lineNumber":2,"author":{"gitId":"STeng618"},"content":"","lastModifiedDate":"2024-01-24"},{"lineNumber":3,"author":{"gitId":"STeng618"},"content":"public class ListKeeper {","lastModifiedDate":"2024-01-24"},{"lineNumber":4,"author":{"gitId":"STeng618"},"content":"    private Task[] tasks;","lastModifiedDate":"2024-01-27"},{"lineNumber":5,"author":{"gitId":"STeng618"},"content":"    private int numTaskAdded \u003d 0;","lastModifiedDate":"2024-01-24"},{"lineNumber":6,"author":{"gitId":"STeng618"},"content":"    private static final int MAX_NUM_OF_TASKS \u003d 100;","lastModifiedDate":"2024-02-02"},{"lineNumber":7,"author":{"gitId":"STeng618"},"content":"","lastModifiedDate":"2024-01-24"},{"lineNumber":8,"author":{"gitId":"STeng618"},"content":"    public ListKeeper(int numOfTasks) {","lastModifiedDate":"2024-02-03"},{"lineNumber":9,"author":{"gitId":"STeng618"},"content":"        this.tasks \u003d new Task[numOfTasks];","lastModifiedDate":"2024-02-03"},{"lineNumber":10,"author":{"gitId":"STeng618"},"content":"    }","lastModifiedDate":"2024-02-03"},{"lineNumber":11,"author":{"gitId":"STeng618"},"content":"    public ListKeeper() {","lastModifiedDate":"2024-02-02"},{"lineNumber":12,"author":{"gitId":"STeng618"},"content":"        this(MAX_NUM_OF_TASKS);","lastModifiedDate":"2024-02-03"},{"lineNumber":13,"author":{"gitId":"STeng618"},"content":"    }","lastModifiedDate":"2024-01-24"},{"lineNumber":14,"author":{"gitId":"STeng618"},"content":"","lastModifiedDate":"2024-01-24"},{"lineNumber":15,"author":{"gitId":"STeng618"},"content":"    public void addToList(Task task) {","lastModifiedDate":"2024-02-03"},{"lineNumber":16,"author":{"gitId":"STeng618"},"content":"        if (this.numTaskAdded \u003d\u003d this.tasks.length) {","lastModifiedDate":"2024-02-03"},{"lineNumber":17,"author":{"gitId":"STeng618"},"content":"            System.out.println(\"No more tasks can be added\");","lastModifiedDate":"2024-01-27"},{"lineNumber":18,"author":{"gitId":"STeng618"},"content":"            return;","lastModifiedDate":"2024-01-24"},{"lineNumber":19,"author":{"gitId":"STeng618"},"content":"        }","lastModifiedDate":"2024-01-24"},{"lineNumber":20,"author":{"gitId":"STeng618"},"content":"        this.tasks[this.numTaskAdded] \u003d task;","lastModifiedDate":"2024-02-03"},{"lineNumber":21,"author":{"gitId":"STeng618"},"content":"        this.numTaskAdded++;","lastModifiedDate":"2024-01-24"},{"lineNumber":22,"author":{"gitId":"STeng618"},"content":"        // Provide feedback to user","lastModifiedDate":"2024-02-02"},{"lineNumber":23,"author":{"gitId":"STeng618"},"content":"        System.out.println(\"I have added this task:\");","lastModifiedDate":"2024-02-03"},{"lineNumber":24,"author":{"gitId":"STeng618"},"content":"        System.out.println(task);","lastModifiedDate":"2024-02-03"},{"lineNumber":25,"author":{"gitId":"STeng618"},"content":"    }","lastModifiedDate":"2024-01-24"},{"lineNumber":26,"author":{"gitId":"STeng618"},"content":"","lastModifiedDate":"2024-01-24"},{"lineNumber":27,"author":{"gitId":"STeng618"},"content":"    public void printList() {","lastModifiedDate":"2024-02-02"},{"lineNumber":28,"author":{"gitId":"STeng618"},"content":"        for (int i \u003d 0; i \u003c this.numTaskAdded; i++) {","lastModifiedDate":"2024-01-24"},{"lineNumber":29,"author":{"gitId":"STeng618"},"content":"            System.out.println(i + 1 + \". \" + this.tasks[i]);","lastModifiedDate":"2024-02-02"},{"lineNumber":30,"author":{"gitId":"STeng618"},"content":"        }","lastModifiedDate":"2024-01-24"},{"lineNumber":31,"author":{"gitId":"STeng618"},"content":"    }","lastModifiedDate":"2024-01-24"},{"lineNumber":32,"author":{"gitId":"STeng618"},"content":"","lastModifiedDate":"2024-01-24"},{"lineNumber":33,"author":{"gitId":"STeng618"},"content":"    public boolean isValidTaskIndex(int inputIndex) {","lastModifiedDate":"2024-02-03"},{"lineNumber":34,"author":{"gitId":"STeng618"},"content":"        return inputIndex \u003e\u003d 1 \u0026\u0026 inputIndex \u003c\u003d this.numTaskAdded;","lastModifiedDate":"2024-02-03"},{"lineNumber":35,"author":{"gitId":"STeng618"},"content":"    }","lastModifiedDate":"2024-01-27"},{"lineNumber":36,"author":{"gitId":"STeng618"},"content":"","lastModifiedDate":"2024-01-24"},{"lineNumber":37,"author":{"gitId":"STeng618"},"content":"    public void processMark(int inputIndex, boolean isCompleted) {","lastModifiedDate":"2024-02-13"},{"lineNumber":38,"author":{"gitId":"STeng618"},"content":"        tasks[inputIndex - 1].mark(isCompleted);","lastModifiedDate":"2024-02-13"},{"lineNumber":39,"author":{"gitId":"STeng618"},"content":"    }","lastModifiedDate":"2024-01-24"},{"lineNumber":40,"author":{"gitId":"STeng618"},"content":"}","lastModifiedDate":"2024-01-24"}],"authorContributionMap":{"STeng618":40}},{"path":"src/main/java/LogicManager.java","fileType":"java","lines":[{"lineNumber":1,"author":{"gitId":"STeng618"},"content":"public class LogicManager {","lastModifiedDate":"2024-02-02"},{"lineNumber":2,"author":{"gitId":"STeng618"},"content":"    private final ListKeeper listKeeper;","lastModifiedDate":"2024-02-03"},{"lineNumber":3,"author":{"gitId":"STeng618"},"content":"","lastModifiedDate":"2024-02-02"},{"lineNumber":4,"author":{"gitId":"STeng618"},"content":"    public LogicManager(ListKeeper listKeeper) {","lastModifiedDate":"2024-02-02"},{"lineNumber":5,"author":{"gitId":"STeng618"},"content":"        this.listKeeper \u003d listKeeper;","lastModifiedDate":"2024-02-02"},{"lineNumber":6,"author":{"gitId":"STeng618"},"content":"    }","lastModifiedDate":"2024-02-02"},{"lineNumber":7,"author":{"gitId":"STeng618"},"content":"","lastModifiedDate":"2024-02-02"},{"lineNumber":8,"author":{"gitId":"STeng618"},"content":"    private void executeList(String[] words) throws IllegalNumberOfArguments{","lastModifiedDate":"2024-02-13"},{"lineNumber":9,"author":{"gitId":"STeng618"},"content":"        if (words.length !\u003d 1) {","lastModifiedDate":"2024-02-13"},{"lineNumber":10,"author":{"gitId":"STeng618"},"content":"            throw new IllegalNumberOfArguments();","lastModifiedDate":"2024-02-13"},{"lineNumber":11,"author":{"gitId":"STeng618"},"content":"        }","lastModifiedDate":"2024-02-03"},{"lineNumber":12,"author":{"gitId":"STeng618"},"content":"        this.listKeeper.printList();","lastModifiedDate":"2024-02-13"},{"lineNumber":13,"author":{"gitId":"STeng618"},"content":"    }","lastModifiedDate":"2024-02-03"},{"lineNumber":14,"author":{"gitId":"STeng618"},"content":"","lastModifiedDate":"2024-02-03"},{"lineNumber":15,"author":{"gitId":"STeng618"},"content":"    private void executeMark (String[] words)","lastModifiedDate":"2024-02-13"},{"lineNumber":16,"author":{"gitId":"STeng618"},"content":"        throws IllegalNumberOfArguments, InvalidTaskIndex {","lastModifiedDate":"2024-02-13"},{"lineNumber":17,"author":{"gitId":"STeng618"},"content":"","lastModifiedDate":"2024-02-13"},{"lineNumber":18,"author":{"gitId":"STeng618"},"content":"        if (words.length !\u003d 2) {","lastModifiedDate":"2024-02-02"},{"lineNumber":19,"author":{"gitId":"STeng618"},"content":"            throw new IllegalNumberOfArguments();","lastModifiedDate":"2024-02-13"},{"lineNumber":20,"author":{"gitId":"STeng618"},"content":"        }","lastModifiedDate":"2024-02-02"},{"lineNumber":21,"author":{"gitId":"STeng618"},"content":"        String taskIndexString \u003d words[1];","lastModifiedDate":"2024-02-03"},{"lineNumber":22,"author":{"gitId":"STeng618"},"content":"","lastModifiedDate":"2024-02-13"},{"lineNumber":23,"author":{"gitId":"STeng618"},"content":"        int taskIndex;","lastModifiedDate":"2024-02-13"},{"lineNumber":24,"author":{"gitId":"STeng618"},"content":"        try {","lastModifiedDate":"2024-02-13"},{"lineNumber":25,"author":{"gitId":"STeng618"},"content":"            taskIndex \u003d Integer.parseInt(taskIndexString);","lastModifiedDate":"2024-02-13"},{"lineNumber":26,"author":{"gitId":"STeng618"},"content":"        } catch (NumberFormatException e) {","lastModifiedDate":"2024-02-13"},{"lineNumber":27,"author":{"gitId":"STeng618"},"content":"            throw new InvalidTaskIndex();","lastModifiedDate":"2024-02-13"},{"lineNumber":28,"author":{"gitId":"STeng618"},"content":"        }","lastModifiedDate":"2024-02-02"},{"lineNumber":29,"author":{"gitId":"STeng618"},"content":"","lastModifiedDate":"2024-02-02"},{"lineNumber":30,"author":{"gitId":"STeng618"},"content":"        if (!this.listKeeper.isValidTaskIndex(taskIndex)) {","lastModifiedDate":"2024-02-13"},{"lineNumber":31,"author":{"gitId":"STeng618"},"content":"            throw new InvalidTaskIndex();","lastModifiedDate":"2024-02-13"},{"lineNumber":32,"author":{"gitId":"STeng618"},"content":"        }","lastModifiedDate":"2024-02-03"},{"lineNumber":33,"author":{"gitId":"STeng618"},"content":"","lastModifiedDate":"2024-02-13"},{"lineNumber":34,"author":{"gitId":"STeng618"},"content":"        boolean isCompleted \u003d words[0].equals(\"mark\");","lastModifiedDate":"2024-02-13"},{"lineNumber":35,"author":{"gitId":"STeng618"},"content":"        this.listKeeper.processMark(taskIndex, isCompleted);","lastModifiedDate":"2024-02-13"},{"lineNumber":36,"author":{"gitId":"STeng618"},"content":"    }","lastModifiedDate":"2024-02-03"},{"lineNumber":37,"author":{"gitId":"STeng618"},"content":"","lastModifiedDate":"2024-02-03"},{"lineNumber":38,"author":{"gitId":"STeng618"},"content":"    private void executeToDo(String currentInput)","lastModifiedDate":"2024-02-13"},{"lineNumber":39,"author":{"gitId":"STeng618"},"content":"        throws EmptyTaskDescription, InvalidTaskArguments {","lastModifiedDate":"2024-02-13"},{"lineNumber":40,"author":{"gitId":"STeng618"},"content":"        try {","lastModifiedDate":"2024-02-13"},{"lineNumber":41,"author":{"gitId":"STeng618"},"content":"            // Extract after _todo_, which is 4 characters long","lastModifiedDate":"2024-02-13"},{"lineNumber":42,"author":{"gitId":"STeng618"},"content":"            String taskName \u003d currentInput.substring(4);","lastModifiedDate":"2024-02-03"},{"lineNumber":43,"author":{"gitId":"STeng618"},"content":"            taskName \u003d taskName.trim();","lastModifiedDate":"2024-02-03"},{"lineNumber":44,"author":{"gitId":"STeng618"},"content":"            if (taskName.isEmpty()) {","lastModifiedDate":"2024-02-03"},{"lineNumber":45,"author":{"gitId":"STeng618"},"content":"                throw new EmptyTaskDescription();","lastModifiedDate":"2024-02-13"},{"lineNumber":46,"author":{"gitId":"STeng618"},"content":"            }","lastModifiedDate":"2024-02-03"},{"lineNumber":47,"author":{"gitId":"STeng618"},"content":"            this.listKeeper.addToList(new ToDo(taskName));","lastModifiedDate":"2024-02-13"},{"lineNumber":48,"author":{"gitId":"STeng618"},"content":"","lastModifiedDate":"2024-02-13"},{"lineNumber":49,"author":{"gitId":"STeng618"},"content":"        } catch (IndexOutOfBoundsException e) {","lastModifiedDate":"2024-02-13"},{"lineNumber":50,"author":{"gitId":"STeng618"},"content":"            throw new InvalidTaskArguments();","lastModifiedDate":"2024-02-13"},{"lineNumber":51,"author":{"gitId":"STeng618"},"content":"        }","lastModifiedDate":"2024-02-03"},{"lineNumber":52,"author":{"gitId":"STeng618"},"content":"","lastModifiedDate":"2024-02-13"},{"lineNumber":53,"author":{"gitId":"STeng618"},"content":"    }","lastModifiedDate":"2024-02-13"},{"lineNumber":54,"author":{"gitId":"STeng618"},"content":"","lastModifiedDate":"2024-02-13"},{"lineNumber":55,"author":{"gitId":"STeng618"},"content":"    private void executeDeadline(String currentInput)","lastModifiedDate":"2024-02-13"},{"lineNumber":56,"author":{"gitId":"STeng618"},"content":"        throws EmptyTaskDescription, InvalidTaskArguments {","lastModifiedDate":"2024-02-13"},{"lineNumber":57,"author":{"gitId":"STeng618"},"content":"        try {","lastModifiedDate":"2024-02-03"},{"lineNumber":58,"author":{"gitId":"STeng618"},"content":"            int idxOfDeadline \u003d currentInput.indexOf(\" /by \");","lastModifiedDate":"2024-02-13"},{"lineNumber":59,"author":{"gitId":"STeng618"},"content":"            if (idxOfDeadline \u003d\u003d -1) {","lastModifiedDate":"2024-02-13"},{"lineNumber":60,"author":{"gitId":"STeng618"},"content":"                throw new InvalidTaskArguments();","lastModifiedDate":"2024-02-13"},{"lineNumber":61,"author":{"gitId":"STeng618"},"content":"            }","lastModifiedDate":"2024-02-13"},{"lineNumber":62,"author":{"gitId":"STeng618"},"content":"","lastModifiedDate":"2024-02-03"},{"lineNumber":63,"author":{"gitId":"STeng618"},"content":"            // Extract after _deadline_, which is 8 characters long","lastModifiedDate":"2024-02-03"},{"lineNumber":64,"author":{"gitId":"STeng618"},"content":"            String taskName \u003d currentInput.substring(8, idxOfDeadline);","lastModifiedDate":"2024-02-03"},{"lineNumber":65,"author":{"gitId":"STeng618"},"content":"            taskName \u003d taskName.trim();","lastModifiedDate":"2024-02-03"},{"lineNumber":66,"author":{"gitId":"STeng618"},"content":"            if (taskName.isEmpty()) {","lastModifiedDate":"2024-02-03"},{"lineNumber":67,"author":{"gitId":"STeng618"},"content":"                throw new EmptyTaskDescription();","lastModifiedDate":"2024-02-13"},{"lineNumber":68,"author":{"gitId":"STeng618"},"content":"            }","lastModifiedDate":"2024-02-03"},{"lineNumber":69,"author":{"gitId":"STeng618"},"content":"","lastModifiedDate":"2024-02-03"},{"lineNumber":70,"author":{"gitId":"STeng618"},"content":"            // Extract after _ /by _, which is 5 characters long","lastModifiedDate":"2024-02-13"},{"lineNumber":71,"author":{"gitId":"STeng618"},"content":"            String by \u003d currentInput.substring(idxOfDeadline + 5);","lastModifiedDate":"2024-02-13"},{"lineNumber":72,"author":{"gitId":"STeng618"},"content":"            by \u003d by.trim();","lastModifiedDate":"2024-02-03"},{"lineNumber":73,"author":{"gitId":"STeng618"},"content":"","lastModifiedDate":"2024-02-03"},{"lineNumber":74,"author":{"gitId":"STeng618"},"content":"            this.listKeeper.addToList(new Deadline(taskName, by));","lastModifiedDate":"2024-02-13"},{"lineNumber":75,"author":{"gitId":"STeng618"},"content":"","lastModifiedDate":"2024-02-13"},{"lineNumber":76,"author":{"gitId":"STeng618"},"content":"        } catch (IndexOutOfBoundsException e) {","lastModifiedDate":"2024-02-13"},{"lineNumber":77,"author":{"gitId":"STeng618"},"content":"            throw new InvalidTaskArguments();","lastModifiedDate":"2024-02-13"},{"lineNumber":78,"author":{"gitId":"STeng618"},"content":"        }","lastModifiedDate":"2024-02-02"},{"lineNumber":79,"author":{"gitId":"STeng618"},"content":"","lastModifiedDate":"2024-02-13"},{"lineNumber":80,"author":{"gitId":"STeng618"},"content":"    }","lastModifiedDate":"2024-02-03"},{"lineNumber":81,"author":{"gitId":"STeng618"},"content":"","lastModifiedDate":"2024-02-13"},{"lineNumber":82,"author":{"gitId":"STeng618"},"content":"    private void executeEvent(String currentInput)","lastModifiedDate":"2024-02-13"},{"lineNumber":83,"author":{"gitId":"STeng618"},"content":"        throws EmptyTaskDescription, InvalidTaskArguments {","lastModifiedDate":"2024-02-13"},{"lineNumber":84,"author":{"gitId":"STeng618"},"content":"        try {","lastModifiedDate":"2024-02-03"},{"lineNumber":85,"author":{"gitId":"STeng618"},"content":"            int idxOfStart \u003d currentInput.indexOf(\" /from \");","lastModifiedDate":"2024-02-13"},{"lineNumber":86,"author":{"gitId":"STeng618"},"content":"            int idxOfEnd \u003d currentInput.indexOf(\" /to \");","lastModifiedDate":"2024-02-13"},{"lineNumber":87,"author":{"gitId":"STeng618"},"content":"","lastModifiedDate":"2024-02-13"},{"lineNumber":88,"author":{"gitId":"STeng618"},"content":"            if (idxOfStart \u003d\u003d -1 || idxOfEnd \u003d\u003d -1) {","lastModifiedDate":"2024-02-13"},{"lineNumber":89,"author":{"gitId":"STeng618"},"content":"                throw new InvalidTaskArguments();","lastModifiedDate":"2024-02-13"},{"lineNumber":90,"author":{"gitId":"STeng618"},"content":"            }","lastModifiedDate":"2024-02-13"},{"lineNumber":91,"author":{"gitId":"STeng618"},"content":"","lastModifiedDate":"2024-02-13"},{"lineNumber":92,"author":{"gitId":"STeng618"},"content":"            // Extract after _event_, which is 5 characters long","lastModifiedDate":"2024-02-03"},{"lineNumber":93,"author":{"gitId":"STeng618"},"content":"            String taskName \u003d currentInput.substring(5, idxOfStart);","lastModifiedDate":"2024-02-03"},{"lineNumber":94,"author":{"gitId":"STeng618"},"content":"            taskName \u003d taskName.trim();","lastModifiedDate":"2024-02-03"},{"lineNumber":95,"author":{"gitId":"STeng618"},"content":"            if (taskName.isEmpty()) {","lastModifiedDate":"2024-02-03"},{"lineNumber":96,"author":{"gitId":"STeng618"},"content":"                throw new EmptyTaskDescription();","lastModifiedDate":"2024-02-13"},{"lineNumber":97,"author":{"gitId":"STeng618"},"content":"            }","lastModifiedDate":"2024-02-03"},{"lineNumber":98,"author":{"gitId":"STeng618"},"content":"","lastModifiedDate":"2024-02-03"},{"lineNumber":99,"author":{"gitId":"STeng618"},"content":"            // Extract start after _ /from _, which is 7 characters long, and before idxOfEnd","lastModifiedDate":"2024-02-13"},{"lineNumber":100,"author":{"gitId":"STeng618"},"content":"            String start \u003d currentInput.substring(idxOfStart + 7, idxOfEnd);","lastModifiedDate":"2024-02-13"},{"lineNumber":101,"author":{"gitId":"STeng618"},"content":"            start \u003d start.trim();","lastModifiedDate":"2024-02-03"},{"lineNumber":102,"author":{"gitId":"STeng618"},"content":"","lastModifiedDate":"2024-02-03"},{"lineNumber":103,"author":{"gitId":"STeng618"},"content":"            // Extract end after _ /to _, which is 5 characters long","lastModifiedDate":"2024-02-13"},{"lineNumber":104,"author":{"gitId":"STeng618"},"content":"            String end \u003d currentInput.substring(idxOfEnd + 5);","lastModifiedDate":"2024-02-13"},{"lineNumber":105,"author":{"gitId":"STeng618"},"content":"            end \u003d end.trim();","lastModifiedDate":"2024-02-03"},{"lineNumber":106,"author":{"gitId":"STeng618"},"content":"","lastModifiedDate":"2024-02-03"},{"lineNumber":107,"author":{"gitId":"STeng618"},"content":"            this.listKeeper.addToList(new Event(taskName, start, end));","lastModifiedDate":"2024-02-13"},{"lineNumber":108,"author":{"gitId":"STeng618"},"content":"","lastModifiedDate":"2024-02-13"},{"lineNumber":109,"author":{"gitId":"STeng618"},"content":"        } catch (IndexOutOfBoundsException e) {","lastModifiedDate":"2024-02-13"},{"lineNumber":110,"author":{"gitId":"STeng618"},"content":"            throw new InvalidTaskArguments();","lastModifiedDate":"2024-02-13"},{"lineNumber":111,"author":{"gitId":"STeng618"},"content":"        }","lastModifiedDate":"2024-02-03"},{"lineNumber":112,"author":{"gitId":"STeng618"},"content":"","lastModifiedDate":"2024-02-13"},{"lineNumber":113,"author":{"gitId":"STeng618"},"content":"    }","lastModifiedDate":"2024-02-02"},{"lineNumber":114,"author":{"gitId":"STeng618"},"content":"","lastModifiedDate":"2024-02-02"},{"lineNumber":115,"author":{"gitId":"STeng618"},"content":"    private void executeCommand (String currentInput)","lastModifiedDate":"2024-02-13"},{"lineNumber":116,"author":{"gitId":"STeng618"},"content":"        throws IllegalNumberOfArguments, InvalidTaskIndex,","lastModifiedDate":"2024-02-13"},{"lineNumber":117,"author":{"gitId":"STeng618"},"content":"            EmptyTaskDescription, InvalidTaskArguments, Confusion{","lastModifiedDate":"2024-02-13"},{"lineNumber":118,"author":{"gitId":"STeng618"},"content":"","lastModifiedDate":"2024-02-13"},{"lineNumber":119,"author":{"gitId":"STeng618"},"content":"        String[] words \u003d currentInput.split(\" \");","lastModifiedDate":"2024-02-03"},{"lineNumber":120,"author":{"gitId":"STeng618"},"content":"        String commandType \u003d words[0];","lastModifiedDate":"2024-02-03"},{"lineNumber":121,"author":{"gitId":"STeng618"},"content":"","lastModifiedDate":"2024-02-02"},{"lineNumber":122,"author":{"gitId":"STeng618"},"content":"        switch (commandType) {","lastModifiedDate":"2024-02-13"},{"lineNumber":123,"author":{"gitId":"STeng618"},"content":"        case \"list\":","lastModifiedDate":"2024-02-13"},{"lineNumber":124,"author":{"gitId":"STeng618"},"content":"            executeList(words);","lastModifiedDate":"2024-02-13"},{"lineNumber":125,"author":{"gitId":"STeng618"},"content":"            break;","lastModifiedDate":"2024-02-02"},{"lineNumber":126,"author":{"gitId":"STeng618"},"content":"","lastModifiedDate":"2024-02-03"},{"lineNumber":127,"author":{"gitId":"STeng618"},"content":"        case \"mark\":","lastModifiedDate":"2024-02-13"},{"lineNumber":128,"author":{"gitId":"STeng618"},"content":"        case \"unmark\":","lastModifiedDate":"2024-02-13"},{"lineNumber":129,"author":{"gitId":"STeng618"},"content":"            executeMark(words);","lastModifiedDate":"2024-02-13"},{"lineNumber":130,"author":{"gitId":"STeng618"},"content":"            break;","lastModifiedDate":"2024-02-03"},{"lineNumber":131,"author":{"gitId":"STeng618"},"content":"","lastModifiedDate":"2024-02-03"},{"lineNumber":132,"author":{"gitId":"STeng618"},"content":"        case \"todo\":","lastModifiedDate":"2024-02-13"},{"lineNumber":133,"author":{"gitId":"STeng618"},"content":"            executeToDo(currentInput);","lastModifiedDate":"2024-02-13"},{"lineNumber":134,"author":{"gitId":"STeng618"},"content":"            break;","lastModifiedDate":"2024-02-03"},{"lineNumber":135,"author":{"gitId":"STeng618"},"content":"","lastModifiedDate":"2024-02-03"},{"lineNumber":136,"author":{"gitId":"STeng618"},"content":"        case \"deadline\":","lastModifiedDate":"2024-02-13"},{"lineNumber":137,"author":{"gitId":"STeng618"},"content":"            executeDeadline(currentInput);","lastModifiedDate":"2024-02-13"},{"lineNumber":138,"author":{"gitId":"STeng618"},"content":"            break;","lastModifiedDate":"2024-02-03"},{"lineNumber":139,"author":{"gitId":"STeng618"},"content":"","lastModifiedDate":"2024-02-03"},{"lineNumber":140,"author":{"gitId":"STeng618"},"content":"        case \"event\":","lastModifiedDate":"2024-02-13"},{"lineNumber":141,"author":{"gitId":"STeng618"},"content":"            executeEvent(currentInput);","lastModifiedDate":"2024-02-13"},{"lineNumber":142,"author":{"gitId":"STeng618"},"content":"            break;","lastModifiedDate":"2024-02-02"},{"lineNumber":143,"author":{"gitId":"STeng618"},"content":"","lastModifiedDate":"2024-02-03"},{"lineNumber":144,"author":{"gitId":"STeng618"},"content":"        default:","lastModifiedDate":"2024-02-03"},{"lineNumber":145,"author":{"gitId":"STeng618"},"content":"            throw new Confusion();","lastModifiedDate":"2024-02-13"},{"lineNumber":146,"author":{"gitId":"STeng618"},"content":"        }","lastModifiedDate":"2024-02-13"},{"lineNumber":147,"author":{"gitId":"STeng618"},"content":"    }","lastModifiedDate":"2024-02-13"},{"lineNumber":148,"author":{"gitId":"STeng618"},"content":"","lastModifiedDate":"2024-02-13"},{"lineNumber":149,"author":{"gitId":"STeng618"},"content":"    public void processCommand(String currentInput) {","lastModifiedDate":"2024-02-13"},{"lineNumber":150,"author":{"gitId":"STeng618"},"content":"        try {","lastModifiedDate":"2024-02-13"},{"lineNumber":151,"author":{"gitId":"STeng618"},"content":"            executeCommand(currentInput);","lastModifiedDate":"2024-02-13"},{"lineNumber":152,"author":{"gitId":"STeng618"},"content":"        } catch (IllegalNumberOfArguments e) {","lastModifiedDate":"2024-02-13"},{"lineNumber":153,"author":{"gitId":"STeng618"},"content":"            System.out.println(\"You provided too few or too many arguments\");","lastModifiedDate":"2024-02-13"},{"lineNumber":154,"author":{"gitId":"STeng618"},"content":"        } catch (InvalidTaskIndex e) {","lastModifiedDate":"2024-02-13"},{"lineNumber":155,"author":{"gitId":"STeng618"},"content":"            System.out.println(\"Task specified does not exist\");","lastModifiedDate":"2024-02-13"},{"lineNumber":156,"author":{"gitId":"STeng618"},"content":"        } catch (EmptyTaskDescription e) {","lastModifiedDate":"2024-02-13"},{"lineNumber":157,"author":{"gitId":"STeng618"},"content":"            System.out.println(\"Task description cannot be empty\");","lastModifiedDate":"2024-02-13"},{"lineNumber":158,"author":{"gitId":"STeng618"},"content":"        } catch (InvalidTaskArguments e) {","lastModifiedDate":"2024-02-13"},{"lineNumber":159,"author":{"gitId":"STeng618"},"content":"            System.out.println(\"Not a valid task\");","lastModifiedDate":"2024-02-13"},{"lineNumber":160,"author":{"gitId":"STeng618"},"content":"        } catch (Confusion e) {","lastModifiedDate":"2024-02-13"},{"lineNumber":161,"author":{"gitId":"STeng618"},"content":"            System.out.println(\"I\u0027m very very confused~~~\");","lastModifiedDate":"2024-02-13"},{"lineNumber":162,"author":{"gitId":"STeng618"},"content":"        }","lastModifiedDate":"2024-02-02"},{"lineNumber":163,"author":{"gitId":"STeng618"},"content":"    }","lastModifiedDate":"2024-02-02"},{"lineNumber":164,"author":{"gitId":"STeng618"},"content":"}","lastModifiedDate":"2024-02-02"}],"authorContributionMap":{"STeng618":164}},{"path":"src/main/java/Task.java","fileType":"java","lines":[{"lineNumber":1,"author":{"gitId":"STeng618"},"content":"public class Task {","lastModifiedDate":"2024-01-24"},{"lineNumber":2,"author":{"gitId":"STeng618"},"content":"    private final String taskName;","lastModifiedDate":"2024-01-27"},{"lineNumber":3,"author":{"gitId":"STeng618"},"content":"    private boolean isCompleted;","lastModifiedDate":"2024-01-24"},{"lineNumber":4,"author":{"gitId":"STeng618"},"content":"","lastModifiedDate":"2024-01-24"},{"lineNumber":5,"author":{"gitId":"STeng618"},"content":"    public Task(String taskName) {","lastModifiedDate":"2024-01-27"},{"lineNumber":6,"author":{"gitId":"STeng618"},"content":"        this.taskName \u003d taskName;","lastModifiedDate":"2024-01-27"},{"lineNumber":7,"author":{"gitId":"STeng618"},"content":"        this.isCompleted \u003d false;","lastModifiedDate":"2024-01-24"},{"lineNumber":8,"author":{"gitId":"STeng618"},"content":"    }","lastModifiedDate":"2024-01-24"},{"lineNumber":9,"author":{"gitId":"STeng618"},"content":"","lastModifiedDate":"2024-01-24"},{"lineNumber":10,"author":{"gitId":"STeng618"},"content":"    @Override","lastModifiedDate":"2024-02-02"},{"lineNumber":11,"author":{"gitId":"STeng618"},"content":"    public String toString() {","lastModifiedDate":"2024-02-02"},{"lineNumber":12,"author":{"gitId":"STeng618"},"content":"        if (this.isCompleted) {","lastModifiedDate":"2024-01-24"},{"lineNumber":13,"author":{"gitId":"STeng618"},"content":"            return \"[X] \" + this.taskName;","lastModifiedDate":"2024-02-02"},{"lineNumber":14,"author":{"gitId":"STeng618"},"content":"        }","lastModifiedDate":"2024-01-24"},{"lineNumber":15,"author":{"gitId":"STeng618"},"content":"        return \"[] \" + this.taskName;","lastModifiedDate":"2024-02-02"},{"lineNumber":16,"author":{"gitId":"STeng618"},"content":"    }","lastModifiedDate":"2024-01-24"},{"lineNumber":17,"author":{"gitId":"STeng618"},"content":"","lastModifiedDate":"2024-01-24"},{"lineNumber":18,"author":{"gitId":"STeng618"},"content":"    public void mark(boolean isCompleted) {","lastModifiedDate":"2024-02-13"},{"lineNumber":19,"author":{"gitId":"STeng618"},"content":"        this.isCompleted \u003d isCompleted;","lastModifiedDate":"2024-02-13"},{"lineNumber":20,"author":{"gitId":"STeng618"},"content":"        if (this.isCompleted) {","lastModifiedDate":"2024-02-13"},{"lineNumber":21,"author":{"gitId":"STeng618"},"content":"            System.out.println(\"Nice! I\u0027ve marked this task as done: \");","lastModifiedDate":"2024-01-24"},{"lineNumber":22,"author":{"gitId":"STeng618"},"content":"        } else {","lastModifiedDate":"2024-02-13"},{"lineNumber":23,"author":{"gitId":"STeng618"},"content":"            System.out.println(\"OK, I\u0027ve marked this task as not done yet:\");","lastModifiedDate":"2024-01-24"},{"lineNumber":24,"author":{"gitId":"STeng618"},"content":"        }","lastModifiedDate":"2024-02-13"},{"lineNumber":25,"author":{"gitId":"STeng618"},"content":"        System.out.println(\"  \" + this);","lastModifiedDate":"2024-02-02"},{"lineNumber":26,"author":{"gitId":"STeng618"},"content":"    }","lastModifiedDate":"2024-01-24"},{"lineNumber":27,"author":{"gitId":"STeng618"},"content":"}","lastModifiedDate":"2024-01-24"}],"authorContributionMap":{"STeng618":27}},{"path":"src/main/java/ToDo.java","fileType":"java","lines":[{"lineNumber":1,"author":{"gitId":"STeng618"},"content":"public class ToDo extends Task {","lastModifiedDate":"2024-02-03"},{"lineNumber":2,"author":{"gitId":"STeng618"},"content":"    public ToDo(String taskName) {","lastModifiedDate":"2024-02-03"},{"lineNumber":3,"author":{"gitId":"STeng618"},"content":"        super(taskName);","lastModifiedDate":"2024-02-03"},{"lineNumber":4,"author":{"gitId":"STeng618"},"content":"    }","lastModifiedDate":"2024-02-03"},{"lineNumber":5,"author":{"gitId":"STeng618"},"content":"","lastModifiedDate":"2024-02-03"},{"lineNumber":6,"author":{"gitId":"STeng618"},"content":"    @Override","lastModifiedDate":"2024-02-03"},{"lineNumber":7,"author":{"gitId":"STeng618"},"content":"    public String toString() {","lastModifiedDate":"2024-02-03"},{"lineNumber":8,"author":{"gitId":"STeng618"},"content":"        return \"[T]\" + super.toString();","lastModifiedDate":"2024-02-03"},{"lineNumber":9,"author":{"gitId":"STeng618"},"content":"    }","lastModifiedDate":"2024-02-03"},{"lineNumber":10,"author":{"gitId":"STeng618"},"content":"}","lastModifiedDate":"2024-02-03"}],"authorContributionMap":{"STeng618":10}},{"path":"src/main/java/UserInterface.java","fileType":"java","lines":[{"lineNumber":1,"author":{"gitId":"STeng618"},"content":"import java.util.Scanner;","lastModifiedDate":"2024-02-02"},{"lineNumber":2,"author":{"gitId":"STeng618"},"content":"","lastModifiedDate":"2024-02-02"},{"lineNumber":3,"author":{"gitId":"STeng618"},"content":"public class UserInterface {","lastModifiedDate":"2024-02-02"},{"lineNumber":4,"author":{"gitId":"STeng618"},"content":"    private final Scanner scanner \u003d new Scanner(System.in);","lastModifiedDate":"2024-02-02"},{"lineNumber":5,"author":{"gitId":"STeng618"},"content":"    private final LogicManager logicManager;","lastModifiedDate":"2024-02-02"},{"lineNumber":6,"author":{"gitId":"STeng618"},"content":"    private String currentInput;","lastModifiedDate":"2024-02-02"},{"lineNumber":7,"author":{"gitId":"STeng618"},"content":"","lastModifiedDate":"2024-02-02"},{"lineNumber":8,"author":{"gitId":"STeng618"},"content":"    public UserInterface(LogicManager logicManager) {","lastModifiedDate":"2024-02-02"},{"lineNumber":9,"author":{"gitId":"STeng618"},"content":"        this.logicManager \u003d logicManager;","lastModifiedDate":"2024-02-02"},{"lineNumber":10,"author":{"gitId":"STeng618"},"content":"    }","lastModifiedDate":"2024-02-02"},{"lineNumber":11,"author":{"gitId":"STeng618"},"content":"","lastModifiedDate":"2024-02-02"},{"lineNumber":12,"author":{"gitId":"STeng618"},"content":"    private void readNextLine() {","lastModifiedDate":"2024-02-02"},{"lineNumber":13,"author":{"gitId":"STeng618"},"content":"        do {","lastModifiedDate":"2024-02-02"},{"lineNumber":14,"author":{"gitId":"STeng618"},"content":"            currentInput \u003d scanner.nextLine();","lastModifiedDate":"2024-02-02"},{"lineNumber":15,"author":{"gitId":"STeng618"},"content":"        } while (currentInput.isEmpty());","lastModifiedDate":"2024-02-02"},{"lineNumber":16,"author":{"gitId":"STeng618"},"content":"    }","lastModifiedDate":"2024-02-02"},{"lineNumber":17,"author":{"gitId":"STeng618"},"content":"    ","lastModifiedDate":"2024-02-02"},{"lineNumber":18,"author":{"gitId":"STeng618"},"content":"    private boolean isExitCommandGiven() {","lastModifiedDate":"2024-02-02"},{"lineNumber":19,"author":{"gitId":"STeng618"},"content":"        return currentInput.startsWith(\"bye\");","lastModifiedDate":"2024-02-02"},{"lineNumber":20,"author":{"gitId":"STeng618"},"content":"    }","lastModifiedDate":"2024-02-02"},{"lineNumber":21,"author":{"gitId":"STeng618"},"content":"","lastModifiedDate":"2024-02-02"},{"lineNumber":22,"author":{"gitId":"STeng618"},"content":"    private void formatCurrentInput() {","lastModifiedDate":"2024-02-03"},{"lineNumber":23,"author":{"gitId":"STeng618"},"content":"        currentInput \u003d currentInput.trim();","lastModifiedDate":"2024-02-03"},{"lineNumber":24,"author":{"gitId":"STeng618"},"content":"    }","lastModifiedDate":"2024-02-03"},{"lineNumber":25,"author":{"gitId":"STeng618"},"content":"","lastModifiedDate":"2024-02-03"},{"lineNumber":26,"author":{"gitId":"STeng618"},"content":"    private void printCurrentInput() {","lastModifiedDate":"2024-02-02"},{"lineNumber":27,"author":{"gitId":"STeng618"},"content":"        HorizontalGenerator.printHorizontal();","lastModifiedDate":"2024-02-02"},{"lineNumber":28,"author":{"gitId":"STeng618"},"content":"        System.out.println(currentInput);","lastModifiedDate":"2024-02-02"},{"lineNumber":29,"author":{"gitId":"STeng618"},"content":"        HorizontalGenerator.printHorizontal();","lastModifiedDate":"2024-02-02"},{"lineNumber":30,"author":{"gitId":"STeng618"},"content":"    }","lastModifiedDate":"2024-02-02"},{"lineNumber":31,"author":{"gitId":"STeng618"},"content":"","lastModifiedDate":"2024-02-02"},{"lineNumber":32,"author":{"gitId":"STeng618"},"content":"    public void echo() {","lastModifiedDate":"2024-02-02"},{"lineNumber":33,"author":{"gitId":"STeng618"},"content":"        while (true) {","lastModifiedDate":"2024-02-02"},{"lineNumber":34,"author":{"gitId":"STeng618"},"content":"            readNextLine();","lastModifiedDate":"2024-02-02"},{"lineNumber":35,"author":{"gitId":"STeng618"},"content":"            if (isExitCommandGiven()) {","lastModifiedDate":"2024-02-02"},{"lineNumber":36,"author":{"gitId":"STeng618"},"content":"                return;","lastModifiedDate":"2024-02-02"},{"lineNumber":37,"author":{"gitId":"STeng618"},"content":"            }","lastModifiedDate":"2024-02-02"},{"lineNumber":38,"author":{"gitId":"STeng618"},"content":"            printCurrentInput();","lastModifiedDate":"2024-02-02"},{"lineNumber":39,"author":{"gitId":"STeng618"},"content":"        }","lastModifiedDate":"2024-02-02"},{"lineNumber":40,"author":{"gitId":"STeng618"},"content":"    }","lastModifiedDate":"2024-02-02"},{"lineNumber":41,"author":{"gitId":"STeng618"},"content":"","lastModifiedDate":"2024-02-02"},{"lineNumber":42,"author":{"gitId":"STeng618"},"content":"    public void manageList() {","lastModifiedDate":"2024-02-02"},{"lineNumber":43,"author":{"gitId":"STeng618"},"content":"        while (true) {","lastModifiedDate":"2024-02-02"},{"lineNumber":44,"author":{"gitId":"STeng618"},"content":"            readNextLine();","lastModifiedDate":"2024-02-02"},{"lineNumber":45,"author":{"gitId":"STeng618"},"content":"            if (isExitCommandGiven()) {","lastModifiedDate":"2024-02-02"},{"lineNumber":46,"author":{"gitId":"STeng618"},"content":"                return;","lastModifiedDate":"2024-02-02"},{"lineNumber":47,"author":{"gitId":"STeng618"},"content":"            }","lastModifiedDate":"2024-02-02"},{"lineNumber":48,"author":{"gitId":"STeng618"},"content":"            formatCurrentInput();","lastModifiedDate":"2024-02-03"},{"lineNumber":49,"author":{"gitId":"STeng618"},"content":"            logicManager.processCommand(currentInput);","lastModifiedDate":"2024-02-02"},{"lineNumber":50,"author":{"gitId":"STeng618"},"content":"            HorizontalGenerator.printHorizontal();","lastModifiedDate":"2024-02-02"},{"lineNumber":51,"author":{"gitId":"STeng618"},"content":"        }","lastModifiedDate":"2024-02-02"},{"lineNumber":52,"author":{"gitId":"STeng618"},"content":"    }","lastModifiedDate":"2024-02-02"},{"lineNumber":53,"author":{"gitId":"STeng618"},"content":"","lastModifiedDate":"2024-02-02"},{"lineNumber":54,"author":{"gitId":"STeng618"},"content":"}","lastModifiedDate":"2024-02-02"}],"authorContributionMap":{"STeng618":54}}]
