{"authorDailyContributionsMap":{"CerealMiller":[{"date":"2024-02-04","commitResults":[{"hash":"70c4cbc4b9280c3f30947d5d80d94daa4dbed2c1","isMergeCommit":false,"messageTitle":"Implement an initial skeletal version","messageBody":"","tags":["Level-0"],"fileTypesAndContributionMap":{"java":{"insertions":1,"deletions":6}}},{"hash":"dcd11c1c6086a21c846719ea01299482d88edab6","isMergeCommit":false,"messageTitle":"Create echo chat functionality","messageBody":"","tags":["Level-1"],"fileTypesAndContributionMap":{"java":{"insertions":26,"deletions":1}}},{"hash":"646ed227e7e5fa5e4b224f97fb8f97891812471c","isMergeCommit":false,"messageTitle":"Implement Add, List","messageBody":"","tags":["Level-2"],"fileTypesAndContributionMap":{"java":{"insertions":17,"deletions":2}}},{"hash":"cbe432679cf043bbb526ee36b384947022ddd895","isMergeCommit":false,"messageTitle":"Implement \u0027Mark as Done\u0027","messageBody":"Allow Sam to mark and unmark list items\nCreate \u0027Task\u0027 class\n","tags":["Level-3"],"fileTypesAndContributionMap":{"java":{"insertions":42,"deletions":3}}}]},{"date":"2024-02-06","commitResults":[{"hash":"eeaed286b7a8b4467d34e90ffd0041405a696f51","isMergeCommit":true,"messageTitle":"Merge remote-tracking branch \u0027origin/add-gradle-support\u0027","messageBody":"","fileTypesAndContributionMap":{}}]},{"date":"2024-02-07","commitResults":[{"hash":"b8eedb7df442629af859f3afbea49e03cc581f20","isMergeCommit":false,"messageTitle":"Fix toString() and typos for Event, Deadline, Todo, and List.","messageBody":"","tags":["Level-4"],"fileTypesAndContributionMap":{"java":{"insertions":96,"deletions":16}}}]},{"date":"2024-02-17","commitResults":[{"hash":"bd3ad82363a56e0dea8f2bfce2f14abc15c6251a","isMergeCommit":false,"messageTitle":"Rename main class to Sam Extract printLine method","messageBody":"","fileTypesAndContributionMap":{"java":{"insertions":7,"deletions":3}}},{"hash":"a4cb174ec28432779b2275896d5ed2144ec44232","isMergeCommit":false,"messageTitle":"Handle invalid user inputs Rename Duke.java to Sam.java","messageBody":"","fileTypesAndContributionMap":{"java":{"insertions":92,"deletions":49}}},{"hash":"f7d41807c9f5f56d07ac1d15d3941ae013b5fd12","isMergeCommit":true,"messageTitle":"Merge branch \u0027branch-Level-5\u0027","messageBody":"","tags":["Level-5"],"fileTypesAndContributionMap":{}}]}]},"authorFileTypeContributionMap":{"CerealMiller":{"java":208,"md":0,"fxml":0,"sh":0,"bat":0,"gradle":0,"txt":0}},"authorContributionVariance":{"CerealMiller":1353.4987},"authorDisplayNameMap":{"CerealMiller":"CS2113-W14-4 CHON..KANG"}}
