{"authorDailyContributionsMap":{"Cohii2":[{"date":"2024-01-31","commitResults":[{"hash":"38f45596fe88fd9ff7450502e326d1290599ff8d","isMergeCommit":false,"messageTitle":"Rename Chatbot","messageBody":"To Noriaki\n","tags":["Level-0"],"fileTypesAndContributionMap":{"java":{"insertions":7,"deletions":5}}},{"hash":"54706173e36e59e586bb3d88c673d88d06b54879","isMergeCommit":false,"messageTitle":"Greet and Exit","messageBody":"Implemented greet method\n","fileTypesAndContributionMap":{"java":{"insertions":16,"deletions":0}}},{"hash":"e77544f3ea94757619da601b14fe3f590f3b1585","isMergeCommit":false,"messageTitle":"Modified greet function","messageBody":"Tidied up main\n","fileTypesAndContributionMap":{"java":{"insertions":11,"deletions":8}}}]},{"date":"2024-02-01","commitResults":[{"hash":"1dd2c8aa475807d72faeff3e6888362de17a6aeb","isMergeCommit":false,"messageTitle":"Created Task class","messageBody":"","fileTypesAndContributionMap":{"java":{"insertions":29,"deletions":0}}},{"hash":"e651cbbe69756d5c0498433bcb887dd4e07bc355","isMergeCommit":false,"messageTitle":"Echo method","messageBody":"Completed Echo method\n","tags":["Level-1"],"fileTypesAndContributionMap":{"java":{"insertions":37,"deletions":6}}},{"hash":"fc48337619848bbc11d361b80469d286e77988aa","isMergeCommit":false,"messageTitle":"Add, List","messageBody":"Overrode toString() operator in Task class for ease of printing description \u0026 completed Add functionality - new startList method\n","tags":["Level-3","Level-2"],"fileTypesAndContributionMap":{"java":{"insertions":31,"deletions":4}}},{"hash":"fbffcc77427cf6c9a38e4d03332c357c666e6d70","isMergeCommit":false,"messageTitle":"Resolved Warnings","messageBody":"","fileTypesAndContributionMap":{"java":{"insertions":11,"deletions":6}}},{"hash":"978d90be6425bfa0b357b783930b4751dd2bb3fe","isMergeCommit":false,"messageTitle":"Wrote comments","messageBody":"","fileTypesAndContributionMap":{"java":{"insertions":45,"deletions":1}}},{"hash":"744ec7af1a6b741d6086dadbba7ff05687f43206","isMergeCommit":false,"messageTitle":"Updated List","messageBody":"","fileTypesAndContributionMap":{"java":{"insertions":43,"deletions":9}}}]},{"date":"2024-02-13","commitResults":[{"hash":"1e964fe810f0465d0043476f7a64429ed88bbcb9","isMergeCommit":false,"messageTitle":"Update input read","messageBody":"Update user input reading method to hopefully throw less exceptions and errors.\n","fileTypesAndContributionMap":{"java":{"insertions":51,"deletions":24}}},{"hash":"38799f384fd299088e174458a76f81e80a191ce6","isMergeCommit":false,"messageTitle":"Fix task bugs","messageBody":"Add task now adds entire input, and mark and unmark task methods amend the correct tasks.\n","fileTypesAndContributionMap":{"java":{"insertions":3,"deletions":3}}},{"hash":"4eb055e2640a8793d016400fc65f640d2534e9cd","isMergeCommit":false,"messageTitle":"Implement Task types","messageBody":"Implemented ToDo, Event, Deadline.\n","tags":["Level-4","A-TextUiTesting"],"fileTypesAndContributionMap":{"java":{"insertions":141,"deletions":28}}}]},{"date":"2024-02-15","commitResults":[{"hash":"4d9df76e20b5802837a2fdd52f78910317247e9b","isMergeCommit":false,"messageTitle":"Automated Text UI Testing","messageBody":"Use the input/output redirection technique to semi-automate the testing of Duke. Fixed read input method to be compatible with I/O technique script.\n","tags":["A-CodeQuality"],"fileTypesAndContributionMap":{"txt":{"insertions":16,"deletions":0},"java":{"insertions":12,"deletions":34}}}]},{"date":"2024-02-16","commitResults":[{"hash":"57e9d06f7f2432d537e0584542dac6172869bdbd","isMergeCommit":false,"messageTitle":"Changed taskList to static variable","messageBody":"","fileTypesAndContributionMap":{"java":{"insertions":32,"deletions":31}}}]},{"date":"2024-02-19","commitResults":[{"hash":"77d29857172018b13a15970c167cd6e9b120f7a5","isMergeCommit":false,"messageTitle":"Task Params Enum","messageBody":"Added an enumerator class to track parameters used in Task sub-classes.\n","fileTypesAndContributionMap":{"java":{"insertions":4,"deletions":2}}},{"hash":"5f8c4c53e464d9786b3af7225269d37fdc16f9d7","isMergeCommit":false,"messageTitle":"Implemented MissingParamsException","messageBody":"Created new MissingParamsException Class, Enum array of TaskParams, methods to print missing parameters when exception is called.\n","fileTypesAndContributionMap":{"java":{"insertions":175,"deletions":31}}},{"hash":"02340105efd069536cf07713095aa7440fcfaf04","isMergeCommit":false,"messageTitle":"Implemented InvalidCommandException","messageBody":"","fileTypesAndContributionMap":{"java":{"insertions":13,"deletions":3}}},{"hash":"bdf56e8c195c6de1c05a2665cb76404ce04b257a","isMergeCommit":false,"messageTitle":"Fixed bug","messageBody":"Fixed bug where if user inputs \"/command\" without any argument, program throws an IndexOutOfBounds exception. Now, program will just read it in as blank input.\n","fileTypesAndContributionMap":{"java":{"insertions":19,"deletions":7}}},{"hash":"6efb47a0c4622047dcedd8441c787753f09fb159","isMergeCommit":false,"messageTitle":"Updated ui-testing script","messageBody":"Updated testing script to test new exception printing.\n","fileTypesAndContributionMap":{"txt":{"insertions":19,"deletions":0},"java":{"insertions":36,"deletions":31}}},{"hash":"1ddd933c5d953f6403675a660387716e86a0ab7c","isMergeCommit":true,"messageTitle":"Merge branch \u0027branch-Level-5\u0027","messageBody":"","tags":["Level-5"],"fileTypesAndContributionMap":{}}]}]},"authorFileTypeContributionMap":{"Cohii2":{"java":489,"md":0,"fxml":0,"sh":0,"bat":0,"gradle":0,"txt":35}},"authorContributionVariance":{"Cohii2":6473.375},"authorDisplayNameMap":{"Cohii2":"CS2113-T15-3 HENG..IANG"}}
