{"authorDailyContributionsMap":{"PDHung1104":[{"date":"2024-01-29","commitResults":[{"hash":"2a9ab218fbdd0ba1b362957ee9a14d9cb3f4f1fb","isMergeCommit":false,"messageTitle":"Rename, Greet, Exit","messageBody":"","tags":["Level-0"],"fileTypesAndContributionMap":{"java":{"insertions":4,"deletions":6}}}]},{"date":"2024-02-01","commitResults":[{"hash":"95bea4b57f53f89cbcabcdc2b9a9fd394346ea50","isMergeCommit":false,"messageTitle":"Echo","messageBody":"","tags":["Level-1"],"fileTypesAndContributionMap":{"java":{"insertions":13,"deletions":0}}},{"hash":"92ed5459d93b86fca13496fb2233d6dc1baada52","isMergeCommit":false,"messageTitle":"Add, List","messageBody":"","tags":["Level-2"],"fileTypesAndContributionMap":{"java":{"insertions":17,"deletions":5}}}]},{"date":"2024-02-02","commitResults":[{"hash":"480e542ab8c7f044e72799b24f61749498452c04","isMergeCommit":false,"messageTitle":"Mark as done","messageBody":"","tags":["Level-3"],"fileTypesAndContributionMap":{"java":{"insertions":63,"deletions":16}}}]}]},"authorFileTypeContributionMap":{"PDHung1104":{"java":76,"md":0,"fxml":0,"sh":0,"bat":0,"gradle":0,"txt":0}},"authorContributionVariance":{"PDHung1104":436.0623},"authorDisplayNameMap":{"PDHung1104":"CS2113-W14-2 PHAN..HUNG"}}
