{"authorDailyContributionsMap":{"PureUsagi":[{"date":"2024-01-31","commitResults":[{"hash":"dabef4837d4633f194fca9818800d57720a98186","isMergeCommit":false,"messageTitle":"Rename, Greet, Exit","messageBody":"","tags":["Level-0"],"fileTypesAndContributionMap":{"java":{"insertions":10,"deletions":6}}},{"hash":"820c407df25ea7e28ce2227e27b4a4e668c19ea4","isMergeCommit":false,"messageTitle":"Echo","messageBody":"","tags":["Level-1"],"fileTypesAndContributionMap":{"java":{"insertions":26,"deletions":10}}}]},{"date":"2024-02-01","commitResults":[{"hash":"1c0e50ffb927e3a6a3fdda47709ce46db3c35278","isMergeCommit":false,"messageTitle":"Add, List","messageBody":"","tags":["Level-2"],"fileTypesAndContributionMap":{"java":{"insertions":41,"deletions":4}}},{"hash":"6dcb63f4f4cadcc7721764c8525fa317bfad9b8a","isMergeCommit":false,"messageTitle":"Mark as Done","messageBody":"","tags":["Level-3"],"fileTypesAndContributionMap":{"java":{"insertions":51,"deletions":8}}},{"hash":"7fb7b3c8a7bca1579b2cfe192b6a391fdee9e478","isMergeCommit":false,"messageTitle":"Follow the Coding Standard","messageBody":"","tags":["A-CodingStandard"],"fileTypesAndContributionMap":{"java":{"insertions":5,"deletions":1}}}]},{"date":"2024-02-06","commitResults":[{"hash":"77d8bca96fd9f35408640f70f859c186531dea98","isMergeCommit":false,"messageTitle":"ToDos, Events, Deadlines","messageBody":"","tags":["Level-4"],"fileTypesAndContributionMap":{"java":{"insertions":174,"deletions":78}}},{"hash":"3aa8f2fb9af047c3bcd413c853089490e635ca4b","isMergeCommit":false,"messageTitle":"Automated Text UI Testing","messageBody":"","tags":["A-TextUiTesting"],"fileTypesAndContributionMap":{"txt":{"insertions":9,"deletions":0},"bat":{"insertions":2,"deletions":1}}},{"hash":"a215635622d18bcca3a29feabb8ed2291ab2849d","isMergeCommit":false,"messageTitle":"Improve Code Quality","messageBody":"","tags":["A-CodeQuality"],"fileTypesAndContributionMap":{"java":{"insertions":37,"deletions":28}}}]},{"date":"2024-02-15","commitResults":[{"hash":"56ed22efd0fd801dac972c2b629c1547fadb9d68","isMergeCommit":false,"messageTitle":"Correted newline formatting in Deadline and Event class","messageBody":"","fileTypesAndContributionMap":{"java":{"insertions":1,"deletions":1}}},{"hash":"021449fb5b8389818bd723ef734f65d8aac2dd64","isMergeCommit":false,"messageTitle":"Create new Parser class to handle message printing and move all print methods from Misty class to Parser class","messageBody":"","fileTypesAndContributionMap":{"java":{"insertions":35,"deletions":34}}},{"hash":"19458cace718f5153305c0b97dc156672b1f149b","isMergeCommit":false,"messageTitle":"Move message printing related methods to the parser class and replace printing methods in list class with method calls to parser class","messageBody":"","fileTypesAndContributionMap":{"java":{"insertions":40,"deletions":20}}}]}]},"authorFileTypeContributionMap":{"PureUsagi":{"java":240,"md":0,"fxml":0,"sh":0,"bat":2,"gradle":0,"txt":9}},"authorContributionVariance":{"PureUsagi":4513.883},"authorDisplayNameMap":{"PureUsagi":"CS2113T-T09-2 NG J.. HAN"}}
