[{"path":"docs/README.md","fileType":"md","lines":[{"lineNumber":1,"author":{"gitId":"Ijaaz01"},"content":"# Pythia","lastModifiedDate":"2024-03-07"},{"lineNumber":2,"author":{"gitId":"Ijaaz01"},"content":"","lastModifiedDate":"2024-03-07"},{"lineNumber":3,"author":{"gitId":"Ijaaz01"},"content":"       █████████████   ","lastModifiedDate":"2024-03-07"},{"lineNumber":4,"author":{"gitId":"Ijaaz01"},"content":"      ██           ██ ","lastModifiedDate":"2024-03-07"},{"lineNumber":5,"author":{"gitId":"Ijaaz01"},"content":"      ██   █████   ██ ","lastModifiedDate":"2024-03-07"},{"lineNumber":6,"author":{"gitId":"Ijaaz01"},"content":"      ██   █████   ██ ","lastModifiedDate":"2024-03-07"},{"lineNumber":7,"author":{"gitId":"Ijaaz01"},"content":"      ██           ██ ","lastModifiedDate":"2024-03-07"},{"lineNumber":8,"author":{"gitId":"Ijaaz01"},"content":"       █████████████ ","lastModifiedDate":"2024-03-07"},{"lineNumber":9,"author":{"gitId":"Ijaaz01"},"content":"    ██                ██","lastModifiedDate":"2024-03-07"},{"lineNumber":10,"author":{"gitId":"Ijaaz01"},"content":"    ████████████████████","lastModifiedDate":"2024-03-07"},{"lineNumber":11,"author":{"gitId":"Ijaaz01"},"content":"","lastModifiedDate":"2024-03-07"},{"lineNumber":12,"author":{"gitId":"Ijaaz01"},"content":"This is Pythia an assistant that makes use of the CLI keep track of all your day to day tasks","lastModifiedDate":"2024-03-07"},{"lineNumber":13,"author":{"gitId":"Ijaaz01"},"content":"","lastModifiedDate":"2024-03-07"},{"lineNumber":14,"author":{"gitId":"-"},"content":"# User Guide","lastModifiedDate":"2019-07-29"},{"lineNumber":15,"author":{"gitId":"-"},"content":"","lastModifiedDate":"2019-07-29"},{"lineNumber":16,"author":{"gitId":"-"},"content":"## Features","lastModifiedDate":"2019-07-29"},{"lineNumber":17,"author":{"gitId":"-"},"content":"","lastModifiedDate":"2019-07-29"},{"lineNumber":18,"author":{"gitId":"Ijaaz01"},"content":"### `todo`","lastModifiedDate":"2024-03-07"},{"lineNumber":19,"author":{"gitId":"-"},"content":"","lastModifiedDate":"2021-07-17"},{"lineNumber":20,"author":{"gitId":"Ijaaz01"},"content":"Add a todo task (task with no due date)","lastModifiedDate":"2024-03-07"},{"lineNumber":21,"author":{"gitId":"-"},"content":"","lastModifiedDate":"2021-07-17"},{"lineNumber":22,"author":{"gitId":"Ijaaz01"},"content":"Format: `todo [TASK]`","lastModifiedDate":"2024-03-07"},{"lineNumber":23,"author":{"gitId":"-"},"content":"","lastModifiedDate":"2021-07-17"},{"lineNumber":24,"author":{"gitId":"Ijaaz01"},"content":"Example of usage:","lastModifiedDate":"2024-03-07"},{"lineNumber":25,"author":{"gitId":"Ijaaz01"},"content":"","lastModifiedDate":"2024-03-07"},{"lineNumber":26,"author":{"gitId":"Ijaaz01"},"content":"`todo placeholder1`","lastModifiedDate":"2024-03-07"},{"lineNumber":27,"author":{"gitId":"-"},"content":"","lastModifiedDate":"2019-07-29"},{"lineNumber":28,"author":{"gitId":"Ijaaz01"},"content":"Expected outcome:","lastModifiedDate":"2024-03-07"},{"lineNumber":29,"author":{"gitId":"Ijaaz01"},"content":"```","lastModifiedDate":"2024-03-07"},{"lineNumber":30,"author":{"gitId":"Ijaaz01"},"content":"added: [T][ ]  placeholder1","lastModifiedDate":"2024-03-07"},{"lineNumber":31,"author":{"gitId":"Ijaaz01"},"content":"----------------------------------------------------------","lastModifiedDate":"2024-03-07"},{"lineNumber":32,"author":{"gitId":"Ijaaz01"},"content":"```","lastModifiedDate":"2024-03-07"},{"lineNumber":33,"author":{"gitId":"-"},"content":"","lastModifiedDate":"2019-07-29"},{"lineNumber":34,"author":{"gitId":"Ijaaz01"},"content":"### `deadline`","lastModifiedDate":"2024-03-07"},{"lineNumber":35,"author":{"gitId":"-"},"content":"","lastModifiedDate":"2019-07-29"},{"lineNumber":36,"author":{"gitId":"Ijaaz01"},"content":"Add a deadline task (task with a due date)","lastModifiedDate":"2024-03-07"},{"lineNumber":37,"author":{"gitId":"-"},"content":"","lastModifiedDate":"2024-03-07"},{"lineNumber":38,"author":{"gitId":"Ijaaz01"},"content":"Format: `deadline [TASK] /[DUEDATE]`","lastModifiedDate":"2024-03-07"},{"lineNumber":39,"author":{"gitId":"-"},"content":"","lastModifiedDate":"2019-07-29"},{"lineNumber":40,"author":{"gitId":"-"},"content":"Example of usage:","lastModifiedDate":"2019-07-29"},{"lineNumber":41,"author":{"gitId":"-"},"content":"","lastModifiedDate":"2019-07-29"},{"lineNumber":42,"author":{"gitId":"Ijaaz01"},"content":"`deadline placeholder2 /June 25th 6pm`","lastModifiedDate":"2024-03-07"},{"lineNumber":43,"author":{"gitId":"-"},"content":"","lastModifiedDate":"2019-07-29"},{"lineNumber":44,"author":{"gitId":"-"},"content":"Expected outcome:","lastModifiedDate":"2019-07-29"},{"lineNumber":45,"author":{"gitId":"Ijaaz01"},"content":"```","lastModifiedDate":"2024-03-07"},{"lineNumber":46,"author":{"gitId":"Ijaaz01"},"content":"added: [D][ ] placeholder2 (June 25th 6pm)","lastModifiedDate":"2024-03-07"},{"lineNumber":47,"author":{"gitId":"Ijaaz01"},"content":"----------------------------------------------------------","lastModifiedDate":"2024-03-07"},{"lineNumber":48,"author":{"gitId":"Ijaaz01"},"content":"```","lastModifiedDate":"2024-03-07"},{"lineNumber":49,"author":{"gitId":"-"},"content":"","lastModifiedDate":"2024-03-07"},{"lineNumber":50,"author":{"gitId":"Ijaaz01"},"content":"### `event`","lastModifiedDate":"2024-03-07"},{"lineNumber":51,"author":{"gitId":"-"},"content":"","lastModifiedDate":"2019-07-29"},{"lineNumber":52,"author":{"gitId":"Ijaaz01"},"content":"Add an event task (task with a start and end time)","lastModifiedDate":"2024-03-07"},{"lineNumber":53,"author":{"gitId":"-"},"content":"","lastModifiedDate":"2021-07-17"},{"lineNumber":54,"author":{"gitId":"Ijaaz01"},"content":"Format: `event [TASK] /[STARTTIME] /[ENDTIME]`","lastModifiedDate":"2024-03-07"},{"lineNumber":55,"author":{"gitId":"-"},"content":"","lastModifiedDate":"2024-03-07"},{"lineNumber":56,"author":{"gitId":"Ijaaz01"},"content":"Example of usage:","lastModifiedDate":"2024-03-07"},{"lineNumber":57,"author":{"gitId":"Ijaaz01"},"content":"","lastModifiedDate":"2024-03-07"},{"lineNumber":58,"author":{"gitId":"Ijaaz01"},"content":"`event placeholder3 /3pm /6pm`","lastModifiedDate":"2024-03-07"},{"lineNumber":59,"author":{"gitId":"Ijaaz01"},"content":"","lastModifiedDate":"2024-03-07"},{"lineNumber":60,"author":{"gitId":"Ijaaz01"},"content":"Expected outcome:","lastModifiedDate":"2024-03-07"},{"lineNumber":61,"author":{"gitId":"Ijaaz01"},"content":"```","lastModifiedDate":"2024-03-07"},{"lineNumber":62,"author":{"gitId":"Ijaaz01"},"content":"added: [E][ ] placeholder3 (from: 3pm to: 6pm)","lastModifiedDate":"2024-03-07"},{"lineNumber":63,"author":{"gitId":"Ijaaz01"},"content":"----------------------------------------------------------","lastModifiedDate":"2024-03-07"},{"lineNumber":64,"author":{"gitId":"-"},"content":"```","lastModifiedDate":"2021-07-17"},{"lineNumber":65,"author":{"gitId":"Ijaaz01"},"content":"","lastModifiedDate":"2024-03-07"},{"lineNumber":66,"author":{"gitId":"Ijaaz01"},"content":"### `list` ","lastModifiedDate":"2024-03-07"},{"lineNumber":67,"author":{"gitId":"Ijaaz01"},"content":"","lastModifiedDate":"2024-03-07"},{"lineNumber":68,"author":{"gitId":"Ijaaz01"},"content":"Lists all tasks currently in the list","lastModifiedDate":"2024-03-07"},{"lineNumber":69,"author":{"gitId":"Ijaaz01"},"content":"","lastModifiedDate":"2024-03-07"},{"lineNumber":70,"author":{"gitId":"Ijaaz01"},"content":"Format: `list`","lastModifiedDate":"2024-03-07"},{"lineNumber":71,"author":{"gitId":"-"},"content":"","lastModifiedDate":"2024-03-07"},{"lineNumber":72,"author":{"gitId":"-"},"content":"Example of usage: ","lastModifiedDate":"2024-03-07"},{"lineNumber":73,"author":{"gitId":"-"},"content":"","lastModifiedDate":"2024-03-07"},{"lineNumber":74,"author":{"gitId":"Ijaaz01"},"content":"`list`","lastModifiedDate":"2024-03-07"},{"lineNumber":75,"author":{"gitId":"Ijaaz01"},"content":"","lastModifiedDate":"2024-03-07"},{"lineNumber":76,"author":{"gitId":"Ijaaz01"},"content":"Expected outcome:","lastModifiedDate":"2024-03-07"},{"lineNumber":77,"author":{"gitId":"Ijaaz01"},"content":"```","lastModifiedDate":"2024-03-07"},{"lineNumber":78,"author":{"gitId":"Ijaaz01"},"content":"1.[T][ ] placeholder1","lastModifiedDate":"2024-03-07"},{"lineNumber":79,"author":{"gitId":"Ijaaz01"},"content":"2.[D][ ] placeholder2 (June 25th 6pm)","lastModifiedDate":"2024-03-07"},{"lineNumber":80,"author":{"gitId":"Ijaaz01"},"content":"3.[E][ ] placeholder3 (from: 3pm to: 6pm)","lastModifiedDate":"2024-03-07"},{"lineNumber":81,"author":{"gitId":"Ijaaz01"},"content":"----------------------------------------------------------","lastModifiedDate":"2024-03-07"},{"lineNumber":82,"author":{"gitId":"Ijaaz01"},"content":"```","lastModifiedDate":"2024-03-07"},{"lineNumber":83,"author":{"gitId":"Ijaaz01"},"content":"","lastModifiedDate":"2024-03-07"},{"lineNumber":84,"author":{"gitId":"Ijaaz01"},"content":"### `mark`","lastModifiedDate":"2024-03-07"},{"lineNumber":85,"author":{"gitId":"Ijaaz01"},"content":"","lastModifiedDate":"2024-03-07"},{"lineNumber":86,"author":{"gitId":"Ijaaz01"},"content":"Marks the specified index in the list","lastModifiedDate":"2024-03-07"},{"lineNumber":87,"author":{"gitId":"Ijaaz01"},"content":"","lastModifiedDate":"2024-03-07"},{"lineNumber":88,"author":{"gitId":"Ijaaz01"},"content":"Format: `mark [INDEX]`","lastModifiedDate":"2024-03-07"},{"lineNumber":89,"author":{"gitId":"Ijaaz01"},"content":"","lastModifiedDate":"2024-03-07"},{"lineNumber":90,"author":{"gitId":"Ijaaz01"},"content":"Example of usage:","lastModifiedDate":"2024-03-07"},{"lineNumber":91,"author":{"gitId":"Ijaaz01"},"content":"","lastModifiedDate":"2024-03-07"},{"lineNumber":92,"author":{"gitId":"Ijaaz01"},"content":"`mark 1`","lastModifiedDate":"2024-03-07"},{"lineNumber":93,"author":{"gitId":"-"},"content":"","lastModifiedDate":"2024-03-07"},{"lineNumber":94,"author":{"gitId":"-"},"content":"Expected outcome:","lastModifiedDate":"2024-03-07"},{"lineNumber":95,"author":{"gitId":"-"},"content":"```","lastModifiedDate":"2021-07-17"},{"lineNumber":96,"author":{"gitId":"Ijaaz01"},"content":"Marked  placeholder1","lastModifiedDate":"2024-03-07"},{"lineNumber":97,"author":{"gitId":"Ijaaz01"},"content":"----------------------------------------------------------","lastModifiedDate":"2024-03-07"},{"lineNumber":98,"author":{"gitId":"Ijaaz01"},"content":"list","lastModifiedDate":"2024-03-07"},{"lineNumber":99,"author":{"gitId":"Ijaaz01"},"content":"1.[T][X]  placeholder1","lastModifiedDate":"2024-03-07"},{"lineNumber":100,"author":{"gitId":"Ijaaz01"},"content":"2.[D][ ] placeholder2 (June 25th 6pm)","lastModifiedDate":"2024-03-07"},{"lineNumber":101,"author":{"gitId":"Ijaaz01"},"content":"3.[E][ ] placeholder3 (from: 3pm to: 6pm)","lastModifiedDate":"2024-03-07"},{"lineNumber":102,"author":{"gitId":"Ijaaz01"},"content":"----------------------------------------------------------","lastModifiedDate":"2024-03-07"},{"lineNumber":103,"author":{"gitId":"Ijaaz01"},"content":"```","lastModifiedDate":"2024-03-07"},{"lineNumber":104,"author":{"gitId":"Ijaaz01"},"content":"","lastModifiedDate":"2024-03-07"},{"lineNumber":105,"author":{"gitId":"Ijaaz01"},"content":"### `delete`","lastModifiedDate":"2024-03-07"},{"lineNumber":106,"author":{"gitId":"Ijaaz01"},"content":"","lastModifiedDate":"2024-03-07"},{"lineNumber":107,"author":{"gitId":"Ijaaz01"},"content":"Delete a specific index in the task list","lastModifiedDate":"2024-03-07"},{"lineNumber":108,"author":{"gitId":"Ijaaz01"},"content":"","lastModifiedDate":"2024-03-07"},{"lineNumber":109,"author":{"gitId":"Ijaaz01"},"content":"Format: `delete [INDEX]`","lastModifiedDate":"2024-03-07"},{"lineNumber":110,"author":{"gitId":"Ijaaz01"},"content":"","lastModifiedDate":"2024-03-07"},{"lineNumber":111,"author":{"gitId":"Ijaaz01"},"content":"Example of usage:","lastModifiedDate":"2024-03-07"},{"lineNumber":112,"author":{"gitId":"Ijaaz01"},"content":"","lastModifiedDate":"2024-03-07"},{"lineNumber":113,"author":{"gitId":"Ijaaz01"},"content":"`delete 2`","lastModifiedDate":"2024-03-07"},{"lineNumber":114,"author":{"gitId":"Ijaaz01"},"content":"","lastModifiedDate":"2024-03-07"},{"lineNumber":115,"author":{"gitId":"Ijaaz01"},"content":"Expected outcome:","lastModifiedDate":"2024-03-07"},{"lineNumber":116,"author":{"gitId":"Ijaaz01"},"content":"```","lastModifiedDate":"2024-03-07"},{"lineNumber":117,"author":{"gitId":"Ijaaz01"},"content":"Deleted [D][ ] placeholder2 (June 25th 6pm)","lastModifiedDate":"2024-03-07"},{"lineNumber":118,"author":{"gitId":"Ijaaz01"},"content":"----------------------------------------------------------","lastModifiedDate":"2024-03-07"},{"lineNumber":119,"author":{"gitId":"Ijaaz01"},"content":"list","lastModifiedDate":"2024-03-07"},{"lineNumber":120,"author":{"gitId":"Ijaaz01"},"content":"1.[T][X]  placeholder1","lastModifiedDate":"2024-03-07"},{"lineNumber":121,"author":{"gitId":"Ijaaz01"},"content":"2.[E][ ] placeholder3 (from: 3pm to: 6pm)","lastModifiedDate":"2024-03-07"},{"lineNumber":122,"author":{"gitId":"Ijaaz01"},"content":"----------------------------------------------------------","lastModifiedDate":"2024-03-07"},{"lineNumber":123,"author":{"gitId":"Ijaaz01"},"content":"```","lastModifiedDate":"2024-03-07"},{"lineNumber":124,"author":{"gitId":"Ijaaz01"},"content":"","lastModifiedDate":"2024-03-07"},{"lineNumber":125,"author":{"gitId":"Ijaaz01"},"content":"### `unmark`","lastModifiedDate":"2024-03-07"},{"lineNumber":126,"author":{"gitId":"Ijaaz01"},"content":"","lastModifiedDate":"2024-03-07"},{"lineNumber":127,"author":{"gitId":"Ijaaz01"},"content":"Unmarks the specified index in the list","lastModifiedDate":"2024-03-07"},{"lineNumber":128,"author":{"gitId":"Ijaaz01"},"content":"","lastModifiedDate":"2024-03-07"},{"lineNumber":129,"author":{"gitId":"Ijaaz01"},"content":"Format: `unmark [INDEX]`","lastModifiedDate":"2024-03-07"},{"lineNumber":130,"author":{"gitId":"-"},"content":"","lastModifiedDate":"2024-03-07"},{"lineNumber":131,"author":{"gitId":"Ijaaz01"},"content":"Example of usage:","lastModifiedDate":"2024-03-07"},{"lineNumber":132,"author":{"gitId":"-"},"content":"","lastModifiedDate":"2024-03-07"},{"lineNumber":133,"author":{"gitId":"Ijaaz01"},"content":"`unmark 1`","lastModifiedDate":"2024-03-07"},{"lineNumber":134,"author":{"gitId":"Ijaaz01"},"content":"","lastModifiedDate":"2024-03-07"},{"lineNumber":135,"author":{"gitId":"Ijaaz01"},"content":"Expected outcome:","lastModifiedDate":"2024-03-07"},{"lineNumber":136,"author":{"gitId":"-"},"content":"```","lastModifiedDate":"2024-03-07"},{"lineNumber":137,"author":{"gitId":"Ijaaz01"},"content":"Unmarked  placeholder1","lastModifiedDate":"2024-03-07"},{"lineNumber":138,"author":{"gitId":"Ijaaz01"},"content":"----------------------------------------------------------","lastModifiedDate":"2024-03-07"},{"lineNumber":139,"author":{"gitId":"Ijaaz01"},"content":"list","lastModifiedDate":"2024-03-07"},{"lineNumber":140,"author":{"gitId":"Ijaaz01"},"content":"1.[T][ ]  placeholder1","lastModifiedDate":"2024-03-07"},{"lineNumber":141,"author":{"gitId":"Ijaaz01"},"content":"2.[E][ ] placeholder3 (from: 3pm to: 6pm)","lastModifiedDate":"2024-03-07"},{"lineNumber":142,"author":{"gitId":"Ijaaz01"},"content":"----------------------------------------------------------","lastModifiedDate":"2024-03-07"},{"lineNumber":143,"author":{"gitId":"-"},"content":"```","lastModifiedDate":"2024-03-07"},{"lineNumber":144,"author":{"gitId":"Ijaaz01"},"content":"","lastModifiedDate":"2024-03-07"},{"lineNumber":145,"author":{"gitId":"Ijaaz01"},"content":"### `find`","lastModifiedDate":"2024-03-07"},{"lineNumber":146,"author":{"gitId":"Ijaaz01"},"content":"","lastModifiedDate":"2024-03-07"},{"lineNumber":147,"author":{"gitId":"Ijaaz01"},"content":"Finds and prints all tasks that contain the specified keyword (only applies to task description)","lastModifiedDate":"2024-03-07"},{"lineNumber":148,"author":{"gitId":"Ijaaz01"},"content":"","lastModifiedDate":"2024-03-07"},{"lineNumber":149,"author":{"gitId":"Ijaaz01"},"content":"Format: `find [KEYWORD]`","lastModifiedDate":"2024-03-07"},{"lineNumber":150,"author":{"gitId":"Ijaaz01"},"content":"","lastModifiedDate":"2024-03-07"},{"lineNumber":151,"author":{"gitId":"Ijaaz01"},"content":"Example of usage:","lastModifiedDate":"2024-03-07"},{"lineNumber":152,"author":{"gitId":"Ijaaz01"},"content":"","lastModifiedDate":"2024-03-07"},{"lineNumber":153,"author":{"gitId":"Ijaaz01"},"content":"`find 3`","lastModifiedDate":"2024-03-07"},{"lineNumber":154,"author":{"gitId":"Ijaaz01"},"content":"","lastModifiedDate":"2024-03-07"},{"lineNumber":155,"author":{"gitId":"Ijaaz01"},"content":"Expected outcome:","lastModifiedDate":"2024-03-07"},{"lineNumber":156,"author":{"gitId":"Ijaaz01"},"content":"```","lastModifiedDate":"2024-03-07"},{"lineNumber":157,"author":{"gitId":"Ijaaz01"},"content":"[E][ ] placeholder3 (from: 3pm to: 6pm)","lastModifiedDate":"2024-03-07"},{"lineNumber":158,"author":{"gitId":"Ijaaz01"},"content":"----------------------------------------------------------","lastModifiedDate":"2024-03-07"},{"lineNumber":159,"author":{"gitId":"Ijaaz01"},"content":"```","lastModifiedDate":"2024-03-07"},{"lineNumber":160,"author":{"gitId":"Ijaaz01"},"content":"","lastModifiedDate":"2024-03-07"},{"lineNumber":161,"author":{"gitId":"Ijaaz01"},"content":"### `help`","lastModifiedDate":"2024-03-08"},{"lineNumber":162,"author":{"gitId":"Ijaaz01"},"content":"","lastModifiedDate":"2024-03-08"},{"lineNumber":163,"author":{"gitId":"Ijaaz01"},"content":"Lists all commands that can be inputted by the user","lastModifiedDate":"2024-03-08"},{"lineNumber":164,"author":{"gitId":"Ijaaz01"},"content":"","lastModifiedDate":"2024-03-08"},{"lineNumber":165,"author":{"gitId":"Ijaaz01"},"content":"Format: `help`","lastModifiedDate":"2024-03-08"},{"lineNumber":166,"author":{"gitId":"Ijaaz01"},"content":"","lastModifiedDate":"2024-03-08"},{"lineNumber":167,"author":{"gitId":"Ijaaz01"},"content":"Example of usage:","lastModifiedDate":"2024-03-08"},{"lineNumber":168,"author":{"gitId":"Ijaaz01"},"content":"","lastModifiedDate":"2024-03-08"},{"lineNumber":169,"author":{"gitId":"Ijaaz01"},"content":"`help`","lastModifiedDate":"2024-03-08"},{"lineNumber":170,"author":{"gitId":"Ijaaz01"},"content":"","lastModifiedDate":"2024-03-08"},{"lineNumber":171,"author":{"gitId":"Ijaaz01"},"content":"Expected outcome:","lastModifiedDate":"2024-03-08"},{"lineNumber":172,"author":{"gitId":"Ijaaz01"},"content":"```","lastModifiedDate":"2024-03-08"},{"lineNumber":173,"author":{"gitId":"Ijaaz01"},"content":"list","lastModifiedDate":"2024-03-08"},{"lineNumber":174,"author":{"gitId":"Ijaaz01"},"content":" - prints all items in list","lastModifiedDate":"2024-03-08"},{"lineNumber":175,"author":{"gitId":"Ijaaz01"},"content":" - Format: list","lastModifiedDate":"2024-03-08"},{"lineNumber":176,"author":{"gitId":"Ijaaz01"},"content":"mark/unmark","lastModifiedDate":"2024-03-08"},{"lineNumber":177,"author":{"gitId":"Ijaaz01"},"content":" - marks/unmarks an item in the list","lastModifiedDate":"2024-03-08"},{"lineNumber":178,"author":{"gitId":"Ijaaz01"},"content":" - Format: mark/unmark [INDEX]","lastModifiedDate":"2024-03-08"},{"lineNumber":179,"author":{"gitId":"Ijaaz01"},"content":"delete","lastModifiedDate":"2024-03-08"},{"lineNumber":180,"author":{"gitId":"Ijaaz01"},"content":" - deletes an item in the list","lastModifiedDate":"2024-03-08"},{"lineNumber":181,"author":{"gitId":"Ijaaz01"},"content":" - Format: delete [INDEX]","lastModifiedDate":"2024-03-08"},{"lineNumber":182,"author":{"gitId":"Ijaaz01"},"content":"find","lastModifiedDate":"2024-03-08"},{"lineNumber":183,"author":{"gitId":"Ijaaz01"},"content":" - finds all task descriptions that contain a keyword","lastModifiedDate":"2024-03-08"},{"lineNumber":184,"author":{"gitId":"Ijaaz01"},"content":" - Format: find [KEYWORD]","lastModifiedDate":"2024-03-08"},{"lineNumber":185,"author":{"gitId":"Ijaaz01"},"content":"todo","lastModifiedDate":"2024-03-08"},{"lineNumber":186,"author":{"gitId":"Ijaaz01"},"content":" - creates a todo task with no deadline","lastModifiedDate":"2024-03-08"},{"lineNumber":187,"author":{"gitId":"Ijaaz01"},"content":" - Format: todo [TASK]deadline","lastModifiedDate":"2024-03-08"},{"lineNumber":188,"author":{"gitId":"Ijaaz01"},"content":" - creates a task with a deadline","lastModifiedDate":"2024-03-08"},{"lineNumber":189,"author":{"gitId":"Ijaaz01"},"content":" - Format: deadline [TASK] /[DUEDATE]","lastModifiedDate":"2024-03-08"},{"lineNumber":190,"author":{"gitId":"Ijaaz01"},"content":"event","lastModifiedDate":"2024-03-08"},{"lineNumber":191,"author":{"gitId":"Ijaaz01"},"content":" - creates a task with start and end time/date","lastModifiedDate":"2024-03-08"},{"lineNumber":192,"author":{"gitId":"Ijaaz01"},"content":" - Format: event [TASK] /[STARTTIME] /[ENDTIME]","lastModifiedDate":"2024-03-08"},{"lineNumber":193,"author":{"gitId":"Ijaaz01"},"content":"----------------------------------------------------------","lastModifiedDate":"2024-03-08"},{"lineNumber":194,"author":{"gitId":"Ijaaz01"},"content":"```","lastModifiedDate":"2024-03-08"},{"lineNumber":195,"author":{"gitId":"Ijaaz01"},"content":"","lastModifiedDate":"2024-03-08"}],"authorContributionMap":{"-":31,"Ijaaz01":164}},{"path":"src/main/java/duke/Command.java","fileType":"java","lines":[{"lineNumber":1,"author":{"gitId":"Ijaaz01"},"content":"package duke;","lastModifiedDate":"2024-02-23"},{"lineNumber":2,"author":{"gitId":"Ijaaz01"},"content":"","lastModifiedDate":"2024-02-23"},{"lineNumber":3,"author":{"gitId":"Ijaaz01"},"content":"/**","lastModifiedDate":"2024-03-07"},{"lineNumber":4,"author":{"gitId":"Ijaaz01"},"content":" * Class that contains the executions for all possible commands","lastModifiedDate":"2024-03-07"},{"lineNumber":5,"author":{"gitId":"Ijaaz01"},"content":" */","lastModifiedDate":"2024-03-07"},{"lineNumber":6,"author":{"gitId":"Ijaaz01"},"content":"public class Command {","lastModifiedDate":"2024-02-23"},{"lineNumber":7,"author":{"gitId":"Ijaaz01"},"content":"","lastModifiedDate":"2024-03-08"},{"lineNumber":8,"author":{"gitId":"Ijaaz01"},"content":"    private static final String HELP_TEXT \u003d  \"list\\n\"","lastModifiedDate":"2024-03-08"},{"lineNumber":9,"author":{"gitId":"Ijaaz01"},"content":"                                    + \" - prints all items in list\\n\"","lastModifiedDate":"2024-03-08"},{"lineNumber":10,"author":{"gitId":"Ijaaz01"},"content":"                                    + \" - Format: list\\n\"","lastModifiedDate":"2024-03-08"},{"lineNumber":11,"author":{"gitId":"Ijaaz01"},"content":"                                    + \"mark/unmark\\n\"","lastModifiedDate":"2024-03-08"},{"lineNumber":12,"author":{"gitId":"Ijaaz01"},"content":"                                    + \" - marks/unmarks an item in the list\\n\"","lastModifiedDate":"2024-03-08"},{"lineNumber":13,"author":{"gitId":"Ijaaz01"},"content":"                                    + \" - Format: mark/unmark [INDEX]\\n\"","lastModifiedDate":"2024-03-08"},{"lineNumber":14,"author":{"gitId":"Ijaaz01"},"content":"                                    + \"delete\\n\"","lastModifiedDate":"2024-03-08"},{"lineNumber":15,"author":{"gitId":"Ijaaz01"},"content":"                                    + \" - deletes an item in the list\\n\"","lastModifiedDate":"2024-03-08"},{"lineNumber":16,"author":{"gitId":"Ijaaz01"},"content":"                                    + \" - Format: delete [INDEX]\\n\"","lastModifiedDate":"2024-03-08"},{"lineNumber":17,"author":{"gitId":"Ijaaz01"},"content":"                                    + \"find\\n\"","lastModifiedDate":"2024-03-08"},{"lineNumber":18,"author":{"gitId":"Ijaaz01"},"content":"                                    + \" - finds all task descriptions that contain a keyword\\n\"","lastModifiedDate":"2024-03-08"},{"lineNumber":19,"author":{"gitId":"Ijaaz01"},"content":"                                    + \" - Format: find [KEYWORD]\\n\"","lastModifiedDate":"2024-03-08"},{"lineNumber":20,"author":{"gitId":"Ijaaz01"},"content":"                                    + \"todo\\n\"","lastModifiedDate":"2024-03-08"},{"lineNumber":21,"author":{"gitId":"Ijaaz01"},"content":"                                    + \" - creates a todo task with no deadline\\n\"","lastModifiedDate":"2024-03-08"},{"lineNumber":22,"author":{"gitId":"Ijaaz01"},"content":"                                    + \" - Format: todo [TASK]\"","lastModifiedDate":"2024-03-08"},{"lineNumber":23,"author":{"gitId":"Ijaaz01"},"content":"                                    + \"deadline\\n\"","lastModifiedDate":"2024-03-08"},{"lineNumber":24,"author":{"gitId":"Ijaaz01"},"content":"                                    + \" - creates a task with a deadline\\n\"","lastModifiedDate":"2024-03-08"},{"lineNumber":25,"author":{"gitId":"Ijaaz01"},"content":"                                    + \" - Format: deadline [TASK] /[DUEDATE]\\n\"","lastModifiedDate":"2024-03-08"},{"lineNumber":26,"author":{"gitId":"Ijaaz01"},"content":"                                    + \"event\\n\"","lastModifiedDate":"2024-03-08"},{"lineNumber":27,"author":{"gitId":"Ijaaz01"},"content":"                                    + \" - creates a task with start and end time/date\\n\"","lastModifiedDate":"2024-03-08"},{"lineNumber":28,"author":{"gitId":"Ijaaz01"},"content":"                                    + \" - Format: event [TASK] /[STARTTIME] /[ENDTIME]\\n\";","lastModifiedDate":"2024-03-08"},{"lineNumber":29,"author":{"gitId":"Ijaaz01"},"content":"","lastModifiedDate":"2024-03-08"},{"lineNumber":30,"author":{"gitId":"Ijaaz01"},"content":"    private static TaskList taskList \u003d new TaskList();","lastModifiedDate":"2024-03-07"},{"lineNumber":31,"author":{"gitId":"Ijaaz01"},"content":"","lastModifiedDate":"2024-03-08"},{"lineNumber":32,"author":{"gitId":"Ijaaz01"},"content":"    private static UnparsedTaskList inputList \u003d new UnparsedTaskList();","lastModifiedDate":"2024-03-07"},{"lineNumber":33,"author":{"gitId":"Ijaaz01"},"content":"","lastModifiedDate":"2024-02-23"},{"lineNumber":34,"author":{"gitId":"Ijaaz01"},"content":"    /**","lastModifiedDate":"2024-03-07"},{"lineNumber":35,"author":{"gitId":"Ijaaz01"},"content":"     * Prints out all items in the task list","lastModifiedDate":"2024-03-07"},{"lineNumber":36,"author":{"gitId":"Ijaaz01"},"content":"     */","lastModifiedDate":"2024-03-07"},{"lineNumber":37,"author":{"gitId":"Ijaaz01"},"content":"    public static void list() {","lastModifiedDate":"2024-03-07"},{"lineNumber":38,"author":{"gitId":"Ijaaz01"},"content":"        for (int i \u003d 0; i \u003c taskList.size(); i++) {","lastModifiedDate":"2024-03-07"},{"lineNumber":39,"author":{"gitId":"Ijaaz01"},"content":"            System.out.println((i+1)+\".\"+taskList.get(i));","lastModifiedDate":"2024-03-07"},{"lineNumber":40,"author":{"gitId":"Ijaaz01"},"content":"        }","lastModifiedDate":"2024-02-23"},{"lineNumber":41,"author":{"gitId":"Ijaaz01"},"content":"    }","lastModifiedDate":"2024-02-23"},{"lineNumber":42,"author":{"gitId":"Ijaaz01"},"content":"","lastModifiedDate":"2024-02-23"},{"lineNumber":43,"author":{"gitId":"Ijaaz01"},"content":"    /**","lastModifiedDate":"2024-03-07"},{"lineNumber":44,"author":{"gitId":"Ijaaz01"},"content":"     * Tries to add a task to the task list.","lastModifiedDate":"2024-03-07"},{"lineNumber":45,"author":{"gitId":"Ijaaz01"},"content":"     * If a proper command is not given asks user to provide a proper input","lastModifiedDate":"2024-03-07"},{"lineNumber":46,"author":{"gitId":"Ijaaz01"},"content":"     * Also adds the raw command into the inputlist to be saved on their device","lastModifiedDate":"2024-03-07"},{"lineNumber":47,"author":{"gitId":"Ijaaz01"},"content":"     *","lastModifiedDate":"2024-03-07"},{"lineNumber":48,"author":{"gitId":"Ijaaz01"},"content":"     * @param input Input provided by the user","lastModifiedDate":"2024-03-07"},{"lineNumber":49,"author":{"gitId":"Ijaaz01"},"content":"     */","lastModifiedDate":"2024-03-07"},{"lineNumber":50,"author":{"gitId":"Ijaaz01"},"content":"    public static void tryAddTask(String input) {","lastModifiedDate":"2024-03-07"},{"lineNumber":51,"author":{"gitId":"Ijaaz01"},"content":"        try {","lastModifiedDate":"2024-02-23"},{"lineNumber":52,"author":{"gitId":"Ijaaz01"},"content":"            taskList.add(addTask(input));","lastModifiedDate":"2024-03-07"},{"lineNumber":53,"author":{"gitId":"Ijaaz01"},"content":"            inputList.add(input);","lastModifiedDate":"2024-03-07"},{"lineNumber":54,"author":{"gitId":"Ijaaz01"},"content":"            System.out.println(\"added: \" + taskList.get(taskList.size() - 1));","lastModifiedDate":"2024-03-07"},{"lineNumber":55,"author":{"gitId":"Ijaaz01"},"content":"        } catch (PythiaException pe) {","lastModifiedDate":"2024-02-23"},{"lineNumber":56,"author":{"gitId":"Ijaaz01"},"content":"            System.out.println(\"Please provide a proper input\");","lastModifiedDate":"2024-02-23"},{"lineNumber":57,"author":{"gitId":"Ijaaz01"},"content":"        }","lastModifiedDate":"2024-02-23"},{"lineNumber":58,"author":{"gitId":"Ijaaz01"},"content":"    }","lastModifiedDate":"2024-02-23"},{"lineNumber":59,"author":{"gitId":"Ijaaz01"},"content":"","lastModifiedDate":"2024-02-23"},{"lineNumber":60,"author":{"gitId":"Ijaaz01"},"content":"    /**","lastModifiedDate":"2024-03-07"},{"lineNumber":61,"author":{"gitId":"Ijaaz01"},"content":"     * Adds a task without the \u0027added ...\u0027 message appearing","lastModifiedDate":"2024-03-07"},{"lineNumber":62,"author":{"gitId":"Ijaaz01"},"content":"     * Used only on startup when the locally saved list is retrieved","lastModifiedDate":"2024-03-07"},{"lineNumber":63,"author":{"gitId":"Ijaaz01"},"content":"     *","lastModifiedDate":"2024-03-07"},{"lineNumber":64,"author":{"gitId":"Ijaaz01"},"content":"     * @param input Input from the savedlist.txt file","lastModifiedDate":"2024-03-07"},{"lineNumber":65,"author":{"gitId":"Ijaaz01"},"content":"     */","lastModifiedDate":"2024-03-07"},{"lineNumber":66,"author":{"gitId":"Ijaaz01"},"content":"    public static void directAddTask(String input) {","lastModifiedDate":"2024-03-07"},{"lineNumber":67,"author":{"gitId":"Ijaaz01"},"content":"        try {","lastModifiedDate":"2024-02-23"},{"lineNumber":68,"author":{"gitId":"Ijaaz01"},"content":"            taskList.add(addTask(input));","lastModifiedDate":"2024-03-07"},{"lineNumber":69,"author":{"gitId":"Ijaaz01"},"content":"            inputList.add(input);","lastModifiedDate":"2024-03-07"},{"lineNumber":70,"author":{"gitId":"Ijaaz01"},"content":"        } catch (PythiaException pe) {","lastModifiedDate":"2024-02-23"},{"lineNumber":71,"author":{"gitId":"Ijaaz01"},"content":"            System.out.println(\"Please provide a proper input\");","lastModifiedDate":"2024-02-23"},{"lineNumber":72,"author":{"gitId":"Ijaaz01"},"content":"        }","lastModifiedDate":"2024-02-23"},{"lineNumber":73,"author":{"gitId":"Ijaaz01"},"content":"    }","lastModifiedDate":"2024-02-23"},{"lineNumber":74,"author":{"gitId":"Ijaaz01"},"content":"","lastModifiedDate":"2024-02-23"},{"lineNumber":75,"author":{"gitId":"Ijaaz01"},"content":"    /**","lastModifiedDate":"2024-03-07"},{"lineNumber":76,"author":{"gitId":"Ijaaz01"},"content":"     * Parses the input string and returns the appropriate task type","lastModifiedDate":"2024-03-07"},{"lineNumber":77,"author":{"gitId":"Ijaaz01"},"content":"     *","lastModifiedDate":"2024-03-07"},{"lineNumber":78,"author":{"gitId":"Ijaaz01"},"content":"     * @param task The user input the contains the task command","lastModifiedDate":"2024-03-07"},{"lineNumber":79,"author":{"gitId":"Ijaaz01"},"content":"     * @return A Task type variable","lastModifiedDate":"2024-03-07"},{"lineNumber":80,"author":{"gitId":"Ijaaz01"},"content":"     * @throws PythiaException Thrown if the required number of fields are not present","lastModifiedDate":"2024-03-07"},{"lineNumber":81,"author":{"gitId":"Ijaaz01"},"content":"     */","lastModifiedDate":"2024-03-07"},{"lineNumber":82,"author":{"gitId":"Ijaaz01"},"content":"    public static Task addTask(String task) throws PythiaException{","lastModifiedDate":"2024-02-23"},{"lineNumber":83,"author":{"gitId":"Ijaaz01"},"content":"        Parser taskParser \u003d new Parser();","lastModifiedDate":"2024-02-23"},{"lineNumber":84,"author":{"gitId":"Ijaaz01"},"content":"        String[] parsedTask;","lastModifiedDate":"2024-02-23"},{"lineNumber":85,"author":{"gitId":"Ijaaz01"},"content":"        if (task.contains(\"todo \")) {","lastModifiedDate":"2024-02-23"},{"lineNumber":86,"author":{"gitId":"Ijaaz01"},"content":"            task \u003d task.replaceFirst(\"todo\", \"\");","lastModifiedDate":"2024-02-23"},{"lineNumber":87,"author":{"gitId":"Ijaaz01"},"content":"            if (task.isBlank()) {","lastModifiedDate":"2024-02-23"},{"lineNumber":88,"author":{"gitId":"Ijaaz01"},"content":"                throw new PythiaException();","lastModifiedDate":"2024-02-23"},{"lineNumber":89,"author":{"gitId":"Ijaaz01"},"content":"            }","lastModifiedDate":"2024-02-23"},{"lineNumber":90,"author":{"gitId":"Ijaaz01"},"content":"            return new Todo(task);","lastModifiedDate":"2024-02-23"},{"lineNumber":91,"author":{"gitId":"Ijaaz01"},"content":"        } else if (task.contains(\"deadline \")) {","lastModifiedDate":"2024-02-23"},{"lineNumber":92,"author":{"gitId":"Ijaaz01"},"content":"            parsedTask \u003d taskParser.parseDeadline(task);","lastModifiedDate":"2024-02-23"},{"lineNumber":93,"author":{"gitId":"Ijaaz01"},"content":"            if (parsedTask.length \u003c 2) {","lastModifiedDate":"2024-02-23"},{"lineNumber":94,"author":{"gitId":"Ijaaz01"},"content":"                throw new PythiaException();","lastModifiedDate":"2024-02-23"},{"lineNumber":95,"author":{"gitId":"Ijaaz01"},"content":"            }","lastModifiedDate":"2024-02-23"},{"lineNumber":96,"author":{"gitId":"Ijaaz01"},"content":"            return new Deadline(parsedTask[0], parsedTask[1]);","lastModifiedDate":"2024-02-23"},{"lineNumber":97,"author":{"gitId":"Ijaaz01"},"content":"        } else if (task.contains(\"event \")){","lastModifiedDate":"2024-02-23"},{"lineNumber":98,"author":{"gitId":"Ijaaz01"},"content":"            parsedTask \u003d taskParser.parseEvent(task);","lastModifiedDate":"2024-02-23"},{"lineNumber":99,"author":{"gitId":"Ijaaz01"},"content":"            if (parsedTask.length \u003c 3) {","lastModifiedDate":"2024-02-23"},{"lineNumber":100,"author":{"gitId":"Ijaaz01"},"content":"                throw new PythiaException();","lastModifiedDate":"2024-02-23"},{"lineNumber":101,"author":{"gitId":"Ijaaz01"},"content":"            }","lastModifiedDate":"2024-02-23"},{"lineNumber":102,"author":{"gitId":"Ijaaz01"},"content":"            return  new Event(parsedTask[0], parsedTask[1], parsedTask[2]);","lastModifiedDate":"2024-02-23"},{"lineNumber":103,"author":{"gitId":"Ijaaz01"},"content":"        } else {","lastModifiedDate":"2024-02-23"},{"lineNumber":104,"author":{"gitId":"Ijaaz01"},"content":"            throw new PythiaException();","lastModifiedDate":"2024-02-23"},{"lineNumber":105,"author":{"gitId":"Ijaaz01"},"content":"        }","lastModifiedDate":"2024-02-23"},{"lineNumber":106,"author":{"gitId":"Ijaaz01"},"content":"    }","lastModifiedDate":"2024-02-23"},{"lineNumber":107,"author":{"gitId":"Ijaaz01"},"content":"","lastModifiedDate":"2024-02-23"},{"lineNumber":108,"author":{"gitId":"Ijaaz01"},"content":"    /**","lastModifiedDate":"2024-03-07"},{"lineNumber":109,"author":{"gitId":"Ijaaz01"},"content":"     * Updates the Done status of a task to be false","lastModifiedDate":"2024-03-07"},{"lineNumber":110,"author":{"gitId":"Ijaaz01"},"content":"     *","lastModifiedDate":"2024-03-07"},{"lineNumber":111,"author":{"gitId":"Ijaaz01"},"content":"     * @param input The user input that contains the unmark command","lastModifiedDate":"2024-03-07"},{"lineNumber":112,"author":{"gitId":"Ijaaz01"},"content":"     */","lastModifiedDate":"2024-03-07"},{"lineNumber":113,"author":{"gitId":"Ijaaz01"},"content":"    public static void unmark(String input) {","lastModifiedDate":"2024-03-07"},{"lineNumber":114,"author":{"gitId":"Ijaaz01"},"content":"        String[] splitInput \u003d input.split(\" \");","lastModifiedDate":"2024-02-23"},{"lineNumber":115,"author":{"gitId":"Ijaaz01"},"content":"        taskList.get(Integer.parseInt(splitInput[1])-1).doneIsFalse();","lastModifiedDate":"2024-03-07"},{"lineNumber":116,"author":{"gitId":"Ijaaz01"},"content":"        System.out.println(\"Unmarked \"+ taskList.get(Integer.parseInt(splitInput[1])-1).getDescription());","lastModifiedDate":"2024-03-07"},{"lineNumber":117,"author":{"gitId":"Ijaaz01"},"content":"    }","lastModifiedDate":"2024-02-23"},{"lineNumber":118,"author":{"gitId":"Ijaaz01"},"content":"","lastModifiedDate":"2024-02-23"},{"lineNumber":119,"author":{"gitId":"Ijaaz01"},"content":"    /**","lastModifiedDate":"2024-03-07"},{"lineNumber":120,"author":{"gitId":"Ijaaz01"},"content":"     * Updates the Done status of a task to be true","lastModifiedDate":"2024-03-07"},{"lineNumber":121,"author":{"gitId":"Ijaaz01"},"content":"     *","lastModifiedDate":"2024-03-07"},{"lineNumber":122,"author":{"gitId":"Ijaaz01"},"content":"     * @param input The user input that contains the mark command","lastModifiedDate":"2024-03-07"},{"lineNumber":123,"author":{"gitId":"Ijaaz01"},"content":"     */","lastModifiedDate":"2024-03-07"},{"lineNumber":124,"author":{"gitId":"Ijaaz01"},"content":"    public static void mark(String input) {","lastModifiedDate":"2024-03-07"},{"lineNumber":125,"author":{"gitId":"Ijaaz01"},"content":"        String[] splitInput \u003d input.split(\" \");","lastModifiedDate":"2024-02-23"},{"lineNumber":126,"author":{"gitId":"Ijaaz01"},"content":"        taskList.get(Integer.parseInt(splitInput[1])-1).doneIsTrue();","lastModifiedDate":"2024-03-07"},{"lineNumber":127,"author":{"gitId":"Ijaaz01"},"content":"        System.out.println(\"Marked \"+ taskList.get(Integer.parseInt(splitInput[1])-1).getDescription());","lastModifiedDate":"2024-03-07"},{"lineNumber":128,"author":{"gitId":"Ijaaz01"},"content":"    }","lastModifiedDate":"2024-02-23"},{"lineNumber":129,"author":{"gitId":"Ijaaz01"},"content":"","lastModifiedDate":"2024-02-23"},{"lineNumber":130,"author":{"gitId":"Ijaaz01"},"content":"    /**","lastModifiedDate":"2024-03-07"},{"lineNumber":131,"author":{"gitId":"Ijaaz01"},"content":"     * Deletes a specific task from both the taskList and the inputList","lastModifiedDate":"2024-03-07"},{"lineNumber":132,"author":{"gitId":"Ijaaz01"},"content":"     *","lastModifiedDate":"2024-03-07"},{"lineNumber":133,"author":{"gitId":"Ijaaz01"},"content":"     * @param input The user input that contains the index of the item they want to delete","lastModifiedDate":"2024-03-07"},{"lineNumber":134,"author":{"gitId":"Ijaaz01"},"content":"     */","lastModifiedDate":"2024-03-07"},{"lineNumber":135,"author":{"gitId":"Ijaaz01"},"content":"    public static void delete(String input) {","lastModifiedDate":"2024-03-07"},{"lineNumber":136,"author":{"gitId":"Ijaaz01"},"content":"        String[] splitInput \u003d input.split(\" \");","lastModifiedDate":"2024-02-23"},{"lineNumber":137,"author":{"gitId":"Ijaaz01"},"content":"        int indexToRemove \u003d Integer.parseInt(splitInput[1])-1;","lastModifiedDate":"2024-02-23"},{"lineNumber":138,"author":{"gitId":"Ijaaz01"},"content":"        System.out.println(\"Deleted \" + taskList.get(Integer.parseInt(splitInput[1])-1));","lastModifiedDate":"2024-03-07"},{"lineNumber":139,"author":{"gitId":"Ijaaz01"},"content":"        taskList.remove(taskList.get(indexToRemove));","lastModifiedDate":"2024-03-07"},{"lineNumber":140,"author":{"gitId":"Ijaaz01"},"content":"        inputList.remove(inputList.get(indexToRemove));","lastModifiedDate":"2024-03-07"},{"lineNumber":141,"author":{"gitId":"Ijaaz01"},"content":"    }","lastModifiedDate":"2024-02-23"},{"lineNumber":142,"author":{"gitId":"Ijaaz01"},"content":"","lastModifiedDate":"2024-03-06"},{"lineNumber":143,"author":{"gitId":"Ijaaz01"},"content":"    /**","lastModifiedDate":"2024-03-07"},{"lineNumber":144,"author":{"gitId":"Ijaaz01"},"content":"     * Finds and prints all tasks that contain the keyword specified by the user","lastModifiedDate":"2024-03-07"},{"lineNumber":145,"author":{"gitId":"Ijaaz01"},"content":"     *","lastModifiedDate":"2024-03-07"},{"lineNumber":146,"author":{"gitId":"Ijaaz01"},"content":"     * @param input User input that contains the keyword they would like to find","lastModifiedDate":"2024-03-07"},{"lineNumber":147,"author":{"gitId":"Ijaaz01"},"content":"     */","lastModifiedDate":"2024-03-07"},{"lineNumber":148,"author":{"gitId":"Ijaaz01"},"content":"    public static void find(String input) {","lastModifiedDate":"2024-03-07"},{"lineNumber":149,"author":{"gitId":"Ijaaz01"},"content":"        boolean isFound \u003d false;","lastModifiedDate":"2024-03-06"},{"lineNumber":150,"author":{"gitId":"Ijaaz01"},"content":"        String[] splitInput \u003d input.split(\" \");","lastModifiedDate":"2024-03-06"},{"lineNumber":151,"author":{"gitId":"Ijaaz01"},"content":"        for (int i \u003d 0; i \u003c taskList.size(); i++) {","lastModifiedDate":"2024-03-07"},{"lineNumber":152,"author":{"gitId":"Ijaaz01"},"content":"            if (taskList.get(i).getDescription().contains(splitInput[1])) {","lastModifiedDate":"2024-03-07"},{"lineNumber":153,"author":{"gitId":"Ijaaz01"},"content":"                isFound \u003d true;","lastModifiedDate":"2024-03-06"},{"lineNumber":154,"author":{"gitId":"Ijaaz01"},"content":"                System.out.println(taskList.get(i));","lastModifiedDate":"2024-03-07"},{"lineNumber":155,"author":{"gitId":"Ijaaz01"},"content":"            }","lastModifiedDate":"2024-03-06"},{"lineNumber":156,"author":{"gitId":"Ijaaz01"},"content":"        }","lastModifiedDate":"2024-03-06"},{"lineNumber":157,"author":{"gitId":"Ijaaz01"},"content":"        if (!isFound) {","lastModifiedDate":"2024-03-06"},{"lineNumber":158,"author":{"gitId":"Ijaaz01"},"content":"            System.out.println(\"No such keyword exists\");","lastModifiedDate":"2024-03-06"},{"lineNumber":159,"author":{"gitId":"Ijaaz01"},"content":"        }","lastModifiedDate":"2024-03-06"},{"lineNumber":160,"author":{"gitId":"Ijaaz01"},"content":"    }","lastModifiedDate":"2024-03-06"},{"lineNumber":161,"author":{"gitId":"Ijaaz01"},"content":"","lastModifiedDate":"2024-03-08"},{"lineNumber":162,"author":{"gitId":"Ijaaz01"},"content":"    /**","lastModifiedDate":"2024-03-08"},{"lineNumber":163,"author":{"gitId":"Ijaaz01"},"content":"     * Prints out a list of commands that the user can perform","lastModifiedDate":"2024-03-08"},{"lineNumber":164,"author":{"gitId":"Ijaaz01"},"content":"     */","lastModifiedDate":"2024-03-08"},{"lineNumber":165,"author":{"gitId":"Ijaaz01"},"content":"    public static void help() {","lastModifiedDate":"2024-03-08"},{"lineNumber":166,"author":{"gitId":"Ijaaz01"},"content":"        System.out.print(HELP_TEXT);","lastModifiedDate":"2024-03-08"},{"lineNumber":167,"author":{"gitId":"Ijaaz01"},"content":"    }","lastModifiedDate":"2024-03-08"},{"lineNumber":168,"author":{"gitId":"Ijaaz01"},"content":"}","lastModifiedDate":"2024-02-23"}],"authorContributionMap":{"Ijaaz01":168}},{"path":"src/main/java/duke/Deadline.java","fileType":"java","lines":[{"lineNumber":1,"author":{"gitId":"Ijaaz01"},"content":"package duke;","lastModifiedDate":"2024-02-21"},{"lineNumber":2,"author":{"gitId":"Ijaaz01"},"content":"","lastModifiedDate":"2024-02-21"},{"lineNumber":3,"author":{"gitId":"Ijaaz01"},"content":"public class Deadline extends Task {","lastModifiedDate":"2024-02-09"},{"lineNumber":4,"author":{"gitId":"Ijaaz01"},"content":"    protected String by;","lastModifiedDate":"2024-02-09"},{"lineNumber":5,"author":{"gitId":"Ijaaz01"},"content":"","lastModifiedDate":"2024-02-09"},{"lineNumber":6,"author":{"gitId":"Ijaaz01"},"content":"    public Deadline(String description, String by) {","lastModifiedDate":"2024-02-09"},{"lineNumber":7,"author":{"gitId":"Ijaaz01"},"content":"        super(description);","lastModifiedDate":"2024-02-09"},{"lineNumber":8,"author":{"gitId":"Ijaaz01"},"content":"        this.by \u003d by.replaceFirst(\"by\", \"by:\");","lastModifiedDate":"2024-02-09"},{"lineNumber":9,"author":{"gitId":"Ijaaz01"},"content":"        this.taskId \u003d \"[D]\";","lastModifiedDate":"2024-02-09"},{"lineNumber":10,"author":{"gitId":"Ijaaz01"},"content":"    }","lastModifiedDate":"2024-02-09"},{"lineNumber":11,"author":{"gitId":"Ijaaz01"},"content":"","lastModifiedDate":"2024-02-09"},{"lineNumber":12,"author":{"gitId":"Ijaaz01"},"content":"    @Override","lastModifiedDate":"2024-02-09"},{"lineNumber":13,"author":{"gitId":"Ijaaz01"},"content":"    public String toString() {","lastModifiedDate":"2024-02-09"},{"lineNumber":14,"author":{"gitId":"Ijaaz01"},"content":"        return taskId + this.getDoneStatus() + \" \" + description + \" (\" + by + \")\";","lastModifiedDate":"2024-02-09"},{"lineNumber":15,"author":{"gitId":"Ijaaz01"},"content":"    }","lastModifiedDate":"2024-02-09"},{"lineNumber":16,"author":{"gitId":"Ijaaz01"},"content":"}","lastModifiedDate":"2024-02-09"}],"authorContributionMap":{"Ijaaz01":16}},{"path":"src/main/java/duke/Duke.java","fileType":"java","lines":[{"lineNumber":1,"author":{"gitId":"Ijaaz01"},"content":"package duke;","lastModifiedDate":"2024-02-21"},{"lineNumber":2,"author":{"gitId":"Ijaaz01"},"content":"","lastModifiedDate":"2024-03-07"},{"lineNumber":3,"author":{"gitId":"Ijaaz01"},"content":"/**","lastModifiedDate":"2024-03-07"},{"lineNumber":4,"author":{"gitId":"Ijaaz01"},"content":" * Main class of the programme","lastModifiedDate":"2024-03-07"},{"lineNumber":5,"author":{"gitId":"Ijaaz01"},"content":" */","lastModifiedDate":"2024-03-07"},{"lineNumber":6,"author":{"gitId":"-"},"content":"public class Duke {","lastModifiedDate":"2019-07-29"},{"lineNumber":7,"author":{"gitId":"Ijaaz01"},"content":"    private UI input;","lastModifiedDate":"2024-03-07"},{"lineNumber":8,"author":{"gitId":"Ijaaz01"},"content":"    private Storage storage;","lastModifiedDate":"2024-03-07"},{"lineNumber":9,"author":{"gitId":"Ijaaz01"},"content":"","lastModifiedDate":"2024-02-22"},{"lineNumber":10,"author":{"gitId":"Ijaaz01"},"content":"    /**","lastModifiedDate":"2024-03-07"},{"lineNumber":11,"author":{"gitId":"Ijaaz01"},"content":"     * Constructor class to instantiate variables","lastModifiedDate":"2024-03-07"},{"lineNumber":12,"author":{"gitId":"Ijaaz01"},"content":"     */","lastModifiedDate":"2024-03-07"},{"lineNumber":13,"author":{"gitId":"Ijaaz01"},"content":"    public Duke() {","lastModifiedDate":"2024-03-07"},{"lineNumber":14,"author":{"gitId":"Ijaaz01"},"content":"        input \u003d new UI();","lastModifiedDate":"2024-03-07"},{"lineNumber":15,"author":{"gitId":"Ijaaz01"},"content":"        storage \u003d new Storage();","lastModifiedDate":"2024-03-07"},{"lineNumber":16,"author":{"gitId":"Ijaaz01"},"content":"    }","lastModifiedDate":"2024-02-01"},{"lineNumber":17,"author":{"gitId":"Ijaaz01"},"content":"","lastModifiedDate":"2024-02-23"},{"lineNumber":18,"author":{"gitId":"Ijaaz01"},"content":"    /**","lastModifiedDate":"2024-03-07"},{"lineNumber":19,"author":{"gitId":"Ijaaz01"},"content":"     * Main logic flow of the programme","lastModifiedDate":"2024-03-07"},{"lineNumber":20,"author":{"gitId":"Ijaaz01"},"content":"     */","lastModifiedDate":"2024-03-07"},{"lineNumber":21,"author":{"gitId":"Ijaaz01"},"content":"    public void run() {","lastModifiedDate":"2024-03-07"},{"lineNumber":22,"author":{"gitId":"Ijaaz01"},"content":"        storage.tryRetrieveList();","lastModifiedDate":"2024-03-07"},{"lineNumber":23,"author":{"gitId":"Ijaaz01"},"content":"        System.out.println(MoodSprite.getIdle() + \"Hello, Im Pythia, input \u0027help\u0027 if you would like to know what I can do!\\n\"+ MoodSprite.getLineBreak());","lastModifiedDate":"2024-03-08"},{"lineNumber":24,"author":{"gitId":"Ijaaz01"},"content":"        input.mainLoop();","lastModifiedDate":"2024-03-07"},{"lineNumber":25,"author":{"gitId":"Ijaaz01"},"content":"        System.out.println(MoodSprite.getHappy()+\"Happy to help, have a great day.\\n\"+ MoodSprite.getLineBreak());","lastModifiedDate":"2024-02-23"},{"lineNumber":26,"author":{"gitId":"-"},"content":"    }","lastModifiedDate":"2019-07-29"},{"lineNumber":27,"author":{"gitId":"Ijaaz01"},"content":"","lastModifiedDate":"2024-03-07"},{"lineNumber":28,"author":{"gitId":"Ijaaz01"},"content":"    public static void main(String[] args) {","lastModifiedDate":"2024-03-07"},{"lineNumber":29,"author":{"gitId":"Ijaaz01"},"content":"        new Duke().run();","lastModifiedDate":"2024-03-07"},{"lineNumber":30,"author":{"gitId":"Ijaaz01"},"content":"    }","lastModifiedDate":"2024-03-07"},{"lineNumber":31,"author":{"gitId":"-"},"content":"}","lastModifiedDate":"2019-07-29"}],"authorContributionMap":{"-":3,"Ijaaz01":28}},{"path":"src/main/java/duke/Event.java","fileType":"java","lines":[{"lineNumber":1,"author":{"gitId":"Ijaaz01"},"content":"package duke;","lastModifiedDate":"2024-02-21"},{"lineNumber":2,"author":{"gitId":"Ijaaz01"},"content":"","lastModifiedDate":"2024-02-09"},{"lineNumber":3,"author":{"gitId":"Ijaaz01"},"content":"public class Event extends Task{","lastModifiedDate":"2024-02-09"},{"lineNumber":4,"author":{"gitId":"Ijaaz01"},"content":"    protected String from;","lastModifiedDate":"2024-02-09"},{"lineNumber":5,"author":{"gitId":"Ijaaz01"},"content":"    protected String to;","lastModifiedDate":"2024-02-09"},{"lineNumber":6,"author":{"gitId":"Ijaaz01"},"content":"","lastModifiedDate":"2024-02-09"},{"lineNumber":7,"author":{"gitId":"Ijaaz01"},"content":"    public Event(String description, String from, String to) {","lastModifiedDate":"2024-02-09"},{"lineNumber":8,"author":{"gitId":"Ijaaz01"},"content":"        super(description);","lastModifiedDate":"2024-02-09"},{"lineNumber":9,"author":{"gitId":"Ijaaz01"},"content":"        this.from \u003d from.replaceFirst(\"from\", \"from:\");","lastModifiedDate":"2024-02-09"},{"lineNumber":10,"author":{"gitId":"Ijaaz01"},"content":"        this.to \u003d  to.replaceFirst(\"to\", \"to:\");","lastModifiedDate":"2024-02-09"},{"lineNumber":11,"author":{"gitId":"Ijaaz01"},"content":"        this.taskId \u003d \"[E]\";","lastModifiedDate":"2024-02-09"},{"lineNumber":12,"author":{"gitId":"Ijaaz01"},"content":"    }","lastModifiedDate":"2024-02-09"},{"lineNumber":13,"author":{"gitId":"Ijaaz01"},"content":"","lastModifiedDate":"2024-02-09"},{"lineNumber":14,"author":{"gitId":"Ijaaz01"},"content":"    @Override","lastModifiedDate":"2024-02-09"},{"lineNumber":15,"author":{"gitId":"Ijaaz01"},"content":"    public String toString() {","lastModifiedDate":"2024-02-09"},{"lineNumber":16,"author":{"gitId":"Ijaaz01"},"content":"        return taskId + this.getDoneStatus() + \" \" + description + \" (from: \" + from + \" to: \" + to + \")\";","lastModifiedDate":"2024-02-22"},{"lineNumber":17,"author":{"gitId":"Ijaaz01"},"content":"    }","lastModifiedDate":"2024-02-09"},{"lineNumber":18,"author":{"gitId":"Ijaaz01"},"content":"}","lastModifiedDate":"2024-02-09"}],"authorContributionMap":{"Ijaaz01":18}},{"path":"src/main/java/duke/MoodSprite.java","fileType":"java","lines":[{"lineNumber":1,"author":{"gitId":"Ijaaz01"},"content":"package duke;","lastModifiedDate":"2024-02-21"},{"lineNumber":2,"author":{"gitId":"Ijaaz01"},"content":"","lastModifiedDate":"2024-02-21"},{"lineNumber":3,"author":{"gitId":"Ijaaz01"},"content":"public class MoodSprite {","lastModifiedDate":"2024-02-09"},{"lineNumber":4,"author":{"gitId":"Ijaaz01"},"content":"    private static final String HAPPY \u003d   \"            ███         \\n\"","lastModifiedDate":"2024-02-09"},{"lineNumber":5,"author":{"gitId":"Ijaaz01"},"content":"                                        + \"          ███████       \\n\"","lastModifiedDate":"2024-02-09"},{"lineNumber":6,"author":{"gitId":"Ijaaz01"},"content":"                                        + \"         ████ ████      \\n\"","lastModifiedDate":"2024-02-09"},{"lineNumber":7,"author":{"gitId":"Ijaaz01"},"content":"                                        + \"        ███     ███     \\n\"","lastModifiedDate":"2024-02-09"},{"lineNumber":8,"author":{"gitId":"Ijaaz01"},"content":"                                        + \"       ██         ██    \\n\"","lastModifiedDate":"2024-02-09"},{"lineNumber":9,"author":{"gitId":"Ijaaz01"},"content":"                                        + \"   ██                 ██\\n\"","lastModifiedDate":"2024-02-09"},{"lineNumber":10,"author":{"gitId":"Ijaaz01"},"content":"                                        + \"    ███             ███ \\n\"","lastModifiedDate":"2024-02-09"},{"lineNumber":11,"author":{"gitId":"Ijaaz01"},"content":"                                        + \"      ███████████████   \\n\\n\";","lastModifiedDate":"2024-02-09"},{"lineNumber":12,"author":{"gitId":"Ijaaz01"},"content":"","lastModifiedDate":"2024-02-09"},{"lineNumber":13,"author":{"gitId":"Ijaaz01"},"content":"    private static final String IDLE \u003d    \"       █████████████    \\n\"","lastModifiedDate":"2024-02-09"},{"lineNumber":14,"author":{"gitId":"Ijaaz01"},"content":"                                        + \"      ██           ██   \\n\"","lastModifiedDate":"2024-02-09"},{"lineNumber":15,"author":{"gitId":"Ijaaz01"},"content":"                                        + \"      ██   █████   ██   \\n\"","lastModifiedDate":"2024-02-09"},{"lineNumber":16,"author":{"gitId":"Ijaaz01"},"content":"                                        + \"      ██   █████   ██   \\n\"","lastModifiedDate":"2024-02-09"},{"lineNumber":17,"author":{"gitId":"Ijaaz01"},"content":"                                        + \"      ██           ██   \\n\"","lastModifiedDate":"2024-02-09"},{"lineNumber":18,"author":{"gitId":"Ijaaz01"},"content":"                                        + \"       █████████████    \\n\"","lastModifiedDate":"2024-02-09"},{"lineNumber":19,"author":{"gitId":"Ijaaz01"},"content":"                                        + \"   ██                  ██\\n\"","lastModifiedDate":"2024-02-09"},{"lineNumber":20,"author":{"gitId":"Ijaaz01"},"content":"                                        + \"     ██████████████████ \\n\\n\";","lastModifiedDate":"2024-02-09"},{"lineNumber":21,"author":{"gitId":"Ijaaz01"},"content":"","lastModifiedDate":"2024-02-09"},{"lineNumber":22,"author":{"gitId":"Ijaaz01"},"content":"    private static final String ANGRY \u003d   \"       ███       ███    \\n\"","lastModifiedDate":"2024-03-08"},{"lineNumber":23,"author":{"gitId":"Ijaaz01"},"content":"                                        + \"      ██  ██   ███ ██ \\n\"","lastModifiedDate":"2024-03-08"},{"lineNumber":24,"author":{"gitId":"Ijaaz01"},"content":"                                        + \"      ██   █████   ██   \\n\"","lastModifiedDate":"2024-03-08"},{"lineNumber":25,"author":{"gitId":"Ijaaz01"},"content":"                                        + \"      ██   █████   ██   \\n\"","lastModifiedDate":"2024-03-08"},{"lineNumber":26,"author":{"gitId":"Ijaaz01"},"content":"                                        + \"      ██           ██   \\n\"","lastModifiedDate":"2024-03-08"},{"lineNumber":27,"author":{"gitId":"Ijaaz01"},"content":"                                        + \"       █████████████    \\n\"","lastModifiedDate":"2024-03-08"},{"lineNumber":28,"author":{"gitId":"Ijaaz01"},"content":"                                        + \"                        \\n\"","lastModifiedDate":"2024-03-08"},{"lineNumber":29,"author":{"gitId":"Ijaaz01"},"content":"                                        + \"      ███████████████   \\n\"","lastModifiedDate":"2024-03-08"},{"lineNumber":30,"author":{"gitId":"Ijaaz01"},"content":"                                        + \"    ███             ███ \\n\"","lastModifiedDate":"2024-03-08"},{"lineNumber":31,"author":{"gitId":"Ijaaz01"},"content":"                                        + \"    ██               ██\\n\\n\";","lastModifiedDate":"2024-03-08"},{"lineNumber":32,"author":{"gitId":"Ijaaz01"},"content":"","lastModifiedDate":"2024-03-08"},{"lineNumber":33,"author":{"gitId":"Ijaaz01"},"content":"    private static final String LINEBREAK \u003d \"----------------------------------------------------------\";","lastModifiedDate":"2024-02-23"},{"lineNumber":34,"author":{"gitId":"Ijaaz01"},"content":"","lastModifiedDate":"2024-02-23"},{"lineNumber":35,"author":{"gitId":"Ijaaz01"},"content":"    public static String getHappy() {","lastModifiedDate":"2024-02-23"},{"lineNumber":36,"author":{"gitId":"Ijaaz01"},"content":"        return HAPPY;","lastModifiedDate":"2024-02-09"},{"lineNumber":37,"author":{"gitId":"Ijaaz01"},"content":"    }","lastModifiedDate":"2024-02-09"},{"lineNumber":38,"author":{"gitId":"Ijaaz01"},"content":"","lastModifiedDate":"2024-02-09"},{"lineNumber":39,"author":{"gitId":"Ijaaz01"},"content":"    public static String getIdle() {","lastModifiedDate":"2024-02-23"},{"lineNumber":40,"author":{"gitId":"Ijaaz01"},"content":"        return IDLE;","lastModifiedDate":"2024-02-09"},{"lineNumber":41,"author":{"gitId":"Ijaaz01"},"content":"    }","lastModifiedDate":"2024-02-09"},{"lineNumber":42,"author":{"gitId":"Ijaaz01"},"content":"","lastModifiedDate":"2024-02-23"},{"lineNumber":43,"author":{"gitId":"Ijaaz01"},"content":"    public static String getLineBreak() {","lastModifiedDate":"2024-03-08"},{"lineNumber":44,"author":{"gitId":"Ijaaz01"},"content":"        return LINEBREAK;","lastModifiedDate":"2024-03-08"},{"lineNumber":45,"author":{"gitId":"Ijaaz01"},"content":"    }","lastModifiedDate":"2024-03-08"},{"lineNumber":46,"author":{"gitId":"Ijaaz01"},"content":"","lastModifiedDate":"2024-03-08"},{"lineNumber":47,"author":{"gitId":"Ijaaz01"},"content":"    public static String getAngry() {","lastModifiedDate":"2024-03-08"},{"lineNumber":48,"author":{"gitId":"Ijaaz01"},"content":"        return ANGRY;","lastModifiedDate":"2024-03-08"},{"lineNumber":49,"author":{"gitId":"Ijaaz01"},"content":"    }","lastModifiedDate":"2024-03-08"},{"lineNumber":50,"author":{"gitId":"Ijaaz01"},"content":"}","lastModifiedDate":"2024-02-09"}],"authorContributionMap":{"Ijaaz01":50}},{"path":"src/main/java/duke/Parser.java","fileType":"java","lines":[{"lineNumber":1,"author":{"gitId":"Ijaaz01"},"content":"package duke;","lastModifiedDate":"2024-02-21"},{"lineNumber":2,"author":{"gitId":"Ijaaz01"},"content":"","lastModifiedDate":"2024-02-21"},{"lineNumber":3,"author":{"gitId":"Ijaaz01"},"content":"public class Parser {","lastModifiedDate":"2024-02-09"},{"lineNumber":4,"author":{"gitId":"Ijaaz01"},"content":"    private Storage storage \u003d new Storage();","lastModifiedDate":"2024-03-07"},{"lineNumber":5,"author":{"gitId":"Ijaaz01"},"content":"","lastModifiedDate":"2024-02-23"},{"lineNumber":6,"author":{"gitId":"Ijaaz01"},"content":"    /**","lastModifiedDate":"2024-03-07"},{"lineNumber":7,"author":{"gitId":"Ijaaz01"},"content":"     * Tries to parse the input.","lastModifiedDate":"2024-03-07"},{"lineNumber":8,"author":{"gitId":"Ijaaz01"},"content":"     * If an exception is thrown prints out that it is not a valid command","lastModifiedDate":"2024-03-07"},{"lineNumber":9,"author":{"gitId":"Ijaaz01"},"content":"     *","lastModifiedDate":"2024-03-07"},{"lineNumber":10,"author":{"gitId":"Ijaaz01"},"content":"     * @param input The user input read from UI","lastModifiedDate":"2024-03-07"},{"lineNumber":11,"author":{"gitId":"Ijaaz01"},"content":"     */","lastModifiedDate":"2024-03-07"},{"lineNumber":12,"author":{"gitId":"Ijaaz01"},"content":"    public void tryParseInput(String input)  {","lastModifiedDate":"2024-03-07"},{"lineNumber":13,"author":{"gitId":"Ijaaz01"},"content":"        try {","lastModifiedDate":"2024-03-07"},{"lineNumber":14,"author":{"gitId":"Ijaaz01"},"content":"            parseInput(input);","lastModifiedDate":"2024-03-07"},{"lineNumber":15,"author":{"gitId":"Ijaaz01"},"content":"        } catch (PythiaException pe) {","lastModifiedDate":"2024-03-07"},{"lineNumber":16,"author":{"gitId":"Ijaaz01"},"content":"            System.out.println(MoodSprite.getAngry() + \"Not a valid command\\n\" + MoodSprite.getLineBreak());","lastModifiedDate":"2024-03-08"},{"lineNumber":17,"author":{"gitId":"Ijaaz01"},"content":"        }","lastModifiedDate":"2024-03-07"},{"lineNumber":18,"author":{"gitId":"Ijaaz01"},"content":"    }","lastModifiedDate":"2024-03-07"},{"lineNumber":19,"author":{"gitId":"Ijaaz01"},"content":"","lastModifiedDate":"2024-03-07"},{"lineNumber":20,"author":{"gitId":"Ijaaz01"},"content":"    /**","lastModifiedDate":"2024-03-07"},{"lineNumber":21,"author":{"gitId":"Ijaaz01"},"content":"     * Parses the input to determine what command was given and executes the relevant command","lastModifiedDate":"2024-03-07"},{"lineNumber":22,"author":{"gitId":"Ijaaz01"},"content":"     *","lastModifiedDate":"2024-03-07"},{"lineNumber":23,"author":{"gitId":"Ijaaz01"},"content":"     * @param input Input given by user","lastModifiedDate":"2024-03-07"},{"lineNumber":24,"author":{"gitId":"Ijaaz01"},"content":"     * @throws PythiaException Thrown if no recognised commands are found in the user input","lastModifiedDate":"2024-03-07"},{"lineNumber":25,"author":{"gitId":"Ijaaz01"},"content":"     */","lastModifiedDate":"2024-03-07"},{"lineNumber":26,"author":{"gitId":"Ijaaz01"},"content":"    public void parseInput(String input) throws PythiaException {","lastModifiedDate":"2024-02-23"},{"lineNumber":27,"author":{"gitId":"Ijaaz01"},"content":"        if (input.equalsIgnoreCase(\"list\")) {","lastModifiedDate":"2024-02-23"},{"lineNumber":28,"author":{"gitId":"Ijaaz01"},"content":"            Command.list();","lastModifiedDate":"2024-03-07"},{"lineNumber":29,"author":{"gitId":"Ijaaz01"},"content":"        } else if (isTaskCommand(input)) {","lastModifiedDate":"2024-03-06"},{"lineNumber":30,"author":{"gitId":"Ijaaz01"},"content":"            Command.tryAddTask(input);","lastModifiedDate":"2024-03-07"},{"lineNumber":31,"author":{"gitId":"Ijaaz01"},"content":"        } else if (input.contains(\"unmark \")) {","lastModifiedDate":"2024-03-06"},{"lineNumber":32,"author":{"gitId":"Ijaaz01"},"content":"            Command.unmark(input);","lastModifiedDate":"2024-03-07"},{"lineNumber":33,"author":{"gitId":"Ijaaz01"},"content":"        } else if (input.contains(\"mark \")) {","lastModifiedDate":"2024-03-06"},{"lineNumber":34,"author":{"gitId":"Ijaaz01"},"content":"            Command.mark(input);","lastModifiedDate":"2024-03-07"},{"lineNumber":35,"author":{"gitId":"Ijaaz01"},"content":"        } else if (input.contains(\"delete \")) {","lastModifiedDate":"2024-03-06"},{"lineNumber":36,"author":{"gitId":"Ijaaz01"},"content":"            Command.delete(input);","lastModifiedDate":"2024-03-07"},{"lineNumber":37,"author":{"gitId":"Ijaaz01"},"content":"        } else if (input.contains(\"find \")) {","lastModifiedDate":"2024-03-06"},{"lineNumber":38,"author":{"gitId":"Ijaaz01"},"content":"            Command.find(input);","lastModifiedDate":"2024-03-07"},{"lineNumber":39,"author":{"gitId":"Ijaaz01"},"content":"        } else if (input.contains(\"help\")) {","lastModifiedDate":"2024-03-08"},{"lineNumber":40,"author":{"gitId":"Ijaaz01"},"content":"            Command.help();","lastModifiedDate":"2024-03-08"},{"lineNumber":41,"author":{"gitId":"Ijaaz01"},"content":"        } else if (input.contains(\"bye\")) {","lastModifiedDate":"2024-03-08"},{"lineNumber":42,"author":{"gitId":"Ijaaz01"},"content":"            return;","lastModifiedDate":"2024-03-08"},{"lineNumber":43,"author":{"gitId":"Ijaaz01"},"content":"        } else {","lastModifiedDate":"2024-03-06"},{"lineNumber":44,"author":{"gitId":"Ijaaz01"},"content":"            throw new PythiaException();","lastModifiedDate":"2024-02-23"},{"lineNumber":45,"author":{"gitId":"Ijaaz01"},"content":"        }","lastModifiedDate":"2024-02-23"},{"lineNumber":46,"author":{"gitId":"Ijaaz01"},"content":"        storage.trySaveList();","lastModifiedDate":"2024-03-07"},{"lineNumber":47,"author":{"gitId":"Ijaaz01"},"content":"        System.out.println(MoodSprite.getLineBreak());","lastModifiedDate":"2024-02-23"},{"lineNumber":48,"author":{"gitId":"Ijaaz01"},"content":"    }","lastModifiedDate":"2024-02-23"},{"lineNumber":49,"author":{"gitId":"Ijaaz01"},"content":"","lastModifiedDate":"2024-03-07"},{"lineNumber":50,"author":{"gitId":"Ijaaz01"},"content":"    /**","lastModifiedDate":"2024-03-07"},{"lineNumber":51,"author":{"gitId":"Ijaaz01"},"content":"     * Removes any extra spaces for each of the inputs","lastModifiedDate":"2024-03-07"},{"lineNumber":52,"author":{"gitId":"Ijaaz01"},"content":"     *","lastModifiedDate":"2024-03-07"},{"lineNumber":53,"author":{"gitId":"Ijaaz01"},"content":"     * @param splitTask An array which contains a split version of the user input","lastModifiedDate":"2024-03-07"},{"lineNumber":54,"author":{"gitId":"Ijaaz01"},"content":"     * @return Trimmed split array","lastModifiedDate":"2024-03-07"},{"lineNumber":55,"author":{"gitId":"Ijaaz01"},"content":"     */","lastModifiedDate":"2024-03-07"},{"lineNumber":56,"author":{"gitId":"Ijaaz01"},"content":"    public String[] splitTaskTrimmer(String[] splitTask) {","lastModifiedDate":"2024-02-09"},{"lineNumber":57,"author":{"gitId":"Ijaaz01"},"content":"        for (int i \u003d 0; i \u003c splitTask.length; i++) {","lastModifiedDate":"2024-02-09"},{"lineNumber":58,"author":{"gitId":"Ijaaz01"},"content":"            splitTask[i] \u003d splitTask[i].trim();","lastModifiedDate":"2024-02-09"},{"lineNumber":59,"author":{"gitId":"Ijaaz01"},"content":"        }","lastModifiedDate":"2024-02-09"},{"lineNumber":60,"author":{"gitId":"Ijaaz01"},"content":"        return splitTask;","lastModifiedDate":"2024-02-09"},{"lineNumber":61,"author":{"gitId":"Ijaaz01"},"content":"    }","lastModifiedDate":"2024-02-09"},{"lineNumber":62,"author":{"gitId":"Ijaaz01"},"content":"","lastModifiedDate":"2024-03-07"},{"lineNumber":63,"author":{"gitId":"Ijaaz01"},"content":"    /**","lastModifiedDate":"2024-03-07"},{"lineNumber":64,"author":{"gitId":"Ijaaz01"},"content":"     * Parses the input containing deadline command","lastModifiedDate":"2024-03-07"},{"lineNumber":65,"author":{"gitId":"Ijaaz01"},"content":"     *","lastModifiedDate":"2024-03-07"},{"lineNumber":66,"author":{"gitId":"Ijaaz01"},"content":"     * @param task The deadline command provided by the user","lastModifiedDate":"2024-03-07"},{"lineNumber":67,"author":{"gitId":"Ijaaz01"},"content":"     * @return A array with just the time of the deadline","lastModifiedDate":"2024-03-07"},{"lineNumber":68,"author":{"gitId":"Ijaaz01"},"content":"     */","lastModifiedDate":"2024-03-07"},{"lineNumber":69,"author":{"gitId":"Ijaaz01"},"content":"    public String[] parseDeadline(String task) {","lastModifiedDate":"2024-02-09"},{"lineNumber":70,"author":{"gitId":"Ijaaz01"},"content":"        task \u003d task.replaceFirst(\"deadline\", \"\");","lastModifiedDate":"2024-02-09"},{"lineNumber":71,"author":{"gitId":"Ijaaz01"},"content":"        return splitTaskTrimmer(task.split(\"/\"));","lastModifiedDate":"2024-02-09"},{"lineNumber":72,"author":{"gitId":"Ijaaz01"},"content":"    }","lastModifiedDate":"2024-02-09"},{"lineNumber":73,"author":{"gitId":"Ijaaz01"},"content":"","lastModifiedDate":"2024-02-09"},{"lineNumber":74,"author":{"gitId":"Ijaaz01"},"content":"    /**","lastModifiedDate":"2024-03-07"},{"lineNumber":75,"author":{"gitId":"Ijaaz01"},"content":"     * Parses an input containing an event command","lastModifiedDate":"2024-03-07"},{"lineNumber":76,"author":{"gitId":"Ijaaz01"},"content":"     *","lastModifiedDate":"2024-03-07"},{"lineNumber":77,"author":{"gitId":"Ijaaz01"},"content":"     * @param task The event command provided by the user","lastModifiedDate":"2024-03-07"},{"lineNumber":78,"author":{"gitId":"Ijaaz01"},"content":"     * @return An array with the start and end times of the event","lastModifiedDate":"2024-03-07"},{"lineNumber":79,"author":{"gitId":"Ijaaz01"},"content":"     */","lastModifiedDate":"2024-03-07"},{"lineNumber":80,"author":{"gitId":"Ijaaz01"},"content":"    public String[] parseEvent(String task) {","lastModifiedDate":"2024-02-09"},{"lineNumber":81,"author":{"gitId":"Ijaaz01"},"content":"        task \u003d task.replaceFirst(\"event\", \"\");","lastModifiedDate":"2024-02-09"},{"lineNumber":82,"author":{"gitId":"Ijaaz01"},"content":"        return splitTaskTrimmer((task.split(\"/\")));","lastModifiedDate":"2024-02-09"},{"lineNumber":83,"author":{"gitId":"Ijaaz01"},"content":"    }","lastModifiedDate":"2024-02-09"},{"lineNumber":84,"author":{"gitId":"Ijaaz01"},"content":"","lastModifiedDate":"2024-02-09"},{"lineNumber":85,"author":{"gitId":"Ijaaz01"},"content":"    /**","lastModifiedDate":"2024-03-07"},{"lineNumber":86,"author":{"gitId":"Ijaaz01"},"content":"     * Determines if a string contains one of the task related commands (todo, deadline, event)","lastModifiedDate":"2024-03-07"},{"lineNumber":87,"author":{"gitId":"Ijaaz01"},"content":"     *","lastModifiedDate":"2024-03-07"},{"lineNumber":88,"author":{"gitId":"Ijaaz01"},"content":"     * @param task The string containing the input from the user","lastModifiedDate":"2024-03-07"},{"lineNumber":89,"author":{"gitId":"Ijaaz01"},"content":"     * @return True if the input contains a task command and false otherwise","lastModifiedDate":"2024-03-07"},{"lineNumber":90,"author":{"gitId":"Ijaaz01"},"content":"     */","lastModifiedDate":"2024-03-07"},{"lineNumber":91,"author":{"gitId":"Ijaaz01"},"content":"    public boolean isTaskCommand(String task) {","lastModifiedDate":"2024-02-15"},{"lineNumber":92,"author":{"gitId":"Ijaaz01"},"content":"        return (task.contains(\"todo\") | task.contains(\"deadline\") | task.contains(\"event\"));","lastModifiedDate":"2024-02-09"},{"lineNumber":93,"author":{"gitId":"Ijaaz01"},"content":"    }","lastModifiedDate":"2024-02-09"},{"lineNumber":94,"author":{"gitId":"Ijaaz01"},"content":"}","lastModifiedDate":"2024-02-09"}],"authorContributionMap":{"Ijaaz01":94}},{"path":"src/main/java/duke/PythiaException.java","fileType":"java","lines":[{"lineNumber":1,"author":{"gitId":"Ijaaz01"},"content":"package duke;","lastModifiedDate":"2024-02-21"},{"lineNumber":2,"author":{"gitId":"Ijaaz01"},"content":"","lastModifiedDate":"2024-02-21"},{"lineNumber":3,"author":{"gitId":"Ijaaz01"},"content":"public class PythiaException extends Exception{","lastModifiedDate":"2024-02-15"},{"lineNumber":4,"author":{"gitId":"Ijaaz01"},"content":"","lastModifiedDate":"2024-02-15"},{"lineNumber":5,"author":{"gitId":"Ijaaz01"},"content":"}","lastModifiedDate":"2024-02-15"}],"authorContributionMap":{"Ijaaz01":5}},{"path":"src/main/java/duke/Storage.java","fileType":"java","lines":[{"lineNumber":1,"author":{"gitId":"Ijaaz01"},"content":"package duke;","lastModifiedDate":"2024-03-07"},{"lineNumber":2,"author":{"gitId":"Ijaaz01"},"content":"","lastModifiedDate":"2024-03-07"},{"lineNumber":3,"author":{"gitId":"Ijaaz01"},"content":"import java.io.File;","lastModifiedDate":"2024-03-07"},{"lineNumber":4,"author":{"gitId":"Ijaaz01"},"content":"import java.io.FileNotFoundException;","lastModifiedDate":"2024-03-07"},{"lineNumber":5,"author":{"gitId":"Ijaaz01"},"content":"import java.io.FileWriter;","lastModifiedDate":"2024-03-07"},{"lineNumber":6,"author":{"gitId":"Ijaaz01"},"content":"import java.io.IOException;","lastModifiedDate":"2024-03-07"},{"lineNumber":7,"author":{"gitId":"Ijaaz01"},"content":"import java.util.Scanner;","lastModifiedDate":"2024-03-07"},{"lineNumber":8,"author":{"gitId":"Ijaaz01"},"content":"","lastModifiedDate":"2024-03-07"},{"lineNumber":9,"author":{"gitId":"Ijaaz01"},"content":"/**","lastModifiedDate":"2024-03-07"},{"lineNumber":10,"author":{"gitId":"Ijaaz01"},"content":" * Class that deals with storage and retrieval of task list","lastModifiedDate":"2024-03-07"},{"lineNumber":11,"author":{"gitId":"Ijaaz01"},"content":" */","lastModifiedDate":"2024-03-07"},{"lineNumber":12,"author":{"gitId":"Ijaaz01"},"content":"public class Storage {","lastModifiedDate":"2024-03-07"},{"lineNumber":13,"author":{"gitId":"Ijaaz01"},"content":"    private static UnparsedTaskList inputList \u003d new UnparsedTaskList();","lastModifiedDate":"2024-03-07"},{"lineNumber":14,"author":{"gitId":"Ijaaz01"},"content":"","lastModifiedDate":"2024-03-07"},{"lineNumber":15,"author":{"gitId":"Ijaaz01"},"content":"    /**","lastModifiedDate":"2024-03-07"},{"lineNumber":16,"author":{"gitId":"Ijaaz01"},"content":"     * Tries to save the list locally if the file is not found it creates it instead","lastModifiedDate":"2024-03-07"},{"lineNumber":17,"author":{"gitId":"Ijaaz01"},"content":"     */","lastModifiedDate":"2024-03-07"},{"lineNumber":18,"author":{"gitId":"Ijaaz01"},"content":"    public void trySaveList() {","lastModifiedDate":"2024-03-07"},{"lineNumber":19,"author":{"gitId":"Ijaaz01"},"content":"        try {","lastModifiedDate":"2024-03-07"},{"lineNumber":20,"author":{"gitId":"Ijaaz01"},"content":"            saveList();","lastModifiedDate":"2024-03-07"},{"lineNumber":21,"author":{"gitId":"Ijaaz01"},"content":"        } catch (IOException e) {","lastModifiedDate":"2024-03-07"},{"lineNumber":22,"author":{"gitId":"Ijaaz01"},"content":"            System.out.println(\"savedList not found, creating now\");","lastModifiedDate":"2024-03-07"},{"lineNumber":23,"author":{"gitId":"Ijaaz01"},"content":"        }","lastModifiedDate":"2024-03-07"},{"lineNumber":24,"author":{"gitId":"Ijaaz01"},"content":"    }","lastModifiedDate":"2024-03-07"},{"lineNumber":25,"author":{"gitId":"Ijaaz01"},"content":"","lastModifiedDate":"2024-03-07"},{"lineNumber":26,"author":{"gitId":"Ijaaz01"},"content":"    /**","lastModifiedDate":"2024-03-07"},{"lineNumber":27,"author":{"gitId":"Ijaaz01"},"content":"     * Saves list the list locally the users device so that the list data can be later retrieved","lastModifiedDate":"2024-03-07"},{"lineNumber":28,"author":{"gitId":"Ijaaz01"},"content":"     *","lastModifiedDate":"2024-03-07"},{"lineNumber":29,"author":{"gitId":"Ijaaz01"},"content":"     * @throws IOException Thrown savedList.txt is not found","lastModifiedDate":"2024-03-07"},{"lineNumber":30,"author":{"gitId":"Ijaaz01"},"content":"     */","lastModifiedDate":"2024-03-07"},{"lineNumber":31,"author":{"gitId":"Ijaaz01"},"content":"    public void saveList() throws IOException {","lastModifiedDate":"2024-03-07"},{"lineNumber":32,"author":{"gitId":"Ijaaz01"},"content":"        FileWriter fileInput \u003d new FileWriter(\"./savedList.txt\");","lastModifiedDate":"2024-03-07"},{"lineNumber":33,"author":{"gitId":"Ijaaz01"},"content":"        for (int i \u003d 0; i \u003c inputList.size(); i++) {","lastModifiedDate":"2024-03-07"},{"lineNumber":34,"author":{"gitId":"Ijaaz01"},"content":"            fileInput.write(inputList.get(i) + \"\\n\");","lastModifiedDate":"2024-03-07"},{"lineNumber":35,"author":{"gitId":"Ijaaz01"},"content":"        }","lastModifiedDate":"2024-03-07"},{"lineNumber":36,"author":{"gitId":"Ijaaz01"},"content":"        fileInput.close();","lastModifiedDate":"2024-03-07"},{"lineNumber":37,"author":{"gitId":"Ijaaz01"},"content":"    }","lastModifiedDate":"2024-03-07"},{"lineNumber":38,"author":{"gitId":"Ijaaz01"},"content":"","lastModifiedDate":"2024-03-07"},{"lineNumber":39,"author":{"gitId":"Ijaaz01"},"content":"    /**","lastModifiedDate":"2024-03-07"},{"lineNumber":40,"author":{"gitId":"Ijaaz01"},"content":"     * Tries to retrieve the list stored locally, prints error message if the list does not exist","lastModifiedDate":"2024-03-07"},{"lineNumber":41,"author":{"gitId":"Ijaaz01"},"content":"     */","lastModifiedDate":"2024-03-07"},{"lineNumber":42,"author":{"gitId":"Ijaaz01"},"content":"    public void tryRetrieveList() {","lastModifiedDate":"2024-03-07"},{"lineNumber":43,"author":{"gitId":"Ijaaz01"},"content":"        try {","lastModifiedDate":"2024-03-07"},{"lineNumber":44,"author":{"gitId":"Ijaaz01"},"content":"            retrieveList();","lastModifiedDate":"2024-03-07"},{"lineNumber":45,"author":{"gitId":"Ijaaz01"},"content":"        } catch (FileNotFoundException e) {","lastModifiedDate":"2024-03-07"},{"lineNumber":46,"author":{"gitId":"Ijaaz01"},"content":"            System.out.println(MoodSprite.getHappy() + \"Saved list not found, creating now\\n\" + MoodSprite.getLineBreak());","lastModifiedDate":"2024-03-08"},{"lineNumber":47,"author":{"gitId":"Ijaaz01"},"content":"        }","lastModifiedDate":"2024-03-07"},{"lineNumber":48,"author":{"gitId":"Ijaaz01"},"content":"    }","lastModifiedDate":"2024-03-07"},{"lineNumber":49,"author":{"gitId":"Ijaaz01"},"content":"","lastModifiedDate":"2024-03-07"},{"lineNumber":50,"author":{"gitId":"Ijaaz01"},"content":"    /**","lastModifiedDate":"2024-03-07"},{"lineNumber":51,"author":{"gitId":"Ijaaz01"},"content":"     * Reads from locally saved text file and adds the tasks to the task list, creates file if it doesnt exist","lastModifiedDate":"2024-03-07"},{"lineNumber":52,"author":{"gitId":"Ijaaz01"},"content":"     *","lastModifiedDate":"2024-03-07"},{"lineNumber":53,"author":{"gitId":"Ijaaz01"},"content":"     * @throws FileNotFoundException Thrown when the file does not exist","lastModifiedDate":"2024-03-07"},{"lineNumber":54,"author":{"gitId":"Ijaaz01"},"content":"     */","lastModifiedDate":"2024-03-07"},{"lineNumber":55,"author":{"gitId":"Ijaaz01"},"content":"    public void retrieveList() throws FileNotFoundException {","lastModifiedDate":"2024-03-07"},{"lineNumber":56,"author":{"gitId":"Ijaaz01"},"content":"        File f \u003d new File(\"./savedList.txt\");","lastModifiedDate":"2024-03-07"},{"lineNumber":57,"author":{"gitId":"Ijaaz01"},"content":"        Scanner in \u003d new Scanner(f);","lastModifiedDate":"2024-03-07"},{"lineNumber":58,"author":{"gitId":"Ijaaz01"},"content":"        while (in.hasNext()) {","lastModifiedDate":"2024-03-07"},{"lineNumber":59,"author":{"gitId":"Ijaaz01"},"content":"            Command.directAddTask(in.nextLine());","lastModifiedDate":"2024-03-07"},{"lineNumber":60,"author":{"gitId":"Ijaaz01"},"content":"        }","lastModifiedDate":"2024-03-07"},{"lineNumber":61,"author":{"gitId":"Ijaaz01"},"content":"    }","lastModifiedDate":"2024-03-07"},{"lineNumber":62,"author":{"gitId":"Ijaaz01"},"content":"}","lastModifiedDate":"2024-03-07"}],"authorContributionMap":{"Ijaaz01":62}},{"path":"src/main/java/duke/Task.java","fileType":"java","lines":[{"lineNumber":1,"author":{"gitId":"Ijaaz01"},"content":"package duke;","lastModifiedDate":"2024-02-21"},{"lineNumber":2,"author":{"gitId":"Ijaaz01"},"content":"","lastModifiedDate":"2024-02-21"},{"lineNumber":3,"author":{"gitId":"Ijaaz01"},"content":"public class Task {","lastModifiedDate":"2024-02-02"},{"lineNumber":4,"author":{"gitId":"Ijaaz01"},"content":"    protected String description;","lastModifiedDate":"2024-02-09"},{"lineNumber":5,"author":{"gitId":"Ijaaz01"},"content":"    protected boolean isDone;","lastModifiedDate":"2024-02-09"},{"lineNumber":6,"author":{"gitId":"Ijaaz01"},"content":"    protected String taskId;","lastModifiedDate":"2024-02-09"},{"lineNumber":7,"author":{"gitId":"Ijaaz01"},"content":"","lastModifiedDate":"2024-02-02"},{"lineNumber":8,"author":{"gitId":"Ijaaz01"},"content":"    public Task(String description) {","lastModifiedDate":"2024-02-02"},{"lineNumber":9,"author":{"gitId":"Ijaaz01"},"content":"        this.description \u003d description;","lastModifiedDate":"2024-02-02"},{"lineNumber":10,"author":{"gitId":"Ijaaz01"},"content":"        isDone  \u003d false;","lastModifiedDate":"2024-02-02"},{"lineNumber":11,"author":{"gitId":"Ijaaz01"},"content":"    }","lastModifiedDate":"2024-02-02"},{"lineNumber":12,"author":{"gitId":"Ijaaz01"},"content":"","lastModifiedDate":"2024-02-02"},{"lineNumber":13,"author":{"gitId":"Ijaaz01"},"content":"    public void doneIsFalse() {","lastModifiedDate":"2024-02-02"},{"lineNumber":14,"author":{"gitId":"Ijaaz01"},"content":"        isDone \u003d false;","lastModifiedDate":"2024-02-02"},{"lineNumber":15,"author":{"gitId":"Ijaaz01"},"content":"    }","lastModifiedDate":"2024-02-02"},{"lineNumber":16,"author":{"gitId":"Ijaaz01"},"content":"","lastModifiedDate":"2024-02-02"},{"lineNumber":17,"author":{"gitId":"Ijaaz01"},"content":"    public void doneIsTrue() {","lastModifiedDate":"2024-02-02"},{"lineNumber":18,"author":{"gitId":"Ijaaz01"},"content":"        isDone \u003d true;","lastModifiedDate":"2024-02-02"},{"lineNumber":19,"author":{"gitId":"Ijaaz01"},"content":"    }","lastModifiedDate":"2024-02-02"},{"lineNumber":20,"author":{"gitId":"Ijaaz01"},"content":"","lastModifiedDate":"2024-02-02"},{"lineNumber":21,"author":{"gitId":"Ijaaz01"},"content":"    public String getDoneStatus() {","lastModifiedDate":"2024-02-02"},{"lineNumber":22,"author":{"gitId":"Ijaaz01"},"content":"        return (isDone ? \"[X]\" : \"[ ]\");","lastModifiedDate":"2024-02-02"},{"lineNumber":23,"author":{"gitId":"Ijaaz01"},"content":"    }","lastModifiedDate":"2024-02-02"},{"lineNumber":24,"author":{"gitId":"Ijaaz01"},"content":"","lastModifiedDate":"2024-02-02"},{"lineNumber":25,"author":{"gitId":"Ijaaz01"},"content":"    public String getDescription() {","lastModifiedDate":"2024-02-02"},{"lineNumber":26,"author":{"gitId":"Ijaaz01"},"content":"        return description;","lastModifiedDate":"2024-02-02"},{"lineNumber":27,"author":{"gitId":"Ijaaz01"},"content":"    }","lastModifiedDate":"2024-02-02"},{"lineNumber":28,"author":{"gitId":"Ijaaz01"},"content":"","lastModifiedDate":"2024-02-02"},{"lineNumber":29,"author":{"gitId":"Ijaaz01"},"content":"    @Override","lastModifiedDate":"2024-02-09"},{"lineNumber":30,"author":{"gitId":"Ijaaz01"},"content":"    public String toString() {","lastModifiedDate":"2024-02-09"},{"lineNumber":31,"author":{"gitId":"Ijaaz01"},"content":"        return taskId + this.getDoneStatus() + \" \" + description;","lastModifiedDate":"2024-02-09"},{"lineNumber":32,"author":{"gitId":"Ijaaz01"},"content":"    }","lastModifiedDate":"2024-02-09"},{"lineNumber":33,"author":{"gitId":"Ijaaz01"},"content":"","lastModifiedDate":"2024-02-09"},{"lineNumber":34,"author":{"gitId":"Ijaaz01"},"content":"}","lastModifiedDate":"2024-02-02"}],"authorContributionMap":{"Ijaaz01":34}},{"path":"src/main/java/duke/TaskList.java","fileType":"java","lines":[{"lineNumber":1,"author":{"gitId":"Ijaaz01"},"content":"package duke;","lastModifiedDate":"2024-03-07"},{"lineNumber":2,"author":{"gitId":"Ijaaz01"},"content":"","lastModifiedDate":"2024-03-07"},{"lineNumber":3,"author":{"gitId":"Ijaaz01"},"content":"import java.util.ArrayList;","lastModifiedDate":"2024-03-07"},{"lineNumber":4,"author":{"gitId":"Ijaaz01"},"content":"","lastModifiedDate":"2024-03-07"},{"lineNumber":5,"author":{"gitId":"Ijaaz01"},"content":"/**","lastModifiedDate":"2024-03-07"},{"lineNumber":6,"author":{"gitId":"Ijaaz01"},"content":" * Class that holds all the parsed tasks","lastModifiedDate":"2024-03-07"},{"lineNumber":7,"author":{"gitId":"Ijaaz01"},"content":" */","lastModifiedDate":"2024-03-07"},{"lineNumber":8,"author":{"gitId":"Ijaaz01"},"content":"public class TaskList {","lastModifiedDate":"2024-03-07"},{"lineNumber":9,"author":{"gitId":"Ijaaz01"},"content":"    private static ArrayList\u003cTask\u003e parsedTaskList \u003d new ArrayList\u003c\u003e(2);","lastModifiedDate":"2024-03-07"},{"lineNumber":10,"author":{"gitId":"Ijaaz01"},"content":"","lastModifiedDate":"2024-03-07"},{"lineNumber":11,"author":{"gitId":"Ijaaz01"},"content":"    /**","lastModifiedDate":"2024-03-07"},{"lineNumber":12,"author":{"gitId":"Ijaaz01"},"content":"     * Returns the Task at the chosen index","lastModifiedDate":"2024-03-07"},{"lineNumber":13,"author":{"gitId":"Ijaaz01"},"content":"     *","lastModifiedDate":"2024-03-07"},{"lineNumber":14,"author":{"gitId":"Ijaaz01"},"content":"     * @param i The chosen index","lastModifiedDate":"2024-03-07"},{"lineNumber":15,"author":{"gitId":"Ijaaz01"},"content":"     * @return The chosen Task","lastModifiedDate":"2024-03-07"},{"lineNumber":16,"author":{"gitId":"Ijaaz01"},"content":"     */","lastModifiedDate":"2024-03-07"},{"lineNumber":17,"author":{"gitId":"Ijaaz01"},"content":"    public Task get(int i) {","lastModifiedDate":"2024-03-07"},{"lineNumber":18,"author":{"gitId":"Ijaaz01"},"content":"        return parsedTaskList.get(i);","lastModifiedDate":"2024-03-07"},{"lineNumber":19,"author":{"gitId":"Ijaaz01"},"content":"    }","lastModifiedDate":"2024-03-07"},{"lineNumber":20,"author":{"gitId":"Ijaaz01"},"content":"","lastModifiedDate":"2024-03-07"},{"lineNumber":21,"author":{"gitId":"Ijaaz01"},"content":"    /**","lastModifiedDate":"2024-03-07"},{"lineNumber":22,"author":{"gitId":"Ijaaz01"},"content":"     * Adds the Task into the list","lastModifiedDate":"2024-03-07"},{"lineNumber":23,"author":{"gitId":"Ijaaz01"},"content":"     *","lastModifiedDate":"2024-03-07"},{"lineNumber":24,"author":{"gitId":"Ijaaz01"},"content":"     * @param input Task that is to be added to the list","lastModifiedDate":"2024-03-07"},{"lineNumber":25,"author":{"gitId":"Ijaaz01"},"content":"     */","lastModifiedDate":"2024-03-07"},{"lineNumber":26,"author":{"gitId":"Ijaaz01"},"content":"    public void add(Task input) {","lastModifiedDate":"2024-03-07"},{"lineNumber":27,"author":{"gitId":"Ijaaz01"},"content":"        parsedTaskList.add(input);","lastModifiedDate":"2024-03-07"},{"lineNumber":28,"author":{"gitId":"Ijaaz01"},"content":"    }","lastModifiedDate":"2024-03-07"},{"lineNumber":29,"author":{"gitId":"Ijaaz01"},"content":"","lastModifiedDate":"2024-03-07"},{"lineNumber":30,"author":{"gitId":"Ijaaz01"},"content":"    /**","lastModifiedDate":"2024-03-07"},{"lineNumber":31,"author":{"gitId":"Ijaaz01"},"content":"     * Removes chosen Task from list","lastModifiedDate":"2024-03-07"},{"lineNumber":32,"author":{"gitId":"Ijaaz01"},"content":"     *","lastModifiedDate":"2024-03-07"},{"lineNumber":33,"author":{"gitId":"Ijaaz01"},"content":"     * @param input Task to be removed","lastModifiedDate":"2024-03-07"},{"lineNumber":34,"author":{"gitId":"Ijaaz01"},"content":"     */","lastModifiedDate":"2024-03-07"},{"lineNumber":35,"author":{"gitId":"Ijaaz01"},"content":"    public void remove(Task input) {","lastModifiedDate":"2024-03-07"},{"lineNumber":36,"author":{"gitId":"Ijaaz01"},"content":"        parsedTaskList.remove(input);","lastModifiedDate":"2024-03-07"},{"lineNumber":37,"author":{"gitId":"Ijaaz01"},"content":"    }","lastModifiedDate":"2024-03-07"},{"lineNumber":38,"author":{"gitId":"Ijaaz01"},"content":"","lastModifiedDate":"2024-03-07"},{"lineNumber":39,"author":{"gitId":"Ijaaz01"},"content":"    /**","lastModifiedDate":"2024-03-07"},{"lineNumber":40,"author":{"gitId":"Ijaaz01"},"content":"     * Returns the current size of the task list","lastModifiedDate":"2024-03-07"},{"lineNumber":41,"author":{"gitId":"Ijaaz01"},"content":"     *","lastModifiedDate":"2024-03-07"},{"lineNumber":42,"author":{"gitId":"Ijaaz01"},"content":"     * @return Length of list","lastModifiedDate":"2024-03-07"},{"lineNumber":43,"author":{"gitId":"Ijaaz01"},"content":"     */","lastModifiedDate":"2024-03-07"},{"lineNumber":44,"author":{"gitId":"Ijaaz01"},"content":"    public int size() {","lastModifiedDate":"2024-03-07"},{"lineNumber":45,"author":{"gitId":"Ijaaz01"},"content":"        return parsedTaskList.size();","lastModifiedDate":"2024-03-07"},{"lineNumber":46,"author":{"gitId":"Ijaaz01"},"content":"    }","lastModifiedDate":"2024-03-07"},{"lineNumber":47,"author":{"gitId":"Ijaaz01"},"content":"}","lastModifiedDate":"2024-03-07"}],"authorContributionMap":{"Ijaaz01":47}},{"path":"src/main/java/duke/Todo.java","fileType":"java","lines":[{"lineNumber":1,"author":{"gitId":"Ijaaz01"},"content":"package duke;","lastModifiedDate":"2024-02-21"},{"lineNumber":2,"author":{"gitId":"Ijaaz01"},"content":"","lastModifiedDate":"2024-02-21"},{"lineNumber":3,"author":{"gitId":"Ijaaz01"},"content":"public class Todo extends Task{","lastModifiedDate":"2024-02-09"},{"lineNumber":4,"author":{"gitId":"Ijaaz01"},"content":"","lastModifiedDate":"2024-02-09"},{"lineNumber":5,"author":{"gitId":"Ijaaz01"},"content":"    public Todo (String description) {","lastModifiedDate":"2024-02-09"},{"lineNumber":6,"author":{"gitId":"Ijaaz01"},"content":"        super(description);","lastModifiedDate":"2024-02-09"},{"lineNumber":7,"author":{"gitId":"Ijaaz01"},"content":"        this.taskId \u003d \"[T]\";","lastModifiedDate":"2024-02-09"},{"lineNumber":8,"author":{"gitId":"Ijaaz01"},"content":"    }","lastModifiedDate":"2024-02-09"},{"lineNumber":9,"author":{"gitId":"Ijaaz01"},"content":"}","lastModifiedDate":"2024-02-09"}],"authorContributionMap":{"Ijaaz01":9}},{"path":"src/main/java/duke/UI.java","fileType":"java","lines":[{"lineNumber":1,"author":{"gitId":"Ijaaz01"},"content":"package duke;","lastModifiedDate":"2024-03-07"},{"lineNumber":2,"author":{"gitId":"Ijaaz01"},"content":"import java.util.Scanner;","lastModifiedDate":"2024-03-07"},{"lineNumber":3,"author":{"gitId":"Ijaaz01"},"content":"","lastModifiedDate":"2024-03-07"},{"lineNumber":4,"author":{"gitId":"Ijaaz01"},"content":"/**","lastModifiedDate":"2024-03-07"},{"lineNumber":5,"author":{"gitId":"Ijaaz01"},"content":" * A class that acts as the User Interface (UI) to take in inputs from the user","lastModifiedDate":"2024-03-07"},{"lineNumber":6,"author":{"gitId":"Ijaaz01"},"content":" */","lastModifiedDate":"2024-03-07"},{"lineNumber":7,"author":{"gitId":"Ijaaz01"},"content":"public class UI {","lastModifiedDate":"2024-03-07"},{"lineNumber":8,"author":{"gitId":"Ijaaz01"},"content":"    private Parser parser \u003d new Parser();","lastModifiedDate":"2024-03-07"},{"lineNumber":9,"author":{"gitId":"Ijaaz01"},"content":"","lastModifiedDate":"2024-03-07"},{"lineNumber":10,"author":{"gitId":"Ijaaz01"},"content":"    /**","lastModifiedDate":"2024-03-07"},{"lineNumber":11,"author":{"gitId":"Ijaaz01"},"content":"     * the main loop of the programme which keeps running until the user inputs \u0027bye\u0027","lastModifiedDate":"2024-03-07"},{"lineNumber":12,"author":{"gitId":"Ijaaz01"},"content":"     */","lastModifiedDate":"2024-03-07"},{"lineNumber":13,"author":{"gitId":"Ijaaz01"},"content":"    public void mainLoop() {","lastModifiedDate":"2024-03-07"},{"lineNumber":14,"author":{"gitId":"Ijaaz01"},"content":"        String input \u003d \"Start\";","lastModifiedDate":"2024-03-07"},{"lineNumber":15,"author":{"gitId":"Ijaaz01"},"content":"        Scanner in \u003d new Scanner(System.in);","lastModifiedDate":"2024-03-07"},{"lineNumber":16,"author":{"gitId":"Ijaaz01"},"content":"        while (!input.equals(\"bye\")) {","lastModifiedDate":"2024-03-07"},{"lineNumber":17,"author":{"gitId":"Ijaaz01"},"content":"            input  \u003d in.nextLine();","lastModifiedDate":"2024-03-07"},{"lineNumber":18,"author":{"gitId":"Ijaaz01"},"content":"            parser.tryParseInput(input);","lastModifiedDate":"2024-03-07"},{"lineNumber":19,"author":{"gitId":"Ijaaz01"},"content":"        }","lastModifiedDate":"2024-03-07"},{"lineNumber":20,"author":{"gitId":"Ijaaz01"},"content":"    }","lastModifiedDate":"2024-03-07"},{"lineNumber":21,"author":{"gitId":"Ijaaz01"},"content":"}","lastModifiedDate":"2024-03-07"}],"authorContributionMap":{"Ijaaz01":21}},{"path":"src/main/java/duke/UnparsedTaskList.java","fileType":"java","lines":[{"lineNumber":1,"author":{"gitId":"Ijaaz01"},"content":"package duke;","lastModifiedDate":"2024-03-07"},{"lineNumber":2,"author":{"gitId":"Ijaaz01"},"content":"","lastModifiedDate":"2024-03-07"},{"lineNumber":3,"author":{"gitId":"Ijaaz01"},"content":"import java.util.ArrayList;","lastModifiedDate":"2024-03-07"},{"lineNumber":4,"author":{"gitId":"Ijaaz01"},"content":"","lastModifiedDate":"2024-03-07"},{"lineNumber":5,"author":{"gitId":"Ijaaz01"},"content":"/**","lastModifiedDate":"2024-03-07"},{"lineNumber":6,"author":{"gitId":"Ijaaz01"},"content":" * Class contains a static list that holds unparsed task commands, to be saved locally to the users device","lastModifiedDate":"2024-03-07"},{"lineNumber":7,"author":{"gitId":"Ijaaz01"},"content":" */","lastModifiedDate":"2024-03-07"},{"lineNumber":8,"author":{"gitId":"Ijaaz01"},"content":"public class UnparsedTaskList {","lastModifiedDate":"2024-03-07"},{"lineNumber":9,"author":{"gitId":"Ijaaz01"},"content":"    private static ArrayList\u003cString\u003e unparsedTaskList \u003d new ArrayList\u003c\u003e(2);","lastModifiedDate":"2024-03-07"},{"lineNumber":10,"author":{"gitId":"Ijaaz01"},"content":"","lastModifiedDate":"2024-03-07"},{"lineNumber":11,"author":{"gitId":"Ijaaz01"},"content":"    /**","lastModifiedDate":"2024-03-07"},{"lineNumber":12,"author":{"gitId":"Ijaaz01"},"content":"     * Returns the unparsed task at the chosen index","lastModifiedDate":"2024-03-07"},{"lineNumber":13,"author":{"gitId":"Ijaaz01"},"content":"     *","lastModifiedDate":"2024-03-07"},{"lineNumber":14,"author":{"gitId":"Ijaaz01"},"content":"     * @param i The chosen index","lastModifiedDate":"2024-03-07"},{"lineNumber":15,"author":{"gitId":"Ijaaz01"},"content":"     * @return The chosen unparsed task","lastModifiedDate":"2024-03-07"},{"lineNumber":16,"author":{"gitId":"Ijaaz01"},"content":"     */","lastModifiedDate":"2024-03-07"},{"lineNumber":17,"author":{"gitId":"Ijaaz01"},"content":"    public String get(int i) {","lastModifiedDate":"2024-03-07"},{"lineNumber":18,"author":{"gitId":"Ijaaz01"},"content":"        return unparsedTaskList.get(i);","lastModifiedDate":"2024-03-07"},{"lineNumber":19,"author":{"gitId":"Ijaaz01"},"content":"    }","lastModifiedDate":"2024-03-07"},{"lineNumber":20,"author":{"gitId":"Ijaaz01"},"content":"","lastModifiedDate":"2024-03-07"},{"lineNumber":21,"author":{"gitId":"Ijaaz01"},"content":"    /**","lastModifiedDate":"2024-03-07"},{"lineNumber":22,"author":{"gitId":"Ijaaz01"},"content":"     * Adds the unparsed task into the list","lastModifiedDate":"2024-03-07"},{"lineNumber":23,"author":{"gitId":"Ijaaz01"},"content":"     *","lastModifiedDate":"2024-03-07"},{"lineNumber":24,"author":{"gitId":"Ijaaz01"},"content":"     * @param input unparsed task that is to be added to the list","lastModifiedDate":"2024-03-07"},{"lineNumber":25,"author":{"gitId":"Ijaaz01"},"content":"     */","lastModifiedDate":"2024-03-07"},{"lineNumber":26,"author":{"gitId":"Ijaaz01"},"content":"    public void add(String input) {","lastModifiedDate":"2024-03-07"},{"lineNumber":27,"author":{"gitId":"Ijaaz01"},"content":"        unparsedTaskList.add(input);","lastModifiedDate":"2024-03-07"},{"lineNumber":28,"author":{"gitId":"Ijaaz01"},"content":"    }","lastModifiedDate":"2024-03-07"},{"lineNumber":29,"author":{"gitId":"Ijaaz01"},"content":"","lastModifiedDate":"2024-03-07"},{"lineNumber":30,"author":{"gitId":"Ijaaz01"},"content":"    /**","lastModifiedDate":"2024-03-07"},{"lineNumber":31,"author":{"gitId":"Ijaaz01"},"content":"     * Removes chosen unparsed task from list","lastModifiedDate":"2024-03-07"},{"lineNumber":32,"author":{"gitId":"Ijaaz01"},"content":"     *","lastModifiedDate":"2024-03-07"},{"lineNumber":33,"author":{"gitId":"Ijaaz01"},"content":"     * @param input Unparsed task to be removed","lastModifiedDate":"2024-03-07"},{"lineNumber":34,"author":{"gitId":"Ijaaz01"},"content":"     */","lastModifiedDate":"2024-03-07"},{"lineNumber":35,"author":{"gitId":"Ijaaz01"},"content":"    public void remove(String input) {","lastModifiedDate":"2024-03-07"},{"lineNumber":36,"author":{"gitId":"Ijaaz01"},"content":"        unparsedTaskList.remove(input);","lastModifiedDate":"2024-03-07"},{"lineNumber":37,"author":{"gitId":"Ijaaz01"},"content":"    }","lastModifiedDate":"2024-03-07"},{"lineNumber":38,"author":{"gitId":"Ijaaz01"},"content":"","lastModifiedDate":"2024-03-07"},{"lineNumber":39,"author":{"gitId":"Ijaaz01"},"content":"    /**","lastModifiedDate":"2024-03-07"},{"lineNumber":40,"author":{"gitId":"Ijaaz01"},"content":"     * Returns the current size of the unparsed task list","lastModifiedDate":"2024-03-07"},{"lineNumber":41,"author":{"gitId":"Ijaaz01"},"content":"     *","lastModifiedDate":"2024-03-07"},{"lineNumber":42,"author":{"gitId":"Ijaaz01"},"content":"     * @return Length of list","lastModifiedDate":"2024-03-07"},{"lineNumber":43,"author":{"gitId":"Ijaaz01"},"content":"     */","lastModifiedDate":"2024-03-07"},{"lineNumber":44,"author":{"gitId":"Ijaaz01"},"content":"    public int size() {","lastModifiedDate":"2024-03-07"},{"lineNumber":45,"author":{"gitId":"Ijaaz01"},"content":"        return unparsedTaskList.size();","lastModifiedDate":"2024-03-07"},{"lineNumber":46,"author":{"gitId":"Ijaaz01"},"content":"    }","lastModifiedDate":"2024-03-07"},{"lineNumber":47,"author":{"gitId":"Ijaaz01"},"content":"}","lastModifiedDate":"2024-03-07"}],"authorContributionMap":{"Ijaaz01":47}}]
