{"authorDailyContributionsMap":{"Ijaaz01":[{"date":"2024-01-25","commitResults":[{"hash":"e3bb1f112bfcfa72bddef8b33355b9f3cdfa960f","isMergeCommit":false,"messageTitle":"Duke.java: change chatbot name to Pythia","messageBody":"","tags":["Level-0"],"fileTypesAndContributionMap":{"java":{"insertions":20,"deletions":6}}}]},{"date":"2024-02-01","commitResults":[{"hash":"550f897970668ea8474280514a288091fe6aa676","isMergeCommit":false,"messageTitle":"Duke.java: Increment level 1","messageBody":"","tags":["Level-1"],"fileTypesAndContributionMap":{"java":{"insertions":9,"deletions":0}}}]},{"date":"2024-02-02","commitResults":[{"hash":"6c2a44c66a1d97dc552f99259b19948f11118d04","isMergeCommit":false,"messageTitle":"Duke.java: increment level 2","messageBody":"","tags":["Level-2"],"fileTypesAndContributionMap":{"java":{"insertions":15,"deletions":2}}},{"hash":"c9bf241a2ea496c115811b2854aac500228a4561","isMergeCommit":false,"messageTitle":"Duke.java: increment level 3","messageBody":"","tags":["Level-3"],"fileTypesAndContributionMap":{"java":{"insertions":47,"deletions":6}}}]},{"date":"2024-02-09","commitResults":[{"hash":"93f250ddcb13726360e87a19e26a6426a5ca59b1","isMergeCommit":false,"messageTitle":"Level 4: add todo, deadline, event functionality","messageBody":"","tags":["Level-4"],"fileTypesAndContributionMap":{"java":{"insertions":118,"deletions":28}}}]},{"date":"2024-02-15","commitResults":[{"hash":"2ff2c784f3c1196e57eac82e2026e808567c6d31","isMergeCommit":false,"messageTitle":"Add PythiaException class","messageBody":"","fileTypesAndContributionMap":{"java":{"insertions":3,"deletions":0}}},{"hash":"617ba63ae4bc82ab8b90a7e49a40dcd4bb4f2d1c","isMergeCommit":false,"messageTitle":"Add throws and catches to main loop","messageBody":"","fileTypesAndContributionMap":{"java":{"insertions":48,"deletions":27}}},{"hash":"a9162e158f41d2ffa321e2338db700572a40372e","isMergeCommit":true,"messageTitle":"Merge branch \u0027branch-Level-5\u0027","messageBody":"","tags":["Level-5","A-Exceptions","A-Exception"],"fileTypesAndContributionMap":{}}]},{"date":"2024-02-21","commitResults":[{"hash":"99083da2980868104d71c779ddc462ee44e093a3","isMergeCommit":false,"messageTitle":"Add package duke","messageBody":"","fileTypesAndContributionMap":{"java":{"insertions":157,"deletions":142}}},{"hash":"36b6f211812a7a128717d3dcdad221d591a9e655","isMergeCommit":true,"messageTitle":"Merge branch \u0027branch-A-Packages\u0027","messageBody":"","tags":["A-Packages"],"fileTypesAndContributionMap":{}},{"hash":"b18d968aab0bc41a48e0e3fcd746f3d6af18634e","isMergeCommit":false,"messageTitle":"Add delete functionality","messageBody":"","fileTypesAndContributionMap":{"java":{"insertions":5,"deletions":0}}}]},{"date":"2024-02-22","commitResults":[{"hash":"11a53c85679a7ea525b8d844676cb7e4f8b291a0","isMergeCommit":false,"messageTitle":"Add save functionality, jar file","messageBody":"","tags":["A-Jar"],"fileTypesAndContributionMap":{"txt":{"insertions":0,"deletions":0},"java":{"insertions":15,"deletions":0}}},{"hash":"9ed796bb3523ac9040bc3d64b56ff1a1536cb0d3","isMergeCommit":true,"messageTitle":"Merge branch \u0027branch-Level-6\u0027","messageBody":"","tags":["Level-6","A-Collections"],"fileTypesAndContributionMap":{}},{"hash":"8dd0afc8261fa9e06a68dfbcdf045df987befe42","isMergeCommit":false,"messageTitle":"Bug fix, add filewriter.close","messageBody":"","fileTypesAndContributionMap":{"java":{"insertions":1,"deletions":0}}},{"hash":"22bef9f8d7f04b97e242d4648d04a5d2b2de1128","isMergeCommit":true,"messageTitle":"Merge branch \u0027branch-Level-7\u0027","messageBody":"","tags":["Level-7"],"fileTypesAndContributionMap":{}},{"hash":"c2444c90def7779b9a76f4fcceff19e80b65e9f6","isMergeCommit":false,"messageTitle":"Fix format for event printing, save list automatically","messageBody":"","fileTypesAndContributionMap":{"java":{"insertions":8,"deletions":8}}}]},{"date":"2024-02-23","commitResults":[{"hash":"a608d2addb829329f87a0bf7e1ad54cf37e63aa7","isMergeCommit":false,"messageTitle":"Bug fixes","messageBody":"","fileTypesAndContributionMap":{"java":{"insertions":77,"deletions":77}}},{"hash":"0639287f8ffb72111eb8464a8825cfdc91431041","isMergeCommit":false,"messageTitle":"Refactor code, add command class, bug fix savedlist retrieval","messageBody":"","fileTypesAndContributionMap":{"txt":{"insertions":1,"deletions":0},"java":{"insertions":230,"deletions":160}}}]},{"date":"2024-03-06","commitResults":[{"hash":"bfffd2bfe1d5ee4c00e36b75a1a899f2349c81b2","isMergeCommit":false,"messageTitle":"Add find functionality","messageBody":"","tags":["A-CodingStandard","A-CodeQuality"],"fileTypesAndContributionMap":{"java":{"insertions":23,"deletions":14}}},{"hash":"f1019fd919e595e808d897083aaf8d0b6592e7a3","isMergeCommit":true,"messageTitle":"Merge pull request #1 from Ijaaz01/branch-Level-9","messageBody":"Add find functionality","tags":["Level-9"],"fileTypesAndContributionMap":{}}]},{"date":"2024-03-07","commitResults":[{"hash":"8c70edb317166f9e282241f81f14b62f41408e10","isMergeCommit":false,"messageTitle":"Add UI, TaskList, unparsedTaskList and Storage classes","messageBody":"","tags":["A-MoreOOP"],"fileTypesAndContributionMap":{"txt":{"insertions":0,"deletions":1},"java":{"insertions":155,"deletions":89}}}]}]},"authorFileTypeContributionMap":{"Ijaaz01":{"java":379,"md":0,"fxml":0,"sh":0,"bat":0,"gradle":0,"txt":0}},"authorContributionVariance":{"Ijaaz01":8969.102},"authorDisplayNameMap":{"Ijaaz01":"CS2113-T11-3 MOHA..MAIL"}}
