{"authorDailyContributionsMap":{"LWachtel1":[{"date":"2024-02-09","commitResults":[{"hash":"faef04a11a37bc93680fdfe550591119db3483f6","isMergeCommit":false,"messageTitle":"Rename Duke to CHAT-MAN; define greet() and exit() methods","messageBody":"(cherry picked from commit df84b6a5039882942c1596bfb81b04083e6d9626)\n","tags":["Level-0"],"fileTypesAndContributionMap":{"java":{"insertions":18,"deletions":0}}},{"hash":"17119f62749b3f38faa74274d1eee6aec328d4c8","isMergeCommit":false,"messageTitle":"Create getUserCommands() \u0026 echoUsercommand() to echo input","messageBody":"","tags":["Level-1"],"fileTypesAndContributionMap":{"java":{"insertions":34,"deletions":8}}}]},{"date":"2024-02-10","commitResults":[{"hash":"c1b6527bcdc42f204aaece6868b1a8f0e201cc73","isMergeCommit":false,"messageTitle":"Store and list text; change echoUserCommand() to executesCommand()","messageBody":"","tags":["Level-2"],"fileTypesAndContributionMap":{"java":{"insertions":25,"deletions":5}}},{"hash":"5bcc60f011f66937383d72fb86de9071488fe652","isMergeCommit":false,"messageTitle":"Create Task class; defined getter \u0026 setter methods, including for isDone","messageBody":"","tags":["A-Classes"],"fileTypesAndContributionMap":{"java":{"insertions":34,"deletions":0}}},{"hash":"590b742bb3441bdcd55816300f333c58c2600918","isMergeCommit":false,"messageTitle":"Add marking of task completion status in executesCommand()","messageBody":"","tags":["Level-3"],"fileTypesAndContributionMap":{"java":{"insertions":20,"deletions":4}}}]},{"date":"2024-02-11","commitResults":[{"hash":"d2836b63c2de7a1d8149b7775dcd5f9fe2244247","isMergeCommit":false,"messageTitle":"Change code to comply with Google Java Style guide; use switch statement","messageBody":"","tags":["A-CodingStandard"],"fileTypesAndContributionMap":{"java":{"insertions":136,"deletions":85}}}]}]},"authorFileTypeContributionMap":{"LWachtel1":{"java":165,"md":0,"fxml":0,"sh":0,"bat":0,"gradle":0,"txt":0}},"authorContributionVariance":{"LWachtel1":2271.3176},"authorDisplayNameMap":{"LWachtel1":"CS2113-F14-3 WACH..THAN"}}
