[{"path":"src/main/java/Deadline.java","fileType":"java","lines":[{"lineNumber":1,"author":{"gitId":"blackmirag3"},"content":"public class Deadline extends Task {","lastModifiedDate":"2024-02-04"},{"lineNumber":2,"author":{"gitId":"blackmirag3"},"content":"    private String date;","lastModifiedDate":"2024-02-04"},{"lineNumber":3,"author":{"gitId":"blackmirag3"},"content":"","lastModifiedDate":"2024-02-04"},{"lineNumber":4,"author":{"gitId":"blackmirag3"},"content":"    public Deadline(String description, String date) {","lastModifiedDate":"2024-02-04"},{"lineNumber":5,"author":{"gitId":"blackmirag3"},"content":"        super(description);","lastModifiedDate":"2024-02-04"},{"lineNumber":6,"author":{"gitId":"blackmirag3"},"content":"        this.date \u003d date;","lastModifiedDate":"2024-02-04"},{"lineNumber":7,"author":{"gitId":"blackmirag3"},"content":"    }","lastModifiedDate":"2024-02-04"},{"lineNumber":8,"author":{"gitId":"blackmirag3"},"content":"","lastModifiedDate":"2024-02-04"},{"lineNumber":9,"author":{"gitId":"blackmirag3"},"content":"    public String getDescription() {","lastModifiedDate":"2024-02-04"},{"lineNumber":10,"author":{"gitId":"blackmirag3"},"content":"        return \"DEADLINE: \" + description + \"(by: \" + this.date +\")\";","lastModifiedDate":"2024-02-04"},{"lineNumber":11,"author":{"gitId":"blackmirag3"},"content":"    }","lastModifiedDate":"2024-02-04"},{"lineNumber":12,"author":{"gitId":"blackmirag3"},"content":"}","lastModifiedDate":"2024-02-04"}],"authorContributionMap":{"blackmirag3":12}},{"path":"src/main/java/Event.java","fileType":"java","lines":[{"lineNumber":1,"author":{"gitId":"blackmirag3"},"content":"public class Event extends Task {","lastModifiedDate":"2024-02-04"},{"lineNumber":2,"author":{"gitId":"blackmirag3"},"content":"    private String start;","lastModifiedDate":"2024-02-04"},{"lineNumber":3,"author":{"gitId":"blackmirag3"},"content":"    private String end;","lastModifiedDate":"2024-02-04"},{"lineNumber":4,"author":{"gitId":"blackmirag3"},"content":"","lastModifiedDate":"2024-02-04"},{"lineNumber":5,"author":{"gitId":"blackmirag3"},"content":"    public Event(String description, String start, String end) {","lastModifiedDate":"2024-02-04"},{"lineNumber":6,"author":{"gitId":"blackmirag3"},"content":"        super(description);","lastModifiedDate":"2024-02-04"},{"lineNumber":7,"author":{"gitId":"blackmirag3"},"content":"        this.start \u003d start;","lastModifiedDate":"2024-02-04"},{"lineNumber":8,"author":{"gitId":"blackmirag3"},"content":"        this.end \u003d end;","lastModifiedDate":"2024-02-04"},{"lineNumber":9,"author":{"gitId":"blackmirag3"},"content":"    }","lastModifiedDate":"2024-02-04"},{"lineNumber":10,"author":{"gitId":"blackmirag3"},"content":"","lastModifiedDate":"2024-02-04"},{"lineNumber":11,"author":{"gitId":"blackmirag3"},"content":"    public String getDescription() {","lastModifiedDate":"2024-02-04"},{"lineNumber":12,"author":{"gitId":"blackmirag3"},"content":"        return \"EVENT: \" + description + \"(\" + this.start + \" to \" + this.end + \")\";","lastModifiedDate":"2024-02-04"},{"lineNumber":13,"author":{"gitId":"blackmirag3"},"content":"    }","lastModifiedDate":"2024-02-04"},{"lineNumber":14,"author":{"gitId":"blackmirag3"},"content":"}","lastModifiedDate":"2024-02-04"}],"authorContributionMap":{"blackmirag3":14}},{"path":"src/main/java/NyanBot.java","fileType":"java","lines":[{"lineNumber":1,"author":{"gitId":"blackmirag3"},"content":"import java.util.Scanner;","lastModifiedDate":"2024-02-01"},{"lineNumber":2,"author":{"gitId":"blackmirag3"},"content":"public class NyanBot {","lastModifiedDate":"2024-01-24"},{"lineNumber":3,"author":{"gitId":"blackmirag3"},"content":"    private static String LINE \u003d \"____________\";","lastModifiedDate":"2024-02-08"},{"lineNumber":4,"author":{"gitId":"blackmirag3"},"content":"    private static Task[] tasks \u003d new Task[100];","lastModifiedDate":"2024-02-04"},{"lineNumber":5,"author":{"gitId":"blackmirag3"},"content":"    private static int taskCount \u003d 0;","lastModifiedDate":"2024-02-04"},{"lineNumber":6,"author":{"gitId":"blackmirag3"},"content":"","lastModifiedDate":"2024-02-01"},{"lineNumber":7,"author":{"gitId":"blackmirag3"},"content":"    private static void echo() {","lastModifiedDate":"2024-02-01"},{"lineNumber":8,"author":{"gitId":"blackmirag3"},"content":"        Scanner in \u003d new Scanner(System.in);","lastModifiedDate":"2024-02-01"},{"lineNumber":9,"author":{"gitId":"blackmirag3"},"content":"        String[] splitInputs \u003d new String[2];","lastModifiedDate":"2024-02-08"},{"lineNumber":10,"author":{"gitId":"blackmirag3"},"content":"        String userInput \u003d in.nextLine();","lastModifiedDate":"2024-02-01"},{"lineNumber":11,"author":{"gitId":"blackmirag3"},"content":"        splitInputs \u003d userInput.split(\" \");","lastModifiedDate":"2024-02-08"},{"lineNumber":12,"author":{"gitId":"blackmirag3"},"content":"","lastModifiedDate":"2024-02-01"},{"lineNumber":13,"author":{"gitId":"blackmirag3"},"content":"        switch(splitInputs[0]) {","lastModifiedDate":"2024-02-08"},{"lineNumber":14,"author":{"gitId":"blackmirag3"},"content":"        case \"bye\":","lastModifiedDate":"2024-02-01"},{"lineNumber":15,"author":{"gitId":"blackmirag3"},"content":"            return;","lastModifiedDate":"2024-02-01"},{"lineNumber":16,"author":{"gitId":"blackmirag3"},"content":"        case \"list\":","lastModifiedDate":"2024-02-01"},{"lineNumber":17,"author":{"gitId":"blackmirag3"},"content":"            System.out.println(LINE);","lastModifiedDate":"2024-02-08"},{"lineNumber":18,"author":{"gitId":"blackmirag3"},"content":"","lastModifiedDate":"2024-02-04"},{"lineNumber":19,"author":{"gitId":"blackmirag3"},"content":"            for (int i \u003d 0; i \u003c taskCount; i++) {","lastModifiedDate":"2024-02-04"},{"lineNumber":20,"author":{"gitId":"blackmirag3"},"content":"                System.out.print(i + 1 + \". \" + tasks[i].getStatusIcon() + \" \");","lastModifiedDate":"2024-02-04"},{"lineNumber":21,"author":{"gitId":"blackmirag3"},"content":"                System.out.println(tasks[i]);","lastModifiedDate":"2024-02-04"},{"lineNumber":22,"author":{"gitId":"blackmirag3"},"content":"            }","lastModifiedDate":"2024-02-01"},{"lineNumber":23,"author":{"gitId":"blackmirag3"},"content":"            break;","lastModifiedDate":"2024-02-01"},{"lineNumber":24,"author":{"gitId":"blackmirag3"},"content":"        case \"mark\":","lastModifiedDate":"2024-02-01"},{"lineNumber":25,"author":{"gitId":"blackmirag3"},"content":"            int markIndex \u003d Integer.parseInt(splitInputs[1]) - 1;","lastModifiedDate":"2024-02-08"},{"lineNumber":26,"author":{"gitId":"blackmirag3"},"content":"            tasks[markIndex].markAsDone();","lastModifiedDate":"2024-02-04"},{"lineNumber":27,"author":{"gitId":"blackmirag3"},"content":"            System.out.println(LINE);","lastModifiedDate":"2024-02-08"},{"lineNumber":28,"author":{"gitId":"blackmirag3"},"content":"            System.out.println(\"はい、markしました！\");","lastModifiedDate":"2024-02-01"},{"lineNumber":29,"author":{"gitId":"blackmirag3"},"content":"            break;","lastModifiedDate":"2024-02-01"},{"lineNumber":30,"author":{"gitId":"blackmirag3"},"content":"        case \"unmark\":","lastModifiedDate":"2024-02-01"},{"lineNumber":31,"author":{"gitId":"blackmirag3"},"content":"            markIndex \u003d Integer.parseInt(splitInputs[1]) - 1;","lastModifiedDate":"2024-02-08"},{"lineNumber":32,"author":{"gitId":"blackmirag3"},"content":"            tasks[markIndex].unmarkAsDone();","lastModifiedDate":"2024-02-04"},{"lineNumber":33,"author":{"gitId":"blackmirag3"},"content":"            System.out.println(LINE);","lastModifiedDate":"2024-02-08"},{"lineNumber":34,"author":{"gitId":"blackmirag3"},"content":"            System.out.println(\"はい、unmarkしました！\");","lastModifiedDate":"2024-02-01"},{"lineNumber":35,"author":{"gitId":"blackmirag3"},"content":"            break;","lastModifiedDate":"2024-02-01"},{"lineNumber":36,"author":{"gitId":"blackmirag3"},"content":"        case \"todo\":","lastModifiedDate":"2024-02-04"},{"lineNumber":37,"author":{"gitId":"blackmirag3"},"content":"            Todo newTodo \u003d new Todo(userInput.substring(5));","lastModifiedDate":"2024-02-04"},{"lineNumber":38,"author":{"gitId":"blackmirag3"},"content":"            addTask(newTodo);","lastModifiedDate":"2024-02-04"},{"lineNumber":39,"author":{"gitId":"blackmirag3"},"content":"            break;","lastModifiedDate":"2024-02-04"},{"lineNumber":40,"author":{"gitId":"blackmirag3"},"content":"        case \"deadline\":","lastModifiedDate":"2024-02-04"},{"lineNumber":41,"author":{"gitId":"blackmirag3"},"content":"            splitInputs \u003d userInput.split(\"/\");","lastModifiedDate":"2024-02-08"},{"lineNumber":42,"author":{"gitId":"blackmirag3"},"content":"            Deadline newDeadline \u003d new Deadline(splitInputs[0].substring(9), splitInputs[1]);","lastModifiedDate":"2024-02-08"},{"lineNumber":43,"author":{"gitId":"blackmirag3"},"content":"            addTask(newDeadline);","lastModifiedDate":"2024-02-04"},{"lineNumber":44,"author":{"gitId":"blackmirag3"},"content":"            break;","lastModifiedDate":"2024-02-04"},{"lineNumber":45,"author":{"gitId":"blackmirag3"},"content":"        case \"event\":","lastModifiedDate":"2024-02-04"},{"lineNumber":46,"author":{"gitId":"blackmirag3"},"content":"            splitInputs \u003d userInput.split(\"/\");","lastModifiedDate":"2024-02-08"},{"lineNumber":47,"author":{"gitId":"blackmirag3"},"content":"            Event newEvent \u003d new Event(splitInputs[0].substring(6), splitInputs[1], splitInputs[2]);","lastModifiedDate":"2024-02-08"},{"lineNumber":48,"author":{"gitId":"blackmirag3"},"content":"            addTask(newEvent);","lastModifiedDate":"2024-02-04"},{"lineNumber":49,"author":{"gitId":"blackmirag3"},"content":"            break;","lastModifiedDate":"2024-02-04"},{"lineNumber":50,"author":{"gitId":"blackmirag3"},"content":"        default:","lastModifiedDate":"2024-02-01"},{"lineNumber":51,"author":{"gitId":"blackmirag3"},"content":"            Task newTask \u003d new Task(userInput);","lastModifiedDate":"2024-02-01"},{"lineNumber":52,"author":{"gitId":"blackmirag3"},"content":"            addTask(newTask);","lastModifiedDate":"2024-02-04"},{"lineNumber":53,"author":{"gitId":"blackmirag3"},"content":"        }","lastModifiedDate":"2024-02-01"},{"lineNumber":54,"author":{"gitId":"blackmirag3"},"content":"        echo();","lastModifiedDate":"2024-02-01"},{"lineNumber":55,"author":{"gitId":"blackmirag3"},"content":"    }","lastModifiedDate":"2024-02-01"},{"lineNumber":56,"author":{"gitId":"blackmirag3"},"content":"    public static void main(String[] args) {","lastModifiedDate":"2024-01-24"},{"lineNumber":57,"author":{"gitId":"blackmirag3"},"content":"        String GREET \u003d \"お帰りなさいませ、ご主人様。ニャンー♡♡\";","lastModifiedDate":"2024-02-08"},{"lineNumber":58,"author":{"gitId":"blackmirag3"},"content":"        String PROMPT \u003d \"なにをしたいの？\";","lastModifiedDate":"2024-02-08"},{"lineNumber":59,"author":{"gitId":"blackmirag3"},"content":"        String BYE \u003d \"じゃー、またね〜！！\";","lastModifiedDate":"2024-02-08"},{"lineNumber":60,"author":{"gitId":"blackmirag3"},"content":"","lastModifiedDate":"2024-01-24"},{"lineNumber":61,"author":{"gitId":"blackmirag3"},"content":"        System.out.println(LINE);","lastModifiedDate":"2024-02-08"},{"lineNumber":62,"author":{"gitId":"blackmirag3"},"content":"        System.out.println(GREET + \"\\n\" + PROMPT);","lastModifiedDate":"2024-02-08"},{"lineNumber":63,"author":{"gitId":"blackmirag3"},"content":"","lastModifiedDate":"2024-02-01"},{"lineNumber":64,"author":{"gitId":"blackmirag3"},"content":"        echo();","lastModifiedDate":"2024-02-01"},{"lineNumber":65,"author":{"gitId":"blackmirag3"},"content":"","lastModifiedDate":"2024-02-01"},{"lineNumber":66,"author":{"gitId":"blackmirag3"},"content":"        System.out.println(LINE);","lastModifiedDate":"2024-02-08"},{"lineNumber":67,"author":{"gitId":"blackmirag3"},"content":"        System.out.println(BYE);","lastModifiedDate":"2024-02-08"},{"lineNumber":68,"author":{"gitId":"blackmirag3"},"content":"    }","lastModifiedDate":"2024-02-01"},{"lineNumber":69,"author":{"gitId":"blackmirag3"},"content":"","lastModifiedDate":"2024-02-04"},{"lineNumber":70,"author":{"gitId":"blackmirag3"},"content":"    public static void addTask(Task task) {","lastModifiedDate":"2024-02-04"},{"lineNumber":71,"author":{"gitId":"blackmirag3"},"content":"        tasks[taskCount] \u003d task;","lastModifiedDate":"2024-02-04"},{"lineNumber":72,"author":{"gitId":"blackmirag3"},"content":"        taskCount++;","lastModifiedDate":"2024-02-04"},{"lineNumber":73,"author":{"gitId":"blackmirag3"},"content":"        System.out.println(LINE);","lastModifiedDate":"2024-02-08"},{"lineNumber":74,"author":{"gitId":"blackmirag3"},"content":"        System.out.println(\"Added \" + task);","lastModifiedDate":"2024-02-04"},{"lineNumber":75,"author":{"gitId":"blackmirag3"},"content":"    }","lastModifiedDate":"2024-02-04"},{"lineNumber":76,"author":{"gitId":"blackmirag3"},"content":"}","lastModifiedDate":"2024-01-24"}],"authorContributionMap":{"blackmirag3":76}},{"path":"src/main/java/Task.java","fileType":"java","lines":[{"lineNumber":1,"author":{"gitId":"blackmirag3"},"content":"public class Task {","lastModifiedDate":"2024-02-01"},{"lineNumber":2,"author":{"gitId":"blackmirag3"},"content":"    protected String description;","lastModifiedDate":"2024-02-01"},{"lineNumber":3,"author":{"gitId":"blackmirag3"},"content":"    protected boolean isDone;","lastModifiedDate":"2024-02-01"},{"lineNumber":4,"author":{"gitId":"blackmirag3"},"content":"","lastModifiedDate":"2024-02-01"},{"lineNumber":5,"author":{"gitId":"blackmirag3"},"content":"    public Task(String description) {","lastModifiedDate":"2024-02-01"},{"lineNumber":6,"author":{"gitId":"blackmirag3"},"content":"        this.description \u003d description;","lastModifiedDate":"2024-02-01"},{"lineNumber":7,"author":{"gitId":"blackmirag3"},"content":"        this.isDone \u003d false;","lastModifiedDate":"2024-02-01"},{"lineNumber":8,"author":{"gitId":"blackmirag3"},"content":"    }","lastModifiedDate":"2024-02-01"},{"lineNumber":9,"author":{"gitId":"blackmirag3"},"content":"","lastModifiedDate":"2024-02-01"},{"lineNumber":10,"author":{"gitId":"blackmirag3"},"content":"    public String toString() {","lastModifiedDate":"2024-02-04"},{"lineNumber":11,"author":{"gitId":"blackmirag3"},"content":"        return getDescription();","lastModifiedDate":"2024-02-04"},{"lineNumber":12,"author":{"gitId":"blackmirag3"},"content":"    }","lastModifiedDate":"2024-02-04"},{"lineNumber":13,"author":{"gitId":"blackmirag3"},"content":"","lastModifiedDate":"2024-02-04"},{"lineNumber":14,"author":{"gitId":"blackmirag3"},"content":"    public String getStatusIcon() {","lastModifiedDate":"2024-02-01"},{"lineNumber":15,"author":{"gitId":"blackmirag3"},"content":"        return (isDone ? \"[X]\" : \"[ ]\"); // mark done task with X","lastModifiedDate":"2024-02-01"},{"lineNumber":16,"author":{"gitId":"blackmirag3"},"content":"    }","lastModifiedDate":"2024-02-01"},{"lineNumber":17,"author":{"gitId":"blackmirag3"},"content":"","lastModifiedDate":"2024-02-01"},{"lineNumber":18,"author":{"gitId":"blackmirag3"},"content":"    public String getDescription() {","lastModifiedDate":"2024-02-01"},{"lineNumber":19,"author":{"gitId":"blackmirag3"},"content":"        return \"TASK: \" + description;","lastModifiedDate":"2024-02-04"},{"lineNumber":20,"author":{"gitId":"blackmirag3"},"content":"    }","lastModifiedDate":"2024-02-01"},{"lineNumber":21,"author":{"gitId":"blackmirag3"},"content":"","lastModifiedDate":"2024-02-01"},{"lineNumber":22,"author":{"gitId":"blackmirag3"},"content":"    public void markAsDone() {","lastModifiedDate":"2024-02-01"},{"lineNumber":23,"author":{"gitId":"blackmirag3"},"content":"        this.isDone \u003d true;","lastModifiedDate":"2024-02-01"},{"lineNumber":24,"author":{"gitId":"blackmirag3"},"content":"    }","lastModifiedDate":"2024-02-01"},{"lineNumber":25,"author":{"gitId":"blackmirag3"},"content":"","lastModifiedDate":"2024-02-01"},{"lineNumber":26,"author":{"gitId":"blackmirag3"},"content":"    public void unmarkAsDone() {","lastModifiedDate":"2024-02-01"},{"lineNumber":27,"author":{"gitId":"blackmirag3"},"content":"        this.isDone \u003d false;","lastModifiedDate":"2024-02-01"},{"lineNumber":28,"author":{"gitId":"blackmirag3"},"content":"    }","lastModifiedDate":"2024-02-01"},{"lineNumber":29,"author":{"gitId":"blackmirag3"},"content":"}","lastModifiedDate":"2024-02-01"}],"authorContributionMap":{"blackmirag3":29}},{"path":"src/main/java/Todo.java","fileType":"java","lines":[{"lineNumber":1,"author":{"gitId":"blackmirag3"},"content":"public class Todo extends Task {","lastModifiedDate":"2024-02-04"},{"lineNumber":2,"author":{"gitId":"blackmirag3"},"content":"    public Todo(String description) {","lastModifiedDate":"2024-02-04"},{"lineNumber":3,"author":{"gitId":"blackmirag3"},"content":"        super(description);","lastModifiedDate":"2024-02-04"},{"lineNumber":4,"author":{"gitId":"blackmirag3"},"content":"    }","lastModifiedDate":"2024-02-04"},{"lineNumber":5,"author":{"gitId":"blackmirag3"},"content":"","lastModifiedDate":"2024-02-04"},{"lineNumber":6,"author":{"gitId":"blackmirag3"},"content":"    public String getDescription() {","lastModifiedDate":"2024-02-04"},{"lineNumber":7,"author":{"gitId":"blackmirag3"},"content":"        return \"TODO: \" + description;","lastModifiedDate":"2024-02-04"},{"lineNumber":8,"author":{"gitId":"blackmirag3"},"content":"    }","lastModifiedDate":"2024-02-04"},{"lineNumber":9,"author":{"gitId":"blackmirag3"},"content":"}","lastModifiedDate":"2024-02-04"}],"authorContributionMap":{"blackmirag3":9}}]
