{"authorDailyContributionsMap":{"LowTL":[{"date":"2024-01-25","commitResults":[{"hash":"8544ebb611c3a6aced5059b736106f898d55dabb","isMergeCommit":false,"messageTitle":"Replace Duke.java with Katleen.java","messageBody":"","tags":["Level-0"],"fileTypesAndContributionMap":{"java":{"insertions":14,"deletions":10}}}]},{"date":"2024-01-29","commitResults":[{"hash":"6233d62259e2400c2f1ca89e694dfd5ba2411ef1","isMergeCommit":false,"messageTitle":"Add echo to Katleen.java","messageBody":"","tags":["Level-1"],"fileTypesAndContributionMap":{"java":{"insertions":17,"deletions":3}}},{"hash":"9ce9c7c98ce9763018d1b30104eab3c44a8b76bf","isMergeCommit":false,"messageTitle":"Create Task.java","messageBody":"","fileTypesAndContributionMap":{"java":{"insertions":9,"deletions":0}}},{"hash":"861988d030ff3926e412f86281cdcd817c1b4875","isMergeCommit":false,"messageTitle":"Add Add, List functions","messageBody":"","tags":["Level-2"],"fileTypesAndContributionMap":{"java":{"insertions":26,"deletions":9}}}]},{"date":"2024-01-30","commitResults":[{"hash":"e3921e974f046c6954413afd97ee532e7fc3d722","isMergeCommit":false,"messageTitle":"Add basic mark as done function","messageBody":"","tags":["Level-3"],"fileTypesAndContributionMap":{"java":{"insertions":36,"deletions":9}}}]},{"date":"2024-02-02","commitResults":[{"hash":"d9ba96c5822562525ddfa48bb83048c3de94e05a","isMergeCommit":false,"messageTitle":"Remove repetition of printing line","messageBody":"","tags":["A-CodingStandard"],"fileTypesAndContributionMap":{"java":{"insertions":13,"deletions":18}}}]},{"date":"2024-02-07","commitResults":[{"hash":"70ac577fd050d426ba4e0b0398f205a2e99a2c14","isMergeCommit":false,"messageTitle":"Add ToDo class and function","messageBody":"","fileTypesAndContributionMap":{"java":{"insertions":42,"deletions":23}}}]}]},"authorFileTypeContributionMap":{"LowTL":{"java":95,"md":0,"fxml":0,"sh":0,"bat":0,"gradle":0,"txt":0}},"authorContributionVariance":{"LowTL":463.04752},"authorDisplayNameMap":{"LowTL":"CS2113-T15-4 LOW .. LYM"}}
