{"authorDailyContributionsMap":{"rismm":[{"date":"2024-01-19","commitResults":[{"hash":"9e4b324e81500045d461fcf54613388f409d488a","isMergeCommit":false,"messageTitle":"Rename Duke to Joe","messageBody":"","tags":["Level-0"],"fileTypesAndContributionMap":{"java":{"insertions":7,"deletions":10}}}]},{"date":"2024-01-27","commitResults":[{"hash":"d302fbc8394b7c7d4116870dbf07f9b9addc3349","isMergeCommit":false,"messageTitle":"Add chatbot echo","messageBody":"","tags":["Level-1"],"fileTypesAndContributionMap":{"java":{"insertions":15,"deletions":1}}},{"hash":"0893069dba1ddf77bce5a532a0397f762ecf4454","isMergeCommit":false,"messageTitle":"Add task adding and listing","messageBody":"Add Task and TaskManager classes\n","tags":["Level-2"],"fileTypesAndContributionMap":{"java":{"insertions":50,"deletions":5}}}]},{"date":"2024-01-28","commitResults":[{"hash":"d4d586073ffdbac16ff2e998095e3dff6a86cb86","isMergeCommit":false,"messageTitle":"Add task status","messageBody":"Tasks can be mark done or undone\n","tags":["Level-3","A-CodingStandard"],"fileTypesAndContributionMap":{"java":{"insertions":55,"deletions":4}}}]},{"date":"2024-02-05","commitResults":[{"hash":"b054493786c525bfd5520ffb23d2b3e0f98427c6","isMergeCommit":false,"messageTitle":"Add ToDo, Event and Deadline","messageBody":"Add InputParser and Printer classes to handle inputs and outputs from CLI\nRefactor code with better readability\n","tags":["Level-4","A-CodeQuality"],"fileTypesAndContributionMap":{"java":{"insertions":276,"deletions":53}}},{"hash":"7d8be4dd9411649d964cc65864568988eb87ebb6","isMergeCommit":false,"messageTitle":"Add text UI testing","messageBody":"Update testing scripts, input and expected txt files\n","tags":["A-TextUiTesting"],"fileTypesAndContributionMap":{"txt":{"insertions":131,"deletions":0},"bat":{"insertions":1,"deletions":1},"sh":{"insertions":1,"deletions":1}}}]},{"date":"2024-02-10","commitResults":[{"hash":"6792af034ec2369abcbb414940f5a5762533a241","isMergeCommit":false,"messageTitle":"Add JoeException class for error handling","messageBody":"Change access modifier of constants to protected\n","tags":["A-Exceptions"],"fileTypesAndContributionMap":{"java":{"insertions":3,"deletions":1}}},{"hash":"d0a7cfdf4c4c82a2adb3413aae56a4ffa8223d93","isMergeCommit":false,"messageTitle":"Add error handling for mark/unmark","messageBody":"Add explanation to user on how to use mark/unmark\n","fileTypesAndContributionMap":{"java":{"insertions":14,"deletions":17}}},{"hash":"ff88c52fe44bbac82a5943047887355d2c8a27a2","isMergeCommit":false,"messageTitle":"Add error handling for all commands","messageBody":"Include explanation on how to use commands for specific errors\n","fileTypesAndContributionMap":{"java":{"insertions":42,"deletions":27}}},{"hash":"9cd0f00bc4ab26616d5f4d8e2ec72ad066fd24d2","isMergeCommit":true,"messageTitle":"Merge branch \u0027branch-Level-5\u0027","messageBody":"","tags":["Level-5"],"fileTypesAndContributionMap":{}},{"hash":"44faa3771cc2f2d76ebd0991df262b9146a50fbe","isMergeCommit":false,"messageTitle":"Divide classes into packages","messageBody":"","fileTypesAndContributionMap":{"java":{"insertions":43,"deletions":7}}},{"hash":"4817d684701fd29288ac33dfed09cc8127559e25","isMergeCommit":true,"messageTitle":"Merge branch \u0027branch-A-Packages\u0027","messageBody":"","tags":["A-Packages"],"fileTypesAndContributionMap":{}}]}]},"authorFileTypeContributionMap":{"rismm":{"java":390,"md":0,"fxml":0,"sh":1,"bat":1,"gradle":0,"txt":131}},"authorContributionVariance":{"rismm":9668.627},"authorDisplayNameMap":{"rismm":"CS2113-T13-4 SIM ..RYAN"}}
