{"authorDailyContributionsMap":{"Joellimjr":[{"date":"2024-02-01","commitResults":[{"hash":"8791e36479c4f0fd7b19d3a3b614aae34aa124ad","isMergeCommit":false,"messageTitle":"Week 3 level 1-3","messageBody":"","fileTypesAndContributionMap":{"java":{"insertions":112,"deletions":0}}},{"hash":"33d2273b9b948d0384fef7a0bac0f54e476372ff","isMergeCommit":false,"messageTitle":"Revert \"Week 3 level 1-3\"","messageBody":"This reverts commit 8791e36479c4f0fd7b19d3a3b614aae34aa124ad.\n","fileTypesAndContributionMap":{"java":{"insertions":0,"deletions":112}}}]},{"date":"2024-02-04","commitResults":[{"hash":"0a413a523d6974516f6e9c2b49daf814ff744e44","isMergeCommit":false,"messageTitle":"Add greeting, echo, and exit","messageBody":"","tags":["add_greeting_echo_exit","Level-1","Level-0"],"fileTypesAndContributionMap":{"java":{"insertions":22,"deletions":0}}},{"hash":"03fc6fdc5e5f5ad0b5c395840a4b63f47064da2b","isMergeCommit":false,"messageTitle":"Add list command","messageBody":"","tags":["add_list","Level-2"],"fileTypesAndContributionMap":{"java":{"insertions":28,"deletions":6}}},{"hash":"ba4e5efbc5b7cdac85b03a01fb42d841aa0c6902","isMergeCommit":false,"messageTitle":"Add mark and unmark functions","messageBody":"","tags":["add_mark_unmark","Level-3","A-CodingStandard"],"fileTypesAndContributionMap":{"java":{"insertions":81,"deletions":10}}}]},{"date":"2024-02-09","commitResults":[{"hash":"8e71aa8fd9acfa93f5ffa19ad41424f3136e612b","isMergeCommit":false,"messageTitle":"add todo, deadline, event commands","messageBody":"","tags":["Level-4"],"fileTypesAndContributionMap":{"java":{"insertions":74,"deletions":22}}}]},{"date":"2024-02-12","commitResults":[{"hash":"911f7adc8ebd77bd926513caedfcb5f6c66643b2","isMergeCommit":false,"messageTitle":"add method to split deadline using \"/by\" and event using \"/from\" and \"/to\"","messageBody":"","tags":["A-Inheritance"],"fileTypesAndContributionMap":{"java":{"insertions":78,"deletions":21}}},{"hash":"3c715e3334848a4207d21a19d8d3a90a668dfdcf","isMergeCommit":false,"messageTitle":"add error handling","messageBody":"","tags":["A-CodeQuality"],"fileTypesAndContributionMap":{"java":{"insertions":68,"deletions":55}}}]},{"date":"2024-02-13","commitResults":[{"hash":"25732c2ea1a007c71e35572faec3db8d6f591b52","isMergeCommit":false,"messageTitle":"add text ui testing","messageBody":"","tags":["A-TextUiTesting"],"fileTypesAndContributionMap":{"txt":{"insertions":6,"deletions":0},"java":{"insertions":1,"deletions":1},"bat":{"insertions":1,"deletions":1}}}]},{"date":"2024-02-15","commitResults":[{"hash":"47eaef84fff62f40821784294870b3007b8d38ec","isMergeCommit":false,"messageTitle":"add exception handling","messageBody":"","tags":["Level-5","A-Exceptions"],"fileTypesAndContributionMap":{"java":{"insertions":47,"deletions":21}}}]}]},"authorFileTypeContributionMap":{"Joellimjr":{"java":263,"md":0,"fxml":0,"sh":0,"bat":1,"gradle":0,"txt":6}},"authorContributionVariance":{"Joellimjr":4071.3809},"authorDisplayNameMap":{"Joellimjr":"CS2113-T15-4 LIM ..JOEL"}}
