{"authorDailyContributionsMap":{"Joellimjr":[{"date":"2024-02-01","commitResults":[{"hash":"8791e36479c4f0fd7b19d3a3b614aae34aa124ad","isMergeCommit":false,"messageTitle":"Week 3 level 1-3","messageBody":"","fileTypesAndContributionMap":{"java":{"insertions":112,"deletions":0}}},{"hash":"33d2273b9b948d0384fef7a0bac0f54e476372ff","isMergeCommit":false,"messageTitle":"Revert \"Week 3 level 1-3\"","messageBody":"This reverts commit 8791e36479c4f0fd7b19d3a3b614aae34aa124ad.\n","fileTypesAndContributionMap":{"java":{"insertions":0,"deletions":112}}}]},{"date":"2024-02-04","commitResults":[{"hash":"0a413a523d6974516f6e9c2b49daf814ff744e44","isMergeCommit":false,"messageTitle":"Add greeting, echo, and exit","messageBody":"","tags":["add_greeting_echo_exit","Level-1","Level-0"],"fileTypesAndContributionMap":{"java":{"insertions":22,"deletions":0}}},{"hash":"03fc6fdc5e5f5ad0b5c395840a4b63f47064da2b","isMergeCommit":false,"messageTitle":"Add list command","messageBody":"","tags":["add_list","Level-2"],"fileTypesAndContributionMap":{"java":{"insertions":28,"deletions":6}}},{"hash":"ba4e5efbc5b7cdac85b03a01fb42d841aa0c6902","isMergeCommit":false,"messageTitle":"Add mark and unmark functions","messageBody":"","tags":["add_mark_unmark","Level-3","A-CodingStandard"],"fileTypesAndContributionMap":{"java":{"insertions":81,"deletions":10}}}]},{"date":"2024-02-09","commitResults":[{"hash":"8e71aa8fd9acfa93f5ffa19ad41424f3136e612b","isMergeCommit":false,"messageTitle":"add todo, deadline, event commands","messageBody":"","fileTypesAndContributionMap":{"java":{"insertions":74,"deletions":22}}}]},{"date":"2024-02-12","commitResults":[{"hash":"911f7adc8ebd77bd926513caedfcb5f6c66643b2","isMergeCommit":false,"messageTitle":"add method to split deadline using \"/by\" and event using \"/from\" and \"/to\"","messageBody":"","tags":["Level-4","A-Inheritance"],"fileTypesAndContributionMap":{"java":{"insertions":78,"deletions":21}}},{"hash":"3c715e3334848a4207d21a19d8d3a90a668dfdcf","isMergeCommit":false,"messageTitle":"add error handling","messageBody":"","tags":["A-CodeQuality"],"fileTypesAndContributionMap":{"java":{"insertions":68,"deletions":55}}}]},{"date":"2024-02-13","commitResults":[{"hash":"25732c2ea1a007c71e35572faec3db8d6f591b52","isMergeCommit":false,"messageTitle":"add text ui testing","messageBody":"","tags":["A-TextUiTesting"],"fileTypesAndContributionMap":{"txt":{"insertions":6,"deletions":0},"java":{"insertions":1,"deletions":1},"bat":{"insertions":1,"deletions":1}}}]},{"date":"2024-02-15","commitResults":[{"hash":"47eaef84fff62f40821784294870b3007b8d38ec","isMergeCommit":false,"messageTitle":"add exception handling","messageBody":"","tags":["Level-5","A-Exceptions"],"fileTypesAndContributionMap":{"java":{"insertions":47,"deletions":21}}}]},{"date":"2024-02-16","commitResults":[{"hash":"66989eaa137534665d5b2c00f421c8c8e322bd8b","isMergeCommit":false,"messageTitle":"tidy code","messageBody":"","fileTypesAndContributionMap":{"java":{"insertions":124,"deletions":98}}},{"hash":"965952f4a0d1b6211d7dd4f5c52bafdd78c000e6","isMergeCommit":false,"messageTitle":"fix typo","messageBody":"","fileTypesAndContributionMap":{"java":{"insertions":1,"deletions":2}}}]},{"date":"2024-02-17","commitResults":[{"hash":"4c884089094558a3fe7ae0f677324998c80aa490","isMergeCommit":false,"messageTitle":"organised into packages","messageBody":"","tags":["A-Packages"],"fileTypesAndContributionMap":{"java":{"insertions":17,"deletions":11}}}]},{"date":"2024-02-20","commitResults":[{"hash":"b1465dfb4ccbf46ba74cc4d8b31e170b83a156a1","isMergeCommit":false,"messageTitle":"add delete command","messageBody":"","tags":["Level-6"],"fileTypesAndContributionMap":{"java":{"insertions":44,"deletions":5}}}]},{"date":"2024-02-21","commitResults":[{"hash":"91971f87cd86622093f62a6119df8d20cb4ca089","isMergeCommit":false,"messageTitle":"add variable array for task list","messageBody":"","tags":["A-Collections"],"fileTypesAndContributionMap":{"java":{"insertions":44,"deletions":48}}},{"hash":"212b1919a8e1b36d1b647fba642b3dcff0c016b6","isMergeCommit":false,"messageTitle":"correct delmessage() call","messageBody":"","fileTypesAndContributionMap":{"java":{"insertions":1,"deletions":2}}},{"hash":"93edae698ec869eed41a64a6bb04b18dfb4571c1","isMergeCommit":false,"messageTitle":"add save function into txt file upon exit of program","messageBody":"","tags":["Level-7"],"fileTypesAndContributionMap":{"txt":{"insertions":4,"deletions":0},"java":{"insertions":148,"deletions":1}}},{"hash":"40a315f88b2cf280aec7ba8390fe156d368be2b8","isMergeCommit":false,"messageTitle":"cleared txt file","messageBody":"","fileTypesAndContributionMap":{"txt":{"insertions":0,"deletions":3}}}]},{"date":"2024-02-23","commitResults":[{"hash":"92b4a9ad24b99e485f9126c9bed0459496c35a03","isMergeCommit":false,"messageTitle":"Adjusted ChelleTasks.txt save location to same directory as .jar file","messageBody":"","fileTypesAndContributionMap":{"txt":{"insertions":0,"deletions":1},"java":{"insertions":2,"deletions":2},"md":{"insertions":0,"deletions":33}}},{"hash":"d721a543548ab0f1305ffb2c02c296840a72fb16","isMergeCommit":false,"messageTitle":"minor error handling","messageBody":"","tags":["v0.11","v0.1","A-Jar"],"fileTypesAndContributionMap":{"java":{"insertions":1,"deletions":1}}}]},{"date":"2024-03-03","commitResults":[{"hash":"ba3c864bfa02d465cce50ed17b341a4af4cc07fb","isMergeCommit":false,"messageTitle":"add HandleCommand class to handle commands outside of Main and tidied code","messageBody":"","fileTypesAndContributionMap":{"java":{"insertions":135,"deletions":91}}}]},{"date":"2024-03-06","commitResults":[{"hash":"b7723f2cdf29695400e0ee48ed5586974e5e50bb","isMergeCommit":false,"messageTitle":"Add ui class and tidied code","messageBody":"","fileTypesAndContributionMap":{"java":{"insertions":195,"deletions":157},"bat":{"insertions":1,"deletions":1}}},{"hash":"f1ae24f317e5e1ad48510911b1a24d038b1f01ac","isMergeCommit":false,"messageTitle":"Add storage class to handle loading and saving to txt file","messageBody":"","fileTypesAndContributionMap":{"txt":{"insertions":1,"deletions":0},"java":{"insertions":157,"deletions":120}}},{"hash":"6ccd7bea51a076fd1bb291fad5f800dda269a955","isMergeCommit":false,"messageTitle":"Add Parser class and TaskList class","messageBody":"","tags":["A-MoreOOP"],"fileTypesAndContributionMap":{"txt":{"insertions":0,"deletions":1},"java":{"insertions":75,"deletions":45}}},{"hash":"478e1ef7225181a8d2819eadd368358fd607f80e","isMergeCommit":false,"messageTitle":"Add find function","messageBody":"","tags":["Level-9"],"fileTypesAndContributionMap":{"java":{"insertions":57,"deletions":7}}},{"hash":"af9c3c86b49c35c85afe3c05864a83e8c9eb4ba8","isMergeCommit":false,"messageTitle":"Add ability to detect date and time for deadline command","messageBody":"","tags":["Level-8"],"fileTypesAndContributionMap":{"java":{"insertions":38,"deletions":3}}},{"hash":"3542791ba08048c11b3a40570b3c430be5623ead","isMergeCommit":true,"messageTitle":"Merge pull request #1 from Joellimjr/Branch-Level-8","messageBody":"Add ability to detect date and time for deadline command","fileTypesAndContributionMap":{}},{"hash":"a92d0f0e64d1e7d0db80f0287b69156dd80581e2","isMergeCommit":true,"messageTitle":"Merge pull request #2 from Joellimjr/Branch-Level-9","messageBody":"Add find function","fileTypesAndContributionMap":{}},{"hash":"9f223a8e9cfd7c8654c0c49da88b1467c9a6c2b6","isMergeCommit":false,"messageTitle":"added documentation","messageBody":"","tags":["A-JavaDoc"],"fileTypesAndContributionMap":{"java":{"insertions":163,"deletions":9}}},{"hash":"9db7913aed6792cf4d42710acad73b87affab012","isMergeCommit":false,"messageTitle":"add user guide","messageBody":"","tags":["A-UserGuide"],"fileTypesAndContributionMap":{"md":{"insertions":104,"deletions":14}}}]},{"date":"2024-03-07","commitResults":[{"hash":"d530041ddbb23a0a8ef2fd8fdb91c3128abc4fa6","isMergeCommit":false,"messageTitle":"fix userguide formatting","messageBody":"","fileTypesAndContributionMap":{"md":{"insertions":13,"deletions":14}}},{"hash":"65ee99d9c179587e2c3606396d8759c151789bd2","isMergeCommit":false,"messageTitle":"fix userguide formatting","messageBody":"","fileTypesAndContributionMap":{"md":{"insertions":1,"deletions":0}}},{"hash":"6fef47d8038944849d1bfac4b88f26e96dc36670","isMergeCommit":false,"messageTitle":"fix userguide formatting","messageBody":"","tags":["v1.1"],"fileTypesAndContributionMap":{"md":{"insertions":1,"deletions":1}}}]}]},"authorFileTypeContributionMap":{"Joellimjr":{"java":873,"md":96,"fxml":0,"sh":0,"bat":1,"gradle":0,"txt":6}},"authorContributionVariance":{"Joellimjr":29946.686},"authorDisplayNameMap":{"Joellimjr":"CS2113-T15-4 LIM ..JOEL"}}
