{"authorDailyContributionsMap":{"Joellimjr":[{"date":"2024-02-01","commitResults":[{"hash":"8791e36479c4f0fd7b19d3a3b614aae34aa124ad","isMergeCommit":false,"messageTitle":"Week 3 level 1-3","messageBody":"","fileTypesAndContributionMap":{"java":{"insertions":112,"deletions":0}}},{"hash":"33d2273b9b948d0384fef7a0bac0f54e476372ff","isMergeCommit":false,"messageTitle":"Revert \"Week 3 level 1-3\"","messageBody":"This reverts commit 8791e36479c4f0fd7b19d3a3b614aae34aa124ad.\n","fileTypesAndContributionMap":{"java":{"insertions":0,"deletions":112}}}]},{"date":"2024-02-04","commitResults":[{"hash":"0a413a523d6974516f6e9c2b49daf814ff744e44","isMergeCommit":false,"messageTitle":"Add greeting, echo, and exit","messageBody":"","fileTypesAndContributionMap":{"java":{"insertions":22,"deletions":0}}},{"hash":"03fc6fdc5e5f5ad0b5c395840a4b63f47064da2b","isMergeCommit":false,"messageTitle":"Add list command","messageBody":"","fileTypesAndContributionMap":{"java":{"insertions":28,"deletions":6}}},{"hash":"ba4e5efbc5b7cdac85b03a01fb42d841aa0c6902","isMergeCommit":false,"messageTitle":"Add mark and unmark functions","messageBody":"","fileTypesAndContributionMap":{"java":{"insertions":81,"deletions":10}}}]}]},"authorFileTypeContributionMap":{"Joellimjr":{"java":115,"md":0,"fxml":0,"sh":0,"bat":0,"gradle":0,"txt":0}},"authorContributionVariance":{"Joellimjr":3746.3806},"authorDisplayNameMap":{"Joellimjr":"LIM ..JOEL"}}
