{"authorDailyContributionsMap":{"yzhanglp":[{"date":"2024-01-28","commitResults":[{"hash":"729b790d195f53ea326d5acf62ed3b58aa3f5a77","isMergeCommit":false,"messageTitle":"Finished the implementation of Level of ip","messageBody":"","fileTypesAndContributionMap":{"java":{"insertions":4,"deletions":0}}}]},{"date":"2024-01-29","commitResults":[{"hash":"25e5b0fc57ecc092915253aea5fbc3e2baeffbf9","isMergeCommit":false,"messageTitle":"Finished the implementation of Level_1","messageBody":"","fileTypesAndContributionMap":{"java":{"insertions":10,"deletions":1}}},{"hash":"31dd6792814f2b67af01c6a672d186f7ab183c90","isMergeCommit":false,"messageTitle":"Finished the implementation of Level_2","messageBody":"","fileTypesAndContributionMap":{"java":{"insertions":31,"deletions":3}}},{"hash":"b8b74cf45c7665e8cf3dc1487a1652c1dd5affaa","isMergeCommit":false,"messageTitle":"Fixed a bug in Level_2 implematation","messageBody":"","fileTypesAndContributionMap":{"java":{"insertions":0,"deletions":1}}}]},{"date":"2024-01-30","commitResults":[{"hash":"5e9e07c279f2cb10abc2e16294a7b4382d084e1d","isMergeCommit":false,"messageTitle":"Finish the implementation of Level_3","messageBody":"","fileTypesAndContributionMap":{"java":{"insertions":31,"deletions":1}}},{"hash":"5a9ddaede0820ac710060366b0558e96b932836c","isMergeCommit":false,"messageTitle":"finished the extension task, add the Task Class","messageBody":"","fileTypesAndContributionMap":{"java":{"insertions":42,"deletions":14}}}]},{"date":"2024-02-03","commitResults":[{"hash":"fedccf3ca4a74628b435d2a886c617225a4066cc","isMergeCommit":false,"messageTitle":"finish the implementation of Level-4","messageBody":"","fileTypesAndContributionMap":{"java":{"insertions":76,"deletions":14}}}]},{"date":"2024-02-14","commitResults":[{"hash":"c85a339b0b6b41ed7d0c1a3ba76bdefe05d8b0a6","isMergeCommit":false,"messageTitle":"Finished the implementation of Level-5","messageBody":"","fileTypesAndContributionMap":{"java":{"insertions":72,"deletions":32}}},{"hash":"bc0e454511241f2299b1eb419b8ae60ddd4da53f","isMergeCommit":true,"messageTitle":"Merge branch \u0027branch-Level-5\u0027","messageBody":"","fileTypesAndContributionMap":{}}]},{"date":"2024-02-21","commitResults":[{"hash":"c5eb30bccde80ab6f4c72a93c7f8ea5ee4062322","isMergeCommit":false,"messageTitle":"finish the implementation of task 6, add the delete method.","messageBody":"","fileTypesAndContributionMap":{"java":{"insertions":43,"deletions":35}}}]},{"date":"2024-02-22","commitResults":[{"hash":"1979a3f1152a974d89134a29f4315207e25dc7bb","isMergeCommit":false,"messageTitle":"finish the implementation of Level-7","messageBody":"","fileTypesAndContributionMap":{"java":{"insertions":130,"deletions":3}}},{"hash":"a8cf5a83d8816bf20672c97150d716e8977c0e44","isMergeCommit":true,"messageTitle":"Merge branch \u0027branch-Level-7\u0027","messageBody":"","fileTypesAndContributionMap":{}},{"hash":"6ecd86d834ecd31d692aa543e869e83076dcd3ec","isMergeCommit":true,"messageTitle":"fixed the merge conflict of task6 and task7","messageBody":"","fileTypesAndContributionMap":{}}]}]},"authorFileTypeContributionMap":{"yzhanglp":{"java":329,"md":0,"fxml":0,"sh":0,"bat":0,"gradle":0,"txt":0}},"authorContributionVariance":{"yzhanglp":1261.1643},"authorDisplayNameMap":{"yzhanglp":"CS2113-T13-1 ZHAN..UHAO"}}
