[{"path":"src/main/java/Deadline.java","fileType":"java","lines":[{"lineNumber":1,"author":{"gitId":"ZhouJunmin"},"content":"public class Deadline extends Task{","lastModifiedDate":"2024-02-07"},{"lineNumber":2,"author":{"gitId":"ZhouJunmin"},"content":"","lastModifiedDate":"2024-02-07"},{"lineNumber":3,"author":{"gitId":"ZhouJunmin"},"content":"    protected String deadline;","lastModifiedDate":"2024-02-07"},{"lineNumber":4,"author":{"gitId":"ZhouJunmin"},"content":"","lastModifiedDate":"2024-02-07"},{"lineNumber":5,"author":{"gitId":"ZhouJunmin"},"content":"    public Deadline(){","lastModifiedDate":"2024-02-07"},{"lineNumber":6,"author":{"gitId":"ZhouJunmin"},"content":"        super(null);","lastModifiedDate":"2024-02-07"},{"lineNumber":7,"author":{"gitId":"ZhouJunmin"},"content":"    }","lastModifiedDate":"2024-02-07"},{"lineNumber":8,"author":{"gitId":"ZhouJunmin"},"content":"","lastModifiedDate":"2024-02-07"},{"lineNumber":9,"author":{"gitId":"ZhouJunmin"},"content":"    public Deadline(String line){","lastModifiedDate":"2024-02-07"},{"lineNumber":10,"author":{"gitId":"ZhouJunmin"},"content":"        super(line);","lastModifiedDate":"2024-02-07"},{"lineNumber":11,"author":{"gitId":"ZhouJunmin"},"content":"        taskType \u003d \"D\";","lastModifiedDate":"2024-02-07"},{"lineNumber":12,"author":{"gitId":"ZhouJunmin"},"content":"        int dividerIndex \u003d line.indexOf(\"/\");","lastModifiedDate":"2024-02-07"},{"lineNumber":13,"author":{"gitId":"ZhouJunmin"},"content":"        if(dividerIndex \u003d\u003d -1){","lastModifiedDate":"2024-02-07"},{"lineNumber":14,"author":{"gitId":"ZhouJunmin"},"content":"            setTaskName(line);","lastModifiedDate":"2024-02-07"},{"lineNumber":15,"author":{"gitId":"ZhouJunmin"},"content":"            setDeadline(null);","lastModifiedDate":"2024-02-07"},{"lineNumber":16,"author":{"gitId":"ZhouJunmin"},"content":"            return;","lastModifiedDate":"2024-02-07"},{"lineNumber":17,"author":{"gitId":"ZhouJunmin"},"content":"        }","lastModifiedDate":"2024-02-07"},{"lineNumber":18,"author":{"gitId":"ZhouJunmin"},"content":"        String deadline \u003d line.substring(dividerIndex + 4);","lastModifiedDate":"2024-02-07"},{"lineNumber":19,"author":{"gitId":"ZhouJunmin"},"content":"        setDeadline(deadline);","lastModifiedDate":"2024-02-07"},{"lineNumber":20,"author":{"gitId":"ZhouJunmin"},"content":"        taskName \u003d line.substring(0, dividerIndex - 1);","lastModifiedDate":"2024-02-07"},{"lineNumber":21,"author":{"gitId":"ZhouJunmin"},"content":"        setTaskName(taskName);","lastModifiedDate":"2024-02-07"},{"lineNumber":22,"author":{"gitId":"ZhouJunmin"},"content":"    }","lastModifiedDate":"2024-02-07"},{"lineNumber":23,"author":{"gitId":"ZhouJunmin"},"content":"","lastModifiedDate":"2024-02-07"},{"lineNumber":24,"author":{"gitId":"ZhouJunmin"},"content":"    public String getDeadline(){","lastModifiedDate":"2024-02-07"},{"lineNumber":25,"author":{"gitId":"ZhouJunmin"},"content":"        return deadline;","lastModifiedDate":"2024-02-07"},{"lineNumber":26,"author":{"gitId":"ZhouJunmin"},"content":"    }","lastModifiedDate":"2024-02-07"},{"lineNumber":27,"author":{"gitId":"ZhouJunmin"},"content":"","lastModifiedDate":"2024-02-07"},{"lineNumber":28,"author":{"gitId":"ZhouJunmin"},"content":"    public void setDeadline(String deadline){","lastModifiedDate":"2024-02-07"},{"lineNumber":29,"author":{"gitId":"ZhouJunmin"},"content":"        this.deadline \u003d deadline;","lastModifiedDate":"2024-02-07"},{"lineNumber":30,"author":{"gitId":"ZhouJunmin"},"content":"    }","lastModifiedDate":"2024-02-07"},{"lineNumber":31,"author":{"gitId":"ZhouJunmin"},"content":"","lastModifiedDate":"2024-02-07"},{"lineNumber":32,"author":{"gitId":"ZhouJunmin"},"content":"    @Override","lastModifiedDate":"2024-02-07"},{"lineNumber":33,"author":{"gitId":"ZhouJunmin"},"content":"    public String toString(){","lastModifiedDate":"2024-02-07"},{"lineNumber":34,"author":{"gitId":"ZhouJunmin"},"content":"        return String.format(\"[%s][%s] %s (by %s)\", taskType, doneSymbol, taskName, deadline);","lastModifiedDate":"2024-02-07"},{"lineNumber":35,"author":{"gitId":"ZhouJunmin"},"content":"    }","lastModifiedDate":"2024-02-07"},{"lineNumber":36,"author":{"gitId":"ZhouJunmin"},"content":"","lastModifiedDate":"2024-02-07"},{"lineNumber":37,"author":{"gitId":"ZhouJunmin"},"content":"}","lastModifiedDate":"2024-02-07"}],"authorContributionMap":{"ZhouJunmin":37}},{"path":"src/main/java/Event.java","fileType":"java","lines":[{"lineNumber":1,"author":{"gitId":"ZhouJunmin"},"content":"public class Event extends Task{","lastModifiedDate":"2024-02-07"},{"lineNumber":2,"author":{"gitId":"ZhouJunmin"},"content":"","lastModifiedDate":"2024-02-07"},{"lineNumber":3,"author":{"gitId":"ZhouJunmin"},"content":"    protected String startTime;","lastModifiedDate":"2024-02-07"},{"lineNumber":4,"author":{"gitId":"ZhouJunmin"},"content":"    protected String endTime;","lastModifiedDate":"2024-02-07"},{"lineNumber":5,"author":{"gitId":"ZhouJunmin"},"content":"","lastModifiedDate":"2024-02-07"},{"lineNumber":6,"author":{"gitId":"ZhouJunmin"},"content":"    public Event(){","lastModifiedDate":"2024-02-07"},{"lineNumber":7,"author":{"gitId":"ZhouJunmin"},"content":"        super(null);","lastModifiedDate":"2024-02-07"},{"lineNumber":8,"author":{"gitId":"ZhouJunmin"},"content":"    }","lastModifiedDate":"2024-02-07"},{"lineNumber":9,"author":{"gitId":"ZhouJunmin"},"content":"","lastModifiedDate":"2024-02-07"},{"lineNumber":10,"author":{"gitId":"ZhouJunmin"},"content":"    public Event(String line){","lastModifiedDate":"2024-02-07"},{"lineNumber":11,"author":{"gitId":"ZhouJunmin"},"content":"        super(line);","lastModifiedDate":"2024-02-07"},{"lineNumber":12,"author":{"gitId":"ZhouJunmin"},"content":"        taskType \u003d \"E\";","lastModifiedDate":"2024-02-07"},{"lineNumber":13,"author":{"gitId":"ZhouJunmin"},"content":"        int startDividerIndex \u003d line.indexOf(\"/\");","lastModifiedDate":"2024-02-07"},{"lineNumber":14,"author":{"gitId":"ZhouJunmin"},"content":"        if(startDividerIndex \u003d\u003d -1){","lastModifiedDate":"2024-02-07"},{"lineNumber":15,"author":{"gitId":"ZhouJunmin"},"content":"            setTaskName(line);","lastModifiedDate":"2024-02-07"},{"lineNumber":16,"author":{"gitId":"ZhouJunmin"},"content":"            setStartTime(null);","lastModifiedDate":"2024-02-07"},{"lineNumber":17,"author":{"gitId":"ZhouJunmin"},"content":"            setEndTime(null);","lastModifiedDate":"2024-02-07"},{"lineNumber":18,"author":{"gitId":"ZhouJunmin"},"content":"            return;","lastModifiedDate":"2024-02-07"},{"lineNumber":19,"author":{"gitId":"ZhouJunmin"},"content":"        }","lastModifiedDate":"2024-02-07"},{"lineNumber":20,"author":{"gitId":"ZhouJunmin"},"content":"        int endDividerIndex \u003d line.substring(startDividerIndex + 1).indexOf(\"/\") + startDividerIndex + 1;","lastModifiedDate":"2024-02-07"},{"lineNumber":21,"author":{"gitId":"ZhouJunmin"},"content":"        if(endDividerIndex \u003d\u003d startDividerIndex){","lastModifiedDate":"2024-02-07"},{"lineNumber":22,"author":{"gitId":"ZhouJunmin"},"content":"            String startTime \u003d line.substring(startDividerIndex + 6);","lastModifiedDate":"2024-02-07"},{"lineNumber":23,"author":{"gitId":"ZhouJunmin"},"content":"            String taskName \u003d line.substring(0, startDividerIndex - 1);","lastModifiedDate":"2024-02-07"},{"lineNumber":24,"author":{"gitId":"ZhouJunmin"},"content":"            setTaskName(taskName);","lastModifiedDate":"2024-02-07"},{"lineNumber":25,"author":{"gitId":"ZhouJunmin"},"content":"            setStartTime(startTime);","lastModifiedDate":"2024-02-07"},{"lineNumber":26,"author":{"gitId":"ZhouJunmin"},"content":"            setEndTime(null);","lastModifiedDate":"2024-02-07"},{"lineNumber":27,"author":{"gitId":"ZhouJunmin"},"content":"            return;","lastModifiedDate":"2024-02-07"},{"lineNumber":28,"author":{"gitId":"ZhouJunmin"},"content":"        }","lastModifiedDate":"2024-02-07"},{"lineNumber":29,"author":{"gitId":"ZhouJunmin"},"content":"        String startTime \u003d line.substring(startDividerIndex + 6, endDividerIndex - 1);","lastModifiedDate":"2024-02-07"},{"lineNumber":30,"author":{"gitId":"ZhouJunmin"},"content":"        String endTime \u003d line.substring(endDividerIndex + 4);","lastModifiedDate":"2024-02-07"},{"lineNumber":31,"author":{"gitId":"ZhouJunmin"},"content":"        String taskName \u003d line.substring(0, startDividerIndex - 1);","lastModifiedDate":"2024-02-07"},{"lineNumber":32,"author":{"gitId":"ZhouJunmin"},"content":"    }","lastModifiedDate":"2024-02-07"},{"lineNumber":33,"author":{"gitId":"ZhouJunmin"},"content":"","lastModifiedDate":"2024-02-07"},{"lineNumber":34,"author":{"gitId":"ZhouJunmin"},"content":"    public String getStartTime(){","lastModifiedDate":"2024-02-07"},{"lineNumber":35,"author":{"gitId":"ZhouJunmin"},"content":"        return startTime;","lastModifiedDate":"2024-02-07"},{"lineNumber":36,"author":{"gitId":"ZhouJunmin"},"content":"    }","lastModifiedDate":"2024-02-07"},{"lineNumber":37,"author":{"gitId":"ZhouJunmin"},"content":"","lastModifiedDate":"2024-02-07"},{"lineNumber":38,"author":{"gitId":"ZhouJunmin"},"content":"    public String getEndTime(){","lastModifiedDate":"2024-02-07"},{"lineNumber":39,"author":{"gitId":"ZhouJunmin"},"content":"        return endTime;","lastModifiedDate":"2024-02-07"},{"lineNumber":40,"author":{"gitId":"ZhouJunmin"},"content":"    }","lastModifiedDate":"2024-02-07"},{"lineNumber":41,"author":{"gitId":"ZhouJunmin"},"content":"","lastModifiedDate":"2024-02-07"},{"lineNumber":42,"author":{"gitId":"ZhouJunmin"},"content":"    public void setStartTime(String startTime){","lastModifiedDate":"2024-02-07"},{"lineNumber":43,"author":{"gitId":"ZhouJunmin"},"content":"        this.startTime \u003d startTime;","lastModifiedDate":"2024-02-07"},{"lineNumber":44,"author":{"gitId":"ZhouJunmin"},"content":"    }","lastModifiedDate":"2024-02-07"},{"lineNumber":45,"author":{"gitId":"ZhouJunmin"},"content":"","lastModifiedDate":"2024-02-07"},{"lineNumber":46,"author":{"gitId":"ZhouJunmin"},"content":"    public void setEndTime(String endTime){","lastModifiedDate":"2024-02-07"},{"lineNumber":47,"author":{"gitId":"ZhouJunmin"},"content":"        this.endTime \u003d endTime;","lastModifiedDate":"2024-02-07"},{"lineNumber":48,"author":{"gitId":"ZhouJunmin"},"content":"    }","lastModifiedDate":"2024-02-07"},{"lineNumber":49,"author":{"gitId":"ZhouJunmin"},"content":"","lastModifiedDate":"2024-02-07"},{"lineNumber":50,"author":{"gitId":"ZhouJunmin"},"content":"    @Override","lastModifiedDate":"2024-02-07"},{"lineNumber":51,"author":{"gitId":"ZhouJunmin"},"content":"    public String toString(){","lastModifiedDate":"2024-02-07"},{"lineNumber":52,"author":{"gitId":"ZhouJunmin"},"content":"        return String.format(\"[%s][%s] %s (from: %s to: %s)\", taskType, doneSymbol, taskName, startTime, endTime);","lastModifiedDate":"2024-02-07"},{"lineNumber":53,"author":{"gitId":"ZhouJunmin"},"content":"    }","lastModifiedDate":"2024-02-07"},{"lineNumber":54,"author":{"gitId":"ZhouJunmin"},"content":"","lastModifiedDate":"2024-02-07"},{"lineNumber":55,"author":{"gitId":"ZhouJunmin"},"content":"}","lastModifiedDate":"2024-02-07"}],"authorContributionMap":{"ZhouJunmin":55}},{"path":"src/main/java/Kyrene.java","fileType":"java","lines":[{"lineNumber":1,"author":{"gitId":"ZhouJunmin"},"content":"import java.util.Scanner;","lastModifiedDate":"2024-01-31"},{"lineNumber":2,"author":{"gitId":"ZhouJunmin"},"content":"","lastModifiedDate":"2024-01-31"},{"lineNumber":3,"author":{"gitId":"ZhouJunmin"},"content":"public class Kyrene {","lastModifiedDate":"2024-01-31"},{"lineNumber":4,"author":{"gitId":"ZhouJunmin"},"content":"    final static String LOGO \u003d \"    _   _  _    _  ____   ____  _   _  ____\\n\"","lastModifiedDate":"2024-01-31"},{"lineNumber":5,"author":{"gitId":"ZhouJunmin"},"content":"            + \"    | | / /\\\\ \\\\  / /|  _ \\\\ | ___|| \\\\ | || ___|\\n\"","lastModifiedDate":"2024-01-31"},{"lineNumber":6,"author":{"gitId":"ZhouJunmin"},"content":"            + \"    | |/ /  \\\\ \\\\/ / | |_| || \u003d\u003d\u003d||  \\\\| || \u003d\u003d\u003d|\\n\"","lastModifiedDate":"2024-01-31"},{"lineNumber":7,"author":{"gitId":"ZhouJunmin"},"content":"            + \"    | |\\\\ \\\\   |  |  | |\\\\ / | |__ | |\\\\  || |__\\n\"","lastModifiedDate":"2024-01-31"},{"lineNumber":8,"author":{"gitId":"ZhouJunmin"},"content":"            + \"    |_| \\\\_\\\\  |__|  |_| \\\\_\\\\|____||_| \\\\_||____|   by Zhou Junmin\\n\";","lastModifiedDate":"2024-01-31"},{"lineNumber":9,"author":{"gitId":"ZhouJunmin"},"content":"    final static String DIVIDER \u003d \"    ⭐__________________________________________________________⭐\\n\";","lastModifiedDate":"2024-01-31"},{"lineNumber":10,"author":{"gitId":"ZhouJunmin"},"content":"    final static String GREETING \u003d \"    Hi, I am Kyrene, your private reminder assistant.\\n\"","lastModifiedDate":"2024-01-31"},{"lineNumber":11,"author":{"gitId":"ZhouJunmin"},"content":"            + \"    What can I do for you?\\n\";","lastModifiedDate":"2024-01-31"},{"lineNumber":12,"author":{"gitId":"ZhouJunmin"},"content":"    final static String BYE \u003d \"    Bye! Wish to see you again soon!\\n\";","lastModifiedDate":"2024-01-31"},{"lineNumber":13,"author":{"gitId":"ZhouJunmin"},"content":"    final static String ERROR_TASK_NOT_EXIST \u003d \"    Sorry! This task does not exist.\\n\";","lastModifiedDate":"2024-02-07"},{"lineNumber":14,"author":{"gitId":"ZhouJunmin"},"content":"","lastModifiedDate":"2024-02-07"},{"lineNumber":15,"author":{"gitId":"ZhouJunmin"},"content":"    public static Task[] tasks \u003d new Task[100];","lastModifiedDate":"2024-02-07"},{"lineNumber":16,"author":{"gitId":"ZhouJunmin"},"content":"    public static int taskCount \u003d 0;","lastModifiedDate":"2024-02-07"},{"lineNumber":17,"author":{"gitId":"ZhouJunmin"},"content":"","lastModifiedDate":"2024-01-31"},{"lineNumber":18,"author":{"gitId":"ZhouJunmin"},"content":"    public static void initKyrene(){","lastModifiedDate":"2024-01-31"},{"lineNumber":19,"author":{"gitId":"ZhouJunmin"},"content":"        System.out.println(DIVIDER);","lastModifiedDate":"2024-01-31"},{"lineNumber":20,"author":{"gitId":"ZhouJunmin"},"content":"        System.out.println(LOGO);","lastModifiedDate":"2024-01-31"},{"lineNumber":21,"author":{"gitId":"ZhouJunmin"},"content":"        System.out.println(DIVIDER);","lastModifiedDate":"2024-01-31"},{"lineNumber":22,"author":{"gitId":"ZhouJunmin"},"content":"        System.out.println(GREETING);","lastModifiedDate":"2024-01-31"},{"lineNumber":23,"author":{"gitId":"ZhouJunmin"},"content":"        System.out.println(DIVIDER);","lastModifiedDate":"2024-01-31"},{"lineNumber":24,"author":{"gitId":"ZhouJunmin"},"content":"    }","lastModifiedDate":"2024-01-31"},{"lineNumber":25,"author":{"gitId":"ZhouJunmin"},"content":"","lastModifiedDate":"2024-01-31"},{"lineNumber":26,"author":{"gitId":"ZhouJunmin"},"content":"    public static void exitKyrene(){","lastModifiedDate":"2024-01-31"},{"lineNumber":27,"author":{"gitId":"ZhouJunmin"},"content":"        System.out.println(BYE);","lastModifiedDate":"2024-01-31"},{"lineNumber":28,"author":{"gitId":"ZhouJunmin"},"content":"        System.out.println(DIVIDER);","lastModifiedDate":"2024-01-31"},{"lineNumber":29,"author":{"gitId":"ZhouJunmin"},"content":"    }","lastModifiedDate":"2024-01-31"},{"lineNumber":30,"author":{"gitId":"ZhouJunmin"},"content":"","lastModifiedDate":"2024-01-31"},{"lineNumber":31,"author":{"gitId":"ZhouJunmin"},"content":"    public static void addTask(String sentence){","lastModifiedDate":"2024-02-07"},{"lineNumber":32,"author":{"gitId":"ZhouJunmin"},"content":"","lastModifiedDate":"2024-02-07"},{"lineNumber":33,"author":{"gitId":"ZhouJunmin"},"content":"        if(sentence.startsWith(\"todo \")){","lastModifiedDate":"2024-02-07"},{"lineNumber":34,"author":{"gitId":"ZhouJunmin"},"content":"            tasks[taskCount] \u003d new Todo(sentence.substring(5));","lastModifiedDate":"2024-02-07"},{"lineNumber":35,"author":{"gitId":"ZhouJunmin"},"content":"        }","lastModifiedDate":"2024-02-07"},{"lineNumber":36,"author":{"gitId":"ZhouJunmin"},"content":"        else if(sentence.startsWith(\"deadline \")){","lastModifiedDate":"2024-02-07"},{"lineNumber":37,"author":{"gitId":"ZhouJunmin"},"content":"            tasks[taskCount] \u003d new Deadline(sentence.substring(9));","lastModifiedDate":"2024-02-07"},{"lineNumber":38,"author":{"gitId":"ZhouJunmin"},"content":"        }","lastModifiedDate":"2024-02-07"},{"lineNumber":39,"author":{"gitId":"ZhouJunmin"},"content":"        else if(sentence.startsWith(\"event \")){","lastModifiedDate":"2024-02-07"},{"lineNumber":40,"author":{"gitId":"ZhouJunmin"},"content":"            tasks[taskCount] \u003d new Event(sentence.substring(6));","lastModifiedDate":"2024-02-07"},{"lineNumber":41,"author":{"gitId":"ZhouJunmin"},"content":"        }","lastModifiedDate":"2024-02-07"},{"lineNumber":42,"author":{"gitId":"ZhouJunmin"},"content":"        else{","lastModifiedDate":"2024-02-07"},{"lineNumber":43,"author":{"gitId":"ZhouJunmin"},"content":"            tasks[taskCount] \u003d new Task(sentence);","lastModifiedDate":"2024-02-07"},{"lineNumber":44,"author":{"gitId":"ZhouJunmin"},"content":"        }","lastModifiedDate":"2024-02-07"},{"lineNumber":45,"author":{"gitId":"ZhouJunmin"},"content":"","lastModifiedDate":"2024-02-07"},{"lineNumber":46,"author":{"gitId":"ZhouJunmin"},"content":"        System.out.println(\"    Task has been successfully added: \" + tasks[taskCount].toString());","lastModifiedDate":"2024-02-07"},{"lineNumber":47,"author":{"gitId":"ZhouJunmin"},"content":"        taskCount++;","lastModifiedDate":"2024-02-07"},{"lineNumber":48,"author":{"gitId":"ZhouJunmin"},"content":"        if(taskCount \u003d\u003d 1){","lastModifiedDate":"2024-02-07"},{"lineNumber":49,"author":{"gitId":"ZhouJunmin"},"content":"            System.out.printf(\"    Now you have %d task(including finished ones) in your list.\\n\\n\", taskCount);","lastModifiedDate":"2024-02-07"},{"lineNumber":50,"author":{"gitId":"ZhouJunmin"},"content":"        }","lastModifiedDate":"2024-02-07"},{"lineNumber":51,"author":{"gitId":"ZhouJunmin"},"content":"        else{","lastModifiedDate":"2024-02-07"},{"lineNumber":52,"author":{"gitId":"ZhouJunmin"},"content":"            System.out.printf(\"    Now you have %d tasks(including finished ones) in your list.\\n\\n\", taskCount);","lastModifiedDate":"2024-02-07"},{"lineNumber":53,"author":{"gitId":"ZhouJunmin"},"content":"        }","lastModifiedDate":"2024-02-07"},{"lineNumber":54,"author":{"gitId":"ZhouJunmin"},"content":"        printDivider();","lastModifiedDate":"2024-02-07"},{"lineNumber":55,"author":{"gitId":"ZhouJunmin"},"content":"        ","lastModifiedDate":"2024-02-07"},{"lineNumber":56,"author":{"gitId":"ZhouJunmin"},"content":"    }","lastModifiedDate":"2024-02-07"},{"lineNumber":57,"author":{"gitId":"ZhouJunmin"},"content":"","lastModifiedDate":"2024-02-07"},{"lineNumber":58,"author":{"gitId":"ZhouJunmin"},"content":"    public static void markTask(int taskNumber){","lastModifiedDate":"2024-02-07"},{"lineNumber":59,"author":{"gitId":"ZhouJunmin"},"content":"        if(taskNumber \u003c 1 || taskNumber \u003e taskCount){","lastModifiedDate":"2024-02-07"},{"lineNumber":60,"author":{"gitId":"ZhouJunmin"},"content":"            System.out.println(ERROR_TASK_NOT_EXIST);","lastModifiedDate":"2024-02-07"},{"lineNumber":61,"author":{"gitId":"ZhouJunmin"},"content":"            printDivider();","lastModifiedDate":"2024-02-07"},{"lineNumber":62,"author":{"gitId":"ZhouJunmin"},"content":"            return;","lastModifiedDate":"2024-02-07"},{"lineNumber":63,"author":{"gitId":"ZhouJunmin"},"content":"        }","lastModifiedDate":"2024-02-07"},{"lineNumber":64,"author":{"gitId":"ZhouJunmin"},"content":"        tasks[taskNumber - 1].setDone(true);","lastModifiedDate":"2024-02-07"},{"lineNumber":65,"author":{"gitId":"ZhouJunmin"},"content":"        System.out.println(\"    Congrats! Task \" + taskNumber + \" is done!\\n\");","lastModifiedDate":"2024-02-07"},{"lineNumber":66,"author":{"gitId":"ZhouJunmin"},"content":"        printDivider();","lastModifiedDate":"2024-02-07"},{"lineNumber":67,"author":{"gitId":"ZhouJunmin"},"content":"    }","lastModifiedDate":"2024-02-07"},{"lineNumber":68,"author":{"gitId":"ZhouJunmin"},"content":"","lastModifiedDate":"2024-02-07"},{"lineNumber":69,"author":{"gitId":"ZhouJunmin"},"content":"    public static void unmarkTask(int taskNumber){","lastModifiedDate":"2024-02-07"},{"lineNumber":70,"author":{"gitId":"ZhouJunmin"},"content":"        if(taskNumber \u003c 1 || taskNumber \u003e taskCount){","lastModifiedDate":"2024-02-07"},{"lineNumber":71,"author":{"gitId":"ZhouJunmin"},"content":"            System.out.println(ERROR_TASK_NOT_EXIST);","lastModifiedDate":"2024-02-07"},{"lineNumber":72,"author":{"gitId":"ZhouJunmin"},"content":"            printDivider();","lastModifiedDate":"2024-02-07"},{"lineNumber":73,"author":{"gitId":"ZhouJunmin"},"content":"            return;","lastModifiedDate":"2024-02-07"},{"lineNumber":74,"author":{"gitId":"ZhouJunmin"},"content":"        }","lastModifiedDate":"2024-02-07"},{"lineNumber":75,"author":{"gitId":"ZhouJunmin"},"content":"        tasks[taskNumber - 1].setDone(false);","lastModifiedDate":"2024-02-07"},{"lineNumber":76,"author":{"gitId":"ZhouJunmin"},"content":"        System.out.println(\"    Task \" + taskNumber + \" is marked as not done.\\n\");","lastModifiedDate":"2024-02-07"},{"lineNumber":77,"author":{"gitId":"ZhouJunmin"},"content":"        printDivider();","lastModifiedDate":"2024-02-07"},{"lineNumber":78,"author":{"gitId":"ZhouJunmin"},"content":"    }","lastModifiedDate":"2024-02-07"},{"lineNumber":79,"author":{"gitId":"ZhouJunmin"},"content":"","lastModifiedDate":"2024-02-07"},{"lineNumber":80,"author":{"gitId":"ZhouJunmin"},"content":"    public static void printDivider(){","lastModifiedDate":"2024-02-07"},{"lineNumber":81,"author":{"gitId":"ZhouJunmin"},"content":"        System.out.println(DIVIDER);","lastModifiedDate":"2024-01-31"},{"lineNumber":82,"author":{"gitId":"ZhouJunmin"},"content":"    }","lastModifiedDate":"2024-02-07"},{"lineNumber":83,"author":{"gitId":"ZhouJunmin"},"content":"","lastModifiedDate":"2024-02-07"},{"lineNumber":84,"author":{"gitId":"ZhouJunmin"},"content":"    public static void printTasks() {","lastModifiedDate":"2024-02-07"},{"lineNumber":85,"author":{"gitId":"ZhouJunmin"},"content":"        System.out.println(\"    Here is your to-do list:\");","lastModifiedDate":"2024-02-07"},{"lineNumber":86,"author":{"gitId":"ZhouJunmin"},"content":"        for(int i \u003d 0; i \u003c taskCount; i++){","lastModifiedDate":"2024-02-07"},{"lineNumber":87,"author":{"gitId":"ZhouJunmin"},"content":"            System.out.printf(\"        %d.%s\\n\", i + 1, tasks[i].toString());","lastModifiedDate":"2024-02-07"},{"lineNumber":88,"author":{"gitId":"ZhouJunmin"},"content":"        }","lastModifiedDate":"2024-02-07"},{"lineNumber":89,"author":{"gitId":"ZhouJunmin"},"content":"        System.out.print(\"\\n\");","lastModifiedDate":"2024-02-07"},{"lineNumber":90,"author":{"gitId":"ZhouJunmin"},"content":"    }","lastModifiedDate":"2024-02-07"},{"lineNumber":91,"author":{"gitId":"ZhouJunmin"},"content":"","lastModifiedDate":"2024-02-07"},{"lineNumber":92,"author":{"gitId":"ZhouJunmin"},"content":"    public static boolean converseKyrene(String sentence){","lastModifiedDate":"2024-02-07"},{"lineNumber":93,"author":{"gitId":"ZhouJunmin"},"content":"        boolean isEnd \u003d false;","lastModifiedDate":"2024-02-07"},{"lineNumber":94,"author":{"gitId":"ZhouJunmin"},"content":"        printDivider();","lastModifiedDate":"2024-02-07"},{"lineNumber":95,"author":{"gitId":"ZhouJunmin"},"content":"        if(sentence.equals(\"bye\")){","lastModifiedDate":"2024-01-31"},{"lineNumber":96,"author":{"gitId":"ZhouJunmin"},"content":"            isEnd \u003d true;","lastModifiedDate":"2024-02-07"},{"lineNumber":97,"author":{"gitId":"ZhouJunmin"},"content":"            exitKyrene();","lastModifiedDate":"2024-01-31"},{"lineNumber":98,"author":{"gitId":"ZhouJunmin"},"content":"            return isEnd;","lastModifiedDate":"2024-02-07"},{"lineNumber":99,"author":{"gitId":"ZhouJunmin"},"content":"        }","lastModifiedDate":"2024-01-31"},{"lineNumber":100,"author":{"gitId":"ZhouJunmin"},"content":"        else if(sentence.equals(\"list\")){","lastModifiedDate":"2024-01-31"},{"lineNumber":101,"author":{"gitId":"ZhouJunmin"},"content":"            printTasks();","lastModifiedDate":"2024-02-07"},{"lineNumber":102,"author":{"gitId":"ZhouJunmin"},"content":"            printDivider();","lastModifiedDate":"2024-02-07"},{"lineNumber":103,"author":{"gitId":"ZhouJunmin"},"content":"        }","lastModifiedDate":"2024-01-31"},{"lineNumber":104,"author":{"gitId":"ZhouJunmin"},"content":"        else if(sentence.startsWith(\"mark \")){","lastModifiedDate":"2024-01-31"},{"lineNumber":105,"author":{"gitId":"ZhouJunmin"},"content":"            int taskNumber \u003d Integer.parseInt(sentence.substring(5));","lastModifiedDate":"2024-01-31"},{"lineNumber":106,"author":{"gitId":"ZhouJunmin"},"content":"            markTask(taskNumber);","lastModifiedDate":"2024-02-07"},{"lineNumber":107,"author":{"gitId":"ZhouJunmin"},"content":"        }","lastModifiedDate":"2024-01-31"},{"lineNumber":108,"author":{"gitId":"ZhouJunmin"},"content":"        else if(sentence.startsWith(\"unmark \")){","lastModifiedDate":"2024-01-31"},{"lineNumber":109,"author":{"gitId":"ZhouJunmin"},"content":"            int taskNumber \u003d Integer.parseInt(sentence.substring(7));","lastModifiedDate":"2024-01-31"},{"lineNumber":110,"author":{"gitId":"ZhouJunmin"},"content":"            unmarkTask(taskNumber);","lastModifiedDate":"2024-02-07"},{"lineNumber":111,"author":{"gitId":"ZhouJunmin"},"content":"        }","lastModifiedDate":"2024-01-31"},{"lineNumber":112,"author":{"gitId":"ZhouJunmin"},"content":"        else{","lastModifiedDate":"2024-01-31"},{"lineNumber":113,"author":{"gitId":"ZhouJunmin"},"content":"            addTask(sentence);","lastModifiedDate":"2024-02-07"},{"lineNumber":114,"author":{"gitId":"ZhouJunmin"},"content":"        }","lastModifiedDate":"2024-01-31"},{"lineNumber":115,"author":{"gitId":"ZhouJunmin"},"content":"        return isEnd;","lastModifiedDate":"2024-02-07"},{"lineNumber":116,"author":{"gitId":"ZhouJunmin"},"content":"    }","lastModifiedDate":"2024-01-31"},{"lineNumber":117,"author":{"gitId":"ZhouJunmin"},"content":"","lastModifiedDate":"2024-01-31"},{"lineNumber":118,"author":{"gitId":"ZhouJunmin"},"content":"    public static void main(String[] args) {","lastModifiedDate":"2024-01-31"},{"lineNumber":119,"author":{"gitId":"ZhouJunmin"},"content":"        initKyrene();","lastModifiedDate":"2024-01-31"},{"lineNumber":120,"author":{"gitId":"ZhouJunmin"},"content":"        Scanner input \u003d new Scanner(System.in);","lastModifiedDate":"2024-01-31"},{"lineNumber":121,"author":{"gitId":"ZhouJunmin"},"content":"        String line;","lastModifiedDate":"2024-01-31"},{"lineNumber":122,"author":{"gitId":"ZhouJunmin"},"content":"        boolean exitFlag \u003d false;","lastModifiedDate":"2024-01-31"},{"lineNumber":123,"author":{"gitId":"ZhouJunmin"},"content":"        while (!exitFlag){","lastModifiedDate":"2024-01-31"},{"lineNumber":124,"author":{"gitId":"ZhouJunmin"},"content":"            line \u003d input.nextLine();","lastModifiedDate":"2024-01-31"},{"lineNumber":125,"author":{"gitId":"ZhouJunmin"},"content":"            exitFlag \u003d converseKyrene(line);","lastModifiedDate":"2024-01-31"},{"lineNumber":126,"author":{"gitId":"ZhouJunmin"},"content":"        }","lastModifiedDate":"2024-01-31"},{"lineNumber":127,"author":{"gitId":"ZhouJunmin"},"content":"    }","lastModifiedDate":"2024-01-31"},{"lineNumber":128,"author":{"gitId":"ZhouJunmin"},"content":"","lastModifiedDate":"2024-01-31"},{"lineNumber":129,"author":{"gitId":"ZhouJunmin"},"content":"}","lastModifiedDate":"2024-01-31"}],"authorContributionMap":{"ZhouJunmin":129}},{"path":"src/main/java/Task.java","fileType":"java","lines":[{"lineNumber":1,"author":{"gitId":"ZhouJunmin"},"content":"public class Task {","lastModifiedDate":"2024-01-31"},{"lineNumber":2,"author":{"gitId":"ZhouJunmin"},"content":"    protected String taskName;","lastModifiedDate":"2024-02-07"},{"lineNumber":3,"author":{"gitId":"ZhouJunmin"},"content":"    protected boolean isDone;","lastModifiedDate":"2024-02-07"},{"lineNumber":4,"author":{"gitId":"ZhouJunmin"},"content":"    protected String doneSymbol;","lastModifiedDate":"2024-02-07"},{"lineNumber":5,"author":{"gitId":"ZhouJunmin"},"content":"    protected String taskType;","lastModifiedDate":"2024-02-07"},{"lineNumber":6,"author":{"gitId":"ZhouJunmin"},"content":"","lastModifiedDate":"2024-01-31"},{"lineNumber":7,"author":{"gitId":"ZhouJunmin"},"content":"    public Task(){","lastModifiedDate":"2024-01-31"},{"lineNumber":8,"author":{"gitId":"ZhouJunmin"},"content":"        this(null);","lastModifiedDate":"2024-01-31"},{"lineNumber":9,"author":{"gitId":"ZhouJunmin"},"content":"    }","lastModifiedDate":"2024-01-31"},{"lineNumber":10,"author":{"gitId":"ZhouJunmin"},"content":"","lastModifiedDate":"2024-01-31"},{"lineNumber":11,"author":{"gitId":"ZhouJunmin"},"content":"    public Task(String taskName){","lastModifiedDate":"2024-01-31"},{"lineNumber":12,"author":{"gitId":"ZhouJunmin"},"content":"        if(taskName \u003d\u003d null) {","lastModifiedDate":"2024-02-07"},{"lineNumber":13,"author":{"gitId":"ZhouJunmin"},"content":"            return;","lastModifiedDate":"2024-02-07"},{"lineNumber":14,"author":{"gitId":"ZhouJunmin"},"content":"        }","lastModifiedDate":"2024-01-31"},{"lineNumber":15,"author":{"gitId":"ZhouJunmin"},"content":"        setTaskName(taskName);","lastModifiedDate":"2024-02-07"},{"lineNumber":16,"author":{"gitId":"ZhouJunmin"},"content":"        setDone(false);","lastModifiedDate":"2024-02-07"},{"lineNumber":17,"author":{"gitId":"ZhouJunmin"},"content":"        taskType \u003d null;","lastModifiedDate":"2024-02-07"},{"lineNumber":18,"author":{"gitId":"ZhouJunmin"},"content":"    }","lastModifiedDate":"2024-01-31"},{"lineNumber":19,"author":{"gitId":"ZhouJunmin"},"content":"","lastModifiedDate":"2024-01-31"},{"lineNumber":20,"author":{"gitId":"ZhouJunmin"},"content":"    public String getTaskName() {","lastModifiedDate":"2024-01-31"},{"lineNumber":21,"author":{"gitId":"ZhouJunmin"},"content":"        return taskName;","lastModifiedDate":"2024-01-31"},{"lineNumber":22,"author":{"gitId":"ZhouJunmin"},"content":"    }","lastModifiedDate":"2024-01-31"},{"lineNumber":23,"author":{"gitId":"ZhouJunmin"},"content":"","lastModifiedDate":"2024-01-31"},{"lineNumber":24,"author":{"gitId":"ZhouJunmin"},"content":"    public boolean isDone() {","lastModifiedDate":"2024-02-07"},{"lineNumber":25,"author":{"gitId":"ZhouJunmin"},"content":"        return isDone;","lastModifiedDate":"2024-02-07"},{"lineNumber":26,"author":{"gitId":"ZhouJunmin"},"content":"    }","lastModifiedDate":"2024-01-31"},{"lineNumber":27,"author":{"gitId":"ZhouJunmin"},"content":"","lastModifiedDate":"2024-01-31"},{"lineNumber":28,"author":{"gitId":"ZhouJunmin"},"content":"    public void setTaskName(String taskName) {","lastModifiedDate":"2024-01-31"},{"lineNumber":29,"author":{"gitId":"ZhouJunmin"},"content":"        this.taskName \u003d taskName;","lastModifiedDate":"2024-01-31"},{"lineNumber":30,"author":{"gitId":"ZhouJunmin"},"content":"    }","lastModifiedDate":"2024-01-31"},{"lineNumber":31,"author":{"gitId":"ZhouJunmin"},"content":"","lastModifiedDate":"2024-01-31"},{"lineNumber":32,"author":{"gitId":"ZhouJunmin"},"content":"    public void setDone(boolean isDone){","lastModifiedDate":"2024-02-07"},{"lineNumber":33,"author":{"gitId":"ZhouJunmin"},"content":"        this.isDone \u003d isDone;","lastModifiedDate":"2024-02-07"},{"lineNumber":34,"author":{"gitId":"ZhouJunmin"},"content":"        if(isDone){","lastModifiedDate":"2024-01-31"},{"lineNumber":35,"author":{"gitId":"ZhouJunmin"},"content":"            doneSymbol \u003d \"√\";","lastModifiedDate":"2024-02-07"},{"lineNumber":36,"author":{"gitId":"ZhouJunmin"},"content":"        }","lastModifiedDate":"2024-01-31"},{"lineNumber":37,"author":{"gitId":"ZhouJunmin"},"content":"        else{","lastModifiedDate":"2024-01-31"},{"lineNumber":38,"author":{"gitId":"ZhouJunmin"},"content":"            doneSymbol \u003d \" \";","lastModifiedDate":"2024-02-07"},{"lineNumber":39,"author":{"gitId":"ZhouJunmin"},"content":"        }","lastModifiedDate":"2024-02-07"},{"lineNumber":40,"author":{"gitId":"ZhouJunmin"},"content":"    }","lastModifiedDate":"2024-01-31"},{"lineNumber":41,"author":{"gitId":"ZhouJunmin"},"content":"","lastModifiedDate":"2024-02-07"},{"lineNumber":42,"author":{"gitId":"ZhouJunmin"},"content":"    public String getTaskType(){","lastModifiedDate":"2024-02-07"},{"lineNumber":43,"author":{"gitId":"ZhouJunmin"},"content":"        return taskType;","lastModifiedDate":"2024-02-07"},{"lineNumber":44,"author":{"gitId":"ZhouJunmin"},"content":"    }","lastModifiedDate":"2024-02-07"},{"lineNumber":45,"author":{"gitId":"ZhouJunmin"},"content":"","lastModifiedDate":"2024-02-07"},{"lineNumber":46,"author":{"gitId":"ZhouJunmin"},"content":"    @Override","lastModifiedDate":"2024-02-07"},{"lineNumber":47,"author":{"gitId":"ZhouJunmin"},"content":"    public String toString(){","lastModifiedDate":"2024-02-07"},{"lineNumber":48,"author":{"gitId":"ZhouJunmin"},"content":"        return String.format(\"[%s][%s] %s\", taskType, doneSymbol, taskName);","lastModifiedDate":"2024-02-07"},{"lineNumber":49,"author":{"gitId":"ZhouJunmin"},"content":"    }","lastModifiedDate":"2024-01-31"},{"lineNumber":50,"author":{"gitId":"ZhouJunmin"},"content":"","lastModifiedDate":"2024-01-31"},{"lineNumber":51,"author":{"gitId":"ZhouJunmin"},"content":"}","lastModifiedDate":"2024-01-31"}],"authorContributionMap":{"ZhouJunmin":51}},{"path":"src/main/java/Todo.java","fileType":"java","lines":[{"lineNumber":1,"author":{"gitId":"ZhouJunmin"},"content":"public class Todo extends Task{","lastModifiedDate":"2024-02-07"},{"lineNumber":2,"author":{"gitId":"ZhouJunmin"},"content":"","lastModifiedDate":"2024-02-07"},{"lineNumber":3,"author":{"gitId":"ZhouJunmin"},"content":"    public Todo(){","lastModifiedDate":"2024-02-07"},{"lineNumber":4,"author":{"gitId":"ZhouJunmin"},"content":"        super(null);","lastModifiedDate":"2024-02-07"},{"lineNumber":5,"author":{"gitId":"ZhouJunmin"},"content":"    }","lastModifiedDate":"2024-02-07"},{"lineNumber":6,"author":{"gitId":"ZhouJunmin"},"content":"","lastModifiedDate":"2024-02-07"},{"lineNumber":7,"author":{"gitId":"ZhouJunmin"},"content":"    public Todo(String taskName){","lastModifiedDate":"2024-02-07"},{"lineNumber":8,"author":{"gitId":"ZhouJunmin"},"content":"        super(taskName);","lastModifiedDate":"2024-02-07"},{"lineNumber":9,"author":{"gitId":"ZhouJunmin"},"content":"        taskType \u003d \"T\";","lastModifiedDate":"2024-02-07"},{"lineNumber":10,"author":{"gitId":"ZhouJunmin"},"content":"    }","lastModifiedDate":"2024-02-07"},{"lineNumber":11,"author":{"gitId":"ZhouJunmin"},"content":"","lastModifiedDate":"2024-02-07"},{"lineNumber":12,"author":{"gitId":"ZhouJunmin"},"content":"}","lastModifiedDate":"2024-02-07"}],"authorContributionMap":{"ZhouJunmin":12}}]
