{"authorDailyContributionsMap":{"ZhouJunmin":[{"date":"2024-01-25","commitResults":[{"hash":"c3acad7a88f242c641e2b4ea3b24d808c30a8883","isMergeCommit":false,"messageTitle":"week2","messageBody":"","tags":["Level-0"],"fileTypesAndContributionMap":{"java":{"insertions":17,"deletions":6}}}]},{"date":"2024-01-31","commitResults":[{"hash":"8143c24e2f7c3386d7651a81d2f3e3487a1c81c0","isMergeCommit":false,"messageTitle":"Level 1. Echo","messageBody":"Add Echo function to the renamed chatbot Kyrene\n","tags":["Level-1"],"fileTypesAndContributionMap":{"java":{"insertions":50,"deletions":21}}},{"hash":"2541adf7e44908437e97a6dc9c69c1cf217c11e8","isMergeCommit":false,"messageTitle":"Level 2. Add, List","messageBody":"Add basic add-task functon and list-tasks function to the chatbot\n","tags":["Level-2"],"fileTypesAndContributionMap":{"java":{"insertions":48,"deletions":5}}},{"hash":"1d0e74bbe33ec249f7e43a295994c0073de20dce","isMergeCommit":false,"messageTitle":"Level 3. Mark as Done","messageBody":"Add isDone feature to show the status of the task\n","tags":["Level-3","A-CodingStandard"],"fileTypesAndContributionMap":{"java":{"insertions":35,"deletions":1}}}]},{"date":"2024-02-07","commitResults":[{"hash":"24203cbfe33b2f949e57d834f87914aa0183a11f","isMergeCommit":false,"messageTitle":"Level-4: ToDo, Event, Deadline","messageBody":"Rewrote classes so that task class is more succinct.\nAdded todo, event, and deadline subclasses from task class to achieve different task types.\nHandled some potential null bugs.\n","tags":["Level-4","A-TextUiTesting","A-CodeQuality"],"fileTypesAndContributionMap":{"java":{"insertions":204,"deletions":47}}},{"hash":"1f3128a5062751c3350597c3437d84dfe654d32d","isMergeCommit":false,"messageTitle":"Level-4","messageBody":"Fixed some bugs regarding event class\n","fileTypesAndContributionMap":{"java":{"insertions":4,"deletions":1}}}]},{"date":"2024-02-12","commitResults":[{"hash":"a9e4a47b66e14741c975565e8f5ae1e00c3e23ba","isMergeCommit":false,"messageTitle":"Improvement on coding standard and coding quality based on Level-4","messageBody":"add MAX_ARRAY_LENGTH and change the command recognise block from if-else to switch\n","fileTypesAndContributionMap":{"java":{"insertions":17,"deletions":13}}},{"hash":"c1344c04af173440c0a41303c8f3c96de8acc1b1","isMergeCommit":false,"messageTitle":"Level-5","messageBody":"Add missing-task, invalid command, missing-time exceptions into the chatbot\n","fileTypesAndContributionMap":{"java":{"insertions":70,"deletions":37}}},{"hash":"6259b26bc7a49614de90af16e7f6a8cc7fe29a4e","isMergeCommit":false,"messageTitle":"Leve-5 Handle Exceptions","messageBody":"Add task-not-found exception for mark/unmark\n","fileTypesAndContributionMap":{"java":{"insertions":21,"deletions":12}}},{"hash":"933bad394b4d9bff04f7d8d70cdc471b35cb1e11","isMergeCommit":false,"messageTitle":"Improvement on coding quality","messageBody":"","fileTypesAndContributionMap":{"java":{"insertions":2,"deletions":2}}},{"hash":"45a0988c30da2fa6d725fa794d10a558a473b089","isMergeCommit":true,"messageTitle":"Merge branch \u0027branch-Level-5\u0027","messageBody":"","tags":["Level-5"],"fileTypesAndContributionMap":{}},{"hash":"cc8294f0d7d3c1a69316c7649ebd2df49a7a5d1c","isMergeCommit":false,"messageTitle":"Improvement on Coding Standard","messageBody":"","fileTypesAndContributionMap":{"java":{"insertions":20,"deletions":20}}},{"hash":"cb8f529b00a51bc7063a09cd69edc05f7f057770","isMergeCommit":false,"messageTitle":"A-Packages","messageBody":"","tags":["A-Packages","A-Exceptions"],"fileTypesAndContributionMap":{"java":{"insertions":26,"deletions":2}}}]},{"date":"2024-02-17","commitResults":[{"hash":"2fd6d2283eaa91cc329d70273cacf37417598c3d","isMergeCommit":false,"messageTitle":"Level-6 Delete","messageBody":"","tags":["A-Collections"],"fileTypesAndContributionMap":{"java":{"insertions":48,"deletions":23}}}]},{"date":"2024-02-18","commitResults":[{"hash":"061c042fff70c646a7abd46a83eb2999978f0da4","isMergeCommit":false,"messageTitle":"Level-7 Save","messageBody":"","fileTypesAndContributionMap":{"java":{"insertions":123,"deletions":4}}},{"hash":"734a566fb7b15b62a274ec0c8e9a5f784cb06ada","isMergeCommit":true,"messageTitle":"Merge branch \u0027branch-Level-7\u0027","messageBody":"# Conflicts:\n#\tsrc/main/java/kyrene/Kyrene.java\n","tags":["Level-6"],"fileTypesAndContributionMap":{}},{"hash":"96836d04468ca3e8d4e83d216c9e337b431e44ed","isMergeCommit":false,"messageTitle":"Level-7 Save","messageBody":"fixed bug with not being able to update done status correctly when loading the file at initialisation.\n","tags":["Level-7"],"fileTypesAndContributionMap":{"txt":{"insertions":6,"deletions":0},"java":{"insertions":21,"deletions":29}}},{"hash":"65e6412dd4061dc3e1ebd7b74a90f1f12247f8c7","isMergeCommit":false,"messageTitle":"Make error message more complete and specific","messageBody":"","fileTypesAndContributionMap":{"java":{"insertions":8,"deletions":8}}},{"hash":"64a106eae918600fe56fa6a33f5bba3249e00290","isMergeCommit":false,"messageTitle":"Fixed some potential bugs related to IndexOutOfBound","messageBody":"","tags":["Level-7.1"],"fileTypesAndContributionMap":{"java":{"insertions":15,"deletions":3}}}]},{"date":"2024-02-27","commitResults":[{"hash":"5ac0ce339fbfe212e05328fbe63b7e19712b4858","isMergeCommit":false,"messageTitle":"A-MoreOOP","messageBody":"Refractor main function into Ui, Command, TaskList, Storage, and Parser. Add enum Commands for easier command processings.\n","tags":["A-MoreOOP"],"fileTypesAndContributionMap":{"txt":{"insertions":3,"deletions":4},"java":{"insertions":623,"deletions":321}}}]},{"date":"2024-03-01","commitResults":[{"hash":"ee48e5fddf07a1cc6afa26041800ec11ea1f6140","isMergeCommit":false,"messageTitle":"Level-8 Date and Time","messageBody":"Make Kyrene able to recognize date and time, and tell the user to re-enter date and time if format is unrecognizable. Kyrene is now able to list out events on a given date and deadlines before a certain time, with at and due commands respectively.\n","fileTypesAndContributionMap":{"txt":{"insertions":4,"deletions":5},"java":{"insertions":342,"deletions":154}}},{"hash":"1464ee575b3c3207ba4aaf8f225e1d294a039eb9","isMergeCommit":true,"messageTitle":"Merge pull request #1 from ZhouJunmin/branch-Level-8","messageBody":"Level-8 Date and Time","tags":["Level-8"],"fileTypesAndContributionMap":{}},{"hash":"e6428ef045f172699d902812a83dafbb32e52e87","isMergeCommit":false,"messageTitle":"Level 9 Find","messageBody":"Kyrene is now able to search tasks in the to-do list with keyword.\nFixed some exception errors during refactoring in the previous version.\nMake commands case-insensitive to be more user-friendly.\n","fileTypesAndContributionMap":{"txt":{"insertions":1,"deletions":1},"java":{"insertions":74,"deletions":19}}},{"hash":"54d48ee2ee47486aee6c10f4601951c87097aae2","isMergeCommit":true,"messageTitle":"Merge pull request #2 from ZhouJunmin/branch-Level-9","messageBody":"Level 9 Find","tags":["Level-9"],"fileTypesAndContributionMap":{}}]},{"date":"2024-03-04","commitResults":[{"hash":"2e8e57d2d971b4c23ee20b5a55e822866a7726da","isMergeCommit":false,"messageTitle":"A-JavaDoc","messageBody":"Add header comments to all non-private classes/methods, and non-trivial private methods.\n","fileTypesAndContributionMap":{"txt":{"insertions":1,"deletions":1},"java":{"insertions":544,"deletions":15}}},{"hash":"c18eec35dc0857f5ef745313c62a985366dd736c","isMergeCommit":true,"messageTitle":"Merge pull request #3 from ZhouJunmin/branch-A-JavaDoc","messageBody":"A-JavaDoc","tags":["A-JavaDoc"],"fileTypesAndContributionMap":{}}]},{"date":"2024-03-05","commitResults":[{"hash":"29224c52360ea6c805bcd2ddad80c232152ddb0d","isMergeCommit":false,"messageTitle":"A-UserGuide","messageBody":"Add a complete user guide of Kyrene V1.0 to README.md\n","tags":["A-UserGuide","A-Release"],"fileTypesAndContributionMap":{"java":{"insertions":1,"deletions":1},"md":{"insertions":161,"deletions":24}}},{"hash":"47157b2ca3f76491116220b92848b853ca7234ed","isMergeCommit":false,"messageTitle":"Update README.md in docs folder","messageBody":"","fileTypesAndContributionMap":{"md":{"insertions":146,"deletions":14}}}]},{"date":"2024-03-06","commitResults":[{"hash":"04a365ef2456b7a954be2dca7f732b4f39ea3730","isMergeCommit":false,"messageTitle":"Edited docs/README.md for ip page","messageBody":"","fileTypesAndContributionMap":{"md":{"insertions":4,"deletions":2}}}]}]},"authorFileTypeContributionMap":{"ZhouJunmin":{"java":1589,"md":297,"fxml":0,"sh":0,"bat":0,"gradle":0,"txt":4}},"authorContributionVariance":{"ZhouJunmin":34505.246},"authorDisplayNameMap":{"ZhouJunmin":"CS2113-W12-1 ZHOU..NMIN"}}
