{"authorDailyContributionsMap":{"ZhouJunmin":[{"date":"2024-01-25","commitResults":[{"hash":"c3acad7a88f242c641e2b4ea3b24d808c30a8883","isMergeCommit":false,"messageTitle":"week2","messageBody":"","fileTypesAndContributionMap":{"java":{"insertions":17,"deletions":6}}}]},{"date":"2024-01-31","commitResults":[{"hash":"8143c24e2f7c3386d7651a81d2f3e3487a1c81c0","isMergeCommit":false,"messageTitle":"Level 1. Echo","messageBody":"Add Echo function to the renamed chatbot Kyrene\n","fileTypesAndContributionMap":{"java":{"insertions":50,"deletions":21}}},{"hash":"2541adf7e44908437e97a6dc9c69c1cf217c11e8","isMergeCommit":false,"messageTitle":"Level 2. Add, List","messageBody":"Add basic add-task functon and list-tasks function to the chatbot\n","fileTypesAndContributionMap":{"java":{"insertions":48,"deletions":5}}},{"hash":"1d0e74bbe33ec249f7e43a295994c0073de20dce","isMergeCommit":false,"messageTitle":"Level 3. Mark as Done","messageBody":"Add isDone feature to show the status of the task\n","fileTypesAndContributionMap":{"java":{"insertions":35,"deletions":1}}}]}]},"authorFileTypeContributionMap":{"ZhouJunmin":{"java":126,"md":0,"fxml":0,"sh":0,"bat":0,"gradle":0,"txt":0}},"authorContributionVariance":{"ZhouJunmin":1811.7634},"authorDisplayNameMap":{"ZhouJunmin":"CS2113-W12-1 ZHOU..NMIN"}}
