{"repoSenseVersion":"cc0651f0e3","reportGeneratedTime":"Thu Mar 21 08:32:27 2024 UTC+08:00","reportGenerationTime":" 29.91 second(s)","zoneId":"UTC+08:00","reportTitle":"CS2113 iP Code Dashboard","repos":[{"location":{"location":"https://github.com/V4Vern/ip.git","repoName":"ip","organization":"V4Vern","domainName":"github"},"branch":"master","displayName":"V4Vern/ip[master]","outputFolderName":"V4Vern_ip_master"},{"location":{"location":"https://github.com/Cohii2/ip.git","repoName":"ip","organization":"Cohii2","domainName":"github"},"branch":"master","displayName":"Cohii2/ip[master]","outputFolderName":"Cohii2_ip_master"},{"location":{"location":"https://github.com/yuki-zmstr/ip.git","repoName":"ip","organization":"yuki-zmstr","domainName":"github"},"branch":"master","displayName":"yuki-zmstr/ip[master]","outputFolderName":"yuki-zmstr_ip_master"},{"location":{"location":"https://github.com/RyanTDL/ip.git","repoName":"ip","organization":"RyanTDL","domainName":"github"},"branch":"master","displayName":"RyanTDL/ip[master]","outputFolderName":"RyanTDL_ip_master"},{"location":{"location":"https://github.com/yeozhishen/ip.git","repoName":"ip","organization":"yeozhishen","domainName":"github"},"branch":"master","displayName":"yeozhishen/ip[master]","outputFolderName":"yeozhishen_ip_master"},{"location":{"location":"https://github.com/owx0130/ip.git","repoName":"ip","organization":"owx0130","domainName":"github"},"branch":"master","displayName":"owx0130/ip[master]","outputFolderName":"owx0130_ip_master"},{"location":{"location":"https://github.com/BenjoBurger/ip.git","repoName":"ip","organization":"BenjoBurger","domainName":"github"},"branch":"master","displayName":"BenjoBurger/ip[master]","outputFolderName":"BenjoBurger_ip_master"},{"location":{"location":"https://github.com/genexus85/ip.git","repoName":"ip","organization":"genexus85","domainName":"github"},"branch":"master","displayName":"genexus85/ip[master]","outputFolderName":"genexus85_ip_master"},{"location":{"location":"https://github.com/CerealMiller/ip.git","repoName":"ip","organization":"CerealMiller","domainName":"github"},"branch":"master","displayName":"CerealMiller/ip[master]","outputFolderName":"CerealMiller_ip_master"},{"location":{"location":"https://github.com/HengShuHong/ip.git","repoName":"ip","organization":"HengShuHong","domainName":"github"},"branch":"master","displayName":"HengShuHong/ip[master]","outputFolderName":"HengShuHong_ip_master"},{"location":{"location":"https://github.com/Heart-of-N1/ip.git","repoName":"ip","organization":"Heart-of-N1","domainName":"github"},"branch":"master","displayName":"Heart-of-N1/ip[master]","outputFolderName":"Heart-of-N1_ip_master"},{"location":{"location":"https://github.com/samuelory/ip.git","repoName":"ip","organization":"samuelory","domainName":"github"},"branch":"master","displayName":"samuelory/ip[master]","outputFolderName":"samuelory_ip_master"},{"location":{"location":"https://github.com/LowTL/ip.git","repoName":"ip","organization":"LowTL","domainName":"github"},"branch":"master","displayName":"LowTL/ip[master]","outputFolderName":"LowTL_ip_master"},{"location":{"location":"https://github.com/cyhjason29/ip.git","repoName":"ip","organization":"cyhjason29","domainName":"github"},"branch":"master","displayName":"cyhjason29/ip[master]","outputFolderName":"cyhjason29_ip_master"},{"location":{"location":"https://github.com/Leong-ZM/ip.git","repoName":"ip","organization":"Leong-ZM","domainName":"github"},"branch":"master","displayName":"Leong-ZM/ip[master]","outputFolderName":"Leong-ZM_ip_master"},{"location":{"location":"https://github.com/alvinnnnnnnnnn/ip.git","repoName":"ip","organization":"alvinnnnnnnnnn","domainName":"github"},"branch":"master","displayName":"alvinnnnnnnnnn/ip[master]","outputFolderName":"alvinnnnnnnnnn_ip_master"},{"location":{"location":"https://github.com/jing-xiang/ip.git","repoName":"ip","organization":"jing-xiang","domainName":"github"},"branch":"master","displayName":"jing-xiang/ip[master]","outputFolderName":"jing-xiang_ip_master"},{"location":{"location":"https://github.com/fungg0/ip.git","repoName":"ip","organization":"fungg0","domainName":"github"},"branch":"master","displayName":"fungg0/ip[master]","outputFolderName":"fungg0_ip_master"},{"location":{"location":"https://github.com/webtjs/ip.git","repoName":"ip","organization":"webtjs","domainName":"github"},"branch":"master","displayName":"webtjs/ip[master]","outputFolderName":"webtjs_ip_master"},{"location":{"location":"https://github.com/sxfoo/ip.git","repoName":"ip","organization":"sxfoo","domainName":"github"},"branch":"master","displayName":"sxfoo/ip[master]","outputFolderName":"sxfoo_ip_master"},{"location":{"location":"https://github.com/daryltay415/ip.git","repoName":"ip","organization":"daryltay415","domainName":"github"},"branch":"master","displayName":"daryltay415/ip[master]","outputFolderName":"daryltay415_ip_master"},{"location":{"location":"https://github.com/yuhengr/ip.git","repoName":"ip","organization":"yuhengr","domainName":"github"},"branch":"master","displayName":"yuhengr/ip[master]","outputFolderName":"yuhengr_ip_master"},{"location":{"location":"https://github.com/Joellimjr/ip.git","repoName":"ip","organization":"Joellimjr","domainName":"github"},"branch":"master","displayName":"Joellimjr/ip[master]","outputFolderName":"Joellimjr_ip_master"},{"location":{"location":"https://github.com/ParthGandhiNUS/ip.git","repoName":"ip","organization":"ParthGandhiNUS","domainName":"github"},"branch":"master","displayName":"ParthGandhiNUS/ip[master]","outputFolderName":"ParthGandhiNUS_ip_master"},{"location":{"location":"https://github.com/Fureimi/ip.git","repoName":"ip","organization":"Fureimi","domainName":"github"},"branch":"master","displayName":"Fureimi/ip[master]","outputFolderName":"Fureimi_ip_master"},{"location":{"location":"https://github.com/cirelesna/ip.git","repoName":"ip","organization":"cirelesna","domainName":"github"},"branch":"master","displayName":"cirelesna/ip[master]","outputFolderName":"cirelesna_ip_master"},{"location":{"location":"https://github.com/seandooa/ip.git","repoName":"ip","organization":"seandooa","domainName":"github"},"branch":"master","displayName":"seandooa/ip[master]","outputFolderName":"seandooa_ip_master"},{"location":{"location":"https://github.com/rismm/ip.git","repoName":"ip","organization":"rismm","domainName":"github"},"branch":"master","displayName":"rismm/ip[master]","outputFolderName":"rismm_ip_master"},{"location":{"location":"https://github.com/damiwee/ip.git","repoName":"ip","organization":"damiwee","domainName":"github"},"branch":"master","displayName":"damiwee/ip[master]","outputFolderName":"damiwee_ip_master"},{"location":{"location":"https://github.com/alalal47/ip.git","repoName":"ip","organization":"alalal47","domainName":"github"},"branch":"master","displayName":"alalal47/ip[master]","outputFolderName":"alalal47_ip_master"},{"location":{"location":"https://github.com/awesomesjh/ip.git","repoName":"ip","organization":"awesomesjh","domainName":"github"},"branch":"master","displayName":"awesomesjh/ip[master]","outputFolderName":"awesomesjh_ip_master"},{"location":{"location":"https://github.com/Daviancold/ip.git","repoName":"ip","organization":"Daviancold","domainName":"github"},"branch":"master","displayName":"Daviancold/ip[master]","outputFolderName":"Daviancold_ip_master"},{"location":{"location":"https://github.com/chenhowy/ip.git","repoName":"ip","organization":"chenhowy","domainName":"github"},"branch":"master","displayName":"chenhowy/ip[master]","outputFolderName":"chenhowy_ip_master"},{"location":{"location":"https://github.com/rexyyong/ip.git","repoName":"ip","organization":"rexyyong","domainName":"github"},"branch":"master","displayName":"rexyyong/ip[master]","outputFolderName":"rexyyong_ip_master"},{"location":{"location":"https://github.com/Zhengwinter/ip.git","repoName":"ip","organization":"Zhengwinter","domainName":"github"},"branch":"master","displayName":"Zhengwinter/ip[master]","outputFolderName":"Zhengwinter_ip_master"},{"location":{"location":"https://github.com/Cryolian/ip.git","repoName":"ip","organization":"Cryolian","domainName":"github"},"branch":"master","displayName":"Cryolian/ip[master]","outputFolderName":"Cryolian_ip_master"},{"location":{"location":"https://github.com/paturikarthik/ip.git","repoName":"ip","organization":"paturikarthik","domainName":"github"},"branch":"master","displayName":"paturikarthik/ip[master]","outputFolderName":"paturikarthik_ip_master"},{"location":{"location":"https://github.com/ChinYanXu/ip.git","repoName":"ip","organization":"ChinYanXu","domainName":"github"},"branch":"master","displayName":"ChinYanXu/ip[master]","outputFolderName":"ChinYanXu_ip_master"},{"location":{"location":"https://github.com/dtaywd/ip.git","repoName":"ip","organization":"dtaywd","domainName":"github"},"branch":"master","displayName":"dtaywd/ip[master]","outputFolderName":"dtaywd_ip_master"},{"location":{"location":"https://github.com/wallywallywally/ip.git","repoName":"ip","organization":"wallywallywally","domainName":"github"},"branch":"master","displayName":"wallywallywally/ip[master]","outputFolderName":"wallywallywally_ip_master"},{"location":{"location":"https://github.com/yeozongyao/ip.git","repoName":"ip","organization":"yeozongyao","domainName":"github"},"branch":"master","displayName":"yeozongyao/ip[master]","outputFolderName":"yeozongyao_ip_master"},{"location":{"location":"https://github.com/isaaceng7/ip.git","repoName":"ip","organization":"isaaceng7","domainName":"github"},"branch":"master","displayName":"isaaceng7/ip[master]","outputFolderName":"isaaceng7_ip_master"},{"location":{"location":"https://github.com/NGXZS/ip.git","repoName":"ip","organization":"NGXZS","domainName":"github"},"branch":"master","displayName":"NGXZS/ip[master]","outputFolderName":"NGXZS_ip_master"},{"location":{"location":"https://github.com/sweijie24/ip.git","repoName":"ip","organization":"sweijie24","domainName":"github"},"branch":"master","displayName":"sweijie24/ip[master]","outputFolderName":"sweijie24_ip_master"},{"location":{"location":"https://github.com/itsmejr257/ip.git","repoName":"ip","organization":"itsmejr257","domainName":"github"},"branch":"master","displayName":"itsmejr257/ip[master]","outputFolderName":"itsmejr257_ip_master"},{"location":{"location":"https://github.com/joshualeejunyi/ip.git","repoName":"ip","organization":"joshualeejunyi","domainName":"github"},"branch":"master","displayName":"joshualeejunyi/ip[master]","outputFolderName":"joshualeejunyi_ip_master"},{"location":{"location":"https://github.com/Vavinan/ip.git","repoName":"ip","organization":"Vavinan","domainName":"github"},"branch":"master","displayName":"Vavinan/ip[master]","outputFolderName":"Vavinan_ip_master"},{"location":{"location":"https://github.com/64-1/ip.git","repoName":"ip","organization":"64-1","domainName":"github"},"branch":"master","displayName":"64-1/ip[master]","outputFolderName":"64-1_ip_master"},{"location":{"location":"https://github.com/Xb990219/ip.git","repoName":"ip","organization":"Xb990219","domainName":"github"},"branch":"master","displayName":"Xb990219/ip[master]","outputFolderName":"Xb990219_ip_master"},{"location":{"location":"https://github.com/ThawTunZan/ip.git","repoName":"ip","organization":"ThawTunZan","domainName":"github"},"branch":"master","displayName":"ThawTunZan/ip[master]","outputFolderName":"ThawTunZan_ip_master"},{"location":{"location":"https://github.com/djleong01/ip.git","repoName":"ip","organization":"djleong01","domainName":"github"},"branch":"master","displayName":"djleong01/ip[master]","outputFolderName":"djleong01_ip_master"},{"location":{"location":"https://github.com/MonkeScripts/ip.git","repoName":"ip","organization":"MonkeScripts","domainName":"github"},"branch":"master","displayName":"MonkeScripts/ip[master]","outputFolderName":"MonkeScripts_ip_master"},{"location":{"location":"https://github.com/chenxk619/ip.git","repoName":"ip","organization":"chenxk619","domainName":"github"},"branch":"master","displayName":"chenxk619/ip[master]","outputFolderName":"chenxk619_ip_master"},{"location":{"location":"https://github.com/hwc0419/ip.git","repoName":"ip","organization":"hwc0419","domainName":"github"},"branch":"master","displayName":"hwc0419/ip[master]","outputFolderName":"hwc0419_ip_master"},{"location":{"location":"https://github.com/JackieNeoCEG/ip.git","repoName":"ip","organization":"JackieNeoCEG","domainName":"github"},"branch":"master","displayName":"JackieNeoCEG/ip[master]","outputFolderName":"JackieNeoCEG_ip_master"},{"location":{"location":"https://github.com/Mmaxx15/ip.git","repoName":"ip","organization":"Mmaxx15","domainName":"github"},"branch":"master","displayName":"Mmaxx15/ip[master]","outputFolderName":"Mmaxx15_ip_master"},{"location":{"location":"https://github.com/clarencepohh/ip.git","repoName":"ip","organization":"clarencepohh","domainName":"github"},"branch":"master","displayName":"clarencepohh/ip[master]","outputFolderName":"clarencepohh_ip_master"},{"location":{"location":"https://github.com/NicholasTanYY/ip.git","repoName":"ip","organization":"NicholasTanYY","domainName":"github"},"branch":"master","displayName":"NicholasTanYY/ip[master]","outputFolderName":"NicholasTanYY_ip_master"},{"location":{"location":"https://github.com/HikoHikoHiko/ip.git","repoName":"ip","organization":"HikoHikoHiko","domainName":"github"},"branch":"master","displayName":"HikoHikoHiko/ip[master]","outputFolderName":"HikoHikoHiko_ip_master"},{"location":{"location":"https://github.com/soongensayo/ip.git","repoName":"ip","organization":"soongensayo","domainName":"github"},"branch":"master","displayName":"soongensayo/ip[master]","outputFolderName":"soongensayo_ip_master"},{"location":{"location":"https://github.com/nikhil-2101/ip.git","repoName":"ip","organization":"nikhil-2101","domainName":"github"},"branch":"master","displayName":"nikhil-2101/ip[master]","outputFolderName":"nikhil-2101_ip_master"},{"location":{"location":"https://github.com/Praneet-25/ip.git","repoName":"ip","organization":"Praneet-25","domainName":"github"},"branch":"master","displayName":"Praneet-25/ip[master]","outputFolderName":"Praneet-25_ip_master"},{"location":{"location":"https://github.com/mukund1403/ip.git","repoName":"ip","organization":"mukund1403","domainName":"github"},"branch":"master","displayName":"mukund1403/ip[master]","outputFolderName":"mukund1403_ip_master"},{"location":{"location":"https://github.com/nicknamenic/ip.git","repoName":"ip","organization":"nicknamenic","domainName":"github"},"branch":"master","displayName":"nicknamenic/ip[master]","outputFolderName":"nicknamenic_ip_master"},{"location":{"location":"https://github.com/BryanCastorius/ip.git","repoName":"ip","organization":"BryanCastorius","domainName":"github"},"branch":"master","displayName":"BryanCastorius/ip[master]","outputFolderName":"BryanCastorius_ip_master"},{"location":{"location":"https://github.com/PDHung1104/ip.git","repoName":"ip","organization":"PDHung1104","domainName":"github"},"branch":"master","displayName":"PDHung1104/ip[master]","outputFolderName":"PDHung1104_ip_master"},{"location":{"location":"https://github.com/jasonlienardi/ip.git","repoName":"ip","organization":"jasonlienardi","domainName":"github"},"branch":"master","displayName":"jasonlienardi/ip[master]","outputFolderName":"jasonlienardi_ip_master"},{"location":{"location":"https://github.com/edwardhumi/ip.git","repoName":"ip","organization":"edwardhumi","domainName":"github"},"branch":"master","displayName":"edwardhumi/ip[master]","outputFolderName":"edwardhumi_ip_master"},{"location":{"location":"https://github.com/z-wenqing/ip.git","repoName":"ip","organization":"z-wenqing","domainName":"github"},"branch":"master","displayName":"z-wenqing/ip[master]","outputFolderName":"z-wenqing_ip_master"},{"location":{"location":"https://github.com/Joshuahoky/ip.git","repoName":"ip","organization":"Joshuahoky","domainName":"github"},"branch":"master","displayName":"Joshuahoky/ip[master]","outputFolderName":"Joshuahoky_ip_master"},{"location":{"location":"https://github.com/Dheekshitha2/ip.git","repoName":"ip","organization":"Dheekshitha2","domainName":"github"},"branch":"master","displayName":"Dheekshitha2/ip[master]","outputFolderName":"Dheekshitha2_ip_master"},{"location":{"location":"https://github.com/liuy1103/ip.git","repoName":"ip","organization":"liuy1103","domainName":"github"},"branch":"master","displayName":"liuy1103/ip[master]","outputFolderName":"liuy1103_ip_master"},{"location":{"location":"https://github.com/hongyijie06/ip.git","repoName":"ip","organization":"hongyijie06","domainName":"github"},"branch":"master","displayName":"hongyijie06/ip[master]","outputFolderName":"hongyijie06_ip_master"},{"location":{"location":"https://github.com/liuzehui03/ip.git","repoName":"ip","organization":"liuzehui03","domainName":"github"},"branch":"master","displayName":"liuzehui03/ip[master]","outputFolderName":"liuzehui03_ip_master"},{"location":{"location":"https://github.com/ZhuSijia0711/ip.git","repoName":"ip","organization":"ZhuSijia0711","domainName":"github"},"branch":"master","displayName":"ZhuSijia0711/ip[master]","outputFolderName":"ZhuSijia0711_ip_master"},{"location":{"location":"https://github.com/hafizuddin-a/ip.git","repoName":"ip","organization":"hafizuddin-a","domainName":"github"},"branch":"master","displayName":"hafizuddin-a/ip[master]","outputFolderName":"hafizuddin-a_ip_master"},{"location":{"location":"https://github.com/jasraa/ip.git","repoName":"ip","organization":"jasraa","domainName":"github"},"branch":"master","displayName":"jasraa/ip[master]","outputFolderName":"jasraa_ip_master"},{"location":{"location":"https://github.com/SharlynLui/ip.git","repoName":"ip","organization":"SharlynLui","domainName":"github"},"branch":"master","displayName":"SharlynLui/ip[master]","outputFolderName":"SharlynLui_ip_master"},{"location":{"location":"https://github.com/claribelho/ip.git","repoName":"ip","organization":"claribelho","domainName":"github"},"branch":"master","displayName":"claribelho/ip[master]","outputFolderName":"claribelho_ip_master"},{"location":{"location":"https://github.com/ZMinghuiZ/ip.git","repoName":"ip","organization":"ZMinghuiZ","domainName":"github"},"branch":"master","displayName":"ZMinghuiZ/ip[master]","outputFolderName":"ZMinghuiZ_ip_master"},{"location":{"location":"https://github.com/fxe025/ip.git","repoName":"ip","organization":"fxe025","domainName":"github"},"branch":"master","displayName":"fxe025/ip[master]","outputFolderName":"fxe025_ip_master"},{"location":{"location":"https://github.com/YoengKokLeong/ip.git","repoName":"ip","organization":"YoengKokLeong","domainName":"github"},"branch":"master","displayName":"YoengKokLeong/ip[master]","outputFolderName":"YoengKokLeong_ip_master"},{"location":{"location":"https://github.com/1simjustin/ip.git","repoName":"ip","organization":"1simjustin","domainName":"github"},"branch":"master","displayName":"1simjustin/ip[master]","outputFolderName":"1simjustin_ip_master"},{"location":{"location":"https://github.com/dextboy/ip.git","repoName":"ip","organization":"dextboy","domainName":"github"},"branch":"master","displayName":"dextboy/ip[master]","outputFolderName":"dextboy_ip_master"},{"location":{"location":"https://github.com/ZhangWenyue3325/ip.git","repoName":"ip","organization":"ZhangWenyue3325","domainName":"github"},"branch":"master","displayName":"ZhangWenyue3325/ip[master]","outputFolderName":"ZhangWenyue3325_ip_master"},{"location":{"location":"https://github.com/ZhouJunmin/ip.git","repoName":"ip","organization":"ZhouJunmin","domainName":"github"},"branch":"master","displayName":"ZhouJunmin/ip[master]","outputFolderName":"ZhouJunmin_ip_master"},{"location":{"location":"https://github.com/LuoYu-uwu/ip.git","repoName":"ip","organization":"LuoYu-uwu","domainName":"github"},"branch":"master","displayName":"LuoYu-uwu/ip[master]","outputFolderName":"LuoYu-uwu_ip_master"},{"location":{"location":"https://github.com/FeathersRe/ip.git","repoName":"ip","organization":"FeathersRe","domainName":"github"},"branch":"master","displayName":"FeathersRe/ip[master]","outputFolderName":"FeathersRe_ip_master"},{"location":{"location":"https://github.com/tayponghee/ip.git","repoName":"ip","organization":"tayponghee","domainName":"github"},"branch":"master","displayName":"tayponghee/ip[master]","outputFolderName":"tayponghee_ip_master"},{"location":{"location":"https://github.com/tannerlie/ip.git","repoName":"ip","organization":"tannerlie","domainName":"github"},"branch":"master","displayName":"tannerlie/ip[master]","outputFolderName":"tannerlie_ip_master"},{"location":{"location":"https://github.com/ChenKangg/ip.git","repoName":"ip","organization":"ChenKangg","domainName":"github"},"branch":"master","displayName":"ChenKangg/ip[master]","outputFolderName":"ChenKangg_ip_master"},{"location":{"location":"https://github.com/tiffanyliu0220/ip.git","repoName":"ip","organization":"tiffanyliu0220","domainName":"github"},"branch":"master","displayName":"tiffanyliu0220/ip[master]","outputFolderName":"tiffanyliu0220_ip_master"},{"location":{"location":"https://github.com/IanFH/ip.git","repoName":"ip","organization":"IanFH","domainName":"github"},"branch":"master","displayName":"IanFH/ip[master]","outputFolderName":"IanFH_ip_master"},{"location":{"location":"https://github.com/JianJiaT/ip.git","repoName":"ip","organization":"JianJiaT","domainName":"github"},"branch":"master","displayName":"JianJiaT/ip[master]","outputFolderName":"JianJiaT_ip_master"},{"location":{"location":"https://github.com/Ijaaz01/ip.git","repoName":"ip","organization":"Ijaaz01","domainName":"github"},"branch":"master","displayName":"Ijaaz01/ip[master]","outputFolderName":"Ijaaz01_ip_master"},{"location":{"location":"https://github.com/EugeneChanJiajun/ip.git","repoName":"ip","organization":"EugeneChanJiajun","domainName":"github"},"branch":"master","displayName":"EugeneChanJiajun/ip[master]","outputFolderName":"EugeneChanJiajun_ip_master"},{"location":{"location":"https://github.com/kyhjonathan/ip.git","repoName":"ip","organization":"kyhjonathan","domainName":"github"},"branch":"master","displayName":"kyhjonathan/ip[master]","outputFolderName":"kyhjonathan_ip_master"},{"location":{"location":"https://github.com/Luo-Z-Y/ip.git","repoName":"ip","organization":"Luo-Z-Y","domainName":"github"},"branch":"master","displayName":"Luo-Z-Y/ip[master]","outputFolderName":"Luo-Z-Y_ip_master"},{"location":{"location":"https://github.com/JingHaoooo/ip.git","repoName":"ip","organization":"JingHaoooo","domainName":"github"},"branch":"master","displayName":"JingHaoooo/ip[master]","outputFolderName":"JingHaoooo_ip_master"},{"location":{"location":"https://github.com/blackmirag3/ip.git","repoName":"ip","organization":"blackmirag3","domainName":"github"},"branch":"master","displayName":"blackmirag3/ip[master]","outputFolderName":"blackmirag3_ip_master"},{"location":{"location":"https://github.com/luozihui2003/ip.git","repoName":"ip","organization":"luozihui2003","domainName":"github"},"branch":"master","displayName":"luozihui2003/ip[master]","outputFolderName":"luozihui2003_ip_master"},{"location":{"location":"https://github.com/adamzzq/ip.git","repoName":"ip","organization":"adamzzq","domainName":"github"},"branch":"master","displayName":"adamzzq/ip[master]","outputFolderName":"adamzzq_ip_master"},{"location":{"location":"https://github.com/OKW32/ip.git","repoName":"ip","organization":"OKW32","domainName":"github"},"branch":"master","displayName":"OKW32/ip[master]","outputFolderName":"OKW32_ip_master"},{"location":{"location":"https://github.com/Haotian199/ip.git","repoName":"ip","organization":"Haotian199","domainName":"github"},"branch":"master","displayName":"Haotian199/ip[master]","outputFolderName":"Haotian199_ip_master"},{"location":{"location":"https://github.com/kirangeofran/ip.git","repoName":"ip","organization":"kirangeofran","domainName":"github"},"branch":"master","displayName":"kirangeofran/ip[master]","outputFolderName":"kirangeofran_ip_master"},{"location":{"location":"https://github.com/B1G-SAM/ip.git","repoName":"ip","organization":"B1G-SAM","domainName":"github"},"branch":"master","displayName":"B1G-SAM/ip[master]","outputFolderName":"B1G-SAM_ip_master"},{"location":{"location":"https://github.com/yyangdaa/ip.git","repoName":"ip","organization":"yyangdaa","domainName":"github"},"branch":"master","displayName":"yyangdaa/ip[master]","outputFolderName":"yyangdaa_ip_master"},{"location":{"location":"https://github.com/runxinghuan/ip.git","repoName":"ip","organization":"runxinghuan","domainName":"github"},"branch":"master","displayName":"runxinghuan/ip[master]","outputFolderName":"runxinghuan_ip_master"},{"location":{"location":"https://github.com/nigelheng/ip.git","repoName":"ip","organization":"nigelheng","domainName":"github"},"branch":"master","displayName":"nigelheng/ip[master]","outputFolderName":"nigelheng_ip_master"},{"location":{"location":"https://github.com/cayennegoh/ip.git","repoName":"ip","organization":"cayennegoh","domainName":"github"},"branch":"master","displayName":"cayennegoh/ip[master]","outputFolderName":"cayennegoh_ip_master"},{"location":{"location":"https://github.com/lordgareth10/ip.git","repoName":"ip","organization":"lordgareth10","domainName":"github"},"branch":"master","displayName":"lordgareth10/ip[master]","outputFolderName":"lordgareth10_ip_master"},{"location":{"location":"https://github.com/vimalapugazhan/ip.git","repoName":"ip","organization":"vimalapugazhan","domainName":"github"},"branch":"master","displayName":"vimalapugazhan/ip[master]","outputFolderName":"vimalapugazhan_ip_master"},{"location":{"location":"https://github.com/shawnpong/ip.git","repoName":"ip","organization":"shawnpong","domainName":"github"},"branch":"master","displayName":"shawnpong/ip[master]","outputFolderName":"shawnpong_ip_master"},{"location":{"location":"https://github.com/TimothyLKM/ip.git","repoName":"ip","organization":"TimothyLKM","domainName":"github"},"branch":"master","displayName":"TimothyLKM/ip[master]","outputFolderName":"TimothyLKM_ip_master"},{"location":{"location":"https://github.com/JeffinsonDarmawan/ip.git","repoName":"ip","organization":"JeffinsonDarmawan","domainName":"github"},"branch":"master","displayName":"JeffinsonDarmawan/ip[master]","outputFolderName":"JeffinsonDarmawan_ip_master"},{"location":{"location":"https://github.com/iscyng/ip.git","repoName":"ip","organization":"iscyng","domainName":"github"},"branch":"master","displayName":"iscyng/ip[master]","outputFolderName":"iscyng_ip_master"},{"location":{"location":"https://github.com/Hws2209/ip.git","repoName":"ip","organization":"Hws2209","domainName":"github"},"branch":"master","displayName":"Hws2209/ip[master]","outputFolderName":"Hws2209_ip_master"},{"location":{"location":"https://github.com/nyh3/ip.git","repoName":"ip","organization":"nyh3","domainName":"github"},"branch":"master","displayName":"nyh3/ip[master]","outputFolderName":"nyh3_ip_master"},{"location":{"location":"https://github.com/anneleong/ip.git","repoName":"ip","organization":"anneleong","domainName":"github"},"branch":"master","displayName":"anneleong/ip[master]","outputFolderName":"anneleong_ip_master"},{"location":{"location":"https://github.com/CXIA17/ip.git","repoName":"ip","organization":"CXIA17","domainName":"github"},"branch":"master","displayName":"CXIA17/ip[master]","outputFolderName":"CXIA17_ip_master"},{"location":{"location":"https://github.com/AhmedShaiyan/ip.git","repoName":"ip","organization":"AhmedShaiyan","domainName":"github"},"branch":"master","displayName":"AhmedShaiyan/ip[master]","outputFolderName":"AhmedShaiyan_ip_master"},{"location":{"location":"https://github.com/pradeep-cod/ip.git","repoName":"ip","organization":"pradeep-cod","domainName":"github"},"branch":"master","displayName":"pradeep-cod/ip[master]","outputFolderName":"pradeep-cod_ip_master"},{"location":{"location":"https://github.com/STeng618/ip.git","repoName":"ip","organization":"STeng618","domainName":"github"},"branch":"master","displayName":"STeng618/ip[master]","outputFolderName":"STeng618_ip_master"},{"location":{"location":"https://github.com/HiteshriAcharya/ip.git","repoName":"ip","organization":"HiteshriAcharya","domainName":"github"},"branch":"master","displayName":"HiteshriAcharya/ip[master]","outputFolderName":"HiteshriAcharya_ip_master"},{"location":{"location":"https://github.com/avrilgk/ip.git","repoName":"ip","organization":"avrilgk","domainName":"github"},"branch":"master","displayName":"avrilgk/ip[master]","outputFolderName":"avrilgk_ip_master"},{"location":{"location":"https://github.com/IncyBot/ip.git","repoName":"ip","organization":"IncyBot","domainName":"github"},"branch":"master","displayName":"IncyBot/ip[master]","outputFolderName":"IncyBot_ip_master"},{"location":{"location":"https://github.com/ymirmeddeb/ip.git","repoName":"ip","organization":"ymirmeddeb","domainName":"github"},"branch":"master","displayName":"ymirmeddeb/ip[master]","outputFolderName":"ymirmeddeb_ip_master"},{"location":{"location":"https://github.com/Aak242/ip.git","repoName":"ip","organization":"Aak242","domainName":"github"},"branch":"master","displayName":"Aak242/ip[master]","outputFolderName":"Aak242_ip_master"},{"location":{"location":"https://github.com/aaravrawal52/ip.git","repoName":"ip","organization":"aaravrawal52","domainName":"github"},"branch":"master","displayName":"aaravrawal52/ip[master]","outputFolderName":"aaravrawal52_ip_master"},{"location":{"location":"https://github.com/ChongXern/ip.git","repoName":"ip","organization":"ChongXern","domainName":"github"},"branch":"master","displayName":"ChongXern/ip[master]","outputFolderName":"ChongXern_ip_master"},{"location":{"location":"https://github.com/Jamarcus111/ip.git","repoName":"ip","organization":"Jamarcus111","domainName":"github"},"branch":"master","displayName":"Jamarcus111/ip[master]","outputFolderName":"Jamarcus111_ip_master"},{"location":{"location":"https://github.com/BestDownLoader365/ip.git","repoName":"ip","organization":"BestDownLoader365","domainName":"github"},"branch":"master","displayName":"BestDownLoader365/ip[master]","outputFolderName":"BestDownLoader365_ip_master"},{"location":{"location":"https://github.com/haowern98/ip.git","repoName":"ip","organization":"haowern98","domainName":"github"},"branch":"master","displayName":"haowern98/ip[master]","outputFolderName":"haowern98_ip_master"},{"location":{"location":"https://github.com/ShyamKrishna33/ip.git","repoName":"ip","organization":"ShyamKrishna33","domainName":"github"},"branch":"master","displayName":"ShyamKrishna33/ip[master]","outputFolderName":"ShyamKrishna33_ip_master"},{"location":{"location":"https://github.com/StargazerX0/ip.git","repoName":"ip","organization":"StargazerX0","domainName":"github"},"branch":"master","displayName":"StargazerX0/ip[master]","outputFolderName":"StargazerX0_ip_master"},{"location":{"location":"https://github.com/eliztan/ip.git","repoName":"ip","organization":"eliztan","domainName":"github"},"branch":"master","displayName":"eliztan/ip[master]","outputFolderName":"eliztan_ip_master"},{"location":{"location":"https://github.com/SuveenE/ip.git","repoName":"ip","organization":"SuveenE","domainName":"github"},"branch":"master","displayName":"SuveenE/ip[master]","outputFolderName":"SuveenE_ip_master"},{"location":{"location":"https://github.com/Mahesh1772/ip.git","repoName":"ip","organization":"Mahesh1772","domainName":"github"},"branch":"master","displayName":"Mahesh1772/ip[master]","outputFolderName":"Mahesh1772_ip_master"},{"location":{"location":"https://github.com/Elyovs/ip.git","repoName":"ip","organization":"Elyovs","domainName":"github"},"branch":"master","displayName":"Elyovs/ip[master]","outputFolderName":"Elyovs_ip_master"},{"location":{"location":"https://github.com/vibes-863/ip.git","repoName":"ip","organization":"vibes-863","domainName":"github"},"branch":"master","displayName":"vibes-863/ip[master]","outputFolderName":"vibes-863_ip_master"},{"location":{"location":"https://github.com/Kishen271828/ip.git","repoName":"ip","organization":"Kishen271828","domainName":"github"},"branch":"master","displayName":"Kishen271828/ip[master]","outputFolderName":"Kishen271828_ip_master"},{"location":{"location":"https://github.com/pqienso/ip.git","repoName":"ip","organization":"pqienso","domainName":"github"},"branch":"master","displayName":"pqienso/ip[master]","outputFolderName":"pqienso_ip_master"},{"location":{"location":"https://github.com/LWachtel1/ip.git","repoName":"ip","organization":"LWachtel1","domainName":"github"},"branch":"master","displayName":"LWachtel1/ip[master]","outputFolderName":"LWachtel1_ip_master"},{"location":{"location":"https://github.com/azamanis/ip.git","repoName":"ip","organization":"azamanis","domainName":"github"},"branch":"master","displayName":"azamanis/ip[master]","outputFolderName":"azamanis_ip_master"},{"location":{"location":"https://github.com/john-nng/ip.git","repoName":"ip","organization":"john-nng","domainName":"github"},"branch":"master","displayName":"john-nng/ip[master]","outputFolderName":"john-nng_ip_master"},{"location":{"location":"https://github.com/songyuew/ip.git","repoName":"ip","organization":"songyuew","domainName":"github"},"branch":"master","displayName":"songyuew/ip[master]","outputFolderName":"songyuew_ip_master"},{"location":{"location":"https://github.com/Celineyaa/ip.git","repoName":"ip","organization":"Celineyaa","domainName":"github"},"branch":"master","displayName":"Celineyaa/ip[master]","outputFolderName":"Celineyaa_ip_master"},{"location":{"location":"https://github.com/yzhanglp/ip.git","repoName":"ip","organization":"yzhanglp","domainName":"github"},"branch":"master","displayName":"yzhanglp/ip[master]","outputFolderName":"yzhanglp_ip_master"},{"location":{"location":"https://github.com/HenryGan138/ip.git","repoName":"ip","organization":"HenryGan138","domainName":"github"},"branch":"master","displayName":"HenryGan138/ip[master]","outputFolderName":"HenryGan138_ip_master"},{"location":{"location":"https://github.com/ningsongshen/ip.git","repoName":"ip","organization":"ningsongshen","domainName":"github"},"branch":"master","displayName":"ningsongshen/ip[master]","outputFolderName":"ningsongshen_ip_master"},{"location":{"location":"https://github.com/jensonjenkins/ip.git","repoName":"ip","organization":"jensonjenkins","domainName":"github"},"branch":"master","displayName":"jensonjenkins/ip[master]","outputFolderName":"jensonjenkins_ip_master"},{"location":{"location":"https://github.com/dylansiew/ip.git","repoName":"ip","organization":"dylansiew","domainName":"github"},"branch":"master","displayName":"dylansiew/ip[master]","outputFolderName":"dylansiew_ip_master"},{"location":{"location":"https://github.com/ttasnim5/ip.git","repoName":"ip","organization":"ttasnim5","domainName":"github"},"branch":"master","displayName":"ttasnim5/ip[master]","outputFolderName":"ttasnim5_ip_master"},{"location":{"location":"https://github.com/mihirheda02/ip.git","repoName":"ip","organization":"mihirheda02","domainName":"github"},"branch":"master","displayName":"mihirheda02/ip[master]","outputFolderName":"mihirheda02_ip_master"},{"location":{"location":"https://github.com/nidhi-nayak/ip.git","repoName":"ip","organization":"nidhi-nayak","domainName":"github"},"branch":"master","displayName":"nidhi-nayak/ip[master]","outputFolderName":"nidhi-nayak_ip_master"},{"location":{"location":"https://github.com/jthibault03/ip.git","repoName":"ip","organization":"jthibault03","domainName":"github"},"branch":"master","displayName":"jthibault03/ip[master]","outputFolderName":"jthibault03_ip_master"},{"location":{"location":"https://github.com/tinaliu27/ip.git","repoName":"ip","organization":"tinaliu27","domainName":"github"},"branch":"master","displayName":"tinaliu27/ip[master]","outputFolderName":"tinaliu27_ip_master"},{"location":{"location":"https://github.com/a-wild-chocolate/ip.git","repoName":"ip","organization":"a-wild-chocolate","domainName":"github"},"branch":"master","displayName":"a-wild-chocolate/ip[master]","outputFolderName":"a-wild-chocolate_ip_master"},{"location":{"location":"https://github.com/hailey-jung/ip.git","repoName":"ip","organization":"hailey-jung","domainName":"github"},"branch":"master","displayName":"hailey-jung/ip[master]","outputFolderName":"hailey-jung_ip_master"},{"location":{"location":"https://github.com/annnniexu/ip.git","repoName":"ip","organization":"annnniexu","domainName":"github"},"branch":"master","displayName":"annnniexu/ip[master]","outputFolderName":"annnniexu_ip_master"},{"location":{"location":"https://github.com/Andy123qq4/ip.git","repoName":"ip","organization":"Andy123qq4","domainName":"github"},"branch":"master","displayName":"Andy123qq4/ip[master]","outputFolderName":"Andy123qq4_ip_master"},{"location":{"location":"https://github.com/Geinzit/ip.git","repoName":"ip","organization":"Geinzit","domainName":"github"},"branch":"master","displayName":"Geinzit/ip[master]","outputFolderName":"Geinzit_ip_master"},{"location":{"location":"https://github.com/classskipper351/ip.git","repoName":"ip","organization":"classskipper351","domainName":"github"},"branch":"master","displayName":"classskipper351/ip[master]","outputFolderName":"classskipper351_ip_master"},{"location":{"location":"https://github.com/raajamani/ip.git","repoName":"ip","organization":"raajamani","domainName":"github"},"branch":"master","displayName":"raajamani/ip[master]","outputFolderName":"raajamani_ip_master"},{"location":{"location":"https://github.com/YHWong20/ip.git","repoName":"ip","organization":"YHWong20","domainName":"github"},"branch":"master","displayName":"YHWong20/ip[master]","outputFolderName":"YHWong20_ip_master"},{"location":{"location":"https://github.com/syj02/ip.git","repoName":"ip","organization":"syj02","domainName":"github"},"branch":"master","displayName":"syj02/ip[master]","outputFolderName":"syj02_ip_master"},{"location":{"location":"https://github.com/T0nyLin/ip.git","repoName":"ip","organization":"T0nyLin","domainName":"github"},"branch":"master","displayName":"T0nyLin/ip[master]","outputFolderName":"T0nyLin_ip_master"},{"location":{"location":"https://github.com/XavierLiau34/ip.git","repoName":"ip","organization":"XavierLiau34","domainName":"github"},"branch":"master","displayName":"XavierLiau34/ip[master]","outputFolderName":"XavierLiau34_ip_master"},{"location":{"location":"https://github.com/cheeseong2001/ip.git","repoName":"ip","organization":"cheeseong2001","domainName":"github"},"branch":"master","displayName":"cheeseong2001/ip[master]","outputFolderName":"cheeseong2001_ip_master"},{"location":{"location":"https://github.com/rouvinerh/ip.git","repoName":"ip","organization":"rouvinerh","domainName":"github"},"branch":"master","displayName":"rouvinerh/ip[master]","outputFolderName":"rouvinerh_ip_master"},{"location":{"location":"https://github.com/NgYaoDong/ip.git","repoName":"ip","organization":"NgYaoDong","domainName":"github"},"branch":"master","displayName":"NgYaoDong/ip[master]","outputFolderName":"NgYaoDong_ip_master"},{"location":{"location":"https://github.com/nur-haziq/ip.git","repoName":"ip","organization":"nur-haziq","domainName":"github"},"branch":"master","displayName":"nur-haziq/ip[master]","outputFolderName":"nur-haziq_ip_master"},{"location":{"location":"https://github.com/nkotaa/ip.git","repoName":"ip","organization":"nkotaa","domainName":"github"},"branch":"master","displayName":"nkotaa/ip[master]","outputFolderName":"nkotaa_ip_master"},{"location":{"location":"https://github.com/wenenhoe/ip.git","repoName":"ip","organization":"wenenhoe","domainName":"github"},"branch":"master","displayName":"wenenhoe/ip[master]","outputFolderName":"wenenhoe_ip_master"},{"location":{"location":"https://github.com/wjunjie01/ip.git","repoName":"ip","organization":"wjunjie01","domainName":"github"},"branch":"master","displayName":"wjunjie01/ip[master]","outputFolderName":"wjunjie01_ip_master"},{"location":{"location":"https://github.com/L5-Z/ip.git","repoName":"ip","organization":"L5-Z","domainName":"github"},"branch":"master","displayName":"L5-Z/ip[master]","outputFolderName":"L5-Z_ip_master"},{"location":{"location":"https://github.com/annoy-o-mus/ip.git","repoName":"ip","organization":"annoy-o-mus","domainName":"github"},"branch":"master","displayName":"annoy-o-mus/ip[master]","outputFolderName":"annoy-o-mus_ip_master"},{"location":{"location":"https://github.com/nickczh/ip.git","repoName":"ip","organization":"nickczh","domainName":"github"},"branch":"master","displayName":"nickczh/ip[master]","outputFolderName":"nickczh_ip_master"},{"location":{"location":"https://github.com/e0958902/ip.git","repoName":"ip","organization":"e0958902","domainName":"github"},"branch":"master","displayName":"e0958902/ip[master]","outputFolderName":"e0958902_ip_master"},{"location":{"location":"https://github.com/JustinSoh/ip.git","repoName":"ip","organization":"JustinSoh","domainName":"github"},"branch":"master","displayName":"JustinSoh/ip[master]","outputFolderName":"JustinSoh_ip_master"},{"location":{"location":"https://github.com/PureUsagi/ip.git","repoName":"ip","organization":"PureUsagi","domainName":"github"},"branch":"master","displayName":"PureUsagi/ip[master]","outputFolderName":"PureUsagi_ip_master"},{"location":{"location":"https://github.com/Kobot7/ip.git","repoName":"ip","organization":"Kobot7","domainName":"github"},"branch":"master","displayName":"Kobot7/ip[master]","outputFolderName":"Kobot7_ip_master"},{"location":{"location":"https://github.com/EdmundTangg/ip.git","repoName":"ip","organization":"EdmundTangg","domainName":"github"},"branch":"master","displayName":"EdmundTangg/ip[master]","outputFolderName":"EdmundTangg_ip_master"},{"location":{"location":"https://github.com/kyuichyi/ip.git","repoName":"ip","organization":"kyuichyi","domainName":"github"},"branch":"master","displayName":"kyuichyi/ip[master]","outputFolderName":"kyuichyi_ip_master"},{"location":{"location":"https://github.com/imanamirshah/ip.git","repoName":"ip","organization":"imanamirshah","domainName":"github"},"branch":"master","displayName":"imanamirshah/ip[master]","outputFolderName":"imanamirshah_ip_master"},{"location":{"location":"https://github.com/j013n3/ip.git","repoName":"ip","organization":"j013n3","domainName":"github"},"branch":"master","displayName":"j013n3/ip[master]","outputFolderName":"j013n3_ip_master"},{"location":{"location":"https://github.com/leongxingyu/ip.git","repoName":"ip","organization":"leongxingyu","domainName":"github"},"branch":"master","displayName":"leongxingyu/ip[master]","outputFolderName":"leongxingyu_ip_master"}],"errorSet":[{"repoName":"SemiColonKen/ip[master]","errorMessage":"Failed to clone from https://github.com/SemiColonKen/ip.git"}],"sinceDate":"2024-01-19","untilDate":"2024-03-21","isSinceDateProvided":true,"isUntilDateProvided":false,"supportedDomainUrlMap":{"NOT_RECOGNIZED":{"BRANCH":"","REPO_URL":"UNSUPPORTED","BASE_URL":"UNSUPPORTED","HISTORY_PATH":"","COMMIT_PATH":"","BLAME_PATH":""},"github":{"BRANCH":"tree/$BRANCH","REPO_URL":"https://github.com/$ORGANIZATION/$REPO_NAME/","BASE_URL":"https://github.com/","HISTORY_PATH":"commits/$BRANCH/$FILE_PATH","COMMIT_PATH":"commit/$COMMIT_HASH","BLAME_PATH":"blame/$BRANCH/$FILE_PATH"}}}
