{"authorDailyContributionsMap":{"kyhjonathan":[{"date":"2024-01-26","commitResults":[{"hash":"1942cdbb3c6d19da6fd4c19d4b5a0eeb35eaba49","isMergeCommit":false,"messageTitle":"Implement initial skeletal version Level-0","messageBody":"","tags":["Level-0"],"fileTypesAndContributionMap":{"java":{"insertions":14,"deletions":6}}}]},{"date":"2024-01-31","commitResults":[{"hash":"d65c6d46fc3e87a4b44fd795eea06e1195d5cb92","isMergeCommit":false,"messageTitle":"Add echo","messageBody":"","tags":["Level-1"],"fileTypesAndContributionMap":{"java":{"insertions":11,"deletions":0}}},{"hash":"d8cb889637fb1e8d984dbce01876a21b2f0502a1","isMergeCommit":false,"messageTitle":"Implement Add, List","messageBody":"","tags":["Level-2"],"fileTypesAndContributionMap":{"java":{"insertions":18,"deletions":9}}},{"hash":"be02d3a98a8f56569527c6fecfb6deb7b052cfcc","isMergeCommit":false,"messageTitle":"Add Mark and Task class","messageBody":"","tags":["Level-3"],"fileTypesAndContributionMap":{"java":{"insertions":51,"deletions":8}}},{"hash":"5b08fff7ca8879f58d0d21e8e8b3c26edaca9454","isMergeCommit":false,"messageTitle":"Tweak code to coding standard and add unmark","messageBody":"","tags":["A-CodingStandard"],"fileTypesAndContributionMap":{"java":{"insertions":23,"deletions":9}}}]}]},"authorFileTypeContributionMap":{"kyhjonathan":{"java":91,"md":0,"fxml":0,"sh":0,"bat":0,"gradle":0,"txt":0}},"authorContributionVariance":{"kyhjonathan":1179.4792},"authorDisplayNameMap":{"kyhjonathan":"KUEK..THAN"}}
