{"authorDailyContributionsMap":{"tayponghee":[{"date":"2024-01-20","commitResults":[{"hash":"63ca28880bfac19ff6577dab13159067938ec84d","isMergeCommit":false,"messageTitle":"changes: named bot DavinciBot","messageBody":"","fileTypesAndContributionMap":{"java":{"insertions":7,"deletions":0}}},{"hash":"279e3cfeda3a9a7f71a6c3ecf73f5cb63a4802f6","isMergeCommit":false,"messageTitle":"added: DavinciBot class","messageBody":"","fileTypesAndContributionMap":{"java":{"insertions":25,"deletions":7}}},{"hash":"8cb698e3a4931e56d10d1a4130c3343d244ea44b","isMergeCommit":false,"messageTitle":"changes: removed comments","messageBody":"","fileTypesAndContributionMap":{"java":{"insertions":0,"deletions":16}}}]},{"date":"2024-01-23","commitResults":[{"hash":"ddf873ccdf9ed759fa39741f38a2e04ff3161616","isMergeCommit":false,"messageTitle":"change: indentation of code","messageBody":"","fileTypesAndContributionMap":{"java":{"insertions":2,"deletions":2}}}]},{"date":"2024-01-27","commitResults":[{"hash":"b3c9932765c8e21bd11d2f216b4616fce48cbc72","isMergeCommit":false,"messageTitle":"Added Task class, improved functionalities","messageBody":"","tags":["Level-1","Level-0"],"fileTypesAndContributionMap":{"java":{"insertions":145,"deletions":6}}},{"hash":"437df3cb645722702b9778d522bae416c17fce79","isMergeCommit":false,"messageTitle":"Removed unneccessary comment in Task","messageBody":"","tags":["Level-2","A-CodingStandard"],"fileTypesAndContributionMap":{"java":{"insertions":1,"deletions":1}}}]},{"date":"2024-02-01","commitResults":[{"hash":"d39d3e1c099eb851c5fb4445c9598534c8f51c2b","isMergeCommit":false,"messageTitle":"Removed unneccessary class","messageBody":"","tags":["Level-3"],"fileTypesAndContributionMap":{"java":{"insertions":0,"deletions":10}}}]},{"date":"2024-02-04","commitResults":[{"hash":"229777667c68a80b24cdff6a50fd28e80cd12337","isMergeCommit":false,"messageTitle":"Add 3 classes (Task, Event and Todo)","messageBody":"","fileTypesAndContributionMap":{"java":{"insertions":57,"deletions":1}}},{"hash":"59296d8fbc2efe10b5e19e7778fdc60dcbe3f2a8","isMergeCommit":false,"messageTitle":"Add support for tracking three types of tasks: Todo, Event and Deadline","messageBody":"","tags":["Level-4"],"fileTypesAndContributionMap":{"java":{"insertions":108,"deletions":26}}},{"hash":"42aa53afb13e4a2ec8b1b81aa268959d69526fb9","isMergeCommit":false,"messageTitle":"Improve code quality","messageBody":"","tags":["A-CodeQuality"],"fileTypesAndContributionMap":{"java":{"insertions":27,"deletions":22}}},{"hash":"1feb680571c57b2578cbc01923886132a41e987d","isMergeCommit":false,"messageTitle":"Refactor main method","messageBody":"","fileTypesAndContributionMap":{"java":{"insertions":16,"deletions":7}}}]},{"date":"2024-02-10","commitResults":[{"hash":"f1a5d78c23c8fb7874dae2ddea089d59a29ab2cd","isMergeCommit":false,"messageTitle":"Rename magic numbers","messageBody":"","fileTypesAndContributionMap":{"java":{"insertions":7,"deletions":6}}}]},{"date":"2024-02-11","commitResults":[{"hash":"fe80e7b67d09ae6df3fa4546744722774581f235","isMergeCommit":false,"messageTitle":"Add exception handling for todo, deadline and event","messageBody":"","fileTypesAndContributionMap":{"java":{"insertions":127,"deletions":67}}},{"hash":"df5b2e138a43b0c1ef7fabd10f776a45ee9b7886","isMergeCommit":false,"messageTitle":"Add handling for empty inputs after task","messageBody":"","tags":["Level-5","A-Exceptions"],"fileTypesAndContributionMap":{"java":{"insertions":8,"deletions":2}}}]},{"date":"2024-02-17","commitResults":[{"hash":"86d4fbde28211b1799ece48d8cb5f1c8ee427013","isMergeCommit":false,"messageTitle":"Add support for deleting tasks from the list.","messageBody":"","tags":["Level-6"],"fileTypesAndContributionMap":{"java":{"insertions":44,"deletions":0}}}]},{"date":"2024-02-20","commitResults":[{"hash":"b5f56ca97005b5f97bf006887d6d2da9a9f4f819","isMergeCommit":false,"messageTitle":"Add read capabilities","messageBody":"","fileTypesAndContributionMap":{"txt":{"insertions":2,"deletions":0},"java":{"insertions":145,"deletions":2}}},{"hash":"394c3e0ab25773f0e786ed3888860324d3f2a081","isMergeCommit":false,"messageTitle":"Fix reading issues","messageBody":"","fileTypesAndContributionMap":{"txt":{"insertions":1,"deletions":2},"java":{"insertions":50,"deletions":24}}},{"hash":"71f1ef20d2ca99865660ba536d1a603ef3ba441e","isMergeCommit":false,"messageTitle":"Add saving for marking and unmarking to text file","messageBody":"","fileTypesAndContributionMap":{"txt":{"insertions":1,"deletions":1},"java":{"insertions":6,"deletions":5}}},{"hash":"2513461773561dfbcfd305dccadd22f4afe74329","isMergeCommit":false,"messageTitle":"Modify example txt file","messageBody":"","fileTypesAndContributionMap":{"txt":{"insertions":3,"deletions":1}}},{"hash":"5c2210b4d2a00e25de9d5bb46b3908a479709808","isMergeCommit":false,"messageTitle":"Fix writer function, changed private static taskArray to public static taskArray","messageBody":"","fileTypesAndContributionMap":{"txt":{"insertions":1,"deletions":1},"java":{"insertions":3,"deletions":11}}},{"hash":"abf35e913f3ba4df2541aa51053d6efc53daf3fb","isMergeCommit":false,"messageTitle":"Remove unneccessary imports","messageBody":"","fileTypesAndContributionMap":{"txt":{"insertions":3,"deletions":2},"java":{"insertions":0,"deletions":1}}},{"hash":"1d541e8ee48dfdd03921be3ab6c6d20eedc0587e","isMergeCommit":true,"messageTitle":"Merge branch \u0027branch-Level-7\u0027","messageBody":"","fileTypesAndContributionMap":{}},{"hash":"94dd16646adc99388479a7de1435c93e968ebd97","isMergeCommit":false,"messageTitle":"Add support for delete to text files","messageBody":"","fileTypesAndContributionMap":{"txt":{"insertions":1,"deletions":1},"java":{"insertions":3,"deletions":1}}},{"hash":"13f64dda333a03075a4c2dc9e51ffa11195e6e29","isMergeCommit":false,"messageTitle":"Refactor code to remove magic literals","messageBody":"","fileTypesAndContributionMap":{"java":{"insertions":72,"deletions":50}}},{"hash":"98a16a7551304349cea1fc545ae3c525c8048375","isMergeCommit":false,"messageTitle":"Add manifest","messageBody":"","fileTypesAndContributionMap":{"txt":{"insertions":3,"deletions":2}}},{"hash":"476cd4f4e8b985c69fa613b1e00903affadd0c46","isMergeCommit":false,"messageTitle":"Refactor delete method","messageBody":"","fileTypesAndContributionMap":{"txt":{"insertions":0,"deletions":1},"java":{"insertions":17,"deletions":13}}}]},{"date":"2024-02-21","commitResults":[{"hash":"e19ea99a05a5cbdaa36b826a26c50c4ae5695515","isMergeCommit":false,"messageTitle":"Add Ui class to print messages","messageBody":"","fileTypesAndContributionMap":{"txt":{"insertions":3,"deletions":2},"java":{"insertions":195,"deletions":288}}},{"hash":"6367dfc335d7ffddc6ed1b3abf28bc58e8558edf","isMergeCommit":false,"messageTitle":"Change all arrays to arrayList for robustness","messageBody":"","tags":["A-Collections"],"fileTypesAndContributionMap":{"txt":{"insertions":2,"deletions":2},"java":{"insertions":52,"deletions":63}}},{"hash":"254e230f969a376c0b3287e8eb30bd2cf7929254","isMergeCommit":false,"messageTitle":"Add Java Doc","messageBody":"","fileTypesAndContributionMap":{"txt":{"insertions":1,"deletions":1},"java":{"insertions":102,"deletions":2}}},{"hash":"b7067df4c72002d2ab2029db723e06ff799af45d","isMergeCommit":false,"messageTitle":"Refactored code to fit java convention","messageBody":"","fileTypesAndContributionMap":{"java":{"insertions":3,"deletions":1}}},{"hash":"a4274e6b39fa1e0f5f1376081bc7e82b7fedd6d1","isMergeCommit":false,"messageTitle":"Revert \"Refactored code to fit java convention\"","messageBody":"This reverts commit b7067df4c72002d2ab2029db723e06ff799af45d.\n","fileTypesAndContributionMap":{"java":{"insertions":1,"deletions":3}}},{"hash":"e5cd5a9aeb2b42a67b042a706778b136fad090c9","isMergeCommit":false,"messageTitle":"Refactor code to fit java coding conventions","messageBody":"","fileTypesAndContributionMap":{"java":{"insertions":3,"deletions":1}}},{"hash":"9aad2c498bf7e34e1967fee4fc4688f11da7b699","isMergeCommit":false,"messageTitle":"Change 3 methods to void","messageBody":"","fileTypesAndContributionMap":{"txt":{"insertions":1,"deletions":1},"java":{"insertions":13,"deletions":16}}},{"hash":"8827e9b4b7bb9c313cb9e46d4e7f8f0f5fc8f404","isMergeCommit":false,"messageTitle":"Remove some magic literals","messageBody":"","fileTypesAndContributionMap":{"java":{"insertions":4,"deletions":4}}},{"hash":"59c2a45a89d1ae8ae392f7e2defdd986c495b63a","isMergeCommit":false,"messageTitle":"Add parser class to handle user input","messageBody":"","tags":["v0.1"],"fileTypesAndContributionMap":{"txt":{"insertions":3,"deletions":4},"java":{"insertions":160,"deletions":168}}},{"hash":"13316ccc1f25b157b746914eef018d37f58d25b2","isMergeCommit":false,"messageTitle":"Add directory adding to ensure that the file can be added successfully","messageBody":"","fileTypesAndContributionMap":{"txt":{"insertions":1,"deletions":0},"java":{"insertions":40,"deletions":9}}},{"hash":"c64cc10e926e4476e996b54b1ab67fd2ddbe5389","isMergeCommit":false,"messageTitle":"Delete unneccessary files","messageBody":"","fileTypesAndContributionMap":{"txt":{"insertions":0,"deletions":4}}}]},{"date":"2024-02-22","commitResults":[{"hash":"66f20c350d54077af75ba60dc02f461a62b4aaf9","isMergeCommit":false,"messageTitle":"Add write to text file functionality after every taskList update","messageBody":"","tags":["Level-7","A-Jar"],"fileTypesAndContributionMap":{"java":{"insertions":3,"deletions":0}}}]},{"date":"2024-02-23","commitResults":[{"hash":"e7689f430f49a04d973a6ec4bc6e20cca2e85bb0","isMergeCommit":false,"messageTitle":"Refactor the code to extract out closely related code as classes.","messageBody":"","tags":["A-MoreOOP"],"fileTypesAndContributionMap":{"txt":{"insertions":3,"deletions":1},"java":{"insertions":366,"deletions":288}}},{"hash":"dd3a4781c4a47148ce58bdd9ef6f357a266b3d45","isMergeCommit":false,"messageTitle":"Add comment to explain why catch block is empty","messageBody":"","fileTypesAndContributionMap":{"java":{"insertions":1,"deletions":1}}}]},{"date":"2024-02-24","commitResults":[{"hash":"5f3294eccf50029db37d096413cf1b20439306c0","isMergeCommit":false,"messageTitle":"Give users a way to find a task by searching for a keyword.","messageBody":"","fileTypesAndContributionMap":{"txt":{"insertions":3,"deletions":3},"java":{"insertions":105,"deletions":40}}},{"hash":"17d0cdc098991ea13efcea64e81ff95d0fc548a1","isMergeCommit":false,"messageTitle":"Reduce magic literals","messageBody":"","tags":["Level-9"],"fileTypesAndContributionMap":{"java":{"insertions":34,"deletions":14}}},{"hash":"4cde9de4b24949c6914fc8f26fe356ba39a9a18f","isMergeCommit":false,"messageTitle":"Add JavaDoc comments to the code, for most of the non-private classes.","messageBody":"","fileTypesAndContributionMap":{"java":{"insertions":80,"deletions":8}}},{"hash":"9f52d2fa9a72f6b23601b6ee126a85144fa7a3d6","isMergeCommit":false,"messageTitle":"Fix java docs","messageBody":"","fileTypesAndContributionMap":{"java":{"insertions":10,"deletions":10}}},{"hash":"053d89dca787bb104811bb6967e0b9718cf32a73","isMergeCommit":true,"messageTitle":"Merge pull request #1 from tayponghee/branch-Level-9","messageBody":"Reduce magic literals, merge branch-Level-9 to master","fileTypesAndContributionMap":{}},{"hash":"f9a83f5adda993133436e4e288b128788c001664","isMergeCommit":true,"messageTitle":"Merge pull request #2 from tayponghee/branch-A-JavaDoc","messageBody":"Added java docs, merge branch-A-JavaDoc to master","tags":["A-JavaDoc"],"fileTypesAndContributionMap":{}}]}]},"authorFileTypeContributionMap":{"tayponghee":{"java":856,"md":0,"fxml":0,"sh":0,"bat":0,"gradle":0,"txt":3}},"authorContributionVariance":{"tayponghee":51057.543},"authorDisplayNameMap":{"tayponghee":"CS2113-T13-3 TAY .. HEE"}}
