{"authorDailyContributionsMap":{"JianJiaT":[{"date":"2024-01-30","commitResults":[{"hash":"4608ec07aa7f41dbdea925304d7b8fefd6a1e526","isMergeCommit":false,"messageTitle":"Remove duplicates","messageBody":"","fileTypesAndContributionMap":{"java":{"insertions":0,"deletions":10}}},{"hash":"09e8c164a59767be1e3503a9293396843fe60f3e","isMergeCommit":false,"messageTitle":"Restore code","messageBody":"","tags":["Level-3_1","Level-2_1","Level-1_1","Level-0_1","A-Classes"],"fileTypesAndContributionMap":{"java":{"insertions":89,"deletions":0}}},{"hash":"853e81a81227ab9fd7393f6a87d9ce9378710428","isMergeCommit":false,"messageTitle":"Remove unnecessary print messages","messageBody":"","fileTypesAndContributionMap":{"java":{"insertions":0,"deletions":2}}}]},{"date":"2024-02-02","commitResults":[{"hash":"82cd8d9e34831e5eae91c569d66b4001e305ad25","isMergeCommit":false,"messageTitle":"Add UserInterface and TaskManager classes","messageBody":"","fileTypesAndContributionMap":{"java":{"insertions":70,"deletions":0}}},{"hash":"23426c3ed75c85ae280dbb8728d4bb8b339444f8","isMergeCommit":false,"messageTitle":"Refactor Dor to use UserInterface and Taskmanager classes","messageBody":"","fileTypesAndContributionMap":{"java":{"insertions":3,"deletions":42}}}]},{"date":"2024-02-03","commitResults":[{"hash":"e677158d2c5a22d1c8f68c4450be513fd87453e5","isMergeCommit":false,"messageTitle":"Remove unused Task constructor","messageBody":"","fileTypesAndContributionMap":{"java":{"insertions":1,"deletions":6}}},{"hash":"37d0ca3802329ee4cfa840a00615e65a9341c744","isMergeCommit":false,"messageTitle":"Add ToDo, Deadline and Event classes","messageBody":"","fileTypesAndContributionMap":{"java":{"insertions":55,"deletions":0}}},{"hash":"9b0dc569a283b1fbbaa1ec68b337e1c2d4904c13","isMergeCommit":false,"messageTitle":"Add functionality to handle different task types","messageBody":"","tags":["Level-4","A-Inheritance"],"fileTypesAndContributionMap":{"java":{"insertions":36,"deletions":7}}},{"hash":"43632a1759dd351e9e70d0499a6d1e657557dd40","isMergeCommit":false,"messageTitle":"Remove unnecessary space in print statement","messageBody":"","fileTypesAndContributionMap":{"java":{"insertions":1,"deletions":1}}},{"hash":"ced715f98be69369fd208b6cd08d2a33f3acdecb","isMergeCommit":false,"messageTitle":"Add automated testing","messageBody":"","tags":["A-TextUiTesting"],"fileTypesAndContributionMap":{"txt":{"insertions":10,"deletions":0},"bat":{"insertions":2,"deletions":2}}},{"hash":"b0f48bc8bb5116a4561d7df6614e5d5326832398","isMergeCommit":false,"messageTitle":"Remove unused member","messageBody":"","fileTypesAndContributionMap":{"java":{"insertions":0,"deletions":2}}},{"hash":"0c5e0e555a881e37d6e5263c0f5a2a5eb8f64709","isMergeCommit":false,"messageTitle":"Refactor TaskManager","messageBody":"","tags":["A-CodingStandard"],"fileTypesAndContributionMap":{"java":{"insertions":46,"deletions":22}}}]},{"date":"2024-02-10","commitResults":[{"hash":"b9b84320bd0a06135579a2db03dd5be8021e0716","isMergeCommit":false,"messageTitle":"Refactor code according to PR review","messageBody":"","tags":["A-CodeQuality"],"fileTypesAndContributionMap":{"java":{"insertions":42,"deletions":35}}},{"hash":"d4155992a0629f0e4a0c1c364465d7972aa4dafe","isMergeCommit":false,"messageTitle":"Add error handling for adding, marking and unmarking tasks","messageBody":"","fileTypesAndContributionMap":{"java":{"insertions":57,"deletions":16}}},{"hash":"a5e7e02dd9673610bc6d7a3b5567d347f115f028","isMergeCommit":false,"messageTitle":"Add exceptions for handling task-adding errors","messageBody":"","fileTypesAndContributionMap":{"java":{"insertions":30,"deletions":0}}},{"hash":"3c6294bb0e539cfdc8496628410c8776053227aa","isMergeCommit":false,"messageTitle":"Add exception for adding task-marking/unmarking errors","messageBody":"","fileTypesAndContributionMap":{"java":{"insertions":5,"deletions":0}}},{"hash":"d1b4b504e5ac4f14ec6d46b582260ae4c35c2a2a","isMergeCommit":false,"messageTitle":"Use exceptions to handle errors in TaskManager \u0026 UserInterface","messageBody":"","fileTypesAndContributionMap":{"java":{"insertions":43,"deletions":30}}},{"hash":"f50c93c128999bdd7bf96291665b308fff1ef95f","isMergeCommit":false,"messageTitle":"Refactor TaskManager to use switch instead of if-else","messageBody":"","tags":["Level-5","A-Exceptions"],"fileTypesAndContributionMap":{"java":{"insertions":8,"deletions":4}}},{"hash":"57a504530ece9727cd5bf8ace2242fc246030fb2","isMergeCommit":false,"messageTitle":"Package files","messageBody":"","fileTypesAndContributionMap":{"java":{"insertions":30,"deletions":0}}},{"hash":"797c057bc925f6bd69cc8e294602ec11ec4e7914","isMergeCommit":false,"messageTitle":"Revert \"Package files\"","messageBody":"This reverts commit 57a504530ece9727cd5bf8ace2242fc246030fb2.\n","fileTypesAndContributionMap":{"java":{"insertions":0,"deletions":30}}},{"hash":"c3567d613f491aa6dd171ecc93dd3d24ecb9d140","isMergeCommit":true,"messageTitle":"Merge branch \u0027branch-Level-5\u0027","messageBody":"","fileTypesAndContributionMap":{}},{"hash":"348c6021e726c64fa5597f19368c7bfc176d13e4","isMergeCommit":false,"messageTitle":"Package files","messageBody":"","tags":["A-Packages"],"fileTypesAndContributionMap":{"java":{"insertions":42,"deletions":0},"bat":{"insertions":1,"deletions":1}}}]},{"date":"2024-02-11","commitResults":[{"hash":"f9239a8630dabe9cdc8f9cd26e7e058aa9d195bf","isMergeCommit":true,"messageTitle":"Merge branch \u0027branch-A-Packages\u0027","messageBody":"","fileTypesAndContributionMap":{}}]},{"date":"2024-02-20","commitResults":[{"hash":"7c84ed152dde165320688b3853222afe49144211","isMergeCommit":false,"messageTitle":"Add general exception for out-of-bounds index","messageBody":"","fileTypesAndContributionMap":{"java":{"insertions":7,"deletions":0}}},{"hash":"1de25403bffbaf3dad7afc3e09c8a47409768d18","isMergeCommit":false,"messageTitle":"Remove unused exception","messageBody":"","fileTypesAndContributionMap":{"java":{"insertions":0,"deletions":7}}},{"hash":"375eff46be186e7b733404fca6ca81f3269eb6c7","isMergeCommit":false,"messageTitle":"Refactor TaskManager to use ArrayList","messageBody":"","fileTypesAndContributionMap":{"java":{"insertions":16,"deletions":13}}},{"hash":"bee4e5771ba13af195c56377eb3b44257d47321e","isMergeCommit":false,"messageTitle":"Implement task deleting","messageBody":"","fileTypesAndContributionMap":{"java":{"insertions":17,"deletions":2}}},{"hash":"39ef64c92d6f973249a9a3362c2ea81460c208fe","isMergeCommit":false,"messageTitle":"Add task constructors that take isDone as parameter","messageBody":"","fileTypesAndContributionMap":{"java":{"insertions":20,"deletions":0}}}]},{"date":"2024-02-22","commitResults":[{"hash":"95f8a8655efe00cc47e6360ff000f477dfdbe7e6","isMergeCommit":false,"messageTitle":"Add skeleton for loading data","messageBody":"","fileTypesAndContributionMap":{"java":{"insertions":54,"deletions":12}}},{"hash":"2bf472ffd0b75531f5ac4e5eb2909a5a7cd698c1","isMergeCommit":false,"messageTitle":"Add getType methods to task classes","messageBody":"","fileTypesAndContributionMap":{"java":{"insertions":19,"deletions":0}}},{"hash":"9d183c64f9d4bf1ade71bd9121767a0fd33478fe","isMergeCommit":false,"messageTitle":"Add getters for date/time in Deadline and Event","messageBody":"","fileTypesAndContributionMap":{"java":{"insertions":12,"deletions":0}}},{"hash":"f42dc655547cddb90275b092e2dac0030cd2fb4d","isMergeCommit":false,"messageTitle":"Add space","messageBody":"","fileTypesAndContributionMap":{"java":{"insertions":1,"deletions":1}}},{"hash":"f96195e5c4134357e0cd45b0897946f98b9eb24d","isMergeCommit":false,"messageTitle":"Implement data saving","messageBody":"","fileTypesAndContributionMap":{"java":{"insertions":45,"deletions":0}}},{"hash":"5b7bf4966410ac8d2d17236724556a2fc65519b3","isMergeCommit":false,"messageTitle":"Implement data loading","messageBody":"","fileTypesAndContributionMap":{"java":{"insertions":58,"deletions":18}}},{"hash":"a2c2e6f0cf0d467175c0d576e2defde4f61576b8","isMergeCommit":true,"messageTitle":"Merge branch \u0027branch-Level-6\u0027","messageBody":"","tags":["Level-6"],"fileTypesAndContributionMap":{}},{"hash":"4c58fcdbca4bb38909dfb34dd3453940fc84fa1a","isMergeCommit":true,"messageTitle":"Merge branch \u0027branch-Level-7\u0027","messageBody":"# Conflicts:\n#\tsrc/main/java/logic/TaskManager.java\n","fileTypesAndContributionMap":{}},{"hash":"77bcb37f8fd54afb4ac2cbb6b2274906f28388f5","isMergeCommit":false,"messageTitle":"Fix event loading and saving after deletion","messageBody":"","tags":["Level-7"],"fileTypesAndContributionMap":{"java":{"insertions":2,"deletions":1}}}]}]},"authorFileTypeContributionMap":{"JianJiaT":{"java":558,"md":0,"fxml":0,"sh":0,"bat":2,"gradle":0,"txt":10}},"authorContributionVariance":{"JianJiaT":6358.255},"authorDisplayNameMap":{"JianJiaT":"CS2113-F14-1 TEOH.. JIA"}}
