{"authorDailyContributionsMap":{"joshualeejunyi":[{"date":"2024-01-25","commitResults":[{"hash":"812fd5eaf36740900876f83b02f72d7138e1f0a6","isMergeCommit":false,"messageTitle":"Level-0: Renamed to artemis with greeting and exit","messageBody":"","fileTypesAndContributionMap":{"java":{"insertions":13,"deletions":6}}}]},{"date":"2024-01-31","commitResults":[{"hash":"ba5f5c32976f0d33c1a92fa2f6d74c2590181389","isMergeCommit":false,"messageTitle":"Added username and echo back for level-1","messageBody":"","tags":["Level-1"],"fileTypesAndContributionMap":{"java":{"insertions":26,"deletions":3}}},{"hash":"fab6b48b435a8a90cf211b187213be2b82e7d5d8","isMergeCommit":false,"messageTitle":"Added level-2 functionalities with refactors","messageBody":"","tags":["Level-2"],"fileTypesAndContributionMap":{"java":{"insertions":50,"deletions":12}}},{"hash":"acd6e0803ff9a1b87199c24316ced8ac438e23b3","isMergeCommit":false,"messageTitle":"Added level-3 mark as done functionality","messageBody":"","fileTypesAndContributionMap":{"java":{"insertions":50,"deletions":10}}}]},{"date":"2024-02-04","commitResults":[{"hash":"371634950aa42ba5f1191cafcdcd495bbaa8a963","isMergeCommit":false,"messageTitle":"Refactored Duke to Artemis","messageBody":"","tags":["A-CodingStandard"],"fileTypesAndContributionMap":{"java":{"insertions":1,"deletions":1},"bat":{"insertions":1,"deletions":1},"sh":{"insertions":1,"deletions":1},"md":{"insertions":2,"deletions":2}}}]}]},"authorFileTypeContributionMap":{"joshualeejunyi":{"java":116,"md":2,"fxml":0,"sh":1,"bat":1,"gradle":0,"txt":0}},"authorContributionVariance":{"joshualeejunyi":1256.2422},"authorDisplayNameMap":{"joshualeejunyi":"LEE ..SHUA"}}
