{"authorDailyContributionsMap":{"paturikarthik":[{"date":"2024-01-24","commitResults":[{"hash":"d4241945d15e4b6c6a4b3c5c30b2310303adcaae","isMergeCommit":false,"messageTitle":"Level-0","messageBody":"","tags":["Level-0"],"fileTypesAndContributionMap":{"java":{"insertions":11,"deletions":0}}}]},{"date":"2024-02-02","commitResults":[{"hash":"518bac33eb8690068c669bae3f19d90608259a0e","isMergeCommit":false,"messageTitle":"Level-1","messageBody":"","tags":["Level-1"],"fileTypesAndContributionMap":{"java":{"insertions":23,"deletions":3}}},{"hash":"7f5bf604a918825d089b630fd523aa0851a89268","isMergeCommit":false,"messageTitle":"Level-2","messageBody":"","tags":["Level-2"],"fileTypesAndContributionMap":{"java":{"insertions":17,"deletions":6}}},{"hash":"f86af23d338d2ee783b09dcbb15d083aea43e409","isMergeCommit":false,"messageTitle":"Level-3","messageBody":"","tags":["Level-3"],"fileTypesAndContributionMap":{"java":{"insertions":56,"deletions":7}}},{"hash":"77a1db0a0bc7930adcf48aa621c4ff2f643c4934","isMergeCommit":false,"messageTitle":"A-CodingStandard","messageBody":"","tags":["A-CodingStandard"],"fileTypesAndContributionMap":{"java":{"insertions":18,"deletions":15}}}]},{"date":"2024-02-07","commitResults":[{"hash":"7de5ec9386b7b625a6f8e0bd226f45a9f4914275","isMergeCommit":false,"messageTitle":"Level-4","messageBody":"","tags":["Level-4"],"fileTypesAndContributionMap":{"java":{"insertions":123,"deletions":11}}}]},{"date":"2024-02-09","commitResults":[{"hash":"ff461514612e478017c2c610f5a1f545c9145899","isMergeCommit":false,"messageTitle":"A-CodeQuality","messageBody":"","tags":["A-CodeQuality"],"fileTypesAndContributionMap":{"java":{"insertions":19,"deletions":19}}}]}]},"authorFileTypeContributionMap":{"paturikarthik":{"java":206,"md":0,"fxml":0,"sh":0,"bat":0,"gradle":0,"txt":0}},"authorContributionVariance":{"paturikarthik":1620.7192},"authorDisplayNameMap":{"paturikarthik":"CS2113-F15-2 PATU..THIK"}}
