[{"path":"data/Loopy.txt","fileType":"txt","lines":[{"lineNumber":1,"author":{"gitId":"luozihui2003"},"content":"T | 0 | watch lecture","lastModifiedDate":"2024-03-08"},{"lineNumber":2,"author":{"gitId":"luozihui2003"},"content":"E | 0 | interview  | Friday 2pm  | 3pm","lastModifiedDate":"2024-03-08"},{"lineNumber":3,"author":{"gitId":"luozihui2003"},"content":"T | 0 | review lecture","lastModifiedDate":"2024-03-08"}],"authorContributionMap":{"luozihui2003":3}},{"path":"docs/README.md","fileType":"md","lines":[{"lineNumber":1,"author":{"gitId":"luozihui2003"},"content":"![loopy](https://github.com/luozihui2003/Luo-Zi-Hui-ip/assets/110605459/9b223cb5-9182-4f48-8956-99d4ba25280f)","lastModifiedDate":"2024-03-08"},{"lineNumber":2,"author":{"gitId":"luozihui2003"},"content":"","lastModifiedDate":"2024-03-08"},{"lineNumber":3,"author":{"gitId":"luozihui2003"},"content":"# Loopy","lastModifiedDate":"2024-03-08"},{"lineNumber":4,"author":{"gitId":"luozihui2003"},"content":"Loopy is here to help with tracking your tasks!","lastModifiedDate":"2024-03-08"},{"lineNumber":5,"author":{"gitId":"luozihui2003"},"content":"","lastModifiedDate":"2024-03-08"},{"lineNumber":6,"author":{"gitId":"luozihui2003"},"content":"## How to Start","lastModifiedDate":"2024-03-08"},{"lineNumber":7,"author":{"gitId":"luozihui2003"},"content":"1. Ensure you have Java 11 or above installed on your computer.","lastModifiedDate":"2024-03-08"},{"lineNumber":8,"author":{"gitId":"luozihui2003"},"content":"2. Download the jar file [here](https://github.com/luozihui2003/Luo-Zi-Hui-ip/releases/tag/v0.2).","lastModifiedDate":"2024-03-08"},{"lineNumber":9,"author":{"gitId":"luozihui2003"},"content":"3. Copy the file into a folder to set it as home directory.","lastModifiedDate":"2024-03-08"},{"lineNumber":10,"author":{"gitId":"luozihui2003"},"content":"4. From the terminal, `cd` into home directory of the jar file and run the command `java -jar loopy.jar` to launch Loopy!","lastModifiedDate":"2024-03-08"},{"lineNumber":11,"author":{"gitId":"luozihui2003"},"content":"5. Type in the commands and press enter to execute.","lastModifiedDate":"2024-03-08"},{"lineNumber":12,"author":{"gitId":"-"},"content":"","lastModifiedDate":"2019-07-29"},{"lineNumber":13,"author":{"gitId":"-"},"content":"## Features ","lastModifiedDate":"2019-07-29"},{"lineNumber":14,"author":{"gitId":"-"},"content":"","lastModifiedDate":"2019-07-29"},{"lineNumber":15,"author":{"gitId":"luozihui2003"},"content":"### Add task","lastModifiedDate":"2024-03-08"},{"lineNumber":16,"author":{"gitId":"luozihui2003"},"content":"","lastModifiedDate":"2024-03-08"},{"lineNumber":17,"author":{"gitId":"luozihui2003"},"content":"Add 3 different types of tasks: ToDo, Deadline, and Event.","lastModifiedDate":"2024-03-08"},{"lineNumber":18,"author":{"gitId":"luozihui2003"},"content":"","lastModifiedDate":"2024-03-08"},{"lineNumber":19,"author":{"gitId":"luozihui2003"},"content":"### Delete task","lastModifiedDate":"2024-03-08"},{"lineNumber":20,"author":{"gitId":"luozihui2003"},"content":"","lastModifiedDate":"2024-03-08"},{"lineNumber":21,"author":{"gitId":"luozihui2003"},"content":"Delete a task from the list.","lastModifiedDate":"2024-03-08"},{"lineNumber":22,"author":{"gitId":"luozihui2003"},"content":"","lastModifiedDate":"2024-03-08"},{"lineNumber":23,"author":{"gitId":"luozihui2003"},"content":"### Mark / Unmark task","lastModifiedDate":"2024-03-08"},{"lineNumber":24,"author":{"gitId":"-"},"content":"","lastModifiedDate":"2024-03-08"},{"lineNumber":25,"author":{"gitId":"luozihui2003"},"content":"Mark a task or unmark a completed task.","lastModifiedDate":"2024-03-08"},{"lineNumber":26,"author":{"gitId":"-"},"content":"","lastModifiedDate":"2024-03-08"},{"lineNumber":27,"author":{"gitId":"luozihui2003"},"content":"### Find","lastModifiedDate":"2024-03-08"},{"lineNumber":28,"author":{"gitId":"-"},"content":"","lastModifiedDate":"2024-03-08"},{"lineNumber":29,"author":{"gitId":"luozihui2003"},"content":"Find tasks containing the keyword.","lastModifiedDate":"2024-03-08"},{"lineNumber":30,"author":{"gitId":"-"},"content":"","lastModifiedDate":"2024-03-08"},{"lineNumber":31,"author":{"gitId":"luozihui2003"},"content":"### Save and Load","lastModifiedDate":"2024-03-08"},{"lineNumber":32,"author":{"gitId":"-"},"content":"","lastModifiedDate":"2024-03-08"},{"lineNumber":33,"author":{"gitId":"luozihui2003"},"content":"Automatically saves the list after every command, and loads it the next time the programme is launched.","lastModifiedDate":"2024-03-08"},{"lineNumber":34,"author":{"gitId":"luozihui2003"},"content":"## Commands","lastModifiedDate":"2024-03-08"},{"lineNumber":35,"author":{"gitId":"-"},"content":"","lastModifiedDate":"2024-03-08"},{"lineNumber":36,"author":{"gitId":"luozihui2003"},"content":"### `todo` - Add ToDo task","lastModifiedDate":"2024-03-08"},{"lineNumber":37,"author":{"gitId":"luozihui2003"},"content":"","lastModifiedDate":"2024-03-08"},{"lineNumber":38,"author":{"gitId":"luozihui2003"},"content":"Adds a new ToDo task into the list.","lastModifiedDate":"2024-03-08"},{"lineNumber":39,"author":{"gitId":"-"},"content":"","lastModifiedDate":"2021-07-17"},{"lineNumber":40,"author":{"gitId":"-"},"content":"Example of usage: ","lastModifiedDate":"2024-03-08"},{"lineNumber":41,"author":{"gitId":"-"},"content":"","lastModifiedDate":"2024-03-08"},{"lineNumber":42,"author":{"gitId":"luozihui2003"},"content":"`todo \u003cdescription\u003e`","lastModifiedDate":"2024-03-08"},{"lineNumber":43,"author":{"gitId":"-"},"content":"","lastModifiedDate":"2021-07-17"},{"lineNumber":44,"author":{"gitId":"-"},"content":"Expected outcome:","lastModifiedDate":"2024-03-08"},{"lineNumber":45,"author":{"gitId":"-"},"content":"","lastModifiedDate":"2021-07-17"},{"lineNumber":46,"author":{"gitId":"luozihui2003"},"content":"```","lastModifiedDate":"2024-03-08"},{"lineNumber":47,"author":{"gitId":"luozihui2003"},"content":"todo watch lecture","lastModifiedDate":"2024-03-08"},{"lineNumber":48,"author":{"gitId":"-"},"content":"    ","lastModifiedDate":"2019-07-29"},{"lineNumber":49,"author":{"gitId":"luozihui2003"},"content":"    Got it. I\u0027ve added this task:","lastModifiedDate":"2024-03-08"},{"lineNumber":50,"author":{"gitId":"luozihui2003"},"content":"    [T][ ] watch lecture","lastModifiedDate":"2024-03-08"},{"lineNumber":51,"author":{"gitId":"-"},"content":"","lastModifiedDate":"2019-07-29"},{"lineNumber":52,"author":{"gitId":"luozihui2003"},"content":"    Now you have 1 tasks in the list.    ","lastModifiedDate":"2024-03-08"},{"lineNumber":53,"author":{"gitId":"luozihui2003"},"content":"```","lastModifiedDate":"2024-03-08"},{"lineNumber":54,"author":{"gitId":"luozihui2003"},"content":"### `deadline` - Add Deadline task","lastModifiedDate":"2024-03-08"},{"lineNumber":55,"author":{"gitId":"-"},"content":"","lastModifiedDate":"2019-07-29"},{"lineNumber":56,"author":{"gitId":"luozihui2003"},"content":"Adds a new Deadline task into the list.","lastModifiedDate":"2024-03-08"},{"lineNumber":57,"author":{"gitId":"-"},"content":"","lastModifiedDate":"2019-07-29"},{"lineNumber":58,"author":{"gitId":"-"},"content":"Example of usage:","lastModifiedDate":"2019-07-29"},{"lineNumber":59,"author":{"gitId":"-"},"content":"","lastModifiedDate":"2019-07-29"},{"lineNumber":60,"author":{"gitId":"luozihui2003"},"content":"`deadline \u003cdescription\u003e /by \u003cdeadline\u003e`","lastModifiedDate":"2024-03-08"},{"lineNumber":61,"author":{"gitId":"-"},"content":"","lastModifiedDate":"2019-07-29"},{"lineNumber":62,"author":{"gitId":"-"},"content":"Expected outcome:","lastModifiedDate":"2019-07-29"},{"lineNumber":63,"author":{"gitId":"-"},"content":"","lastModifiedDate":"2019-07-29"},{"lineNumber":64,"author":{"gitId":"luozihui2003"},"content":"```","lastModifiedDate":"2024-03-08"},{"lineNumber":65,"author":{"gitId":"luozihui2003"},"content":"deadline CS2113 ip /by 8 Mar","lastModifiedDate":"2024-03-08"},{"lineNumber":66,"author":{"gitId":"luozihui2003"},"content":"    ","lastModifiedDate":"2024-03-08"},{"lineNumber":67,"author":{"gitId":"luozihui2003"},"content":"    Got it. I\u0027ve added this task:","lastModifiedDate":"2024-03-08"},{"lineNumber":68,"author":{"gitId":"luozihui2003"},"content":"    [D][ ] CS2113 ip (by: 8 Mar)","lastModifiedDate":"2024-03-08"},{"lineNumber":69,"author":{"gitId":"luozihui2003"},"content":"","lastModifiedDate":"2024-03-08"},{"lineNumber":70,"author":{"gitId":"luozihui2003"},"content":"    Now you have 2 tasks in the list.    ","lastModifiedDate":"2024-03-08"},{"lineNumber":71,"author":{"gitId":"luozihui2003"},"content":"```","lastModifiedDate":"2024-03-08"},{"lineNumber":72,"author":{"gitId":"luozihui2003"},"content":"### `event` - Add Event task","lastModifiedDate":"2024-03-08"},{"lineNumber":73,"author":{"gitId":"luozihui2003"},"content":"","lastModifiedDate":"2024-03-08"},{"lineNumber":74,"author":{"gitId":"luozihui2003"},"content":"Adds a new Event task into the list.","lastModifiedDate":"2024-03-08"},{"lineNumber":75,"author":{"gitId":"luozihui2003"},"content":"","lastModifiedDate":"2024-03-08"},{"lineNumber":76,"author":{"gitId":"luozihui2003"},"content":"Example of usage:","lastModifiedDate":"2024-03-08"},{"lineNumber":77,"author":{"gitId":"luozihui2003"},"content":"","lastModifiedDate":"2024-03-08"},{"lineNumber":78,"author":{"gitId":"luozihui2003"},"content":"`event \u003cdescription\u003e /from \u003cstart\u003e /to \u003cend\u003e`","lastModifiedDate":"2024-03-08"},{"lineNumber":79,"author":{"gitId":"luozihui2003"},"content":"","lastModifiedDate":"2024-03-08"},{"lineNumber":80,"author":{"gitId":"luozihui2003"},"content":"Expected outcome:","lastModifiedDate":"2024-03-08"},{"lineNumber":81,"author":{"gitId":"luozihui2003"},"content":"","lastModifiedDate":"2024-03-08"},{"lineNumber":82,"author":{"gitId":"luozihui2003"},"content":"```","lastModifiedDate":"2024-03-08"},{"lineNumber":83,"author":{"gitId":"luozihui2003"},"content":"event interview /from Friday 2pm /to 3pm","lastModifiedDate":"2024-03-08"},{"lineNumber":84,"author":{"gitId":"luozihui2003"},"content":"","lastModifiedDate":"2024-03-08"},{"lineNumber":85,"author":{"gitId":"luozihui2003"},"content":"    Got it. I\u0027ve added this task:","lastModifiedDate":"2024-03-08"},{"lineNumber":86,"author":{"gitId":"luozihui2003"},"content":"    [E][ ] interview (from: Friday 2pm to: 3pm)","lastModifiedDate":"2024-03-08"},{"lineNumber":87,"author":{"gitId":"luozihui2003"},"content":"","lastModifiedDate":"2024-03-08"},{"lineNumber":88,"author":{"gitId":"luozihui2003"},"content":"    Now you have 3 tasks in the list.    ","lastModifiedDate":"2024-03-08"},{"lineNumber":89,"author":{"gitId":"luozihui2003"},"content":"```","lastModifiedDate":"2024-03-08"},{"lineNumber":90,"author":{"gitId":"luozihui2003"},"content":"### `list` - Display list","lastModifiedDate":"2024-03-08"},{"lineNumber":91,"author":{"gitId":"luozihui2003"},"content":"","lastModifiedDate":"2024-03-08"},{"lineNumber":92,"author":{"gitId":"luozihui2003"},"content":"Shows all existing tasks in the list.","lastModifiedDate":"2024-03-08"},{"lineNumber":93,"author":{"gitId":"luozihui2003"},"content":"","lastModifiedDate":"2024-03-08"},{"lineNumber":94,"author":{"gitId":"luozihui2003"},"content":"Example of usage:","lastModifiedDate":"2024-03-08"},{"lineNumber":95,"author":{"gitId":"luozihui2003"},"content":"","lastModifiedDate":"2024-03-08"},{"lineNumber":96,"author":{"gitId":"luozihui2003"},"content":"`list`","lastModifiedDate":"2024-03-08"},{"lineNumber":97,"author":{"gitId":"luozihui2003"},"content":"","lastModifiedDate":"2024-03-08"},{"lineNumber":98,"author":{"gitId":"luozihui2003"},"content":"Expected outcome:","lastModifiedDate":"2024-03-08"},{"lineNumber":99,"author":{"gitId":"luozihui2003"},"content":"","lastModifiedDate":"2024-03-08"},{"lineNumber":100,"author":{"gitId":"luozihui2003"},"content":"```","lastModifiedDate":"2024-03-08"},{"lineNumber":101,"author":{"gitId":"luozihui2003"},"content":"list","lastModifiedDate":"2024-03-08"},{"lineNumber":102,"author":{"gitId":"luozihui2003"},"content":"    ","lastModifiedDate":"2024-03-08"},{"lineNumber":103,"author":{"gitId":"luozihui2003"},"content":"    Here are the tasks in your list: ","lastModifiedDate":"2024-03-08"},{"lineNumber":104,"author":{"gitId":"luozihui2003"},"content":"    1. [T][ ] watch lecture","lastModifiedDate":"2024-03-08"},{"lineNumber":105,"author":{"gitId":"luozihui2003"},"content":"    2. [D][ ] CS2113 ip (by: 8 Mar)","lastModifiedDate":"2024-03-08"},{"lineNumber":106,"author":{"gitId":"luozihui2003"},"content":"    3. [E][ ] interview (from: Friday 2pm to: 3pm)","lastModifiedDate":"2024-03-08"},{"lineNumber":107,"author":{"gitId":"luozihui2003"},"content":"```","lastModifiedDate":"2024-03-08"},{"lineNumber":108,"author":{"gitId":"luozihui2003"},"content":"### `mark` - Marks a task as complete","lastModifiedDate":"2024-03-08"},{"lineNumber":109,"author":{"gitId":"luozihui2003"},"content":"","lastModifiedDate":"2024-03-08"},{"lineNumber":110,"author":{"gitId":"luozihui2003"},"content":"Marks a task as done according to the index specified by user.","lastModifiedDate":"2024-03-08"},{"lineNumber":111,"author":{"gitId":"luozihui2003"},"content":"Example of usage:","lastModifiedDate":"2024-03-08"},{"lineNumber":112,"author":{"gitId":"luozihui2003"},"content":"","lastModifiedDate":"2024-03-08"},{"lineNumber":113,"author":{"gitId":"luozihui2003"},"content":"`mark \u003cindex\u003e`","lastModifiedDate":"2024-03-08"},{"lineNumber":114,"author":{"gitId":"luozihui2003"},"content":"","lastModifiedDate":"2024-03-08"},{"lineNumber":115,"author":{"gitId":"luozihui2003"},"content":"Expected outcome:","lastModifiedDate":"2024-03-08"},{"lineNumber":116,"author":{"gitId":"-"},"content":"","lastModifiedDate":"2021-07-17"},{"lineNumber":117,"author":{"gitId":"-"},"content":"```","lastModifiedDate":"2021-07-17"},{"lineNumber":118,"author":{"gitId":"luozihui2003"},"content":"mark 1","lastModifiedDate":"2024-03-08"},{"lineNumber":119,"author":{"gitId":"luozihui2003"},"content":"    ","lastModifiedDate":"2024-03-08"},{"lineNumber":120,"author":{"gitId":"luozihui2003"},"content":"    Nice! I\u0027ve marked this task as done:","lastModifiedDate":"2024-03-08"},{"lineNumber":121,"author":{"gitId":"luozihui2003"},"content":"    [T][X] watch lecture","lastModifiedDate":"2024-03-08"},{"lineNumber":122,"author":{"gitId":"luozihui2003"},"content":"```","lastModifiedDate":"2024-03-08"},{"lineNumber":123,"author":{"gitId":"luozihui2003"},"content":"### `unmark` - Unmark a completed task","lastModifiedDate":"2024-03-08"},{"lineNumber":124,"author":{"gitId":"luozihui2003"},"content":"","lastModifiedDate":"2024-03-08"},{"lineNumber":125,"author":{"gitId":"luozihui2003"},"content":"Unmarks a task as not done according to the index specified by user.","lastModifiedDate":"2024-03-08"},{"lineNumber":126,"author":{"gitId":"luozihui2003"},"content":"","lastModifiedDate":"2024-03-08"},{"lineNumber":127,"author":{"gitId":"luozihui2003"},"content":"Example of usage:","lastModifiedDate":"2024-03-08"},{"lineNumber":128,"author":{"gitId":"luozihui2003"},"content":"","lastModifiedDate":"2024-03-08"},{"lineNumber":129,"author":{"gitId":"luozihui2003"},"content":"`unmark \u003cindex\u003e`","lastModifiedDate":"2024-03-08"},{"lineNumber":130,"author":{"gitId":"luozihui2003"},"content":"","lastModifiedDate":"2024-03-08"},{"lineNumber":131,"author":{"gitId":"luozihui2003"},"content":"Expected outcome:","lastModifiedDate":"2024-03-08"},{"lineNumber":132,"author":{"gitId":"luozihui2003"},"content":"","lastModifiedDate":"2024-03-08"},{"lineNumber":133,"author":{"gitId":"luozihui2003"},"content":"```","lastModifiedDate":"2024-03-08"},{"lineNumber":134,"author":{"gitId":"luozihui2003"},"content":"unmark 1","lastModifiedDate":"2024-03-08"},{"lineNumber":135,"author":{"gitId":"luozihui2003"},"content":"","lastModifiedDate":"2024-03-08"},{"lineNumber":136,"author":{"gitId":"luozihui2003"},"content":"    OK, I\u0027ve marked this task as not done yet:","lastModifiedDate":"2024-03-08"},{"lineNumber":137,"author":{"gitId":"luozihui2003"},"content":"       [T][ ] watch lecture","lastModifiedDate":"2024-03-08"},{"lineNumber":138,"author":{"gitId":"luozihui2003"},"content":"```","lastModifiedDate":"2024-03-08"},{"lineNumber":139,"author":{"gitId":"luozihui2003"},"content":"### `find` - Dislay a list of tasks containing keyword","lastModifiedDate":"2024-03-08"},{"lineNumber":140,"author":{"gitId":"luozihui2003"},"content":"","lastModifiedDate":"2024-03-08"},{"lineNumber":141,"author":{"gitId":"luozihui2003"},"content":"Displays a list of tasks that matches the user-inputted keyword.","lastModifiedDate":"2024-03-08"},{"lineNumber":142,"author":{"gitId":"luozihui2003"},"content":"","lastModifiedDate":"2024-03-08"},{"lineNumber":143,"author":{"gitId":"luozihui2003"},"content":"Example of usage:","lastModifiedDate":"2024-03-08"},{"lineNumber":144,"author":{"gitId":"luozihui2003"},"content":"","lastModifiedDate":"2024-03-08"},{"lineNumber":145,"author":{"gitId":"luozihui2003"},"content":"`find \u003ckeyword\u003e`","lastModifiedDate":"2024-03-08"},{"lineNumber":146,"author":{"gitId":"luozihui2003"},"content":"","lastModifiedDate":"2024-03-08"},{"lineNumber":147,"author":{"gitId":"luozihui2003"},"content":"Expected outcome:","lastModifiedDate":"2024-03-08"},{"lineNumber":148,"author":{"gitId":"luozihui2003"},"content":"","lastModifiedDate":"2024-03-08"},{"lineNumber":149,"author":{"gitId":"luozihui2003"},"content":"```","lastModifiedDate":"2024-03-08"},{"lineNumber":150,"author":{"gitId":"luozihui2003"},"content":"list","lastModifiedDate":"2024-03-08"},{"lineNumber":151,"author":{"gitId":"luozihui2003"},"content":"","lastModifiedDate":"2024-03-08"},{"lineNumber":152,"author":{"gitId":"luozihui2003"},"content":"   Here are the tasks in your list: ","lastModifiedDate":"2024-03-08"},{"lineNumber":153,"author":{"gitId":"luozihui2003"},"content":"    1. [T][ ] watch lecture","lastModifiedDate":"2024-03-08"},{"lineNumber":154,"author":{"gitId":"luozihui2003"},"content":"    2. [D][ ] CS2113 ip (by: 8 Mar)","lastModifiedDate":"2024-03-08"},{"lineNumber":155,"author":{"gitId":"luozihui2003"},"content":"    3. [E][ ] interview (from: Friday 2pm to: 3pm)","lastModifiedDate":"2024-03-08"},{"lineNumber":156,"author":{"gitId":"luozihui2003"},"content":"    4. [T][ ] review lecture","lastModifiedDate":"2024-03-08"},{"lineNumber":157,"author":{"gitId":"luozihui2003"},"content":"","lastModifiedDate":"2024-03-08"},{"lineNumber":158,"author":{"gitId":"luozihui2003"},"content":"","lastModifiedDate":"2024-03-08"},{"lineNumber":159,"author":{"gitId":"luozihui2003"},"content":"find lecture","lastModifiedDate":"2024-03-08"},{"lineNumber":160,"author":{"gitId":"luozihui2003"},"content":"","lastModifiedDate":"2024-03-08"},{"lineNumber":161,"author":{"gitId":"luozihui2003"},"content":"    Here are the matching tasks in your list: ","lastModifiedDate":"2024-03-08"},{"lineNumber":162,"author":{"gitId":"luozihui2003"},"content":"    1. [T][ ] watch lecture","lastModifiedDate":"2024-03-08"},{"lineNumber":163,"author":{"gitId":"luozihui2003"},"content":"    2. [T][ ] review lecture","lastModifiedDate":"2024-03-08"},{"lineNumber":164,"author":{"gitId":"luozihui2003"},"content":"```","lastModifiedDate":"2024-03-08"},{"lineNumber":165,"author":{"gitId":"luozihui2003"},"content":"### `delete` - Delete a task from list","lastModifiedDate":"2024-03-08"},{"lineNumber":166,"author":{"gitId":"luozihui2003"},"content":"","lastModifiedDate":"2024-03-08"},{"lineNumber":167,"author":{"gitId":"luozihui2003"},"content":"Deletes a task according to the index specified by user.","lastModifiedDate":"2024-03-08"},{"lineNumber":168,"author":{"gitId":"luozihui2003"},"content":"","lastModifiedDate":"2024-03-08"},{"lineNumber":169,"author":{"gitId":"luozihui2003"},"content":"Example of usage:","lastModifiedDate":"2024-03-08"},{"lineNumber":170,"author":{"gitId":"luozihui2003"},"content":"","lastModifiedDate":"2024-03-08"},{"lineNumber":171,"author":{"gitId":"luozihui2003"},"content":"`delete \u003cindex\u003e`","lastModifiedDate":"2024-03-08"},{"lineNumber":172,"author":{"gitId":"luozihui2003"},"content":"","lastModifiedDate":"2024-03-08"},{"lineNumber":173,"author":{"gitId":"luozihui2003"},"content":"Expected outcome:","lastModifiedDate":"2024-03-08"},{"lineNumber":174,"author":{"gitId":"luozihui2003"},"content":"","lastModifiedDate":"2024-03-08"},{"lineNumber":175,"author":{"gitId":"luozihui2003"},"content":"```","lastModifiedDate":"2024-03-08"},{"lineNumber":176,"author":{"gitId":"luozihui2003"},"content":"delete 2","lastModifiedDate":"2024-03-08"},{"lineNumber":177,"author":{"gitId":"luozihui2003"},"content":"","lastModifiedDate":"2024-03-08"},{"lineNumber":178,"author":{"gitId":"luozihui2003"},"content":"    I have deleted the task:","lastModifiedDate":"2024-03-08"},{"lineNumber":179,"author":{"gitId":"luozihui2003"},"content":"       [D][ ] CS2113 ip (by: 8 Mar)","lastModifiedDate":"2024-03-08"},{"lineNumber":180,"author":{"gitId":"luozihui2003"},"content":"       You now have 3 tasks left","lastModifiedDate":"2024-03-08"},{"lineNumber":181,"author":{"gitId":"luozihui2003"},"content":"       ","lastModifiedDate":"2024-03-08"},{"lineNumber":182,"author":{"gitId":"luozihui2003"},"content":"list","lastModifiedDate":"2024-03-08"},{"lineNumber":183,"author":{"gitId":"luozihui2003"},"content":"","lastModifiedDate":"2024-03-08"},{"lineNumber":184,"author":{"gitId":"luozihui2003"},"content":"   Here are the tasks in your list: ","lastModifiedDate":"2024-03-08"},{"lineNumber":185,"author":{"gitId":"luozihui2003"},"content":"    1. [T][ ] watch lecture","lastModifiedDate":"2024-03-08"},{"lineNumber":186,"author":{"gitId":"luozihui2003"},"content":"    2. [E][ ] interview (from: Friday 2pm to: 3pm)","lastModifiedDate":"2024-03-08"},{"lineNumber":187,"author":{"gitId":"luozihui2003"},"content":"    3. [T][ ] review lecture","lastModifiedDate":"2024-03-08"},{"lineNumber":188,"author":{"gitId":"luozihui2003"},"content":"```","lastModifiedDate":"2024-03-08"},{"lineNumber":189,"author":{"gitId":"luozihui2003"},"content":"### `bye` - Exits the programme","lastModifiedDate":"2024-03-08"},{"lineNumber":190,"author":{"gitId":"luozihui2003"},"content":"","lastModifiedDate":"2024-03-08"},{"lineNumber":191,"author":{"gitId":"luozihui2003"},"content":"Stops and exits the programme.","lastModifiedDate":"2024-03-08"},{"lineNumber":192,"author":{"gitId":"luozihui2003"},"content":"","lastModifiedDate":"2024-03-08"},{"lineNumber":193,"author":{"gitId":"luozihui2003"},"content":"Example of usage:","lastModifiedDate":"2024-03-08"},{"lineNumber":194,"author":{"gitId":"luozihui2003"},"content":"","lastModifiedDate":"2024-03-08"},{"lineNumber":195,"author":{"gitId":"luozihui2003"},"content":"`bye`","lastModifiedDate":"2024-03-08"},{"lineNumber":196,"author":{"gitId":"luozihui2003"},"content":"","lastModifiedDate":"2024-03-08"},{"lineNumber":197,"author":{"gitId":"luozihui2003"},"content":"Expected outcome:","lastModifiedDate":"2024-03-08"},{"lineNumber":198,"author":{"gitId":"luozihui2003"},"content":"","lastModifiedDate":"2024-03-08"},{"lineNumber":199,"author":{"gitId":"luozihui2003"},"content":"```","lastModifiedDate":"2024-03-08"},{"lineNumber":200,"author":{"gitId":"luozihui2003"},"content":"bye","lastModifiedDate":"2024-03-08"},{"lineNumber":201,"author":{"gitId":"luozihui2003"},"content":"","lastModifiedDate":"2024-03-08"},{"lineNumber":202,"author":{"gitId":"luozihui2003"},"content":"   Bye! Hope to see you again ♡","lastModifiedDate":"2024-03-08"},{"lineNumber":203,"author":{"gitId":"-"},"content":"```","lastModifiedDate":"2021-07-17"}],"authorContributionMap":{"luozihui2003":176,"-":27}},{"path":"src/main/java/Loopy.java","fileType":"java","lines":[{"lineNumber":1,"author":{"gitId":"luozihui2003"},"content":"import java.util.ArrayList;","lastModifiedDate":"2024-02-05"},{"lineNumber":2,"author":{"gitId":"luozihui2003"},"content":"import java.util.Scanner;","lastModifiedDate":"2024-02-08"},{"lineNumber":3,"author":{"gitId":"luozihui2003"},"content":"","lastModifiedDate":"2024-02-05"},{"lineNumber":4,"author":{"gitId":"luozihui2003"},"content":"public class Loopy {","lastModifiedDate":"2024-02-05"},{"lineNumber":5,"author":{"gitId":"luozihui2003"},"content":"    private static ArrayList\u003cTask\u003e tasks \u003d new ArrayList\u003c\u003e();","lastModifiedDate":"2024-03-04"},{"lineNumber":6,"author":{"gitId":"luozihui2003"},"content":"    public static TaskList taskList \u003d new TaskList(tasks);","lastModifiedDate":"2024-03-08"},{"lineNumber":7,"author":{"gitId":"luozihui2003"},"content":"    public static void main(String[] args) {","lastModifiedDate":"2024-02-05"},{"lineNumber":8,"author":{"gitId":"luozihui2003"},"content":"        Scanner taskScanner \u003d new Scanner(System.in);","lastModifiedDate":"2024-03-04"},{"lineNumber":9,"author":{"gitId":"luozihui2003"},"content":"        Ui.showWelcomeMessage();","lastModifiedDate":"2024-03-08"},{"lineNumber":10,"author":{"gitId":"luozihui2003"},"content":"","lastModifiedDate":"2024-03-08"},{"lineNumber":11,"author":{"gitId":"luozihui2003"},"content":"        Loopy.taskList\u003d Storage.loadFile();","lastModifiedDate":"2024-03-08"},{"lineNumber":12,"author":{"gitId":"luozihui2003"},"content":"        Loopy.tasks \u003d taskList.getTasks(); //loads file, then brings tasks here","lastModifiedDate":"2024-03-08"},{"lineNumber":13,"author":{"gitId":"luozihui2003"},"content":"","lastModifiedDate":"2024-02-05"},{"lineNumber":14,"author":{"gitId":"luozihui2003"},"content":"        Ui.showMessage(\"What can I do for you?\\n\");","lastModifiedDate":"2024-03-08"},{"lineNumber":15,"author":{"gitId":"luozihui2003"},"content":"        while (true) {","lastModifiedDate":"2024-02-05"},{"lineNumber":16,"author":{"gitId":"luozihui2003"},"content":"            String task \u003d taskScanner.nextLine(); //scan user input","lastModifiedDate":"2024-03-08"},{"lineNumber":17,"author":{"gitId":"luozihui2003"},"content":"            processTask(task);","lastModifiedDate":"2024-02-05"},{"lineNumber":18,"author":{"gitId":"luozihui2003"},"content":"            if (task.equals(\"bye\")) {","lastModifiedDate":"2024-02-05"},{"lineNumber":19,"author":{"gitId":"luozihui2003"},"content":"                Ui.showExitMessage();","lastModifiedDate":"2024-03-08"},{"lineNumber":20,"author":{"gitId":"luozihui2003"},"content":"                Storage.saveFile(tasks);","lastModifiedDate":"2024-03-08"},{"lineNumber":21,"author":{"gitId":"luozihui2003"},"content":"                break;","lastModifiedDate":"2024-02-05"},{"lineNumber":22,"author":{"gitId":"luozihui2003"},"content":"            }","lastModifiedDate":"2024-02-05"},{"lineNumber":23,"author":{"gitId":"luozihui2003"},"content":"        }","lastModifiedDate":"2024-02-05"},{"lineNumber":24,"author":{"gitId":"luozihui2003"},"content":"    }","lastModifiedDate":"2024-02-05"},{"lineNumber":25,"author":{"gitId":"luozihui2003"},"content":"    /**","lastModifiedDate":"2024-03-08"},{"lineNumber":26,"author":{"gitId":"luozihui2003"},"content":"     * Processes the input command from the user.","lastModifiedDate":"2024-03-08"},{"lineNumber":27,"author":{"gitId":"luozihui2003"},"content":"     * Add, delete, mark, display and find tasks based on the command.","lastModifiedDate":"2024-03-08"},{"lineNumber":28,"author":{"gitId":"luozihui2003"},"content":"     *","lastModifiedDate":"2024-03-08"},{"lineNumber":29,"author":{"gitId":"luozihui2003"},"content":"     * @param task The user input command to process.","lastModifiedDate":"2024-03-08"},{"lineNumber":30,"author":{"gitId":"luozihui2003"},"content":"     */","lastModifiedDate":"2024-03-08"},{"lineNumber":31,"author":{"gitId":"luozihui2003"},"content":"    private static void processTask(String task) {","lastModifiedDate":"2024-02-05"},{"lineNumber":32,"author":{"gitId":"luozihui2003"},"content":"        String[] command \u003d task.split(\" \");","lastModifiedDate":"2024-03-04"},{"lineNumber":33,"author":{"gitId":"luozihui2003"},"content":"","lastModifiedDate":"2024-03-04"},{"lineNumber":34,"author":{"gitId":"luozihui2003"},"content":"        switch (command[0].toLowerCase()){","lastModifiedDate":"2024-03-04"},{"lineNumber":35,"author":{"gitId":"luozihui2003"},"content":"            case \"list\":","lastModifiedDate":"2024-03-04"},{"lineNumber":36,"author":{"gitId":"luozihui2003"},"content":"                taskList.displayTaskList();","lastModifiedDate":"2024-03-08"},{"lineNumber":37,"author":{"gitId":"luozihui2003"},"content":"                break;","lastModifiedDate":"2024-03-04"},{"lineNumber":38,"author":{"gitId":"luozihui2003"},"content":"            case \"mark\":","lastModifiedDate":"2024-03-04"},{"lineNumber":39,"author":{"gitId":"luozihui2003"},"content":"                try {","lastModifiedDate":"2024-03-04"},{"lineNumber":40,"author":{"gitId":"luozihui2003"},"content":"                    TaskList.markTaskAsDone(task);","lastModifiedDate":"2024-03-08"},{"lineNumber":41,"author":{"gitId":"luozihui2003"},"content":"                } catch (LoopyExceptions exceptions) {","lastModifiedDate":"2024-03-04"},{"lineNumber":42,"author":{"gitId":"luozihui2003"},"content":"                    Ui.showMessage(\"Warning! \" + exceptions.getMessage());","lastModifiedDate":"2024-03-08"},{"lineNumber":43,"author":{"gitId":"luozihui2003"},"content":"                }","lastModifiedDate":"2024-03-04"},{"lineNumber":44,"author":{"gitId":"luozihui2003"},"content":"                break;","lastModifiedDate":"2024-03-04"},{"lineNumber":45,"author":{"gitId":"luozihui2003"},"content":"            case \"unmark\":","lastModifiedDate":"2024-03-04"},{"lineNumber":46,"author":{"gitId":"luozihui2003"},"content":"                try {","lastModifiedDate":"2024-03-04"},{"lineNumber":47,"author":{"gitId":"luozihui2003"},"content":"                    TaskList.markTaskAsUndone(task);","lastModifiedDate":"2024-03-08"},{"lineNumber":48,"author":{"gitId":"luozihui2003"},"content":"                } catch (LoopyExceptions exceptions) {","lastModifiedDate":"2024-03-04"},{"lineNumber":49,"author":{"gitId":"luozihui2003"},"content":"                    Ui.showMessage(\"Warning! \" + exceptions.getMessage());","lastModifiedDate":"2024-03-08"},{"lineNumber":50,"author":{"gitId":"luozihui2003"},"content":"                }","lastModifiedDate":"2024-03-04"},{"lineNumber":51,"author":{"gitId":"luozihui2003"},"content":"                break;","lastModifiedDate":"2024-03-04"},{"lineNumber":52,"author":{"gitId":"luozihui2003"},"content":"            case \"todo\":","lastModifiedDate":"2024-03-04"},{"lineNumber":53,"author":{"gitId":"luozihui2003"},"content":"                try {","lastModifiedDate":"2024-03-04"},{"lineNumber":54,"author":{"gitId":"luozihui2003"},"content":"                    TaskList.addTodo(task); // Create Task object and add it to the list","lastModifiedDate":"2024-03-08"},{"lineNumber":55,"author":{"gitId":"luozihui2003"},"content":"                } catch (LoopyExceptions exceptions) {","lastModifiedDate":"2024-03-04"},{"lineNumber":56,"author":{"gitId":"luozihui2003"},"content":"                    Ui.showMessage(\"Warning! \" + exceptions.getMessage());","lastModifiedDate":"2024-03-08"},{"lineNumber":57,"author":{"gitId":"luozihui2003"},"content":"                }","lastModifiedDate":"2024-03-04"},{"lineNumber":58,"author":{"gitId":"luozihui2003"},"content":"                break;","lastModifiedDate":"2024-03-04"},{"lineNumber":59,"author":{"gitId":"luozihui2003"},"content":"            case \"deadline\":","lastModifiedDate":"2024-03-04"},{"lineNumber":60,"author":{"gitId":"luozihui2003"},"content":"                TaskList.addDeadline(task);","lastModifiedDate":"2024-03-08"},{"lineNumber":61,"author":{"gitId":"luozihui2003"},"content":"                break;","lastModifiedDate":"2024-03-04"},{"lineNumber":62,"author":{"gitId":"luozihui2003"},"content":"            case \"event\":","lastModifiedDate":"2024-03-04"},{"lineNumber":63,"author":{"gitId":"luozihui2003"},"content":"                TaskList.addEvent(task);","lastModifiedDate":"2024-03-08"},{"lineNumber":64,"author":{"gitId":"luozihui2003"},"content":"                break;","lastModifiedDate":"2024-03-04"},{"lineNumber":65,"author":{"gitId":"luozihui2003"},"content":"            case \"delete\":","lastModifiedDate":"2024-03-04"},{"lineNumber":66,"author":{"gitId":"luozihui2003"},"content":"                TaskList.deleteTask(task);","lastModifiedDate":"2024-03-08"},{"lineNumber":67,"author":{"gitId":"luozihui2003"},"content":"                break;","lastModifiedDate":"2024-03-04"},{"lineNumber":68,"author":{"gitId":"luozihui2003"},"content":"            case \"find\":","lastModifiedDate":"2024-03-07"},{"lineNumber":69,"author":{"gitId":"luozihui2003"},"content":"                TaskList.findTask(task);","lastModifiedDate":"2024-03-08"},{"lineNumber":70,"author":{"gitId":"luozihui2003"},"content":"            case \"bye\":","lastModifiedDate":"2024-03-05"},{"lineNumber":71,"author":{"gitId":"luozihui2003"},"content":"                break;","lastModifiedDate":"2024-03-05"},{"lineNumber":72,"author":{"gitId":"luozihui2003"},"content":"            default:","lastModifiedDate":"2024-03-04"},{"lineNumber":73,"author":{"gitId":"luozihui2003"},"content":"                Ui.showMessage(\"I don\u0027t know what you\u0027re saying...?\");","lastModifiedDate":"2024-03-08"},{"lineNumber":74,"author":{"gitId":"luozihui2003"},"content":"        }","lastModifiedDate":"2024-02-05"},{"lineNumber":75,"author":{"gitId":"luozihui2003"},"content":"    }","lastModifiedDate":"2024-02-05"},{"lineNumber":76,"author":{"gitId":"luozihui2003"},"content":"}","lastModifiedDate":"2024-02-05"}],"authorContributionMap":{"luozihui2003":76}},{"path":"src/main/java/LoopyExceptions.java","fileType":"java","lines":[{"lineNumber":1,"author":{"gitId":"luozihui2003"},"content":"public class LoopyExceptions extends Exception{","lastModifiedDate":"2024-03-04"},{"lineNumber":2,"author":{"gitId":"luozihui2003"},"content":"        public LoopyExceptions(String errorMessage){","lastModifiedDate":"2024-03-04"},{"lineNumber":3,"author":{"gitId":"luozihui2003"},"content":"            super(errorMessage);","lastModifiedDate":"2024-03-04"},{"lineNumber":4,"author":{"gitId":"luozihui2003"},"content":"        }","lastModifiedDate":"2024-03-04"},{"lineNumber":5,"author":{"gitId":"luozihui2003"},"content":"}","lastModifiedDate":"2024-03-04"}],"authorContributionMap":{"luozihui2003":5}},{"path":"src/main/java/Storage.java","fileType":"java","lines":[{"lineNumber":1,"author":{"gitId":"luozihui2003"},"content":"import java.io.File;","lastModifiedDate":"2024-03-08"},{"lineNumber":2,"author":{"gitId":"luozihui2003"},"content":"import java.io.FileNotFoundException;","lastModifiedDate":"2024-03-08"},{"lineNumber":3,"author":{"gitId":"luozihui2003"},"content":"import java.io.FileWriter;","lastModifiedDate":"2024-03-08"},{"lineNumber":4,"author":{"gitId":"luozihui2003"},"content":"import java.io.IOException;","lastModifiedDate":"2024-03-08"},{"lineNumber":5,"author":{"gitId":"luozihui2003"},"content":"import java.util.ArrayList;","lastModifiedDate":"2024-03-08"},{"lineNumber":6,"author":{"gitId":"luozihui2003"},"content":"import java.util.Scanner;","lastModifiedDate":"2024-03-08"},{"lineNumber":7,"author":{"gitId":"luozihui2003"},"content":"","lastModifiedDate":"2024-03-08"},{"lineNumber":8,"author":{"gitId":"luozihui2003"},"content":"/**","lastModifiedDate":"2024-03-08"},{"lineNumber":9,"author":{"gitId":"luozihui2003"},"content":" * Handles loading from and saving tasks to a file.","lastModifiedDate":"2024-03-08"},{"lineNumber":10,"author":{"gitId":"luozihui2003"},"content":" */","lastModifiedDate":"2024-03-08"},{"lineNumber":11,"author":{"gitId":"luozihui2003"},"content":"public class Storage {","lastModifiedDate":"2024-03-08"},{"lineNumber":12,"author":{"gitId":"luozihui2003"},"content":"    private static final String FILE_PATH \u003d \"./data/Loopy.txt\"; // File path","lastModifiedDate":"2024-03-08"},{"lineNumber":13,"author":{"gitId":"luozihui2003"},"content":"/**","lastModifiedDate":"2024-03-08"},{"lineNumber":14,"author":{"gitId":"luozihui2003"},"content":" * Loads tasks from the file.","lastModifiedDate":"2024-03-08"},{"lineNumber":15,"author":{"gitId":"luozihui2003"},"content":" *      * @return TaskList loaded from the file. If file does not exist, returns an empty TaskList.","lastModifiedDate":"2024-03-08"},{"lineNumber":16,"author":{"gitId":"luozihui2003"},"content":" */","lastModifiedDate":"2024-03-08"},{"lineNumber":17,"author":{"gitId":"luozihui2003"},"content":" public static TaskList loadFile(){","lastModifiedDate":"2024-03-08"},{"lineNumber":18,"author":{"gitId":"luozihui2003"},"content":"        ArrayList\u003cTask\u003e tasks \u003d new ArrayList\u003c\u003e();","lastModifiedDate":"2024-03-08"},{"lineNumber":19,"author":{"gitId":"luozihui2003"},"content":"","lastModifiedDate":"2024-03-08"},{"lineNumber":20,"author":{"gitId":"luozihui2003"},"content":"        try {","lastModifiedDate":"2024-03-08"},{"lineNumber":21,"author":{"gitId":"luozihui2003"},"content":"            File file \u003d new File(FILE_PATH);","lastModifiedDate":"2024-03-08"},{"lineNumber":22,"author":{"gitId":"luozihui2003"},"content":"            Scanner scanner \u003d new Scanner(file);","lastModifiedDate":"2024-03-08"},{"lineNumber":23,"author":{"gitId":"luozihui2003"},"content":"            while (scanner.hasNextLine()) {","lastModifiedDate":"2024-03-08"},{"lineNumber":24,"author":{"gitId":"luozihui2003"},"content":"                String line \u003d scanner.nextLine();","lastModifiedDate":"2024-03-08"},{"lineNumber":25,"author":{"gitId":"luozihui2003"},"content":"                String[] parts \u003d line.split(\" \\\\| \");","lastModifiedDate":"2024-03-08"},{"lineNumber":26,"author":{"gitId":"luozihui2003"},"content":"                switch (parts[0]) {","lastModifiedDate":"2024-03-08"},{"lineNumber":27,"author":{"gitId":"luozihui2003"},"content":"                    case \"T\":","lastModifiedDate":"2024-03-08"},{"lineNumber":28,"author":{"gitId":"luozihui2003"},"content":"                        tasks.add(new TodoTask(parts[2]));","lastModifiedDate":"2024-03-08"},{"lineNumber":29,"author":{"gitId":"luozihui2003"},"content":"                        break;","lastModifiedDate":"2024-03-08"},{"lineNumber":30,"author":{"gitId":"luozihui2003"},"content":"                    case \"D\":","lastModifiedDate":"2024-03-08"},{"lineNumber":31,"author":{"gitId":"luozihui2003"},"content":"                        tasks.add(new DeadlineTask(parts[2], parts[3]));","lastModifiedDate":"2024-03-08"},{"lineNumber":32,"author":{"gitId":"luozihui2003"},"content":"                        break;","lastModifiedDate":"2024-03-08"},{"lineNumber":33,"author":{"gitId":"luozihui2003"},"content":"                    case \"E\":","lastModifiedDate":"2024-03-08"},{"lineNumber":34,"author":{"gitId":"luozihui2003"},"content":"                        tasks.add(new EventTask(parts[2], parts[3], parts[4]));","lastModifiedDate":"2024-03-08"},{"lineNumber":35,"author":{"gitId":"luozihui2003"},"content":"                        break;","lastModifiedDate":"2024-03-08"},{"lineNumber":36,"author":{"gitId":"luozihui2003"},"content":"                }","lastModifiedDate":"2024-03-08"},{"lineNumber":37,"author":{"gitId":"luozihui2003"},"content":"                if (parts[1].equals(\"1\")) {","lastModifiedDate":"2024-03-08"},{"lineNumber":38,"author":{"gitId":"luozihui2003"},"content":"                    tasks.get(tasks.size() - 1).markAsDone();","lastModifiedDate":"2024-03-08"},{"lineNumber":39,"author":{"gitId":"luozihui2003"},"content":"                }","lastModifiedDate":"2024-03-08"},{"lineNumber":40,"author":{"gitId":"luozihui2003"},"content":"            }","lastModifiedDate":"2024-03-08"},{"lineNumber":41,"author":{"gitId":"luozihui2003"},"content":"            scanner.close();","lastModifiedDate":"2024-03-08"},{"lineNumber":42,"author":{"gitId":"luozihui2003"},"content":"        } catch (FileNotFoundException e) {","lastModifiedDate":"2024-03-08"},{"lineNumber":43,"author":{"gitId":"luozihui2003"},"content":"            System.out.println(\"No saved tasks found! Starting a new list\\n  ❀•°❀°•❀ \");","lastModifiedDate":"2024-03-08"},{"lineNumber":44,"author":{"gitId":"luozihui2003"},"content":"        }","lastModifiedDate":"2024-03-08"},{"lineNumber":45,"author":{"gitId":"luozihui2003"},"content":"        TaskList taskList \u003d new TaskList(tasks);","lastModifiedDate":"2024-03-08"},{"lineNumber":46,"author":{"gitId":"luozihui2003"},"content":"        taskList.displayTaskList();","lastModifiedDate":"2024-03-08"},{"lineNumber":47,"author":{"gitId":"luozihui2003"},"content":"        return taskList;","lastModifiedDate":"2024-03-08"},{"lineNumber":48,"author":{"gitId":"luozihui2003"},"content":"    }","lastModifiedDate":"2024-03-08"},{"lineNumber":49,"author":{"gitId":"luozihui2003"},"content":"","lastModifiedDate":"2024-03-08"},{"lineNumber":50,"author":{"gitId":"luozihui2003"},"content":"    /**","lastModifiedDate":"2024-03-08"},{"lineNumber":51,"author":{"gitId":"luozihui2003"},"content":"     * Saves the current list of tasks to the file.","lastModifiedDate":"2024-03-08"},{"lineNumber":52,"author":{"gitId":"luozihui2003"},"content":"     *","lastModifiedDate":"2024-03-08"},{"lineNumber":53,"author":{"gitId":"luozihui2003"},"content":"     * @param tasks The list of tasks to save.","lastModifiedDate":"2024-03-08"},{"lineNumber":54,"author":{"gitId":"luozihui2003"},"content":"     */","lastModifiedDate":"2024-03-08"},{"lineNumber":55,"author":{"gitId":"luozihui2003"},"content":"    public static void saveFile(ArrayList\u003cTask\u003e tasks ) {","lastModifiedDate":"2024-03-08"},{"lineNumber":56,"author":{"gitId":"luozihui2003"},"content":"        try {","lastModifiedDate":"2024-03-08"},{"lineNumber":57,"author":{"gitId":"luozihui2003"},"content":"            File directory \u003d new File(\"./data\");","lastModifiedDate":"2024-03-08"},{"lineNumber":58,"author":{"gitId":"luozihui2003"},"content":"            if (!directory.exists()) {","lastModifiedDate":"2024-03-08"},{"lineNumber":59,"author":{"gitId":"luozihui2003"},"content":"                directory.mkdirs(); // Make the directory if it doesn\u0027t exist","lastModifiedDate":"2024-03-08"},{"lineNumber":60,"author":{"gitId":"luozihui2003"},"content":"            }","lastModifiedDate":"2024-03-08"},{"lineNumber":61,"author":{"gitId":"luozihui2003"},"content":"            FileWriter writer \u003d new FileWriter(FILE_PATH);","lastModifiedDate":"2024-03-08"},{"lineNumber":62,"author":{"gitId":"luozihui2003"},"content":"            for (Task task : tasks) {","lastModifiedDate":"2024-03-08"},{"lineNumber":63,"author":{"gitId":"luozihui2003"},"content":"                writer.write(task.toFileString() + \"\\n\");","lastModifiedDate":"2024-03-08"},{"lineNumber":64,"author":{"gitId":"luozihui2003"},"content":"            }","lastModifiedDate":"2024-03-08"},{"lineNumber":65,"author":{"gitId":"luozihui2003"},"content":"            writer.close();","lastModifiedDate":"2024-03-08"},{"lineNumber":66,"author":{"gitId":"luozihui2003"},"content":"        } catch (IOException e) {","lastModifiedDate":"2024-03-08"},{"lineNumber":67,"author":{"gitId":"luozihui2003"},"content":"            System.out.println(\"An error occurred while saving tasks.\");","lastModifiedDate":"2024-03-08"},{"lineNumber":68,"author":{"gitId":"luozihui2003"},"content":"            e.printStackTrace();","lastModifiedDate":"2024-03-08"},{"lineNumber":69,"author":{"gitId":"luozihui2003"},"content":"        }","lastModifiedDate":"2024-03-08"},{"lineNumber":70,"author":{"gitId":"luozihui2003"},"content":"    }","lastModifiedDate":"2024-03-08"},{"lineNumber":71,"author":{"gitId":"luozihui2003"},"content":"}","lastModifiedDate":"2024-03-08"}],"authorContributionMap":{"luozihui2003":71}},{"path":"src/main/java/Task.java","fileType":"java","lines":[{"lineNumber":1,"author":{"gitId":"luozihui2003"},"content":"/**","lastModifiedDate":"2024-03-08"},{"lineNumber":2,"author":{"gitId":"luozihui2003"},"content":" * Represents an abstract task with a description and a completion status.","lastModifiedDate":"2024-03-08"},{"lineNumber":3,"author":{"gitId":"luozihui2003"},"content":" */","lastModifiedDate":"2024-03-08"},{"lineNumber":4,"author":{"gitId":"luozihui2003"},"content":"public abstract class Task {","lastModifiedDate":"2024-03-05"},{"lineNumber":5,"author":{"gitId":"luozihui2003"},"content":"    public String description;","lastModifiedDate":"2024-03-05"},{"lineNumber":6,"author":{"gitId":"luozihui2003"},"content":"    public boolean isDone;","lastModifiedDate":"2024-03-05"},{"lineNumber":7,"author":{"gitId":"luozihui2003"},"content":"    /**","lastModifiedDate":"2024-03-08"},{"lineNumber":8,"author":{"gitId":"luozihui2003"},"content":"     * Constructs a new Task with a specified description.","lastModifiedDate":"2024-03-08"},{"lineNumber":9,"author":{"gitId":"luozihui2003"},"content":"     *","lastModifiedDate":"2024-03-08"},{"lineNumber":10,"author":{"gitId":"luozihui2003"},"content":"     * @param description The description of the task.","lastModifiedDate":"2024-03-08"},{"lineNumber":11,"author":{"gitId":"luozihui2003"},"content":"     */","lastModifiedDate":"2024-03-08"},{"lineNumber":12,"author":{"gitId":"luozihui2003"},"content":"    public Task(String description) {","lastModifiedDate":"2024-03-05"},{"lineNumber":13,"author":{"gitId":"luozihui2003"},"content":"        this.description \u003d description;","lastModifiedDate":"2024-03-05"},{"lineNumber":14,"author":{"gitId":"luozihui2003"},"content":"        this.isDone \u003d false;","lastModifiedDate":"2024-03-05"},{"lineNumber":15,"author":{"gitId":"luozihui2003"},"content":"    }","lastModifiedDate":"2024-03-05"},{"lineNumber":16,"author":{"gitId":"luozihui2003"},"content":"","lastModifiedDate":"2024-03-05"},{"lineNumber":17,"author":{"gitId":"luozihui2003"},"content":"    /**","lastModifiedDate":"2024-03-08"},{"lineNumber":18,"author":{"gitId":"luozihui2003"},"content":"     * Marks the task as completed.","lastModifiedDate":"2024-03-08"},{"lineNumber":19,"author":{"gitId":"luozihui2003"},"content":"     */","lastModifiedDate":"2024-03-08"},{"lineNumber":20,"author":{"gitId":"luozihui2003"},"content":"    public void markAsDone() {","lastModifiedDate":"2024-03-05"},{"lineNumber":21,"author":{"gitId":"luozihui2003"},"content":"        this.isDone \u003d true;","lastModifiedDate":"2024-03-05"},{"lineNumber":22,"author":{"gitId":"luozihui2003"},"content":"    }","lastModifiedDate":"2024-03-05"},{"lineNumber":23,"author":{"gitId":"luozihui2003"},"content":"    /**","lastModifiedDate":"2024-03-08"},{"lineNumber":24,"author":{"gitId":"luozihui2003"},"content":"     * Marks the task as not completed.","lastModifiedDate":"2024-03-08"},{"lineNumber":25,"author":{"gitId":"luozihui2003"},"content":"     */","lastModifiedDate":"2024-03-08"},{"lineNumber":26,"author":{"gitId":"luozihui2003"},"content":"    public void markAsNotDone() {","lastModifiedDate":"2024-03-05"},{"lineNumber":27,"author":{"gitId":"luozihui2003"},"content":"        this.isDone \u003d false;","lastModifiedDate":"2024-03-05"},{"lineNumber":28,"author":{"gitId":"luozihui2003"},"content":"    }","lastModifiedDate":"2024-03-05"},{"lineNumber":29,"author":{"gitId":"luozihui2003"},"content":"    /**","lastModifiedDate":"2024-03-08"},{"lineNumber":30,"author":{"gitId":"luozihui2003"},"content":"     * Returns the completion status of the task.","lastModifiedDate":"2024-03-08"},{"lineNumber":31,"author":{"gitId":"luozihui2003"},"content":"     *","lastModifiedDate":"2024-03-08"},{"lineNumber":32,"author":{"gitId":"luozihui2003"},"content":"     * @return true if the task is completed, false otherwise.","lastModifiedDate":"2024-03-08"},{"lineNumber":33,"author":{"gitId":"luozihui2003"},"content":"     */","lastModifiedDate":"2024-03-08"},{"lineNumber":34,"author":{"gitId":"luozihui2003"},"content":"    public boolean isDone() {","lastModifiedDate":"2024-03-05"},{"lineNumber":35,"author":{"gitId":"luozihui2003"},"content":"        return isDone;","lastModifiedDate":"2024-03-05"},{"lineNumber":36,"author":{"gitId":"luozihui2003"},"content":"    }","lastModifiedDate":"2024-03-05"},{"lineNumber":37,"author":{"gitId":"luozihui2003"},"content":"    /**","lastModifiedDate":"2024-03-08"},{"lineNumber":38,"author":{"gitId":"luozihui2003"},"content":"     * Returns the description of the task.","lastModifiedDate":"2024-03-08"},{"lineNumber":39,"author":{"gitId":"luozihui2003"},"content":"     *","lastModifiedDate":"2024-03-08"},{"lineNumber":40,"author":{"gitId":"luozihui2003"},"content":"     * @return The task\u0027s description.","lastModifiedDate":"2024-03-08"},{"lineNumber":41,"author":{"gitId":"luozihui2003"},"content":"     */","lastModifiedDate":"2024-03-08"},{"lineNumber":42,"author":{"gitId":"luozihui2003"},"content":"    public String getDescription() {","lastModifiedDate":"2024-03-05"},{"lineNumber":43,"author":{"gitId":"luozihui2003"},"content":"        return description;","lastModifiedDate":"2024-03-05"},{"lineNumber":44,"author":{"gitId":"luozihui2003"},"content":"    }","lastModifiedDate":"2024-03-05"},{"lineNumber":45,"author":{"gitId":"luozihui2003"},"content":"    /**","lastModifiedDate":"2024-03-08"},{"lineNumber":46,"author":{"gitId":"luozihui2003"},"content":"     * Returns the type of the task as a String.","lastModifiedDate":"2024-03-08"},{"lineNumber":47,"author":{"gitId":"luozihui2003"},"content":"     * The specific task type is defined in subclasses.","lastModifiedDate":"2024-03-08"},{"lineNumber":48,"author":{"gitId":"luozihui2003"},"content":"     *","lastModifiedDate":"2024-03-08"},{"lineNumber":49,"author":{"gitId":"luozihui2003"},"content":"     * @return The task type.","lastModifiedDate":"2024-03-08"},{"lineNumber":50,"author":{"gitId":"luozihui2003"},"content":"     */","lastModifiedDate":"2024-03-08"},{"lineNumber":51,"author":{"gitId":"luozihui2003"},"content":"    public String getType(){","lastModifiedDate":"2024-03-05"},{"lineNumber":52,"author":{"gitId":"luozihui2003"},"content":"        return \"\";","lastModifiedDate":"2024-03-05"},{"lineNumber":53,"author":{"gitId":"luozihui2003"},"content":"    }","lastModifiedDate":"2024-03-05"},{"lineNumber":54,"author":{"gitId":"luozihui2003"},"content":"    /**","lastModifiedDate":"2024-03-08"},{"lineNumber":55,"author":{"gitId":"luozihui2003"},"content":"     * Returns the string representation of the task, including its type, status, and description.","lastModifiedDate":"2024-03-08"},{"lineNumber":56,"author":{"gitId":"luozihui2003"},"content":"     *","lastModifiedDate":"2024-03-08"},{"lineNumber":57,"author":{"gitId":"luozihui2003"},"content":"     * @return The string representation of the task.","lastModifiedDate":"2024-03-08"},{"lineNumber":58,"author":{"gitId":"luozihui2003"},"content":"     */","lastModifiedDate":"2024-03-08"},{"lineNumber":59,"author":{"gitId":"luozihui2003"},"content":"    @Override //converts hexadecimal output to string","lastModifiedDate":"2024-03-05"},{"lineNumber":60,"author":{"gitId":"luozihui2003"},"content":"    public String toString() {","lastModifiedDate":"2024-03-05"},{"lineNumber":61,"author":{"gitId":"luozihui2003"},"content":"        return \"[\" + getType() + \"]\" + \"[\" + (isDone ? \"X\" : \" \") + \"] \" + description;","lastModifiedDate":"2024-03-05"},{"lineNumber":62,"author":{"gitId":"luozihui2003"},"content":"    }","lastModifiedDate":"2024-03-05"},{"lineNumber":63,"author":{"gitId":"luozihui2003"},"content":"    /**","lastModifiedDate":"2024-03-08"},{"lineNumber":64,"author":{"gitId":"luozihui2003"},"content":"     * Converts the task to a format to be saved in text file.","lastModifiedDate":"2024-03-08"},{"lineNumber":65,"author":{"gitId":"luozihui2003"},"content":"     *","lastModifiedDate":"2024-03-08"},{"lineNumber":66,"author":{"gitId":"luozihui2003"},"content":"     * @return The string representation of the task.","lastModifiedDate":"2024-03-08"},{"lineNumber":67,"author":{"gitId":"luozihui2003"},"content":"     */","lastModifiedDate":"2024-03-08"},{"lineNumber":68,"author":{"gitId":"luozihui2003"},"content":"    public abstract String toFileString();","lastModifiedDate":"2024-03-05"},{"lineNumber":69,"author":{"gitId":"luozihui2003"},"content":"}","lastModifiedDate":"2024-03-05"},{"lineNumber":70,"author":{"gitId":"luozihui2003"},"content":"","lastModifiedDate":"2024-03-08"},{"lineNumber":71,"author":{"gitId":"luozihui2003"},"content":"/**","lastModifiedDate":"2024-03-08"},{"lineNumber":72,"author":{"gitId":"luozihui2003"},"content":" * Represents a todo task without any date/time.","lastModifiedDate":"2024-03-08"},{"lineNumber":73,"author":{"gitId":"luozihui2003"},"content":" */","lastModifiedDate":"2024-03-08"},{"lineNumber":74,"author":{"gitId":"luozihui2003"},"content":"class TodoTask extends Task {","lastModifiedDate":"2024-03-08"},{"lineNumber":75,"author":{"gitId":"luozihui2003"},"content":"    /**","lastModifiedDate":"2024-03-08"},{"lineNumber":76,"author":{"gitId":"luozihui2003"},"content":"     * Constructs a new TodoTask with a specified description.","lastModifiedDate":"2024-03-08"},{"lineNumber":77,"author":{"gitId":"luozihui2003"},"content":"     *","lastModifiedDate":"2024-03-08"},{"lineNumber":78,"author":{"gitId":"luozihui2003"},"content":"     * @param description The description of the todo task.","lastModifiedDate":"2024-03-08"},{"lineNumber":79,"author":{"gitId":"luozihui2003"},"content":"     */","lastModifiedDate":"2024-03-08"},{"lineNumber":80,"author":{"gitId":"luozihui2003"},"content":"    public TodoTask(String description) {","lastModifiedDate":"2024-03-08"},{"lineNumber":81,"author":{"gitId":"luozihui2003"},"content":"        super(description);","lastModifiedDate":"2024-03-08"},{"lineNumber":82,"author":{"gitId":"luozihui2003"},"content":"    }","lastModifiedDate":"2024-03-08"},{"lineNumber":83,"author":{"gitId":"luozihui2003"},"content":"","lastModifiedDate":"2024-03-08"},{"lineNumber":84,"author":{"gitId":"luozihui2003"},"content":"    @Override","lastModifiedDate":"2024-03-08"},{"lineNumber":85,"author":{"gitId":"luozihui2003"},"content":"    public String getType() {","lastModifiedDate":"2024-03-08"},{"lineNumber":86,"author":{"gitId":"luozihui2003"},"content":"        return \"T\";","lastModifiedDate":"2024-03-08"},{"lineNumber":87,"author":{"gitId":"luozihui2003"},"content":"    }","lastModifiedDate":"2024-03-08"},{"lineNumber":88,"author":{"gitId":"luozihui2003"},"content":"","lastModifiedDate":"2024-03-08"},{"lineNumber":89,"author":{"gitId":"luozihui2003"},"content":"    @Override","lastModifiedDate":"2024-03-08"},{"lineNumber":90,"author":{"gitId":"luozihui2003"},"content":"    public String toFileString() {","lastModifiedDate":"2024-03-08"},{"lineNumber":91,"author":{"gitId":"luozihui2003"},"content":"        return \"T | \" + (isDone ? \"1\" : \"0\") + \" | \" + description;","lastModifiedDate":"2024-03-08"},{"lineNumber":92,"author":{"gitId":"luozihui2003"},"content":"    }","lastModifiedDate":"2024-03-08"},{"lineNumber":93,"author":{"gitId":"luozihui2003"},"content":"}","lastModifiedDate":"2024-03-08"},{"lineNumber":94,"author":{"gitId":"luozihui2003"},"content":"","lastModifiedDate":"2024-03-08"},{"lineNumber":95,"author":{"gitId":"luozihui2003"},"content":"/**","lastModifiedDate":"2024-03-08"},{"lineNumber":96,"author":{"gitId":"luozihui2003"},"content":" * Represents a deadline task with a specific due date.","lastModifiedDate":"2024-03-08"},{"lineNumber":97,"author":{"gitId":"luozihui2003"},"content":" */","lastModifiedDate":"2024-03-08"},{"lineNumber":98,"author":{"gitId":"luozihui2003"},"content":"class DeadlineTask extends Task{","lastModifiedDate":"2024-03-08"},{"lineNumber":99,"author":{"gitId":"luozihui2003"},"content":"    private String deadline;","lastModifiedDate":"2024-03-08"},{"lineNumber":100,"author":{"gitId":"luozihui2003"},"content":"    /**","lastModifiedDate":"2024-03-08"},{"lineNumber":101,"author":{"gitId":"luozihui2003"},"content":"     * Constructs a new DeadlineTask with a specified description and deadline.","lastModifiedDate":"2024-03-08"},{"lineNumber":102,"author":{"gitId":"luozihui2003"},"content":"     *","lastModifiedDate":"2024-03-08"},{"lineNumber":103,"author":{"gitId":"luozihui2003"},"content":"     * @param description The description of the deadline task.","lastModifiedDate":"2024-03-08"},{"lineNumber":104,"author":{"gitId":"luozihui2003"},"content":"     * @param deadline The deadline of the task.","lastModifiedDate":"2024-03-08"},{"lineNumber":105,"author":{"gitId":"luozihui2003"},"content":"     */","lastModifiedDate":"2024-03-08"},{"lineNumber":106,"author":{"gitId":"luozihui2003"},"content":"    public DeadlineTask(String description, String deadline){","lastModifiedDate":"2024-03-08"},{"lineNumber":107,"author":{"gitId":"luozihui2003"},"content":"        super(description);","lastModifiedDate":"2024-03-08"},{"lineNumber":108,"author":{"gitId":"luozihui2003"},"content":"        this.deadline \u003d deadline;","lastModifiedDate":"2024-03-08"},{"lineNumber":109,"author":{"gitId":"luozihui2003"},"content":"    }","lastModifiedDate":"2024-03-08"},{"lineNumber":110,"author":{"gitId":"luozihui2003"},"content":"    @Override","lastModifiedDate":"2024-03-08"},{"lineNumber":111,"author":{"gitId":"luozihui2003"},"content":"    public String toString() {","lastModifiedDate":"2024-03-08"},{"lineNumber":112,"author":{"gitId":"luozihui2003"},"content":"        return \"[\" + getType() + \"]\" + \"[\" + (isDone ? \"X\" : \" \") + \"] \" + description + \" (by: \" + deadline + \")\";","lastModifiedDate":"2024-03-08"},{"lineNumber":113,"author":{"gitId":"luozihui2003"},"content":"    }","lastModifiedDate":"2024-03-08"},{"lineNumber":114,"author":{"gitId":"luozihui2003"},"content":"","lastModifiedDate":"2024-03-08"},{"lineNumber":115,"author":{"gitId":"luozihui2003"},"content":"    @Override","lastModifiedDate":"2024-03-08"},{"lineNumber":116,"author":{"gitId":"luozihui2003"},"content":"    public String getType() {","lastModifiedDate":"2024-03-08"},{"lineNumber":117,"author":{"gitId":"luozihui2003"},"content":"        return \"D\";","lastModifiedDate":"2024-03-08"},{"lineNumber":118,"author":{"gitId":"luozihui2003"},"content":"    }","lastModifiedDate":"2024-03-08"},{"lineNumber":119,"author":{"gitId":"luozihui2003"},"content":"    @Override","lastModifiedDate":"2024-03-08"},{"lineNumber":120,"author":{"gitId":"luozihui2003"},"content":"    public String toFileString() {","lastModifiedDate":"2024-03-08"},{"lineNumber":121,"author":{"gitId":"luozihui2003"},"content":"        return \"D | \" + (isDone ? \"1\" : \"0\") + \" | \" + description + \" | \" + deadline;","lastModifiedDate":"2024-03-08"},{"lineNumber":122,"author":{"gitId":"luozihui2003"},"content":"    }","lastModifiedDate":"2024-03-08"},{"lineNumber":123,"author":{"gitId":"luozihui2003"},"content":"}","lastModifiedDate":"2024-03-08"},{"lineNumber":124,"author":{"gitId":"luozihui2003"},"content":"/**","lastModifiedDate":"2024-03-08"},{"lineNumber":125,"author":{"gitId":"luozihui2003"},"content":" * Represents an event task with a start and end time.","lastModifiedDate":"2024-03-08"},{"lineNumber":126,"author":{"gitId":"luozihui2003"},"content":" */","lastModifiedDate":"2024-03-08"},{"lineNumber":127,"author":{"gitId":"luozihui2003"},"content":"class EventTask extends Task {","lastModifiedDate":"2024-03-08"},{"lineNumber":128,"author":{"gitId":"luozihui2003"},"content":"    private String fromDate, toDate;","lastModifiedDate":"2024-03-08"},{"lineNumber":129,"author":{"gitId":"luozihui2003"},"content":"    /**","lastModifiedDate":"2024-03-08"},{"lineNumber":130,"author":{"gitId":"luozihui2003"},"content":"     * Constructs a new EventTask with a specified description, start date/time, and end date/time.","lastModifiedDate":"2024-03-08"},{"lineNumber":131,"author":{"gitId":"luozihui2003"},"content":"     *","lastModifiedDate":"2024-03-08"},{"lineNumber":132,"author":{"gitId":"luozihui2003"},"content":"     * @param description The description of the event task.","lastModifiedDate":"2024-03-08"},{"lineNumber":133,"author":{"gitId":"luozihui2003"},"content":"     * @param fromDate The start date/time of the event.","lastModifiedDate":"2024-03-08"},{"lineNumber":134,"author":{"gitId":"luozihui2003"},"content":"     * @param toDate The end date/time of the event.","lastModifiedDate":"2024-03-08"},{"lineNumber":135,"author":{"gitId":"luozihui2003"},"content":"     */","lastModifiedDate":"2024-03-08"},{"lineNumber":136,"author":{"gitId":"luozihui2003"},"content":"    public EventTask(String description, String fromDate, String toDate) {","lastModifiedDate":"2024-03-08"},{"lineNumber":137,"author":{"gitId":"luozihui2003"},"content":"        super(description);","lastModifiedDate":"2024-03-08"},{"lineNumber":138,"author":{"gitId":"luozihui2003"},"content":"        this.fromDate \u003d fromDate;","lastModifiedDate":"2024-03-08"},{"lineNumber":139,"author":{"gitId":"luozihui2003"},"content":"        this.toDate \u003d toDate;","lastModifiedDate":"2024-03-08"},{"lineNumber":140,"author":{"gitId":"luozihui2003"},"content":"    }","lastModifiedDate":"2024-03-08"},{"lineNumber":141,"author":{"gitId":"luozihui2003"},"content":"    @Override","lastModifiedDate":"2024-03-08"},{"lineNumber":142,"author":{"gitId":"luozihui2003"},"content":"    public String getType() {","lastModifiedDate":"2024-03-08"},{"lineNumber":143,"author":{"gitId":"luozihui2003"},"content":"        return \"E\";","lastModifiedDate":"2024-03-08"},{"lineNumber":144,"author":{"gitId":"luozihui2003"},"content":"    }","lastModifiedDate":"2024-03-08"},{"lineNumber":145,"author":{"gitId":"luozihui2003"},"content":"    @Override","lastModifiedDate":"2024-03-08"},{"lineNumber":146,"author":{"gitId":"luozihui2003"},"content":"    public String toString() {","lastModifiedDate":"2024-03-08"},{"lineNumber":147,"author":{"gitId":"luozihui2003"},"content":"        return \"[\" + getType() + \"]\" + \"[\" + (isDone ? \"X\" : \" \") + \"] \" + description + \" (from: \" + fromDate + \" to: \" + toDate + \")\";","lastModifiedDate":"2024-03-08"},{"lineNumber":148,"author":{"gitId":"luozihui2003"},"content":"    }","lastModifiedDate":"2024-03-08"},{"lineNumber":149,"author":{"gitId":"luozihui2003"},"content":"    @Override","lastModifiedDate":"2024-03-08"},{"lineNumber":150,"author":{"gitId":"luozihui2003"},"content":"    public String toFileString() {","lastModifiedDate":"2024-03-08"},{"lineNumber":151,"author":{"gitId":"luozihui2003"},"content":"        return \"E | \" + (isDone ? \"1\" : \"0\") + \" | \" + description + \" | \" + fromDate + \" | \" + toDate;","lastModifiedDate":"2024-03-08"},{"lineNumber":152,"author":{"gitId":"luozihui2003"},"content":"    }","lastModifiedDate":"2024-03-08"},{"lineNumber":153,"author":{"gitId":"luozihui2003"},"content":"}","lastModifiedDate":"2024-03-08"}],"authorContributionMap":{"luozihui2003":153}},{"path":"src/main/java/TaskList.java","fileType":"java","lines":[{"lineNumber":1,"author":{"gitId":"luozihui2003"},"content":"import java.util.ArrayList;","lastModifiedDate":"2024-03-08"},{"lineNumber":2,"author":{"gitId":"luozihui2003"},"content":"","lastModifiedDate":"2024-03-08"},{"lineNumber":3,"author":{"gitId":"luozihui2003"},"content":"/**","lastModifiedDate":"2024-03-08"},{"lineNumber":4,"author":{"gitId":"luozihui2003"},"content":" * TaskList class to manipulate tasks","lastModifiedDate":"2024-03-08"},{"lineNumber":5,"author":{"gitId":"luozihui2003"},"content":" * Consists of methods to add, delete, mark and find tasks","lastModifiedDate":"2024-03-08"},{"lineNumber":6,"author":{"gitId":"luozihui2003"},"content":" */","lastModifiedDate":"2024-03-08"},{"lineNumber":7,"author":{"gitId":"luozihui2003"},"content":"public class TaskList {","lastModifiedDate":"2024-03-08"},{"lineNumber":8,"author":{"gitId":"luozihui2003"},"content":"    private static ArrayList\u003cTask\u003e tasks; //the list of tasks","lastModifiedDate":"2024-03-08"},{"lineNumber":9,"author":{"gitId":"luozihui2003"},"content":"    /**","lastModifiedDate":"2024-03-08"},{"lineNumber":10,"author":{"gitId":"luozihui2003"},"content":"     * Constructs a new TaskList with a specified list of tasks.","lastModifiedDate":"2024-03-08"},{"lineNumber":11,"author":{"gitId":"luozihui2003"},"content":"     *","lastModifiedDate":"2024-03-08"},{"lineNumber":12,"author":{"gitId":"luozihui2003"},"content":"     * @param tasks The initial list of tasks.","lastModifiedDate":"2024-03-08"},{"lineNumber":13,"author":{"gitId":"luozihui2003"},"content":"     */","lastModifiedDate":"2024-03-08"},{"lineNumber":14,"author":{"gitId":"luozihui2003"},"content":"    public TaskList(ArrayList\u003cTask\u003e tasks) {","lastModifiedDate":"2024-03-08"},{"lineNumber":15,"author":{"gitId":"luozihui2003"},"content":"        this.tasks \u003d tasks;","lastModifiedDate":"2024-03-08"},{"lineNumber":16,"author":{"gitId":"luozihui2003"},"content":"    }","lastModifiedDate":"2024-03-08"},{"lineNumber":17,"author":{"gitId":"luozihui2003"},"content":"    /**","lastModifiedDate":"2024-03-08"},{"lineNumber":18,"author":{"gitId":"luozihui2003"},"content":"     * Returns the list of tasks.","lastModifiedDate":"2024-03-08"},{"lineNumber":19,"author":{"gitId":"luozihui2003"},"content":"     *","lastModifiedDate":"2024-03-08"},{"lineNumber":20,"author":{"gitId":"luozihui2003"},"content":"     * @return The list of tasks.","lastModifiedDate":"2024-03-08"},{"lineNumber":21,"author":{"gitId":"luozihui2003"},"content":"     */","lastModifiedDate":"2024-03-08"},{"lineNumber":22,"author":{"gitId":"luozihui2003"},"content":"    public ArrayList\u003cTask\u003e getTasks(){","lastModifiedDate":"2024-03-08"},{"lineNumber":23,"author":{"gitId":"luozihui2003"},"content":"        return this.tasks;","lastModifiedDate":"2024-03-08"},{"lineNumber":24,"author":{"gitId":"luozihui2003"},"content":"    }","lastModifiedDate":"2024-03-08"},{"lineNumber":25,"author":{"gitId":"luozihui2003"},"content":"    /**","lastModifiedDate":"2024-03-08"},{"lineNumber":26,"author":{"gitId":"luozihui2003"},"content":"     * Displays the list of tasks to the user.","lastModifiedDate":"2024-03-08"},{"lineNumber":27,"author":{"gitId":"luozihui2003"},"content":"     */","lastModifiedDate":"2024-03-08"},{"lineNumber":28,"author":{"gitId":"luozihui2003"},"content":"    public void displayTaskList() {","lastModifiedDate":"2024-03-08"},{"lineNumber":29,"author":{"gitId":"luozihui2003"},"content":"        System.out.println(\"Here are the tasks in your list:\");","lastModifiedDate":"2024-03-08"},{"lineNumber":30,"author":{"gitId":"luozihui2003"},"content":"        for (int i \u003d 0; i \u003c tasks.size(); i++) {","lastModifiedDate":"2024-03-08"},{"lineNumber":31,"author":{"gitId":"luozihui2003"},"content":"            Task currentTask \u003d tasks.get(i);","lastModifiedDate":"2024-03-08"},{"lineNumber":32,"author":{"gitId":"luozihui2003"},"content":"            String taskInfo \u003d currentTask.toString();","lastModifiedDate":"2024-03-08"},{"lineNumber":33,"author":{"gitId":"luozihui2003"},"content":"            System.out.println((i + 1) + \". \" + taskInfo);","lastModifiedDate":"2024-03-08"},{"lineNumber":34,"author":{"gitId":"luozihui2003"},"content":"        }","lastModifiedDate":"2024-03-08"},{"lineNumber":35,"author":{"gitId":"luozihui2003"},"content":"    }","lastModifiedDate":"2024-03-08"},{"lineNumber":36,"author":{"gitId":"luozihui2003"},"content":"    /**","lastModifiedDate":"2024-03-08"},{"lineNumber":37,"author":{"gitId":"luozihui2003"},"content":"     * Adds a todo task to the task list.","lastModifiedDate":"2024-03-08"},{"lineNumber":38,"author":{"gitId":"luozihui2003"},"content":"     *","lastModifiedDate":"2024-03-08"},{"lineNumber":39,"author":{"gitId":"luozihui2003"},"content":"     * @param task The task description.","lastModifiedDate":"2024-03-08"},{"lineNumber":40,"author":{"gitId":"luozihui2003"},"content":"     * @throws LoopyExceptions If the task description is not provided or is too short.","lastModifiedDate":"2024-03-08"},{"lineNumber":41,"author":{"gitId":"luozihui2003"},"content":"     */","lastModifiedDate":"2024-03-08"},{"lineNumber":42,"author":{"gitId":"luozihui2003"},"content":"    public static void addTodo(String task) throws LoopyExceptions {","lastModifiedDate":"2024-03-08"},{"lineNumber":43,"author":{"gitId":"luozihui2003"},"content":"        if (task.length() \u003c\u003d 5) {","lastModifiedDate":"2024-03-08"},{"lineNumber":44,"author":{"gitId":"luozihui2003"},"content":"            throw new LoopyExceptions(\"Todo cannot be empty!\");","lastModifiedDate":"2024-03-08"},{"lineNumber":45,"author":{"gitId":"luozihui2003"},"content":"        }","lastModifiedDate":"2024-03-08"},{"lineNumber":46,"author":{"gitId":"luozihui2003"},"content":"        if (task.length() \u003e 5) {","lastModifiedDate":"2024-03-08"},{"lineNumber":47,"author":{"gitId":"luozihui2003"},"content":"            String description \u003d task.substring(5, task.length());","lastModifiedDate":"2024-03-08"},{"lineNumber":48,"author":{"gitId":"luozihui2003"},"content":"            tasks.add(new TodoTask(description));","lastModifiedDate":"2024-03-08"},{"lineNumber":49,"author":{"gitId":"luozihui2003"},"content":"            Storage.saveFile(tasks);","lastModifiedDate":"2024-03-08"},{"lineNumber":50,"author":{"gitId":"luozihui2003"},"content":"            System.out.println(\"Got it. I\u0027ve added this task: \");","lastModifiedDate":"2024-03-08"},{"lineNumber":51,"author":{"gitId":"luozihui2003"},"content":"            System.out.println(tasks.get(tasks.size() - 1));","lastModifiedDate":"2024-03-08"},{"lineNumber":52,"author":{"gitId":"luozihui2003"},"content":"            System.out.println(\"Now you have \" + tasks.size() + \" tasks in the list.\");","lastModifiedDate":"2024-03-08"},{"lineNumber":53,"author":{"gitId":"luozihui2003"},"content":"        } else {","lastModifiedDate":"2024-03-08"},{"lineNumber":54,"author":{"gitId":"luozihui2003"},"content":"            throw new LoopyExceptions(\"Please add a task!\");","lastModifiedDate":"2024-03-08"},{"lineNumber":55,"author":{"gitId":"luozihui2003"},"content":"        }","lastModifiedDate":"2024-03-08"},{"lineNumber":56,"author":{"gitId":"luozihui2003"},"content":"    }","lastModifiedDate":"2024-03-08"},{"lineNumber":57,"author":{"gitId":"luozihui2003"},"content":"    /**","lastModifiedDate":"2024-03-08"},{"lineNumber":58,"author":{"gitId":"luozihui2003"},"content":"     * Adds a deadline task to the task list.","lastModifiedDate":"2024-03-08"},{"lineNumber":59,"author":{"gitId":"luozihui2003"},"content":"     *","lastModifiedDate":"2024-03-08"},{"lineNumber":60,"author":{"gitId":"luozihui2003"},"content":"     * @param task The task description including the deadline.","lastModifiedDate":"2024-03-08"},{"lineNumber":61,"author":{"gitId":"luozihui2003"},"content":"     */","lastModifiedDate":"2024-03-08"},{"lineNumber":62,"author":{"gitId":"luozihui2003"},"content":"    public static void addDeadline(String task) {","lastModifiedDate":"2024-03-08"},{"lineNumber":63,"author":{"gitId":"luozihui2003"},"content":"        //separate the input into 2 substrings: description and deadline","lastModifiedDate":"2024-03-08"},{"lineNumber":64,"author":{"gitId":"luozihui2003"},"content":"        int splitPosition \u003d task.indexOf(\"/\");","lastModifiedDate":"2024-03-08"},{"lineNumber":65,"author":{"gitId":"luozihui2003"},"content":"        String description \u003d task.substring(9, splitPosition);","lastModifiedDate":"2024-03-08"},{"lineNumber":66,"author":{"gitId":"luozihui2003"},"content":"        String deadline \u003d task.substring(splitPosition + 4, task.length());","lastModifiedDate":"2024-03-08"},{"lineNumber":67,"author":{"gitId":"luozihui2003"},"content":"","lastModifiedDate":"2024-03-08"},{"lineNumber":68,"author":{"gitId":"luozihui2003"},"content":"        tasks.add(new DeadlineTask(description, deadline));","lastModifiedDate":"2024-03-08"},{"lineNumber":69,"author":{"gitId":"luozihui2003"},"content":"        Storage.saveFile(tasks);","lastModifiedDate":"2024-03-08"},{"lineNumber":70,"author":{"gitId":"luozihui2003"},"content":"        System.out.println(\"Got it. I\u0027ve added this task:\");","lastModifiedDate":"2024-03-08"},{"lineNumber":71,"author":{"gitId":"luozihui2003"},"content":"        System.out.println(\"  \" + tasks.get(tasks.size() - 1));","lastModifiedDate":"2024-03-08"},{"lineNumber":72,"author":{"gitId":"luozihui2003"},"content":"        System.out.println(\"Now you have \" + tasks.size() + \" tasks in the list.\");","lastModifiedDate":"2024-03-08"},{"lineNumber":73,"author":{"gitId":"luozihui2003"},"content":"    }","lastModifiedDate":"2024-03-08"},{"lineNumber":74,"author":{"gitId":"luozihui2003"},"content":"    /**","lastModifiedDate":"2024-03-08"},{"lineNumber":75,"author":{"gitId":"luozihui2003"},"content":"     * Adds an event task to the task list.","lastModifiedDate":"2024-03-08"},{"lineNumber":76,"author":{"gitId":"luozihui2003"},"content":"     *","lastModifiedDate":"2024-03-08"},{"lineNumber":77,"author":{"gitId":"luozihui2003"},"content":"     * @param task The task description including the start and end time.","lastModifiedDate":"2024-03-08"},{"lineNumber":78,"author":{"gitId":"luozihui2003"},"content":"     */","lastModifiedDate":"2024-03-08"},{"lineNumber":79,"author":{"gitId":"luozihui2003"},"content":"    public static void addEvent(String task) {","lastModifiedDate":"2024-03-08"},{"lineNumber":80,"author":{"gitId":"luozihui2003"},"content":"        int fromPosition \u003d task.indexOf(\"from\");","lastModifiedDate":"2024-03-08"},{"lineNumber":81,"author":{"gitId":"luozihui2003"},"content":"        int toPosition \u003d task.indexOf(\"to\");","lastModifiedDate":"2024-03-08"},{"lineNumber":82,"author":{"gitId":"luozihui2003"},"content":"        String description \u003d task.substring(6, fromPosition - 1);","lastModifiedDate":"2024-03-08"},{"lineNumber":83,"author":{"gitId":"luozihui2003"},"content":"        String fromDate \u003d task.substring(fromPosition + 5, toPosition - 1);","lastModifiedDate":"2024-03-08"},{"lineNumber":84,"author":{"gitId":"luozihui2003"},"content":"        String toDate \u003d task.substring(toPosition + 3, task.length());","lastModifiedDate":"2024-03-08"},{"lineNumber":85,"author":{"gitId":"luozihui2003"},"content":"","lastModifiedDate":"2024-03-08"},{"lineNumber":86,"author":{"gitId":"luozihui2003"},"content":"        tasks.add(new EventTask(description, fromDate, toDate));","lastModifiedDate":"2024-03-08"},{"lineNumber":87,"author":{"gitId":"luozihui2003"},"content":"        Storage.saveFile(tasks);","lastModifiedDate":"2024-03-08"},{"lineNumber":88,"author":{"gitId":"luozihui2003"},"content":"        System.out.println(\"Got it. I\u0027ve added this task:\");","lastModifiedDate":"2024-03-08"},{"lineNumber":89,"author":{"gitId":"luozihui2003"},"content":"        System.out.println(\"  \" + tasks.get(tasks.size() - 1));","lastModifiedDate":"2024-03-08"},{"lineNumber":90,"author":{"gitId":"luozihui2003"},"content":"        System.out.println(\"Now you have \" + tasks.size() + \" tasks in the list.\");","lastModifiedDate":"2024-03-08"},{"lineNumber":91,"author":{"gitId":"luozihui2003"},"content":"    }","lastModifiedDate":"2024-03-08"},{"lineNumber":92,"author":{"gitId":"luozihui2003"},"content":"    /**","lastModifiedDate":"2024-03-08"},{"lineNumber":93,"author":{"gitId":"luozihui2003"},"content":"     * Marks a specified task as done.","lastModifiedDate":"2024-03-08"},{"lineNumber":94,"author":{"gitId":"luozihui2003"},"content":"     *","lastModifiedDate":"2024-03-08"},{"lineNumber":95,"author":{"gitId":"luozihui2003"},"content":"     * @param task The index of the task to mark as done, as a String to be later parsed as Integer.","lastModifiedDate":"2024-03-08"},{"lineNumber":96,"author":{"gitId":"luozihui2003"},"content":"     * @throws LoopyExceptions If the specified index is invalid or out of range.","lastModifiedDate":"2024-03-08"},{"lineNumber":97,"author":{"gitId":"luozihui2003"},"content":"     */","lastModifiedDate":"2024-03-08"},{"lineNumber":98,"author":{"gitId":"luozihui2003"},"content":"    public static void markTaskAsDone(String task) throws LoopyExceptions {","lastModifiedDate":"2024-03-08"},{"lineNumber":99,"author":{"gitId":"luozihui2003"},"content":"        if (task.length() \u003c\u003d 5) {","lastModifiedDate":"2024-03-08"},{"lineNumber":100,"author":{"gitId":"luozihui2003"},"content":"            throw new LoopyExceptions(\"Please specify which task to mark.\");","lastModifiedDate":"2024-03-08"},{"lineNumber":101,"author":{"gitId":"luozihui2003"},"content":"        }","lastModifiedDate":"2024-03-08"},{"lineNumber":102,"author":{"gitId":"luozihui2003"},"content":"        int taskIndex \u003d Integer.parseInt(task.substring(5)) - 1;","lastModifiedDate":"2024-03-08"},{"lineNumber":103,"author":{"gitId":"luozihui2003"},"content":"        if (taskIndex \u003e\u003d 0 \u0026\u0026 taskIndex \u003c tasks.size()) {","lastModifiedDate":"2024-03-08"},{"lineNumber":104,"author":{"gitId":"luozihui2003"},"content":"            Task currentTask \u003d tasks.get(taskIndex);","lastModifiedDate":"2024-03-08"},{"lineNumber":105,"author":{"gitId":"luozihui2003"},"content":"            currentTask.markAsDone();","lastModifiedDate":"2024-03-08"},{"lineNumber":106,"author":{"gitId":"luozihui2003"},"content":"            Storage.saveFile(tasks);","lastModifiedDate":"2024-03-08"},{"lineNumber":107,"author":{"gitId":"luozihui2003"},"content":"            System.out.println(\"Nice! I\u0027ve marked this task as done:\");","lastModifiedDate":"2024-03-08"},{"lineNumber":108,"author":{"gitId":"luozihui2003"},"content":"            System.out.println(\" \" + currentTask);","lastModifiedDate":"2024-03-08"},{"lineNumber":109,"author":{"gitId":"luozihui2003"},"content":"        } else {","lastModifiedDate":"2024-03-08"},{"lineNumber":110,"author":{"gitId":"luozihui2003"},"content":"            throw new LoopyExceptions(\"Please specify which task to mark.\");","lastModifiedDate":"2024-03-08"},{"lineNumber":111,"author":{"gitId":"luozihui2003"},"content":"        }","lastModifiedDate":"2024-03-08"},{"lineNumber":112,"author":{"gitId":"luozihui2003"},"content":"    }","lastModifiedDate":"2024-03-08"},{"lineNumber":113,"author":{"gitId":"luozihui2003"},"content":"    /**","lastModifiedDate":"2024-03-08"},{"lineNumber":114,"author":{"gitId":"luozihui2003"},"content":"     * Marks a specified task as undone.","lastModifiedDate":"2024-03-08"},{"lineNumber":115,"author":{"gitId":"luozihui2003"},"content":"     *","lastModifiedDate":"2024-03-08"},{"lineNumber":116,"author":{"gitId":"luozihui2003"},"content":"     * @param task The index of the task to mark as undone, as a String to be later parsed as Integer.","lastModifiedDate":"2024-03-08"},{"lineNumber":117,"author":{"gitId":"luozihui2003"},"content":"     * @throws LoopyExceptions If the specified index is invalid or out of range.","lastModifiedDate":"2024-03-08"},{"lineNumber":118,"author":{"gitId":"luozihui2003"},"content":"     */","lastModifiedDate":"2024-03-08"},{"lineNumber":119,"author":{"gitId":"luozihui2003"},"content":"    public static void markTaskAsUndone(String task) throws LoopyExceptions {","lastModifiedDate":"2024-03-08"},{"lineNumber":120,"author":{"gitId":"luozihui2003"},"content":"        int taskIndex \u003d Integer.parseInt(task.substring(7)) - 1;","lastModifiedDate":"2024-03-08"},{"lineNumber":121,"author":{"gitId":"luozihui2003"},"content":"        if (taskIndex \u003e\u003d 0 \u0026\u0026 taskIndex \u003c tasks.size()) {","lastModifiedDate":"2024-03-08"},{"lineNumber":122,"author":{"gitId":"luozihui2003"},"content":"            Task currentTask \u003d tasks.get(taskIndex); //retrieve this current task from tasks","lastModifiedDate":"2024-03-08"},{"lineNumber":123,"author":{"gitId":"luozihui2003"},"content":"            currentTask.markAsNotDone();","lastModifiedDate":"2024-03-08"},{"lineNumber":124,"author":{"gitId":"luozihui2003"},"content":"            Storage.saveFile(tasks);","lastModifiedDate":"2024-03-08"},{"lineNumber":125,"author":{"gitId":"luozihui2003"},"content":"            System.out.println(\"OK, I\u0027ve marked this task as not done yet:\");","lastModifiedDate":"2024-03-08"},{"lineNumber":126,"author":{"gitId":"luozihui2003"},"content":"            System.out.println(\" \" + currentTask);","lastModifiedDate":"2024-03-08"},{"lineNumber":127,"author":{"gitId":"luozihui2003"},"content":"        } else {","lastModifiedDate":"2024-03-08"},{"lineNumber":128,"author":{"gitId":"luozihui2003"},"content":"            throw new LoopyExceptions(\"Please specify which task to unmark.\");","lastModifiedDate":"2024-03-08"},{"lineNumber":129,"author":{"gitId":"luozihui2003"},"content":"        }","lastModifiedDate":"2024-03-08"},{"lineNumber":130,"author":{"gitId":"luozihui2003"},"content":"    }","lastModifiedDate":"2024-03-08"},{"lineNumber":131,"author":{"gitId":"luozihui2003"},"content":"    /**","lastModifiedDate":"2024-03-08"},{"lineNumber":132,"author":{"gitId":"luozihui2003"},"content":"     * Deletes a specified task.","lastModifiedDate":"2024-03-08"},{"lineNumber":133,"author":{"gitId":"luozihui2003"},"content":"     *","lastModifiedDate":"2024-03-08"},{"lineNumber":134,"author":{"gitId":"luozihui2003"},"content":"     * @param task The index of the task to delete, as a String to be later parsed as Integer.","lastModifiedDate":"2024-03-08"},{"lineNumber":135,"author":{"gitId":"luozihui2003"},"content":"     */","lastModifiedDate":"2024-03-08"},{"lineNumber":136,"author":{"gitId":"luozihui2003"},"content":"    public static void deleteTask(String task) {","lastModifiedDate":"2024-03-08"},{"lineNumber":137,"author":{"gitId":"luozihui2003"},"content":"        int taskIndex \u003d Integer.parseInt(task.substring(7)) - 1;","lastModifiedDate":"2024-03-08"},{"lineNumber":138,"author":{"gitId":"luozihui2003"},"content":"        Task currentTask \u003d tasks.get(taskIndex); //retrieve this current task from tasks","lastModifiedDate":"2024-03-08"},{"lineNumber":139,"author":{"gitId":"luozihui2003"},"content":"        if (taskIndex \u003e\u003d 0 \u0026\u0026 taskIndex \u003c tasks.size()) {","lastModifiedDate":"2024-03-08"},{"lineNumber":140,"author":{"gitId":"luozihui2003"},"content":"            System.out.println(\"I have deleted the task: \");","lastModifiedDate":"2024-03-08"},{"lineNumber":141,"author":{"gitId":"luozihui2003"},"content":"            System.out.println(currentTask);","lastModifiedDate":"2024-03-08"},{"lineNumber":142,"author":{"gitId":"luozihui2003"},"content":"            tasks.remove(taskIndex);","lastModifiedDate":"2024-03-08"},{"lineNumber":143,"author":{"gitId":"luozihui2003"},"content":"            Storage.saveFile(tasks);","lastModifiedDate":"2024-03-08"},{"lineNumber":144,"author":{"gitId":"luozihui2003"},"content":"            System.out.println(\"You now have \" + tasks.size() + \" tasks left\");","lastModifiedDate":"2024-03-08"},{"lineNumber":145,"author":{"gitId":"luozihui2003"},"content":"        }","lastModifiedDate":"2024-03-08"},{"lineNumber":146,"author":{"gitId":"luozihui2003"},"content":"    }","lastModifiedDate":"2024-03-08"},{"lineNumber":147,"author":{"gitId":"luozihui2003"},"content":"    /**","lastModifiedDate":"2024-03-08"},{"lineNumber":148,"author":{"gitId":"luozihui2003"},"content":"     * Finds a task in the existing task list.","lastModifiedDate":"2024-03-08"},{"lineNumber":149,"author":{"gitId":"luozihui2003"},"content":"     *","lastModifiedDate":"2024-03-08"},{"lineNumber":150,"author":{"gitId":"luozihui2003"},"content":"     * @param task The task description to be found.","lastModifiedDate":"2024-03-08"},{"lineNumber":151,"author":{"gitId":"luozihui2003"},"content":"     */","lastModifiedDate":"2024-03-08"},{"lineNumber":152,"author":{"gitId":"luozihui2003"},"content":"    public static void findTask(String task){","lastModifiedDate":"2024-03-08"},{"lineNumber":153,"author":{"gitId":"luozihui2003"},"content":"        System.out.println(\"Here are the matching tasks in your list:\");","lastModifiedDate":"2024-03-08"},{"lineNumber":154,"author":{"gitId":"luozihui2003"},"content":"        String description\u003d task.substring(6, task.length());","lastModifiedDate":"2024-03-08"},{"lineNumber":155,"author":{"gitId":"luozihui2003"},"content":"        int count \u003d 0;","lastModifiedDate":"2024-03-08"},{"lineNumber":156,"author":{"gitId":"luozihui2003"},"content":"        for (int i \u003d 0; i \u003c tasks.size(); i++) {","lastModifiedDate":"2024-03-08"},{"lineNumber":157,"author":{"gitId":"luozihui2003"},"content":"            Task currentTask \u003d tasks.get(i);","lastModifiedDate":"2024-03-08"},{"lineNumber":158,"author":{"gitId":"luozihui2003"},"content":"            if (currentTask.getDescription().toLowerCase().contains(description.toLowerCase())) {","lastModifiedDate":"2024-03-08"},{"lineNumber":159,"author":{"gitId":"luozihui2003"},"content":"                count++;","lastModifiedDate":"2024-03-08"},{"lineNumber":160,"author":{"gitId":"luozihui2003"},"content":"                System.out.println(count + \". \" + currentTask);","lastModifiedDate":"2024-03-08"},{"lineNumber":161,"author":{"gitId":"luozihui2003"},"content":"            }","lastModifiedDate":"2024-03-08"},{"lineNumber":162,"author":{"gitId":"luozihui2003"},"content":"        }","lastModifiedDate":"2024-03-08"},{"lineNumber":163,"author":{"gitId":"luozihui2003"},"content":"        if (count \u003d\u003d 0) {","lastModifiedDate":"2024-03-08"},{"lineNumber":164,"author":{"gitId":"luozihui2003"},"content":"            System.out.println(\"Sorry! I did not find matching tasks.\");","lastModifiedDate":"2024-03-08"},{"lineNumber":165,"author":{"gitId":"luozihui2003"},"content":"        }","lastModifiedDate":"2024-03-08"},{"lineNumber":166,"author":{"gitId":"luozihui2003"},"content":"    }","lastModifiedDate":"2024-03-08"},{"lineNumber":167,"author":{"gitId":"luozihui2003"},"content":"}","lastModifiedDate":"2024-03-08"}],"authorContributionMap":{"luozihui2003":167}},{"path":"src/main/java/Ui.java","fileType":"java","lines":[{"lineNumber":1,"author":{"gitId":"luozihui2003"},"content":"","lastModifiedDate":"2024-03-08"},{"lineNumber":2,"author":{"gitId":"luozihui2003"},"content":"public class Ui {","lastModifiedDate":"2024-03-08"},{"lineNumber":3,"author":{"gitId":"luozihui2003"},"content":"    public static void showWelcomeMessage(){","lastModifiedDate":"2024-03-08"},{"lineNumber":4,"author":{"gitId":"luozihui2003"},"content":"        System.out.println(\"Hello! I\u0027m Loopy ₍ᐢ•ﻌ•ᐢ₎\");","lastModifiedDate":"2024-03-08"},{"lineNumber":5,"author":{"gitId":"luozihui2003"},"content":"    }","lastModifiedDate":"2024-03-08"},{"lineNumber":6,"author":{"gitId":"luozihui2003"},"content":"    public static void showExitMessage(){System.out.println(\"Bye! Hope to see you again ♡ \\n\");}","lastModifiedDate":"2024-03-08"},{"lineNumber":7,"author":{"gitId":"luozihui2003"},"content":"    public static void showMessage(String message) {","lastModifiedDate":"2024-03-08"},{"lineNumber":8,"author":{"gitId":"luozihui2003"},"content":"        System.out.println(message);","lastModifiedDate":"2024-03-08"},{"lineNumber":9,"author":{"gitId":"luozihui2003"},"content":"    }","lastModifiedDate":"2024-03-08"},{"lineNumber":10,"author":{"gitId":"luozihui2003"},"content":"}","lastModifiedDate":"2024-03-08"}],"authorContributionMap":{"luozihui2003":10}}]
