{"authorDailyContributionsMap":{"Aak242":[{"date":"2024-01-25","commitResults":[{"hash":"c4f5c3fc342152cddcc349d3a8fb9faf53e937e5","isMergeCommit":false,"messageTitle":"Added Level 0 - Rename, Greet, Exit: a) Renamed Chatbot to Mavis b) Implemented an initial skeletal version that greets the user and exits","messageBody":"","tags":["Level-0"],"fileTypesAndContributionMap":{"java":{"insertions":14,"deletions":6}}}]},{"date":"2024-01-31","commitResults":[{"hash":"e68ac4be4b0d6c12eadc965faed7f80220d7dd35","isMergeCommit":false,"messageTitle":"Uncomment Duke ASCII art","messageBody":"","fileTypesAndContributionMap":{"java":{"insertions":6,"deletions":6}}}]},{"date":"2024-02-02","commitResults":[{"hash":"2226ce57c18c4df0e23c5b4a098d51a0e579f4fd","isMergeCommit":false,"messageTitle":"Add unique ASCII art for logo,and Level-1 functionality (take input and echo text)","messageBody":"","tags":["Level-1"],"fileTypesAndContributionMap":{"java":{"insertions":32,"deletions":6}}},{"hash":"2a7d953565d5747e35c22af60ecedd56438d48aa","isMergeCommit":false,"messageTitle":"Add list function and ability to store tasks (Level 2)","messageBody":"","tags":["Level-2"],"fileTypesAndContributionMap":{"java":{"insertions":40,"deletions":3}}},{"hash":"f42d47f4786abdb2de2fad7aa13c418874b5ec00","isMergeCommit":false,"messageTitle":"Refactor code to represent Task as a class, and added mark and unmark functionalities (Level 3)","messageBody":"","tags":["Level-3"],"fileTypesAndContributionMap":{"java":{"insertions":50,"deletions":5}}}]},{"date":"2024-02-05","commitResults":[{"hash":"329276db5dd86bb49838b6ab6c3fd5505d3c0cc6","isMergeCommit":false,"messageTitle":"Make aesthetic changes to how the code is presented/printed","messageBody":"","tags":["Level-4","A-CodingStandard"],"fileTypesAndContributionMap":{"java":{"insertions":4,"deletions":2}}}]},{"date":"2024-02-08","commitResults":[{"hash":"10ae3ecd83c14723f52e1aabcab3226d58d90555","isMergeCommit":false,"messageTitle":"Add Level 4 changes (make three types of tasks: todo, deadline and event)","messageBody":"","fileTypesAndContributionMap":{"java":{"insertions":218,"deletions":106}}}]},{"date":"2024-02-10","commitResults":[{"hash":"b8ce560fe349162310fe3a9f211df2a441772ab5","isMergeCommit":false,"messageTitle":"Add code quality improvements by refactoring main into many readable methods to make code cleaner","messageBody":"","tags":["A-CodeQuality"],"fileTypesAndContributionMap":{"java":{"insertions":89,"deletions":98}}}]},{"date":"2024-02-14","commitResults":[{"hash":"24c76440d7afb2cd08562c20a168fe405a50c2d7","isMergeCommit":false,"messageTitle":"Add MavisException class and perform exception handling for typical errors","messageBody":"","fileTypesAndContributionMap":{"java":{"insertions":103,"deletions":28}}},{"hash":"63269c7ad20c6883b906f46637d40bb0739a8787","isMergeCommit":true,"messageTitle":"Merge branch \u0027branch-Level-5\u0027","messageBody":"","tags":["Level-5"],"fileTypesAndContributionMap":{}}]},{"date":"2024-02-22","commitResults":[{"hash":"26a47e95baae72573532ca535ba7c3b6743e2a5e","isMergeCommit":false,"messageTitle":"Add ability to delete tasks, also did relevant exception handling","messageBody":"","fileTypesAndContributionMap":{"java":{"insertions":39,"deletions":24}}},{"hash":"2d927761c686f1820886438a38b4ee4b1eedc238","isMergeCommit":false,"messageTitle":"Partial working of save and load feature","messageBody":"","fileTypesAndContributionMap":{"txt":{"insertions":4,"deletions":0},"java":{"insertions":83,"deletions":5}}}]},{"date":"2024-02-23","commitResults":[{"hash":"325254608a1fc175fe187bb2630d472eb4f01b83","isMergeCommit":true,"messageTitle":"Merge branch \u0027branch-Level-6\u0027","messageBody":"","tags":["Level-6"],"fileTypesAndContributionMap":{}},{"hash":"cf8349613132157b09690718768eb1e84b692c86","isMergeCommit":false,"messageTitle":"Add ability to save and load all types of tasks","messageBody":"","fileTypesAndContributionMap":{"txt":{"insertions":2,"deletions":4},"java":{"insertions":68,"deletions":39},"md":{"insertions":0,"deletions":29}}}]},{"date":"2024-02-24","commitResults":[{"hash":"ba28e56f814b58623a3c08f00980352c739d5c66","isMergeCommit":true,"messageTitle":"Merge branch \u0027branch-Level-7\u0027","messageBody":"# Conflicts:\n#\tsrc/main/java/Mavis.java\n","tags":["Level-7","A-Jar","A-Exceptions","A-Collections"],"fileTypesAndContributionMap":{}}]},{"date":"2024-03-05","commitResults":[{"hash":"fba5552269092efb46ed8ff3cc6a5abf7c37a0a4","isMergeCommit":false,"messageTitle":"refactor code to make it more OOP","messageBody":"","tags":["A-MoreOOP"],"fileTypesAndContributionMap":{"txt":{"insertions":1,"deletions":0},"java":{"insertions":377,"deletions":226}}}]},{"date":"2024-03-06","commitResults":[{"hash":"eb33bd5264b8e63377ab6944b7f128746f0b115b","isMergeCommit":false,"messageTitle":"Add find functionality to Mavis","messageBody":"","tags":["Level-9"],"fileTypesAndContributionMap":{"txt":{"insertions":0,"deletions":1},"java":{"insertions":27,"deletions":1}}},{"hash":"1d8569dfdadb6a189c32adaae3a72babb5a788c6","isMergeCommit":false,"messageTitle":"javadoc test","messageBody":"","fileTypesAndContributionMap":{"java":{"insertions":17,"deletions":1}}},{"hash":"0b6dc7f814e1088c2ea658141c0643d84ebf38a7","isMergeCommit":false,"messageTitle":"Add javadoc comments to all major public classes and methods","messageBody":"","tags":["A-JavaDoc"],"fileTypesAndContributionMap":{"txt":{"insertions":2,"deletions":0},"java":{"insertions":323,"deletions":48}}},{"hash":"8936387256e4148e5e74e815ca55b5b162b68997","isMergeCommit":true,"messageTitle":"Merge pull request #1 from Aak242/branch-Level-9","messageBody":"Add find functionality to Mavis (Level-9)","fileTypesAndContributionMap":{}},{"hash":"2ef188356e0fe576e5449a44701cb6e7d233e887","isMergeCommit":true,"messageTitle":"Merge branch \u0027master\u0027 of https://github.com/Aak242/ip","messageBody":"","fileTypesAndContributionMap":{}},{"hash":"75217657962ce78d7a228357f67b7cef8bca0825","isMergeCommit":true,"messageTitle":"Merge branch \u0027branch-A-JavaDoc\u0027","messageBody":"","fileTypesAndContributionMap":{}},{"hash":"8d1f486d2ac1a7ef88907da868e34b8270c95dbb","isMergeCommit":false,"messageTitle":"Update help visual with find command","messageBody":"","fileTypesAndContributionMap":{"txt":{"insertions":5,"deletions":2},"java":{"insertions":3,"deletions":2}}}]}]},"authorFileTypeContributionMap":{"Aak242":{"java":896,"md":0,"fxml":0,"sh":0,"bat":0,"gradle":0,"txt":5}},"authorContributionVariance":{"Aak242":14074.966},"authorDisplayNameMap":{"Aak242":"CS2113-W13-2 AAKA..WAMY"}}
