{"authorDailyContributionsMap":{"FeathersRe":[{"date":"2024-02-02","commitResults":[{"hash":"4935dceea1d06b9c2f02f83faa2d8f6c3fd1695a","isMergeCommit":false,"messageTitle":"Increment: Level-0","messageBody":"","fileTypesAndContributionMap":{"java":{"insertions":10,"deletions":7}}},{"hash":"01750895d87182df4a1ca7a394d8b0549b863141","isMergeCommit":false,"messageTitle":"Increment: Level-0","messageBody":"","tags":["Level-0"],"fileTypesAndContributionMap":{"java":{"insertions":2,"deletions":2}}}]},{"date":"2024-02-08","commitResults":[{"hash":"245a800664814af5ef3178a2cde13f17f0dea179","isMergeCommit":false,"messageTitle":"Level-1 Commits","messageBody":"","tags":["Level-1"],"fileTypesAndContributionMap":{"java":{"insertions":16,"deletions":3}}},{"hash":"c40a40cec7f91fab53858ad7bf3dc76360872ff3","isMergeCommit":false,"messageTitle":"Level-2 commits","messageBody":"","tags":["Level-2"],"fileTypesAndContributionMap":{"java":{"insertions":13,"deletions":2}}},{"hash":"60f722a2ea37c1f3c227e9a74296409e5002042c","isMergeCommit":false,"messageTitle":"Level-3 Commits","messageBody":"","tags":["Level-3","A-CodingStandard","A-Classes"],"fileTypesAndContributionMap":{"java":{"insertions":47,"deletions":13}}},{"hash":"e851321082e00b5acc7a42c063f9f388fd26e520","isMergeCommit":false,"messageTitle":"Level-3 Commits Modifications","messageBody":"","fileTypesAndContributionMap":{"java":{"insertions":3,"deletions":3}}}]},{"date":"2024-02-09","commitResults":[{"hash":"7758e9289da199ce0c547e41a191705d1c24e82c","isMergeCommit":false,"messageTitle":"Level-4 Commits","messageBody":"","tags":["Level-4","A-Inheritance","A-CodeQuality"],"fileTypesAndContributionMap":{"java":{"insertions":70,"deletions":7}}},{"hash":"f48244e911767feecfd44434a87d94f953d33910","isMergeCommit":false,"messageTitle":"A-TextUiTesting commits","messageBody":"","tags":["A-TextUiTesting"],"fileTypesAndContributionMap":{"txt":{"insertions":5,"deletions":0},"bat":{"insertions":3,"deletions":1}}}]},{"date":"2024-02-16","commitResults":[{"hash":"68ed87c1e3d4e39db4c427b3b92d84ebbb9717c9","isMergeCommit":false,"messageTitle":"Code refinement","messageBody":"","fileTypesAndContributionMap":{"java":{"insertions":10,"deletions":12}}},{"hash":"fa0a505dbf74c9cdd6c041e70bedfcede83cab00","isMergeCommit":false,"messageTitle":"Level-5 Commits","messageBody":"","fileTypesAndContributionMap":{"java":{"insertions":43,"deletions":12}}},{"hash":"3fff7e56a1ab4f205ede08080d8c63288d470402","isMergeCommit":true,"messageTitle":"Merge branch \u0027Level-5\u0027","messageBody":"* Level-5:\n  Level-5 Commits\n","tags":["Level-5","A-Exceptions"],"fileTypesAndContributionMap":{}},{"hash":"1c6b4100b9ad5736bf64a03140eec53f93406ddd","isMergeCommit":false,"messageTitle":"Packaging commit","messageBody":"","fileTypesAndContributionMap":{"java":{"insertions":27,"deletions":5}}},{"hash":"490bf787645a2aad837c8b4a2fc741a4975ddac3","isMergeCommit":true,"messageTitle":"Merge branch \u0027A-Packages\u0027","messageBody":"* A-Packages:\n  Packaging commit\n","tags":["A-Packages"],"fileTypesAndContributionMap":{}}]},{"date":"2024-02-23","commitResults":[{"hash":"e5f59fcf6a656fbb15babf4f13e0e392cc426a00","isMergeCommit":false,"messageTitle":"Level-6 Commits","messageBody":"","fileTypesAndContributionMap":{"java":{"insertions":26,"deletions":14}}},{"hash":"1819bac64240295fa751c1b42fafcd3646e80c4e","isMergeCommit":false,"messageTitle":"Level-7 Commits","messageBody":"","fileTypesAndContributionMap":{"txt":{"insertions":3,"deletions":0},"java":{"insertions":113,"deletions":12}}},{"hash":"fec3b0c394237fb90b9287c83afc30464b5f3f07","isMergeCommit":true,"messageTitle":"Merge branch \u0027branch-Level-6\u0027","messageBody":"* branch-Level-6:\n  Level-6 Commits\n","tags":["Level-6","A-Collections"],"fileTypesAndContributionMap":{}},{"hash":"5f9d965532a25d2f344c99d74bffaf76530ddf1c","isMergeCommit":true,"messageTitle":"Merge branch \u0027branch-Level-7\u0027","messageBody":"* branch-Level-7:\n  Level-7 Commits\n\n# Conflicts:\n#\tsrc/main/java/Daisy.java\n","tags":["Level-7","A-Jar"],"fileTypesAndContributionMap":{}},{"hash":"a66f54cc804115f8dc5e30800162554b702b5d22","isMergeCommit":false,"messageTitle":"Testing \u0026 Creating JAR file","messageBody":"","fileTypesAndContributionMap":{"txt":{"insertions":2,"deletions":4}}}]}]},"authorFileTypeContributionMap":{"FeathersRe":{"java":300,"md":0,"fxml":0,"sh":0,"bat":3,"gradle":0,"txt":7}},"authorContributionVariance":{"FeathersRe":1481.2374},"authorDisplayNameMap":{"FeathersRe":"CS2113-T15-1 LIAO..NGYU"}}
