{"authorDailyContributionsMap":{"L5-Z":[{"date":"2024-01-26","commitResults":[{"hash":"a18ddcaa2a4255d23158e8d9d9841ff87f7b314c","isMergeCommit":false,"messageTitle":"Rename chatbot to Jarvas","messageBody":"","fileTypesAndContributionMap":{"java":{"insertions":1,"deletions":1}}},{"hash":"2635b2e7f3cba88f7c1de6b3f8e45024433306cb","isMergeCommit":false,"messageTitle":"feat: Add greeting message and exit message","messageBody":"","fileTypesAndContributionMap":{"java":{"insertions":10,"deletions":0}}}]},{"date":"2024-01-30","commitResults":[{"hash":"da64b991700b91ffb340fcf5861c14196925a4f9","isMergeCommit":false,"messageTitle":"Revert \"feat: Add greeting message and exit message\"","messageBody":"This reverts commit 2635b2e7f3cba88f7c1de6b3f8e45024433306cb.\n","fileTypesAndContributionMap":{"java":{"insertions":0,"deletions":10}}},{"hash":"4b24a9e5ff486300ef6bca3ce45a21234cc3dcb3","isMergeCommit":false,"messageTitle":"Add Level-0: Rename, Greet, Exit","messageBody":"","tags":["Level-0"],"fileTypesAndContributionMap":{"java":{"insertions":25,"deletions":7}}},{"hash":"fdf3235f821f16d7371de476c337333e15d8ec2f","isMergeCommit":false,"messageTitle":"Add Level-1: Echo","messageBody":"","tags":["Level-1"],"fileTypesAndContributionMap":{"java":{"insertions":24,"deletions":4}}},{"hash":"7439d1e89d8b025a453e10d26745ca66c949d71b","isMergeCommit":false,"messageTitle":"Create Task.java","messageBody":"","fileTypesAndContributionMap":{"java":{"insertions":9,"deletions":0}}},{"hash":"4a5c3b1f8c185401a26838ff7f6ce15fe1192ca0","isMergeCommit":false,"messageTitle":"Add Level-2: Add, List","messageBody":"","tags":["Level-2"],"fileTypesAndContributionMap":{"java":{"insertions":38,"deletions":27}}}]},{"date":"2024-01-31","commitResults":[{"hash":"8aad7220ad0f7071fdcd1460e886afff39353256","isMergeCommit":false,"messageTitle":"Add Level-3: Mark as Done","messageBody":"","tags":["Level-3"],"fileTypesAndContributionMap":{"java":{"insertions":49,"deletions":8}}}]},{"date":"2024-02-01","commitResults":[{"hash":"3c678dbe2abeef052c2971b7b1c70ddc90fb1ad1","isMergeCommit":false,"messageTitle":"Add A-CodingStandard","messageBody":"","fileTypesAndContributionMap":{"java":{"insertions":0,"deletions":5}}},{"hash":"fdc9b74be75c12915862e4952ee56cabcd644b76","isMergeCommit":false,"messageTitle":"Revert \"Add A-CodingStandard\"","messageBody":"This reverts commit 3c678dbe2abeef052c2971b7b1c70ddc90fb1ad1.\n","fileTypesAndContributionMap":{"java":{"insertions":5,"deletions":0}}},{"hash":"84b3a0441ad39ad9dd24aeb6e4b899f7d6112cea","isMergeCommit":false,"messageTitle":"Add A-CodingStandard","messageBody":"","tags":["A-CodingStandard"],"fileTypesAndContributionMap":{"java":{"insertions":13,"deletions":18}}}]},{"date":"2024-02-07","commitResults":[{"hash":"ff4136dbc84d25cd14fb571da2292464f4c9933b","isMergeCommit":false,"messageTitle":"Create ToDo.java, Event.java, Deadline.java","messageBody":"","fileTypesAndContributionMap":{"java":{"insertions":6,"deletions":0}}}]},{"date":"2024-02-08","commitResults":[{"hash":"77cae64ee9975951dc1edc79b10adf94a52d1a3c","isMergeCommit":false,"messageTitle":"Create Reply.java","messageBody":"","fileTypesAndContributionMap":{"java":{"insertions":17,"deletions":0}}},{"hash":"694fc863ca7a78200f24b5ef353aa4f186defe93","isMergeCommit":false,"messageTitle":"Add Level-4: Todos, Events, Deadlines","messageBody":"","tags":["Level-4"],"fileTypesAndContributionMap":{"java":{"insertions":181,"deletions":52}}}]},{"date":"2024-02-13","commitResults":[{"hash":"0ef30fffe3e7e799830cf9d1c49133c71b414eff","isMergeCommit":false,"messageTitle":"Add A-CodeQuality","messageBody":"","tags":["A-CodeQuality"],"fileTypesAndContributionMap":{"java":{"insertions":26,"deletions":33}}},{"hash":"fd54a363496d5d72e149de0960d6904f956b2f66","isMergeCommit":false,"messageTitle":"Create CustomException.java","messageBody":"","tags":["A-Exceptions"],"fileTypesAndContributionMap":{"java":{"insertions":5,"deletions":0}}},{"hash":"6bc4a036c2048916b2da110e98e8445855f5d82d","isMergeCommit":false,"messageTitle":"Add Level-5: Handle Errors","messageBody":"","fileTypesAndContributionMap":{"java":{"insertions":98,"deletions":21}}},{"hash":"3817db4299a45e012ef191adc3db944f01bca1b4","isMergeCommit":true,"messageTitle":"Merge branch \u0027branch-Level-5\u0027","messageBody":"","tags":["Level-5"],"fileTypesAndContributionMap":{}}]}]},"authorFileTypeContributionMap":{"L5-Z":{"java":329,"md":0,"fxml":0,"sh":0,"bat":0,"gradle":0,"txt":0}},"authorContributionVariance":{"L5-Z":3975.535},"authorDisplayNameMap":{"L5-Z":"CS2113T-T09-4 MUHA..IZAL"}}
