{"authorDailyContributionsMap":{"Celineyaa":[{"date":"2024-01-27","commitResults":[{"hash":"c4fc508a6ea925da9ba0e704823ac512fe14d7ee","isMergeCommit":false,"messageTitle":"Level 0: Rename, Greet, Exit","messageBody":"","fileTypesAndContributionMap":{"java":{"insertions":8,"deletions":1}}}]},{"date":"2024-02-07","commitResults":[{"hash":"3d1d32558dc19f57e2535454ff79923c76caa5bb","isMergeCommit":false,"messageTitle":"level 0","messageBody":"","fileTypesAndContributionMap":{"java":{"insertions":1,"deletions":1}}},{"hash":"43bff2b23806d0404ad457bb851526f94e5c05a1","isMergeCommit":false,"messageTitle":"level 1 Echo","messageBody":"","fileTypesAndContributionMap":{"java":{"insertions":15,"deletions":2}}}]},{"date":"2024-02-08","commitResults":[{"hash":"f7bbd10534df0339713dced7be08e6b695e1829a","isMergeCommit":false,"messageTitle":"level 2 Add, list","messageBody":"","fileTypesAndContributionMap":{"java":{"insertions":18,"deletions":3}}},{"hash":"3e00beec1e7d00ba70961ae91c878daa6d83ed74","isMergeCommit":false,"messageTitle":"level3: Mark as Done","messageBody":"","fileTypesAndContributionMap":{"java":{"insertions":22,"deletions":6}}},{"hash":"ec09404033873373fd4ee21996ce97b8a89d3690","isMergeCommit":false,"messageTitle":"level 3 modification according to the coding standard","messageBody":"","fileTypesAndContributionMap":{"java":{"insertions":7,"deletions":7}}}]},{"date":"2024-02-14","commitResults":[{"hash":"f75ebfb431e42f081da09ebd3b0bc46aa62a0327","isMergeCommit":false,"messageTitle":"level 3 update: using class","messageBody":"","fileTypesAndContributionMap":{"java":{"insertions":42,"deletions":15}}},{"hash":"9b937281a135fddc20dcb0e0fdbb1ba06942f246","isMergeCommit":false,"messageTitle":"level 4: ToDos, Events, Deadlines","messageBody":"","fileTypesAndContributionMap":{"java":{"insertions":63,"deletions":10}}},{"hash":"067d337aa6bee4dd0dd8518ab8ae27244e999282","isMergeCommit":false,"messageTitle":"A-TextUiTesting: Automated Text UI Testing","messageBody":"","fileTypesAndContributionMap":{"txt":{"insertions":6,"deletions":0},"sh":{"insertions":2,"deletions":1}}}]},{"date":"2024-02-15","commitResults":[{"hash":"23e6356cdc24186596f0b840cfd43e88d4dc369b","isMergeCommit":false,"messageTitle":"level 5: Handle error","messageBody":"","fileTypesAndContributionMap":{"java":{"insertions":44,"deletions":8}}},{"hash":"ba06409fb96f1d6121b2be6cbb17242d88b33e63","isMergeCommit":true,"messageTitle":"Merge branch \u0027branch-level-5\u0027","messageBody":"","tags":["Level---5"],"fileTypesAndContributionMap":{}},{"hash":"305b691fc7980012f97f10f1687d25103eb6ce03","isMergeCommit":false,"messageTitle":"Add packages","messageBody":"","fileTypesAndContributionMap":{"java":{"insertions":15,"deletions":2},"bat":{"insertions":1,"deletions":1},"md":{"insertions":2,"deletions":2}}}]},{"date":"2024-02-22","commitResults":[{"hash":"95c3697c7778f89e574098f894888f0ecc7b4099","isMergeCommit":false,"messageTitle":"Updated according to the reviews","messageBody":"","fileTypesAndContributionMap":{"java":{"insertions":30,"deletions":17}}},{"hash":"d9c9bf5c6e627db22fb2432d967027a23688173b","isMergeCommit":false,"messageTitle":"level 6. delete","messageBody":"","fileTypesAndContributionMap":{"java":{"insertions":32,"deletions":16}}},{"hash":"5d10f2328c5479c358ca51fbb2566ad02ad6f14a","isMergeCommit":false,"messageTitle":"level 7. save + JAR file","messageBody":"","fileTypesAndContributionMap":{"txt":{"insertions":3,"deletions":0},"java":{"insertions":92,"deletions":2}}},{"hash":"e5009f16b6a3ed2f0428c5996654b0fb3fb2a6cf","isMergeCommit":false,"messageTitle":"update level 7","messageBody":"","fileTypesAndContributionMap":{"java":{"insertions":0,"deletions":3}}}]}]},"authorFileTypeContributionMap":{"Celineyaa":{"java":296,"md":2,"fxml":0,"sh":2,"bat":1,"gradle":0,"txt":9}},"authorContributionVariance":{"Celineyaa":1721.1184},"authorDisplayNameMap":{"Celineyaa":"CS2113-T13-1 LIN ..IYAN"}}
