[{"path":"src/main/java/Asuka.java","fileType":"java","lines":[{"lineNumber":1,"author":{"gitId":"Luo-Z-Y"},"content":"import java.util.Scanner;","lastModifiedDate":"2024-01-29"},{"lineNumber":2,"author":{"gitId":"Luo-Z-Y"},"content":"","lastModifiedDate":"2024-01-29"},{"lineNumber":3,"author":{"gitId":"Luo-Z-Y"},"content":"class Task {","lastModifiedDate":"2024-01-30"},{"lineNumber":4,"author":{"gitId":"Luo-Z-Y"},"content":"    protected String description;","lastModifiedDate":"2024-02-04"},{"lineNumber":5,"author":{"gitId":"Luo-Z-Y"},"content":"    protected boolean isDone;","lastModifiedDate":"2024-02-04"},{"lineNumber":6,"author":{"gitId":"Luo-Z-Y"},"content":"","lastModifiedDate":"2024-01-30"},{"lineNumber":7,"author":{"gitId":"Luo-Z-Y"},"content":"    public Task(String description) {","lastModifiedDate":"2024-01-30"},{"lineNumber":8,"author":{"gitId":"Luo-Z-Y"},"content":"        this.description \u003d description;","lastModifiedDate":"2024-01-30"},{"lineNumber":9,"author":{"gitId":"Luo-Z-Y"},"content":"        this.isDone \u003d false;","lastModifiedDate":"2024-01-30"},{"lineNumber":10,"author":{"gitId":"Luo-Z-Y"},"content":"    }","lastModifiedDate":"2024-01-30"},{"lineNumber":11,"author":{"gitId":"Luo-Z-Y"},"content":"","lastModifiedDate":"2024-01-30"},{"lineNumber":12,"author":{"gitId":"Luo-Z-Y"},"content":"    public void markAsDone() {","lastModifiedDate":"2024-01-30"},{"lineNumber":13,"author":{"gitId":"Luo-Z-Y"},"content":"        this.isDone \u003d true;","lastModifiedDate":"2024-01-30"},{"lineNumber":14,"author":{"gitId":"Luo-Z-Y"},"content":"    }","lastModifiedDate":"2024-01-30"},{"lineNumber":15,"author":{"gitId":"Luo-Z-Y"},"content":"","lastModifiedDate":"2024-01-30"},{"lineNumber":16,"author":{"gitId":"Luo-Z-Y"},"content":"    public void markAsUndone() {","lastModifiedDate":"2024-01-30"},{"lineNumber":17,"author":{"gitId":"Luo-Z-Y"},"content":"        this.isDone \u003d false;","lastModifiedDate":"2024-01-30"},{"lineNumber":18,"author":{"gitId":"Luo-Z-Y"},"content":"    }","lastModifiedDate":"2024-01-30"},{"lineNumber":19,"author":{"gitId":"Luo-Z-Y"},"content":"","lastModifiedDate":"2024-01-30"},{"lineNumber":20,"author":{"gitId":"Luo-Z-Y"},"content":"    public void printTask() {","lastModifiedDate":"2024-01-30"},{"lineNumber":21,"author":{"gitId":"Luo-Z-Y"},"content":"        if (this.isDone) {","lastModifiedDate":"2024-01-30"},{"lineNumber":22,"author":{"gitId":"Luo-Z-Y"},"content":"            System.out.println(\"[X] \" + this.description);","lastModifiedDate":"2024-01-30"},{"lineNumber":23,"author":{"gitId":"Luo-Z-Y"},"content":"        } else {","lastModifiedDate":"2024-01-30"},{"lineNumber":24,"author":{"gitId":"Luo-Z-Y"},"content":"            System.out.println(\"[ ] \" + this.description);","lastModifiedDate":"2024-01-30"},{"lineNumber":25,"author":{"gitId":"Luo-Z-Y"},"content":"        }","lastModifiedDate":"2024-01-30"},{"lineNumber":26,"author":{"gitId":"Luo-Z-Y"},"content":"    }","lastModifiedDate":"2024-01-30"},{"lineNumber":27,"author":{"gitId":"Luo-Z-Y"},"content":"}","lastModifiedDate":"2024-01-30"},{"lineNumber":28,"author":{"gitId":"Luo-Z-Y"},"content":"","lastModifiedDate":"2024-01-30"},{"lineNumber":29,"author":{"gitId":"Luo-Z-Y"},"content":"class Todo extends Task {","lastModifiedDate":"2024-02-04"},{"lineNumber":30,"author":{"gitId":"Luo-Z-Y"},"content":"","lastModifiedDate":"2024-02-04"},{"lineNumber":31,"author":{"gitId":"Luo-Z-Y"},"content":"    public Todo(String description) {","lastModifiedDate":"2024-02-04"},{"lineNumber":32,"author":{"gitId":"Luo-Z-Y"},"content":"        super(description);","lastModifiedDate":"2024-02-04"},{"lineNumber":33,"author":{"gitId":"Luo-Z-Y"},"content":"    }","lastModifiedDate":"2024-02-04"},{"lineNumber":34,"author":{"gitId":"Luo-Z-Y"},"content":"","lastModifiedDate":"2024-02-04"},{"lineNumber":35,"author":{"gitId":"Luo-Z-Y"},"content":"    public void printTask() {","lastModifiedDate":"2024-02-04"},{"lineNumber":36,"author":{"gitId":"Luo-Z-Y"},"content":"        if (this.isDone) {","lastModifiedDate":"2024-02-04"},{"lineNumber":37,"author":{"gitId":"Luo-Z-Y"},"content":"            System.out.println(\"[T][X] \" + this.description);","lastModifiedDate":"2024-02-04"},{"lineNumber":38,"author":{"gitId":"Luo-Z-Y"},"content":"        } else {","lastModifiedDate":"2024-02-04"},{"lineNumber":39,"author":{"gitId":"Luo-Z-Y"},"content":"            System.out.println(\"[T][ ] \" + this.description);","lastModifiedDate":"2024-02-04"},{"lineNumber":40,"author":{"gitId":"Luo-Z-Y"},"content":"        }","lastModifiedDate":"2024-02-04"},{"lineNumber":41,"author":{"gitId":"Luo-Z-Y"},"content":"    }","lastModifiedDate":"2024-02-04"},{"lineNumber":42,"author":{"gitId":"Luo-Z-Y"},"content":"}","lastModifiedDate":"2024-02-04"},{"lineNumber":43,"author":{"gitId":"Luo-Z-Y"},"content":"","lastModifiedDate":"2024-02-04"},{"lineNumber":44,"author":{"gitId":"Luo-Z-Y"},"content":"class Deadline extends Task {","lastModifiedDate":"2024-02-04"},{"lineNumber":45,"author":{"gitId":"Luo-Z-Y"},"content":"","lastModifiedDate":"2024-02-04"},{"lineNumber":46,"author":{"gitId":"Luo-Z-Y"},"content":"    public Deadline(String description) {","lastModifiedDate":"2024-02-04"},{"lineNumber":47,"author":{"gitId":"Luo-Z-Y"},"content":"        super(description);","lastModifiedDate":"2024-02-04"},{"lineNumber":48,"author":{"gitId":"Luo-Z-Y"},"content":"    }","lastModifiedDate":"2024-02-04"},{"lineNumber":49,"author":{"gitId":"Luo-Z-Y"},"content":"","lastModifiedDate":"2024-02-04"},{"lineNumber":50,"author":{"gitId":"Luo-Z-Y"},"content":"    public void printTask() {","lastModifiedDate":"2024-02-04"},{"lineNumber":51,"author":{"gitId":"Luo-Z-Y"},"content":"        if (this.isDone) {","lastModifiedDate":"2024-02-04"},{"lineNumber":52,"author":{"gitId":"Luo-Z-Y"},"content":"            System.out.println(\"[D][X] \" + this.description);","lastModifiedDate":"2024-02-04"},{"lineNumber":53,"author":{"gitId":"Luo-Z-Y"},"content":"        } else {","lastModifiedDate":"2024-02-04"},{"lineNumber":54,"author":{"gitId":"Luo-Z-Y"},"content":"            System.out.println(\"[D][ ] \" + this.description);","lastModifiedDate":"2024-02-04"},{"lineNumber":55,"author":{"gitId":"Luo-Z-Y"},"content":"        }","lastModifiedDate":"2024-02-04"},{"lineNumber":56,"author":{"gitId":"Luo-Z-Y"},"content":"    }","lastModifiedDate":"2024-02-04"},{"lineNumber":57,"author":{"gitId":"Luo-Z-Y"},"content":"}","lastModifiedDate":"2024-02-04"},{"lineNumber":58,"author":{"gitId":"Luo-Z-Y"},"content":"","lastModifiedDate":"2024-02-04"},{"lineNumber":59,"author":{"gitId":"Luo-Z-Y"},"content":"class Event extends Task {","lastModifiedDate":"2024-02-04"},{"lineNumber":60,"author":{"gitId":"Luo-Z-Y"},"content":"","lastModifiedDate":"2024-02-04"},{"lineNumber":61,"author":{"gitId":"Luo-Z-Y"},"content":"    public Event(String description) {","lastModifiedDate":"2024-02-04"},{"lineNumber":62,"author":{"gitId":"Luo-Z-Y"},"content":"        super(description);","lastModifiedDate":"2024-02-04"},{"lineNumber":63,"author":{"gitId":"Luo-Z-Y"},"content":"    }","lastModifiedDate":"2024-02-04"},{"lineNumber":64,"author":{"gitId":"Luo-Z-Y"},"content":"","lastModifiedDate":"2024-02-04"},{"lineNumber":65,"author":{"gitId":"Luo-Z-Y"},"content":"    public void printTask() {","lastModifiedDate":"2024-02-04"},{"lineNumber":66,"author":{"gitId":"Luo-Z-Y"},"content":"        if (this.isDone) {","lastModifiedDate":"2024-02-04"},{"lineNumber":67,"author":{"gitId":"Luo-Z-Y"},"content":"            System.out.println(\"[E][X] \" + this.description);","lastModifiedDate":"2024-02-04"},{"lineNumber":68,"author":{"gitId":"Luo-Z-Y"},"content":"        } else {","lastModifiedDate":"2024-02-04"},{"lineNumber":69,"author":{"gitId":"Luo-Z-Y"},"content":"            System.out.println(\"[E][ ] \" + this.description);","lastModifiedDate":"2024-02-04"},{"lineNumber":70,"author":{"gitId":"Luo-Z-Y"},"content":"        }","lastModifiedDate":"2024-02-04"},{"lineNumber":71,"author":{"gitId":"Luo-Z-Y"},"content":"    }","lastModifiedDate":"2024-02-04"},{"lineNumber":72,"author":{"gitId":"Luo-Z-Y"},"content":"}","lastModifiedDate":"2024-02-04"},{"lineNumber":73,"author":{"gitId":"Luo-Z-Y"},"content":"","lastModifiedDate":"2024-01-30"},{"lineNumber":74,"author":{"gitId":"Luo-Z-Y"},"content":"enum Commands {","lastModifiedDate":"2024-01-30"},{"lineNumber":75,"author":{"gitId":"Luo-Z-Y"},"content":"    list, mark, unmark, add, bye","lastModifiedDate":"2024-01-30"},{"lineNumber":76,"author":{"gitId":"Luo-Z-Y"},"content":"}","lastModifiedDate":"2024-01-30"},{"lineNumber":77,"author":{"gitId":"Luo-Z-Y"},"content":"","lastModifiedDate":"2024-01-30"},{"lineNumber":78,"author":{"gitId":"Luo-Z-Y"},"content":"public class Asuka {","lastModifiedDate":"2024-01-26"},{"lineNumber":79,"author":{"gitId":"Luo-Z-Y"},"content":"","lastModifiedDate":"2024-02-04"},{"lineNumber":80,"author":{"gitId":"Luo-Z-Y"},"content":"    public static final int MAX_TASKS \u003d 100;","lastModifiedDate":"2024-02-04"},{"lineNumber":81,"author":{"gitId":"Luo-Z-Y"},"content":"","lastModifiedDate":"2024-02-04"},{"lineNumber":82,"author":{"gitId":"Luo-Z-Y"},"content":"    public static void main(String[] args) {","lastModifiedDate":"2024-01-26"},{"lineNumber":83,"author":{"gitId":"Luo-Z-Y"},"content":"        // Welcome message","lastModifiedDate":"2024-01-30"},{"lineNumber":84,"author":{"gitId":"Luo-Z-Y"},"content":"        printWelcomeMessage();","lastModifiedDate":"2024-02-04"},{"lineNumber":85,"author":{"gitId":"Luo-Z-Y"},"content":"","lastModifiedDate":"2024-02-04"},{"lineNumber":86,"author":{"gitId":"Luo-Z-Y"},"content":"        //Initialise","lastModifiedDate":"2024-02-04"},{"lineNumber":87,"author":{"gitId":"Luo-Z-Y"},"content":"        Commands command \u003d null;","lastModifiedDate":"2024-02-04"},{"lineNumber":88,"author":{"gitId":"Luo-Z-Y"},"content":"        int taskCount \u003d 0;","lastModifiedDate":"2024-02-04"},{"lineNumber":89,"author":{"gitId":"Luo-Z-Y"},"content":"        Task[] tasks \u003d new Task[MAX_TASKS];","lastModifiedDate":"2024-02-04"},{"lineNumber":90,"author":{"gitId":"Luo-Z-Y"},"content":"        Scanner myObj \u003d new Scanner(System.in);","lastModifiedDate":"2024-01-29"},{"lineNumber":91,"author":{"gitId":"Luo-Z-Y"},"content":"","lastModifiedDate":"2024-02-04"},{"lineNumber":92,"author":{"gitId":"Luo-Z-Y"},"content":"        //Loop through different commands, until \"bye\" command","lastModifiedDate":"2024-02-04"},{"lineNumber":93,"author":{"gitId":"Luo-Z-Y"},"content":"        while (command !\u003d Commands.bye) {","lastModifiedDate":"2024-02-04"},{"lineNumber":94,"author":{"gitId":"Luo-Z-Y"},"content":"","lastModifiedDate":"2024-02-04"},{"lineNumber":95,"author":{"gitId":"Luo-Z-Y"},"content":"            // Read input","lastModifiedDate":"2024-02-04"},{"lineNumber":96,"author":{"gitId":"Luo-Z-Y"},"content":"            String input \u003d myObj.nextLine();","lastModifiedDate":"2024-01-30"},{"lineNumber":97,"author":{"gitId":"Luo-Z-Y"},"content":"            String[] inputs \u003d input.split(\" \");","lastModifiedDate":"2024-02-04"},{"lineNumber":98,"author":{"gitId":"Luo-Z-Y"},"content":"","lastModifiedDate":"2024-02-04"},{"lineNumber":99,"author":{"gitId":"Luo-Z-Y"},"content":"            // Determine command","lastModifiedDate":"2024-01-30"},{"lineNumber":100,"author":{"gitId":"Luo-Z-Y"},"content":"            command \u003d getCommands(input, inputs);","lastModifiedDate":"2024-02-04"},{"lineNumber":101,"author":{"gitId":"Luo-Z-Y"},"content":"            if (command \u003d\u003d null) {","lastModifiedDate":"2024-02-04"},{"lineNumber":102,"author":{"gitId":"Luo-Z-Y"},"content":"                printInvalidCommand();","lastModifiedDate":"2024-02-04"},{"lineNumber":103,"author":{"gitId":"Luo-Z-Y"},"content":"                continue;","lastModifiedDate":"2024-02-04"},{"lineNumber":104,"author":{"gitId":"Luo-Z-Y"},"content":"            }","lastModifiedDate":"2024-01-30"},{"lineNumber":105,"author":{"gitId":"Luo-Z-Y"},"content":"","lastModifiedDate":"2024-02-04"},{"lineNumber":106,"author":{"gitId":"Luo-Z-Y"},"content":"            // Execute command","lastModifiedDate":"2024-01-30"},{"lineNumber":107,"author":{"gitId":"Luo-Z-Y"},"content":"            switch (command) {","lastModifiedDate":"2024-01-30"},{"lineNumber":108,"author":{"gitId":"Luo-Z-Y"},"content":"            case mark:","lastModifiedDate":"2024-01-30"},{"lineNumber":109,"author":{"gitId":"Luo-Z-Y"},"content":"                mark(inputs, taskCount, tasks);","lastModifiedDate":"2024-02-04"},{"lineNumber":110,"author":{"gitId":"Luo-Z-Y"},"content":"                break;","lastModifiedDate":"2024-01-30"},{"lineNumber":111,"author":{"gitId":"Luo-Z-Y"},"content":"            case unmark:","lastModifiedDate":"2024-01-30"},{"lineNumber":112,"author":{"gitId":"Luo-Z-Y"},"content":"                unmark(inputs, taskCount, tasks);","lastModifiedDate":"2024-02-04"},{"lineNumber":113,"author":{"gitId":"Luo-Z-Y"},"content":"                break;","lastModifiedDate":"2024-01-30"},{"lineNumber":114,"author":{"gitId":"Luo-Z-Y"},"content":"            case list:","lastModifiedDate":"2024-01-30"},{"lineNumber":115,"author":{"gitId":"Luo-Z-Y"},"content":"                list(taskCount, tasks);","lastModifiedDate":"2024-02-04"},{"lineNumber":116,"author":{"gitId":"Luo-Z-Y"},"content":"                break;","lastModifiedDate":"2024-01-30"},{"lineNumber":117,"author":{"gitId":"Luo-Z-Y"},"content":"            case add:","lastModifiedDate":"2024-01-30"},{"lineNumber":118,"author":{"gitId":"Luo-Z-Y"},"content":"                taskCount \u003d updateTaskCount(input, tasks, taskCount);","lastModifiedDate":"2024-02-04"},{"lineNumber":119,"author":{"gitId":"Luo-Z-Y"},"content":"                break;","lastModifiedDate":"2024-01-30"},{"lineNumber":120,"author":{"gitId":"Luo-Z-Y"},"content":"            case bye:","lastModifiedDate":"2024-01-30"},{"lineNumber":121,"author":{"gitId":"Luo-Z-Y"},"content":"                bye();","lastModifiedDate":"2024-02-04"},{"lineNumber":122,"author":{"gitId":"Luo-Z-Y"},"content":"                myObj.close();","lastModifiedDate":"2024-01-30"},{"lineNumber":123,"author":{"gitId":"Luo-Z-Y"},"content":"                myObj \u003d null;","lastModifiedDate":"2024-01-30"},{"lineNumber":124,"author":{"gitId":"Luo-Z-Y"},"content":"                break;","lastModifiedDate":"2024-01-30"},{"lineNumber":125,"author":{"gitId":"Luo-Z-Y"},"content":"            default:","lastModifiedDate":"2024-02-04"},{"lineNumber":126,"author":{"gitId":"Luo-Z-Y"},"content":"                break;","lastModifiedDate":"2024-02-04"},{"lineNumber":127,"author":{"gitId":"Luo-Z-Y"},"content":"            }","lastModifiedDate":"2024-02-04"},{"lineNumber":128,"author":{"gitId":"Luo-Z-Y"},"content":"        }","lastModifiedDate":"2024-01-30"},{"lineNumber":129,"author":{"gitId":"Luo-Z-Y"},"content":"    }","lastModifiedDate":"2024-01-30"},{"lineNumber":130,"author":{"gitId":"Luo-Z-Y"},"content":"","lastModifiedDate":"2024-02-04"},{"lineNumber":131,"author":{"gitId":"Luo-Z-Y"},"content":"    private static int updateTaskCount(String input, Task[] tasks, int taskCount) {","lastModifiedDate":"2024-02-04"},{"lineNumber":132,"author":{"gitId":"Luo-Z-Y"},"content":"        String[] inputs;","lastModifiedDate":"2024-02-04"},{"lineNumber":133,"author":{"gitId":"Luo-Z-Y"},"content":"        System.out.println(\"____________________________________________________________\");","lastModifiedDate":"2024-02-04"},{"lineNumber":134,"author":{"gitId":"Luo-Z-Y"},"content":"        inputs \u003d input.split(\" \", 2);","lastModifiedDate":"2024-02-04"},{"lineNumber":135,"author":{"gitId":"Luo-Z-Y"},"content":"        if (inputs[0].equalsIgnoreCase(\"todo\")) {","lastModifiedDate":"2024-02-04"},{"lineNumber":136,"author":{"gitId":"Luo-Z-Y"},"content":"            tasks[taskCount] \u003d new Todo(inputs[1]);","lastModifiedDate":"2024-02-04"},{"lineNumber":137,"author":{"gitId":"Luo-Z-Y"},"content":"        } else if (inputs[0].equalsIgnoreCase(\"deadline\")) {","lastModifiedDate":"2024-02-04"},{"lineNumber":138,"author":{"gitId":"Luo-Z-Y"},"content":"            inputs \u003d inputs[1].split(\"/\", 2);","lastModifiedDate":"2024-02-04"},{"lineNumber":139,"author":{"gitId":"Luo-Z-Y"},"content":"            if (inputs.length !\u003d 2)","lastModifiedDate":"2024-02-04"},{"lineNumber":140,"author":{"gitId":"Luo-Z-Y"},"content":"            {","lastModifiedDate":"2024-02-04"},{"lineNumber":141,"author":{"gitId":"Luo-Z-Y"},"content":"                System.out.println(\"Incorrect format of time specification.\");","lastModifiedDate":"2024-02-04"},{"lineNumber":142,"author":{"gitId":"Luo-Z-Y"},"content":"                System.out.println(\"____________________________________________________________\");","lastModifiedDate":"2024-02-04"},{"lineNumber":143,"author":{"gitId":"Luo-Z-Y"},"content":"                return taskCount;","lastModifiedDate":"2024-02-04"},{"lineNumber":144,"author":{"gitId":"Luo-Z-Y"},"content":"            }","lastModifiedDate":"2024-02-04"},{"lineNumber":145,"author":{"gitId":"Luo-Z-Y"},"content":"            tasks[taskCount] \u003d new Deadline(inputs[0] + \"(\" + inputs[1] + \")\");","lastModifiedDate":"2024-02-04"},{"lineNumber":146,"author":{"gitId":"Luo-Z-Y"},"content":"        } else {","lastModifiedDate":"2024-02-04"},{"lineNumber":147,"author":{"gitId":"Luo-Z-Y"},"content":"            inputs \u003d inputs[1].split(\"/\", 3);","lastModifiedDate":"2024-02-04"},{"lineNumber":148,"author":{"gitId":"Luo-Z-Y"},"content":"            if (inputs.length !\u003d 3)","lastModifiedDate":"2024-02-04"},{"lineNumber":149,"author":{"gitId":"Luo-Z-Y"},"content":"            {","lastModifiedDate":"2024-02-04"},{"lineNumber":150,"author":{"gitId":"Luo-Z-Y"},"content":"                System.out.println(\"Incorrect format of time specification.\");","lastModifiedDate":"2024-02-04"},{"lineNumber":151,"author":{"gitId":"Luo-Z-Y"},"content":"                System.out.println(\"____________________________________________________________\");","lastModifiedDate":"2024-02-04"},{"lineNumber":152,"author":{"gitId":"Luo-Z-Y"},"content":"                return taskCount;","lastModifiedDate":"2024-02-04"},{"lineNumber":153,"author":{"gitId":"Luo-Z-Y"},"content":"            }","lastModifiedDate":"2024-02-04"},{"lineNumber":154,"author":{"gitId":"Luo-Z-Y"},"content":"            tasks[taskCount] \u003d new Event(inputs[0] + \"(\" + inputs[1] + inputs[2] + \")\");","lastModifiedDate":"2024-02-04"},{"lineNumber":155,"author":{"gitId":"Luo-Z-Y"},"content":"        }","lastModifiedDate":"2024-02-04"},{"lineNumber":156,"author":{"gitId":"Luo-Z-Y"},"content":"        taskCount++;","lastModifiedDate":"2024-02-04"},{"lineNumber":157,"author":{"gitId":"Luo-Z-Y"},"content":"        System.out.println(\"Got it. I\u0027ve added this task:\");","lastModifiedDate":"2024-02-04"},{"lineNumber":158,"author":{"gitId":"Luo-Z-Y"},"content":"        tasks[taskCount - 1].printTask();","lastModifiedDate":"2024-02-04"},{"lineNumber":159,"author":{"gitId":"Luo-Z-Y"},"content":"        if (taskCount \u003d\u003d 1) {","lastModifiedDate":"2024-02-04"},{"lineNumber":160,"author":{"gitId":"Luo-Z-Y"},"content":"            System.out.println(\"Now you got \" + taskCount + \" task in the list.\");","lastModifiedDate":"2024-02-04"},{"lineNumber":161,"author":{"gitId":"Luo-Z-Y"},"content":"        } else {","lastModifiedDate":"2024-02-04"},{"lineNumber":162,"author":{"gitId":"Luo-Z-Y"},"content":"            System.out.println(\"Now you got \" + taskCount + \" tasks in the list.\");","lastModifiedDate":"2024-02-04"},{"lineNumber":163,"author":{"gitId":"Luo-Z-Y"},"content":"        }","lastModifiedDate":"2024-02-04"},{"lineNumber":164,"author":{"gitId":"Luo-Z-Y"},"content":"        System.out.println(\"____________________________________________________________\");","lastModifiedDate":"2024-02-04"},{"lineNumber":165,"author":{"gitId":"Luo-Z-Y"},"content":"        return taskCount;","lastModifiedDate":"2024-02-04"},{"lineNumber":166,"author":{"gitId":"Luo-Z-Y"},"content":"    }","lastModifiedDate":"2024-02-04"},{"lineNumber":167,"author":{"gitId":"Luo-Z-Y"},"content":"","lastModifiedDate":"2024-02-04"},{"lineNumber":168,"author":{"gitId":"Luo-Z-Y"},"content":"    private static void printInvalidCommand() {","lastModifiedDate":"2024-02-04"},{"lineNumber":169,"author":{"gitId":"Luo-Z-Y"},"content":"        System.out.println(\"____________________________________________________________\");","lastModifiedDate":"2024-02-04"},{"lineNumber":170,"author":{"gitId":"Luo-Z-Y"},"content":"        System.out.println(\"Invalid command\");","lastModifiedDate":"2024-02-04"},{"lineNumber":171,"author":{"gitId":"Luo-Z-Y"},"content":"        System.out.println(\"____________________________________________________________\");","lastModifiedDate":"2024-02-04"},{"lineNumber":172,"author":{"gitId":"Luo-Z-Y"},"content":"    }","lastModifiedDate":"2024-02-04"},{"lineNumber":173,"author":{"gitId":"Luo-Z-Y"},"content":"","lastModifiedDate":"2024-02-04"},{"lineNumber":174,"author":{"gitId":"Luo-Z-Y"},"content":"    private static void bye() {","lastModifiedDate":"2024-02-04"},{"lineNumber":175,"author":{"gitId":"Luo-Z-Y"},"content":"        System.out.println(\"____________________________________________________________\");","lastModifiedDate":"2024-02-04"},{"lineNumber":176,"author":{"gitId":"Luo-Z-Y"},"content":"        System.out.println(\"Bye. Hope to see you again soon!\");","lastModifiedDate":"2024-02-04"},{"lineNumber":177,"author":{"gitId":"Luo-Z-Y"},"content":"        System.out.println(\"____________________________________________________________\");","lastModifiedDate":"2024-02-04"},{"lineNumber":178,"author":{"gitId":"Luo-Z-Y"},"content":"    }","lastModifiedDate":"2024-02-04"},{"lineNumber":179,"author":{"gitId":"Luo-Z-Y"},"content":"","lastModifiedDate":"2024-02-04"},{"lineNumber":180,"author":{"gitId":"Luo-Z-Y"},"content":"    private static void list(int taskCount, Task[] tasks) {","lastModifiedDate":"2024-02-04"},{"lineNumber":181,"author":{"gitId":"Luo-Z-Y"},"content":"        System.out.println(\"____________________________________________________________\");","lastModifiedDate":"2024-02-04"},{"lineNumber":182,"author":{"gitId":"Luo-Z-Y"},"content":"        for (int j \u003d 0; j \u003c taskCount; j++) {","lastModifiedDate":"2024-02-04"},{"lineNumber":183,"author":{"gitId":"Luo-Z-Y"},"content":"            System.out.print(j + 1 + \". \");","lastModifiedDate":"2024-02-04"},{"lineNumber":184,"author":{"gitId":"Luo-Z-Y"},"content":"            tasks[j].printTask();","lastModifiedDate":"2024-02-04"},{"lineNumber":185,"author":{"gitId":"Luo-Z-Y"},"content":"        }","lastModifiedDate":"2024-02-04"},{"lineNumber":186,"author":{"gitId":"Luo-Z-Y"},"content":"        System.out.println(\"____________________________________________________________\");","lastModifiedDate":"2024-02-04"},{"lineNumber":187,"author":{"gitId":"Luo-Z-Y"},"content":"    }","lastModifiedDate":"2024-02-04"},{"lineNumber":188,"author":{"gitId":"Luo-Z-Y"},"content":"","lastModifiedDate":"2024-02-04"},{"lineNumber":189,"author":{"gitId":"Luo-Z-Y"},"content":"    private static void unmark(String[] inputs, int taskCount, Task[] tasks) {","lastModifiedDate":"2024-02-04"},{"lineNumber":190,"author":{"gitId":"Luo-Z-Y"},"content":"        int taskNumber;","lastModifiedDate":"2024-02-04"},{"lineNumber":191,"author":{"gitId":"Luo-Z-Y"},"content":"        taskNumber \u003d Integer.parseInt(inputs[1]);","lastModifiedDate":"2024-02-04"},{"lineNumber":192,"author":{"gitId":"Luo-Z-Y"},"content":"        System.out.println(\"____________________________________________________________\");","lastModifiedDate":"2024-02-04"},{"lineNumber":193,"author":{"gitId":"Luo-Z-Y"},"content":"        if (taskNumber \u003e 0 \u0026\u0026 taskNumber \u003c\u003d taskCount) {","lastModifiedDate":"2024-02-04"},{"lineNumber":194,"author":{"gitId":"Luo-Z-Y"},"content":"","lastModifiedDate":"2024-02-04"},{"lineNumber":195,"author":{"gitId":"Luo-Z-Y"},"content":"            System.out.println(\"Nice! I\u0027ve marked this task as undone: \");","lastModifiedDate":"2024-02-04"},{"lineNumber":196,"author":{"gitId":"Luo-Z-Y"},"content":"            tasks[taskNumber - 1].markAsUndone();","lastModifiedDate":"2024-02-04"},{"lineNumber":197,"author":{"gitId":"Luo-Z-Y"},"content":"            tasks[taskNumber - 1].printTask();","lastModifiedDate":"2024-02-04"},{"lineNumber":198,"author":{"gitId":"Luo-Z-Y"},"content":"        }","lastModifiedDate":"2024-02-04"},{"lineNumber":199,"author":{"gitId":"Luo-Z-Y"},"content":"        else {","lastModifiedDate":"2024-02-04"},{"lineNumber":200,"author":{"gitId":"Luo-Z-Y"},"content":"            System.out.println(\"Task index out of bound, the total number of task(s) you have now is: \" + taskCount);","lastModifiedDate":"2024-02-04"},{"lineNumber":201,"author":{"gitId":"Luo-Z-Y"},"content":"        }","lastModifiedDate":"2024-02-04"},{"lineNumber":202,"author":{"gitId":"Luo-Z-Y"},"content":"        System.out.println(\"____________________________________________________________\");","lastModifiedDate":"2024-02-04"},{"lineNumber":203,"author":{"gitId":"Luo-Z-Y"},"content":"    }","lastModifiedDate":"2024-02-04"},{"lineNumber":204,"author":{"gitId":"Luo-Z-Y"},"content":"","lastModifiedDate":"2024-02-04"},{"lineNumber":205,"author":{"gitId":"Luo-Z-Y"},"content":"    private static void mark(String[] inputs, int taskCount, Task[] tasks) {","lastModifiedDate":"2024-02-04"},{"lineNumber":206,"author":{"gitId":"Luo-Z-Y"},"content":"        int taskNumber;","lastModifiedDate":"2024-02-04"},{"lineNumber":207,"author":{"gitId":"Luo-Z-Y"},"content":"        taskNumber \u003d Integer.parseInt(inputs[1]);","lastModifiedDate":"2024-02-04"},{"lineNumber":208,"author":{"gitId":"Luo-Z-Y"},"content":"        System.out.println(\"____________________________________________________________\");","lastModifiedDate":"2024-02-04"},{"lineNumber":209,"author":{"gitId":"Luo-Z-Y"},"content":"        if (taskNumber \u003e 0 \u0026\u0026 taskNumber \u003c\u003d taskCount) {","lastModifiedDate":"2024-02-04"},{"lineNumber":210,"author":{"gitId":"Luo-Z-Y"},"content":"            System.out.println(\"Nice! I\u0027ve marked this task as done: \");","lastModifiedDate":"2024-02-04"},{"lineNumber":211,"author":{"gitId":"Luo-Z-Y"},"content":"            tasks[taskNumber - 1].markAsDone();","lastModifiedDate":"2024-02-04"},{"lineNumber":212,"author":{"gitId":"Luo-Z-Y"},"content":"            tasks[taskNumber - 1].printTask();","lastModifiedDate":"2024-02-04"},{"lineNumber":213,"author":{"gitId":"Luo-Z-Y"},"content":"        }","lastModifiedDate":"2024-02-04"},{"lineNumber":214,"author":{"gitId":"Luo-Z-Y"},"content":"        else {","lastModifiedDate":"2024-02-04"},{"lineNumber":215,"author":{"gitId":"Luo-Z-Y"},"content":"            System.out.println(\"Task index out of bound, the total number of task(s) you have now is: \" + taskCount);","lastModifiedDate":"2024-02-04"},{"lineNumber":216,"author":{"gitId":"Luo-Z-Y"},"content":"        }","lastModifiedDate":"2024-02-04"},{"lineNumber":217,"author":{"gitId":"Luo-Z-Y"},"content":"        System.out.println(\"____________________________________________________________\");","lastModifiedDate":"2024-02-04"},{"lineNumber":218,"author":{"gitId":"Luo-Z-Y"},"content":"    }","lastModifiedDate":"2024-02-04"},{"lineNumber":219,"author":{"gitId":"Luo-Z-Y"},"content":"","lastModifiedDate":"2024-02-04"},{"lineNumber":220,"author":{"gitId":"Luo-Z-Y"},"content":"    private static Commands getCommands(String input, String[] inputs) {","lastModifiedDate":"2024-02-04"},{"lineNumber":221,"author":{"gitId":"Luo-Z-Y"},"content":"        if ((inputs[0].equalsIgnoreCase(\"todo\")) || (inputs[0].equalsIgnoreCase(\"deadline\")) || (inputs[0].equalsIgnoreCase(\"event\"))){","lastModifiedDate":"2024-02-04"},{"lineNumber":222,"author":{"gitId":"Luo-Z-Y"},"content":"            if (inputs.length \u003d\u003d 1)","lastModifiedDate":"2024-02-04"},{"lineNumber":223,"author":{"gitId":"Luo-Z-Y"},"content":"            {","lastModifiedDate":"2024-02-04"},{"lineNumber":224,"author":{"gitId":"Luo-Z-Y"},"content":"                return null;","lastModifiedDate":"2024-02-04"},{"lineNumber":225,"author":{"gitId":"Luo-Z-Y"},"content":"            }","lastModifiedDate":"2024-02-04"},{"lineNumber":226,"author":{"gitId":"Luo-Z-Y"},"content":"            return Commands.add;","lastModifiedDate":"2024-02-04"},{"lineNumber":227,"author":{"gitId":"Luo-Z-Y"},"content":"        }","lastModifiedDate":"2024-02-04"},{"lineNumber":228,"author":{"gitId":"Luo-Z-Y"},"content":"        if (inputs.length \u003e 2) {","lastModifiedDate":"2024-02-04"},{"lineNumber":229,"author":{"gitId":"Luo-Z-Y"},"content":"            return null;","lastModifiedDate":"2024-02-04"},{"lineNumber":230,"author":{"gitId":"Luo-Z-Y"},"content":"        } else if (inputs.length \u003d\u003d 2 \u0026\u0026 !inputs[0].equalsIgnoreCase(\"mark\") \u0026\u0026 !inputs[0].equalsIgnoreCase(\"unmark\")) {","lastModifiedDate":"2024-02-04"},{"lineNumber":231,"author":{"gitId":"Luo-Z-Y"},"content":"            return null;","lastModifiedDate":"2024-02-04"},{"lineNumber":232,"author":{"gitId":"Luo-Z-Y"},"content":"        }","lastModifiedDate":"2024-02-04"},{"lineNumber":233,"author":{"gitId":"Luo-Z-Y"},"content":"        if (inputs.length \u003d\u003d 2)","lastModifiedDate":"2024-02-04"},{"lineNumber":234,"author":{"gitId":"Luo-Z-Y"},"content":"        {","lastModifiedDate":"2024-02-04"},{"lineNumber":235,"author":{"gitId":"Luo-Z-Y"},"content":"            if (inputs[0].equalsIgnoreCase(\"mark\") \u0026\u0026 Integer.parseInt(inputs[1]) \u003c\u003d MAX_TASKS \u0026\u0026 Integer.parseInt(inputs[1]) \u003e 0) {","lastModifiedDate":"2024-02-04"},{"lineNumber":236,"author":{"gitId":"Luo-Z-Y"},"content":"                return Commands.mark;","lastModifiedDate":"2024-02-04"},{"lineNumber":237,"author":{"gitId":"Luo-Z-Y"},"content":"            } else if (inputs[0].equalsIgnoreCase(\"unmark\") \u0026\u0026 Integer.parseInt(inputs[1]) \u003c\u003d MAX_TASKS \u0026\u0026 Integer.parseInt(inputs[1]) \u003e 0) {","lastModifiedDate":"2024-02-04"},{"lineNumber":238,"author":{"gitId":"Luo-Z-Y"},"content":"                return Commands.unmark;","lastModifiedDate":"2024-02-04"},{"lineNumber":239,"author":{"gitId":"Luo-Z-Y"},"content":"            } else {","lastModifiedDate":"2024-02-04"},{"lineNumber":240,"author":{"gitId":"Luo-Z-Y"},"content":"                return null;","lastModifiedDate":"2024-02-04"},{"lineNumber":241,"author":{"gitId":"Luo-Z-Y"},"content":"            }","lastModifiedDate":"2024-02-04"},{"lineNumber":242,"author":{"gitId":"Luo-Z-Y"},"content":"        }","lastModifiedDate":"2024-02-04"},{"lineNumber":243,"author":{"gitId":"Luo-Z-Y"},"content":"        if (input.equalsIgnoreCase(\"bye\")) {","lastModifiedDate":"2024-02-04"},{"lineNumber":244,"author":{"gitId":"Luo-Z-Y"},"content":"            return Commands.bye;","lastModifiedDate":"2024-02-04"},{"lineNumber":245,"author":{"gitId":"Luo-Z-Y"},"content":"        } else if (input.equalsIgnoreCase(\"list\")) {","lastModifiedDate":"2024-02-04"},{"lineNumber":246,"author":{"gitId":"Luo-Z-Y"},"content":"            return Commands.list;","lastModifiedDate":"2024-02-04"},{"lineNumber":247,"author":{"gitId":"Luo-Z-Y"},"content":"        }","lastModifiedDate":"2024-02-04"},{"lineNumber":248,"author":{"gitId":"Luo-Z-Y"},"content":"        return null;","lastModifiedDate":"2024-02-04"},{"lineNumber":249,"author":{"gitId":"Luo-Z-Y"},"content":"    }","lastModifiedDate":"2024-02-04"},{"lineNumber":250,"author":{"gitId":"Luo-Z-Y"},"content":"","lastModifiedDate":"2024-02-04"},{"lineNumber":251,"author":{"gitId":"Luo-Z-Y"},"content":"    private static void printWelcomeMessage() {","lastModifiedDate":"2024-02-04"},{"lineNumber":252,"author":{"gitId":"Luo-Z-Y"},"content":"        System.out.println(\"____________________________________________________________\");","lastModifiedDate":"2024-02-04"},{"lineNumber":253,"author":{"gitId":"Luo-Z-Y"},"content":"        System.out.println(\"Hello! I\u0027m Asuka\\nWhat can I do for you?\");","lastModifiedDate":"2024-02-04"},{"lineNumber":254,"author":{"gitId":"Luo-Z-Y"},"content":"        System.out.println(\"____________________________________________________________\");","lastModifiedDate":"2024-02-04"},{"lineNumber":255,"author":{"gitId":"Luo-Z-Y"},"content":"    }","lastModifiedDate":"2024-01-26"},{"lineNumber":256,"author":{"gitId":"Luo-Z-Y"},"content":"}","lastModifiedDate":"2024-01-26"}],"authorContributionMap":{"Luo-Z-Y":256}}]
