{"authorDailyContributionsMap":{"Luo-Z-Y":[{"date":"2024-01-26","commitResults":[{"hash":"7bf219233887cfc3c633b739141d41ec10e598af","isMergeCommit":false,"messageTitle":"Level-0","messageBody":"","tags":["Level-0"],"fileTypesAndContributionMap":{"java":{"insertions":8,"deletions":10}}}]},{"date":"2024-01-29","commitResults":[{"hash":"6ab36d2ef74c288881807aa018df174dd40374b6","isMergeCommit":false,"messageTitle":"Level-1","messageBody":"","tags":["Level-1"],"fileTypesAndContributionMap":{"java":{"insertions":14,"deletions":0}}}]},{"date":"2024-01-30","commitResults":[{"hash":"ec4591d8cce5be30c639a8677496659d1c4c96bb","isMergeCommit":false,"messageTitle":"Level-2","messageBody":"","tags":["Level-2"],"fileTypesAndContributionMap":{"java":{"insertions":14,"deletions":2}}},{"hash":"5548c0e98304282cff48e23ac2e34fb6e8a71841","isMergeCommit":false,"messageTitle":"Level-3","messageBody":"","tags":["Level-3"],"fileTypesAndContributionMap":{"java":{"insertions":121,"deletions":20}}}]}]},"authorFileTypeContributionMap":{"Luo-Z-Y":{"java":56,"md":0,"fxml":0,"sh":0,"bat":0,"gradle":0,"txt":0}},"authorContributionVariance":{"Luo-Z-Y":1849.3541},"authorDisplayNameMap":{"Luo-Z-Y":"LUO ..YANG"}}
