{"authorDailyContributionsMap":{"Luo-Z-Y":[{"date":"2024-01-26","commitResults":[{"hash":"7bf219233887cfc3c633b739141d41ec10e598af","isMergeCommit":false,"messageTitle":"Level-0","messageBody":"","tags":["Level-0"],"fileTypesAndContributionMap":{"java":{"insertions":8,"deletions":10}}}]},{"date":"2024-01-29","commitResults":[{"hash":"6ab36d2ef74c288881807aa018df174dd40374b6","isMergeCommit":false,"messageTitle":"Level-1","messageBody":"","tags":["Level-1"],"fileTypesAndContributionMap":{"java":{"insertions":14,"deletions":0}}}]},{"date":"2024-01-30","commitResults":[{"hash":"ec4591d8cce5be30c639a8677496659d1c4c96bb","isMergeCommit":false,"messageTitle":"Level-2","messageBody":"","tags":["Level-2"],"fileTypesAndContributionMap":{"java":{"insertions":14,"deletions":2}}},{"hash":"5548c0e98304282cff48e23ac2e34fb6e8a71841","isMergeCommit":false,"messageTitle":"Level-3","messageBody":"","tags":["Level-3"],"fileTypesAndContributionMap":{"java":{"insertions":121,"deletions":20}}}]},{"date":"2024-02-04","commitResults":[{"hash":"81c6f12df062aa17d46e719bdf4abb24f00c7a3f","isMergeCommit":false,"messageTitle":"Level-4 wip","messageBody":"","fileTypesAndContributionMap":{"java":{"insertions":201,"deletions":80}}}]},{"date":"2024-02-13","commitResults":[{"hash":"1d8fa79f72d10f0dd0c04e260aa28012f759d116","isMergeCommit":false,"messageTitle":"A-TextUiTesting","messageBody":"","fileTypesAndContributionMap":{"txt":{"insertions":6,"deletions":0},"bat":{"insertions":1,"deletions":1},"sh":{"insertions":1,"deletions":1}}},{"hash":"a6e42ed12b60e36cce60154c6d0b8668c45fd04c","isMergeCommit":false,"messageTitle":"Organise code","messageBody":"","fileTypesAndContributionMap":{"java":{"insertions":86,"deletions":87}}},{"hash":"ab1e2dcf4ee6cfb3e6b9bd5154c484440ed1c7d8","isMergeCommit":true,"messageTitle":"Merge branch \u0027master\u0027 of https://github.com/Luo-Z-Y/ip","messageBody":"","fileTypesAndContributionMap":{}}]}]},"authorFileTypeContributionMap":{"Luo-Z-Y":{"java":255,"md":0,"fxml":0,"sh":1,"bat":1,"gradle":0,"txt":6}},"authorContributionVariance":{"Luo-Z-Y":4662.256},"authorDisplayNameMap":{"Luo-Z-Y":"CS2113-W14-4 LUO ..YANG"}}
