{"authorDailyContributionsMap":{"jthibault03":[{"date":"2024-02-02","commitResults":[{"hash":"4152fa3234a92df1566de49c3d6e6677c615c79c","isMergeCommit":false,"messageTitle":"level 0","messageBody":"","tags":["Level-0"],"fileTypesAndContributionMap":{"java":{"insertions":11,"deletions":5},"md":{"insertions":7,"deletions":5}}},{"hash":"da98d5c0175443686e5b61d50e059129a22ffd27","isMergeCommit":false,"messageTitle":"Level-1","messageBody":"","tags":["Level-1"],"fileTypesAndContributionMap":{"java":{"insertions":42,"deletions":16}}},{"hash":"e0e8fbbbf71fdccd82530a32ac648d4163d8debf","isMergeCommit":false,"messageTitle":"Level-2","messageBody":"","tags":["Level-2"],"fileTypesAndContributionMap":{"java":{"insertions":21,"deletions":2}}},{"hash":"c0958e28051d31af060804f7dcb780d6a2ed1734","isMergeCommit":false,"messageTitle":"Level-2","messageBody":"","tags":["Level-3"],"fileTypesAndContributionMap":{"java":{"insertions":62,"deletions":6}}},{"hash":"33addd1331723cfefa427fbb16432ccc6997752a","isMergeCommit":false,"messageTitle":"Level-3","messageBody":"","fileTypesAndContributionMap":{"java":{"insertions":1,"deletions":1}}}]},{"date":"2024-02-06","commitResults":[{"hash":"2815d2a075e66721e649b2b1124aaf71de3a8ea7","isMergeCommit":false,"messageTitle":"Level-4","messageBody":"","tags":["Level-4"],"fileTypesAndContributionMap":{"java":{"insertions":69,"deletions":5}}},{"hash":"ed85b592e08e94116aed9ab9024fa388af0a48b3","isMergeCommit":false,"messageTitle":"tried making code changes but stuck w same ideas","messageBody":"","tags":["A-CodeQuality"],"fileTypesAndContributionMap":{"java":{"insertions":11,"deletions":0}}}]},{"date":"2024-02-16","commitResults":[{"hash":"d6ba9ba967390dac5fd976fb215af5a4c2d37b2d","isMergeCommit":false,"messageTitle":"level 5","messageBody":"","tags":["Level-5"],"fileTypesAndContributionMap":{"java":{"insertions":67,"deletions":23}}}]}]},"authorFileTypeContributionMap":{"jthibault03":{"java":236,"md":7,"fxml":0,"sh":0,"bat":0,"gradle":0,"txt":0}},"authorContributionVariance":{"jthibault03":1484.3019},"authorDisplayNameMap":{"jthibault03":"CS2113-W14-4 THIB.. SUN"}}
