[{"path":"src/main/java/Deadline.java","fileType":"java","lines":[{"lineNumber":1,"author":{"gitId":"Hws2209"},"content":"public class Deadline extends Task {","lastModifiedDate":"2024-02-02"},{"lineNumber":2,"author":{"gitId":"Hws2209"},"content":"    private static final int TASK_START_INDEX \u003d 9;","lastModifiedDate":"2024-02-03"},{"lineNumber":3,"author":{"gitId":"Hws2209"},"content":"    private String by;","lastModifiedDate":"2024-02-03"},{"lineNumber":4,"author":{"gitId":"Hws2209"},"content":"","lastModifiedDate":"2024-02-02"},{"lineNumber":5,"author":{"gitId":"Hws2209"},"content":"    public Deadline(String line) {","lastModifiedDate":"2024-02-02"},{"lineNumber":6,"author":{"gitId":"Hws2209"},"content":"        super(line.substring(TASK_START_INDEX, line.indexOf(\"/by\")));","lastModifiedDate":"2024-02-03"},{"lineNumber":7,"author":{"gitId":"Hws2209"},"content":"        by \u003d line.substring(line.indexOf(\"/by\") + 4);","lastModifiedDate":"2024-02-03"},{"lineNumber":8,"author":{"gitId":"Hws2209"},"content":"    }","lastModifiedDate":"2024-02-03"},{"lineNumber":9,"author":{"gitId":"Hws2209"},"content":"","lastModifiedDate":"2024-02-03"},{"lineNumber":10,"author":{"gitId":"Hws2209"},"content":"    @Override","lastModifiedDate":"2024-02-03"},{"lineNumber":11,"author":{"gitId":"Hws2209"},"content":"    public String getDetails() {","lastModifiedDate":"2024-02-03"},{"lineNumber":12,"author":{"gitId":"Hws2209"},"content":"        return (\"[D]\" + super.getDetails() + \"(by: \" + by + \")\");","lastModifiedDate":"2024-02-03"},{"lineNumber":13,"author":{"gitId":"Hws2209"},"content":"    }","lastModifiedDate":"2024-02-02"},{"lineNumber":14,"author":{"gitId":"Hws2209"},"content":"}","lastModifiedDate":"2024-02-02"}],"authorContributionMap":{"Hws2209":14}},{"path":"src/main/java/Duke.java","fileType":"java","lines":[{"lineNumber":1,"author":{"gitId":"Hws2209"},"content":"import java.util.Scanner;","lastModifiedDate":"2024-01-27"},{"lineNumber":2,"author":{"gitId":"Hws2209"},"content":"","lastModifiedDate":"2024-01-27"},{"lineNumber":3,"author":{"gitId":"-"},"content":"public class Duke {","lastModifiedDate":"2019-07-29"},{"lineNumber":4,"author":{"gitId":"Hws2209"},"content":"    private static final int MAX_SIZE \u003d 100;","lastModifiedDate":"2024-02-02"},{"lineNumber":5,"author":{"gitId":"Hws2209"},"content":"    private static Task[] tasks \u003d new Task[MAX_SIZE];","lastModifiedDate":"2024-02-02"},{"lineNumber":6,"author":{"gitId":"Hws2209"},"content":"    private static int numberOfTasks \u003d 0;","lastModifiedDate":"2024-02-02"},{"lineNumber":7,"author":{"gitId":"Hws2209"},"content":"","lastModifiedDate":"2024-02-02"},{"lineNumber":8,"author":{"gitId":"-"},"content":"    public static void main(String[] args) {","lastModifiedDate":"2019-07-29"},{"lineNumber":9,"author":{"gitId":"Hws2209"},"content":"        String logo \u003d \"  ____   _   _      __     ______    _       _  _____\\n\" +","lastModifiedDate":"2024-01-21"},{"lineNumber":10,"author":{"gitId":"Hws2209"},"content":"                \" / ___| | | | |    /  \\\\    |  _  \\\\  | |     | ||  ___|\\n\" +","lastModifiedDate":"2024-01-21"},{"lineNumber":11,"author":{"gitId":"Hws2209"},"content":"                \"| |     | |_| |   / /\\\\ \\\\   | |_| /  | |     | || |___\\n\" +","lastModifiedDate":"2024-01-21"},{"lineNumber":12,"author":{"gitId":"Hws2209"},"content":"                \"| |     |  _  |  / /__\\\\ \\\\  |  __ \\\\  | |     | ||  ___|\\n\" +","lastModifiedDate":"2024-01-21"},{"lineNumber":13,"author":{"gitId":"Hws2209"},"content":"                \"| |___  | | | | / ______ \\\\ | |  \\\\ \\\\ | |____ | || |___\\n\" +","lastModifiedDate":"2024-01-21"},{"lineNumber":14,"author":{"gitId":"Hws2209"},"content":"                \" \\\\____| |_| |_|/_/      \\\\_\\\\|_|   \\\\_\\\\|______||_||_____|\\n\";","lastModifiedDate":"2024-01-21"},{"lineNumber":15,"author":{"gitId":"Hws2209"},"content":"","lastModifiedDate":"2024-01-21"},{"lineNumber":16,"author":{"gitId":"Hws2209"},"content":"        System.out.println(\"Hello! I\u0027m Charlie!\\n\" + logo);","lastModifiedDate":"2024-01-21"},{"lineNumber":17,"author":{"gitId":"Hws2209"},"content":"        System.out.println(\"What can I do for you?\");","lastModifiedDate":"2024-01-21"},{"lineNumber":18,"author":{"gitId":"Hws2209"},"content":"","lastModifiedDate":"2024-01-27"},{"lineNumber":19,"author":{"gitId":"Hws2209"},"content":"        readInputAndExecute();","lastModifiedDate":"2024-02-02"},{"lineNumber":20,"author":{"gitId":"Hws2209"},"content":"    }","lastModifiedDate":"2024-02-02"},{"lineNumber":21,"author":{"gitId":"Hws2209"},"content":"","lastModifiedDate":"2024-02-02"},{"lineNumber":22,"author":{"gitId":"Hws2209"},"content":"    private static void readInputAndExecute() {","lastModifiedDate":"2024-02-02"},{"lineNumber":23,"author":{"gitId":"Hws2209"},"content":"        Scanner in \u003d new Scanner(System.in);","lastModifiedDate":"2024-02-02"},{"lineNumber":24,"author":{"gitId":"Hws2209"},"content":"        String line;","lastModifiedDate":"2024-02-02"},{"lineNumber":25,"author":{"gitId":"Hws2209"},"content":"        while (true) {","lastModifiedDate":"2024-01-27"},{"lineNumber":26,"author":{"gitId":"Hws2209"},"content":"            line \u003d in.nextLine();","lastModifiedDate":"2024-01-27"},{"lineNumber":27,"author":{"gitId":"Hws2209"},"content":"            if (line.contains(\"bye\")) {","lastModifiedDate":"2024-01-27"},{"lineNumber":28,"author":{"gitId":"Hws2209"},"content":"                System.out.println(\"     Bye. Hope to see you again soon!\");","lastModifiedDate":"2024-01-21"},{"lineNumber":29,"author":{"gitId":"Hws2209"},"content":"                break;","lastModifiedDate":"2024-01-27"},{"lineNumber":30,"author":{"gitId":"Hws2209"},"content":"            }","lastModifiedDate":"2024-02-02"},{"lineNumber":31,"author":{"gitId":"Hws2209"},"content":"","lastModifiedDate":"2024-02-02"},{"lineNumber":32,"author":{"gitId":"Hws2209"},"content":"            if (line.startsWith(\"list\")) {","lastModifiedDate":"2024-02-02"},{"lineNumber":33,"author":{"gitId":"Hws2209"},"content":"                printTaskList();","lastModifiedDate":"2024-02-02"},{"lineNumber":34,"author":{"gitId":"Hws2209"},"content":"                continue;","lastModifiedDate":"2024-02-02"},{"lineNumber":35,"author":{"gitId":"Hws2209"},"content":"            }","lastModifiedDate":"2024-02-02"},{"lineNumber":36,"author":{"gitId":"Hws2209"},"content":"","lastModifiedDate":"2024-02-02"},{"lineNumber":37,"author":{"gitId":"Hws2209"},"content":"            if (line.startsWith(\"mark\")) {","lastModifiedDate":"2024-02-03"},{"lineNumber":38,"author":{"gitId":"Hws2209"},"content":"                markTask(line);","lastModifiedDate":"2024-02-03"},{"lineNumber":39,"author":{"gitId":"Hws2209"},"content":"                continue;","lastModifiedDate":"2024-02-03"},{"lineNumber":40,"author":{"gitId":"Hws2209"},"content":"            }","lastModifiedDate":"2024-02-03"},{"lineNumber":41,"author":{"gitId":"Hws2209"},"content":"","lastModifiedDate":"2024-02-03"},{"lineNumber":42,"author":{"gitId":"Hws2209"},"content":"            if (line.startsWith(\"unmark\")) {","lastModifiedDate":"2024-02-03"},{"lineNumber":43,"author":{"gitId":"Hws2209"},"content":"                unmarkTask(line);","lastModifiedDate":"2024-02-03"},{"lineNumber":44,"author":{"gitId":"Hws2209"},"content":"                continue;","lastModifiedDate":"2024-02-02"},{"lineNumber":45,"author":{"gitId":"Hws2209"},"content":"            }","lastModifiedDate":"2024-02-02"},{"lineNumber":46,"author":{"gitId":"Hws2209"},"content":"","lastModifiedDate":"2024-02-02"},{"lineNumber":47,"author":{"gitId":"Hws2209"},"content":"            addTask(line);","lastModifiedDate":"2024-02-02"},{"lineNumber":48,"author":{"gitId":"Hws2209"},"content":"        }","lastModifiedDate":"2024-02-02"},{"lineNumber":49,"author":{"gitId":"Hws2209"},"content":"    }","lastModifiedDate":"2024-01-27"},{"lineNumber":50,"author":{"gitId":"Hws2209"},"content":"","lastModifiedDate":"2024-02-02"},{"lineNumber":51,"author":{"gitId":"Hws2209"},"content":"    private static void addTask(String line) {","lastModifiedDate":"2024-02-02"},{"lineNumber":52,"author":{"gitId":"Hws2209"},"content":"        if (line.startsWith(\"todo\")) {","lastModifiedDate":"2024-02-02"},{"lineNumber":53,"author":{"gitId":"Hws2209"},"content":"            tasks[numberOfTasks] \u003d new Todo(line);","lastModifiedDate":"2024-02-02"},{"lineNumber":54,"author":{"gitId":"Hws2209"},"content":"        } else if (line.startsWith(\"deadline\")) {","lastModifiedDate":"2024-02-02"},{"lineNumber":55,"author":{"gitId":"Hws2209"},"content":"            tasks[numberOfTasks] \u003d new Deadline(line);","lastModifiedDate":"2024-02-02"},{"lineNumber":56,"author":{"gitId":"Hws2209"},"content":"        } else if (line.startsWith(\"event\")) {","lastModifiedDate":"2024-02-02"},{"lineNumber":57,"author":{"gitId":"Hws2209"},"content":"            tasks[numberOfTasks] \u003d new Event(line);","lastModifiedDate":"2024-02-02"},{"lineNumber":58,"author":{"gitId":"Hws2209"},"content":"        }","lastModifiedDate":"2024-02-02"},{"lineNumber":59,"author":{"gitId":"Hws2209"},"content":"","lastModifiedDate":"2024-02-02"},{"lineNumber":60,"author":{"gitId":"Hws2209"},"content":"        System.out.println(\"     New task added: \" + tasks[numberOfTasks].getDetails());","lastModifiedDate":"2024-02-02"},{"lineNumber":61,"author":{"gitId":"Hws2209"},"content":"        numberOfTasks++;","lastModifiedDate":"2024-02-02"},{"lineNumber":62,"author":{"gitId":"Hws2209"},"content":"        System.out.println(\"     Current number of tasks: \" + numberOfTasks);","lastModifiedDate":"2024-02-02"},{"lineNumber":63,"author":{"gitId":"Hws2209"},"content":"    }","lastModifiedDate":"2024-01-27"},{"lineNumber":64,"author":{"gitId":"Hws2209"},"content":"","lastModifiedDate":"2024-02-02"},{"lineNumber":65,"author":{"gitId":"Hws2209"},"content":"    private static void printTaskList() {","lastModifiedDate":"2024-02-02"},{"lineNumber":66,"author":{"gitId":"Hws2209"},"content":"        System.out.println(\"     Here is your list of tasks:\");","lastModifiedDate":"2024-02-02"},{"lineNumber":67,"author":{"gitId":"Hws2209"},"content":"        for (int i \u003d 0; i \u003c numberOfTasks; i++) {","lastModifiedDate":"2024-02-02"},{"lineNumber":68,"author":{"gitId":"Hws2209"},"content":"            System.out.println(\"     \" + (i + 1) + \".\" + tasks[i].getDetails());","lastModifiedDate":"2024-02-02"},{"lineNumber":69,"author":{"gitId":"Hws2209"},"content":"        }","lastModifiedDate":"2024-02-02"},{"lineNumber":70,"author":{"gitId":"Hws2209"},"content":"    }","lastModifiedDate":"2024-02-02"},{"lineNumber":71,"author":{"gitId":"Hws2209"},"content":"","lastModifiedDate":"2024-02-02"},{"lineNumber":72,"author":{"gitId":"Hws2209"},"content":"    private static void markTask(String line) {","lastModifiedDate":"2024-02-03"},{"lineNumber":73,"author":{"gitId":"Hws2209"},"content":"        int indexMarked \u003d Integer.parseInt(line.substring(5)) - 1;","lastModifiedDate":"2024-02-02"},{"lineNumber":74,"author":{"gitId":"Hws2209"},"content":"        tasks[indexMarked].setDone(true);","lastModifiedDate":"2024-02-03"},{"lineNumber":75,"author":{"gitId":"Hws2209"},"content":"        System.out.println(\"     Nice! I\u0027ve marked this task as done:\");","lastModifiedDate":"2024-02-02"},{"lineNumber":76,"author":{"gitId":"Hws2209"},"content":"        System.out.println(\"       \" + tasks[indexMarked].getDetails());","lastModifiedDate":"2024-02-02"},{"lineNumber":77,"author":{"gitId":"Hws2209"},"content":"    }","lastModifiedDate":"2024-02-03"},{"lineNumber":78,"author":{"gitId":"Hws2209"},"content":"","lastModifiedDate":"2024-02-03"},{"lineNumber":79,"author":{"gitId":"Hws2209"},"content":"    private static void unmarkTask(String line) {","lastModifiedDate":"2024-02-03"},{"lineNumber":80,"author":{"gitId":"Hws2209"},"content":"        int indexUnmarked \u003d Integer.parseInt(line.substring(7)) - 1;","lastModifiedDate":"2024-02-02"},{"lineNumber":81,"author":{"gitId":"Hws2209"},"content":"        tasks[indexUnmarked].setDone(false);","lastModifiedDate":"2024-02-03"},{"lineNumber":82,"author":{"gitId":"Hws2209"},"content":"        System.out.println(\"     OK, I\u0027ve marked this task as not done yet:\");","lastModifiedDate":"2024-02-02"},{"lineNumber":83,"author":{"gitId":"Hws2209"},"content":"        System.out.println(\"       \" + tasks[indexUnmarked].getDetails());","lastModifiedDate":"2024-02-02"},{"lineNumber":84,"author":{"gitId":"-"},"content":"    }","lastModifiedDate":"2024-02-02"},{"lineNumber":85,"author":{"gitId":"-"},"content":"}","lastModifiedDate":"2024-02-02"}],"authorContributionMap":{"Hws2209":81,"-":4}},{"path":"src/main/java/Event.java","fileType":"java","lines":[{"lineNumber":1,"author":{"gitId":"Hws2209"},"content":"public class Event extends Task {","lastModifiedDate":"2024-02-02"},{"lineNumber":2,"author":{"gitId":"Hws2209"},"content":"    private static final int TASK_START_INDEX \u003d 6;","lastModifiedDate":"2024-02-03"},{"lineNumber":3,"author":{"gitId":"Hws2209"},"content":"    private String from;","lastModifiedDate":"2024-02-03"},{"lineNumber":4,"author":{"gitId":"Hws2209"},"content":"    private String to;","lastModifiedDate":"2024-02-03"},{"lineNumber":5,"author":{"gitId":"Hws2209"},"content":"","lastModifiedDate":"2024-02-02"},{"lineNumber":6,"author":{"gitId":"Hws2209"},"content":"    public Event(String line) {","lastModifiedDate":"2024-02-02"},{"lineNumber":7,"author":{"gitId":"Hws2209"},"content":"        super(line.substring(TASK_START_INDEX, line.indexOf(\"/from\")));","lastModifiedDate":"2024-02-03"},{"lineNumber":8,"author":{"gitId":"Hws2209"},"content":"        from \u003d line.substring(line.indexOf(\"/from\") + 6, line.indexOf(\"/to\"));","lastModifiedDate":"2024-02-03"},{"lineNumber":9,"author":{"gitId":"Hws2209"},"content":"        to \u003d line.substring(line.indexOf(\"/to\") + 4);","lastModifiedDate":"2024-02-03"},{"lineNumber":10,"author":{"gitId":"Hws2209"},"content":"    }","lastModifiedDate":"2024-02-03"},{"lineNumber":11,"author":{"gitId":"Hws2209"},"content":"","lastModifiedDate":"2024-02-03"},{"lineNumber":12,"author":{"gitId":"Hws2209"},"content":"    @Override","lastModifiedDate":"2024-02-03"},{"lineNumber":13,"author":{"gitId":"Hws2209"},"content":"    public String getDetails() {","lastModifiedDate":"2024-02-03"},{"lineNumber":14,"author":{"gitId":"Hws2209"},"content":"        return (\"[E]\" + super.getDetails() + \"(from: \" + from + \"to: \" + to + \")\");","lastModifiedDate":"2024-02-03"},{"lineNumber":15,"author":{"gitId":"Hws2209"},"content":"    }","lastModifiedDate":"2024-02-02"},{"lineNumber":16,"author":{"gitId":"Hws2209"},"content":"}","lastModifiedDate":"2024-02-02"}],"authorContributionMap":{"Hws2209":16}},{"path":"src/main/java/Task.java","fileType":"java","lines":[{"lineNumber":1,"author":{"gitId":"Hws2209"},"content":"public class Task {","lastModifiedDate":"2024-01-27"},{"lineNumber":2,"author":{"gitId":"Hws2209"},"content":"    protected String description;","lastModifiedDate":"2024-01-27"},{"lineNumber":3,"author":{"gitId":"Hws2209"},"content":"    protected boolean isDone;","lastModifiedDate":"2024-01-27"},{"lineNumber":4,"author":{"gitId":"Hws2209"},"content":"","lastModifiedDate":"2024-01-27"},{"lineNumber":5,"author":{"gitId":"Hws2209"},"content":"    public Task(String description) {","lastModifiedDate":"2024-01-27"},{"lineNumber":6,"author":{"gitId":"Hws2209"},"content":"        this.description \u003d description;","lastModifiedDate":"2024-01-27"},{"lineNumber":7,"author":{"gitId":"Hws2209"},"content":"        this.isDone \u003d false;","lastModifiedDate":"2024-01-27"},{"lineNumber":8,"author":{"gitId":"Hws2209"},"content":"    }","lastModifiedDate":"2024-01-27"},{"lineNumber":9,"author":{"gitId":"Hws2209"},"content":"","lastModifiedDate":"2024-01-27"},{"lineNumber":10,"author":{"gitId":"Hws2209"},"content":"    public String getStatusIcon() {","lastModifiedDate":"2024-01-27"},{"lineNumber":11,"author":{"gitId":"Hws2209"},"content":"        return (isDone ? \"X\" : \" \");","lastModifiedDate":"2024-01-27"},{"lineNumber":12,"author":{"gitId":"Hws2209"},"content":"    }","lastModifiedDate":"2024-01-27"},{"lineNumber":13,"author":{"gitId":"Hws2209"},"content":"","lastModifiedDate":"2024-01-27"},{"lineNumber":14,"author":{"gitId":"Hws2209"},"content":"    public String getDetails() {","lastModifiedDate":"2024-01-27"},{"lineNumber":15,"author":{"gitId":"Hws2209"},"content":"        return (\"[\" + getStatusIcon() + \"] \" + description);","lastModifiedDate":"2024-01-27"},{"lineNumber":16,"author":{"gitId":"Hws2209"},"content":"    }","lastModifiedDate":"2024-01-27"},{"lineNumber":17,"author":{"gitId":"Hws2209"},"content":"","lastModifiedDate":"2024-02-03"},{"lineNumber":18,"author":{"gitId":"Hws2209"},"content":"    public void setDone(boolean newStatus) {","lastModifiedDate":"2024-02-03"},{"lineNumber":19,"author":{"gitId":"Hws2209"},"content":"        isDone \u003d newStatus;","lastModifiedDate":"2024-02-03"},{"lineNumber":20,"author":{"gitId":"Hws2209"},"content":"    }","lastModifiedDate":"2024-02-03"},{"lineNumber":21,"author":{"gitId":"Hws2209"},"content":"}","lastModifiedDate":"2024-01-27"}],"authorContributionMap":{"Hws2209":21}},{"path":"src/main/java/Todo.java","fileType":"java","lines":[{"lineNumber":1,"author":{"gitId":"Hws2209"},"content":"public class Todo extends Task {","lastModifiedDate":"2024-02-02"},{"lineNumber":2,"author":{"gitId":"Hws2209"},"content":"    private static final int TASK_START_INDEX \u003d 5;","lastModifiedDate":"2024-02-03"},{"lineNumber":3,"author":{"gitId":"Hws2209"},"content":"","lastModifiedDate":"2024-02-02"},{"lineNumber":4,"author":{"gitId":"Hws2209"},"content":"    public Todo(String line) {","lastModifiedDate":"2024-02-02"},{"lineNumber":5,"author":{"gitId":"Hws2209"},"content":"        super(line.substring(TASK_START_INDEX));","lastModifiedDate":"2024-02-03"},{"lineNumber":6,"author":{"gitId":"Hws2209"},"content":"    }","lastModifiedDate":"2024-02-03"},{"lineNumber":7,"author":{"gitId":"Hws2209"},"content":"","lastModifiedDate":"2024-02-03"},{"lineNumber":8,"author":{"gitId":"Hws2209"},"content":"    @Override","lastModifiedDate":"2024-02-03"},{"lineNumber":9,"author":{"gitId":"Hws2209"},"content":"    public String getDetails() {","lastModifiedDate":"2024-02-03"},{"lineNumber":10,"author":{"gitId":"Hws2209"},"content":"        return (\"[T]\" + super.getDetails());","lastModifiedDate":"2024-02-03"},{"lineNumber":11,"author":{"gitId":"Hws2209"},"content":"    }","lastModifiedDate":"2024-02-02"},{"lineNumber":12,"author":{"gitId":"Hws2209"},"content":"}","lastModifiedDate":"2024-02-02"}],"authorContributionMap":{"Hws2209":12}}]
