{"authorDailyContributionsMap":{"Hws2209":[{"date":"2024-01-21","commitResults":[{"hash":"29e82012c0bf57ccd550732774859726077e2424","isMergeCommit":false,"messageTitle":"Rename Duke to Charlie","messageBody":"","tags":["Level-0.1"],"fileTypesAndContributionMap":{"java":{"insertions":8,"deletions":6}}},{"hash":"13cf52f28c48f41ac39969f856ba12bd6f2d9e9c","isMergeCommit":false,"messageTitle":"Add greet and exit","messageBody":"","tags":["Level-0.2"],"fileTypesAndContributionMap":{"java":{"insertions":2,"deletions":0}}}]},{"date":"2024-01-27","commitResults":[{"hash":"6b018211c7e93fdb2c1d96de0a6975cf2189eebd","isMergeCommit":false,"messageTitle":"Add echoing of commands","messageBody":"","tags":["Level-1"],"fileTypesAndContributionMap":{"java":{"insertions":15,"deletions":1}}},{"hash":"79fb473fbb7bdc0fbc3bca96364b97879d2b254a","isMergeCommit":false,"messageTitle":"Add Task.java with Task class","messageBody":"","tags":["Level-2.1"],"fileTypesAndContributionMap":{"java":{"insertions":7,"deletions":0}}},{"hash":"fe1423a6d489383cfe501e4c1262d3de8c321627","isMergeCommit":false,"messageTitle":"Duke.java: Add ability to store and display","messageBody":"","tags":["Level-2.2"],"fileTypesAndContributionMap":{"java":{"insertions":9,"deletions":1}}},{"hash":"7f789c6856835d4f1206d7936495b5a906ed233d","isMergeCommit":false,"messageTitle":"Add ability to mark tasks as done and not done","messageBody":"","tags":["Level-3.1"],"fileTypesAndContributionMap":{"java":{"insertions":19,"deletions":1}}},{"hash":"9c9341e11c8e4081579a2f168543a8f39bf1a692","isMergeCommit":false,"messageTitle":"refactor: Group code into new methods to reduce length of main","messageBody":"","tags":["Level-3.2","A-CodingStandard"],"fileTypesAndContributionMap":{"java":{"insertions":28,"deletions":15}}}]},{"date":"2024-02-02","commitResults":[{"hash":"734622a6be430d2ba4d5086f6c5cc204185dc55b","isMergeCommit":false,"messageTitle":"refactor: Improve readability of code","messageBody":"Reduce nesting by using guard clauses in main().\nRemove unused parameter numberOfTasks from modifyTaskList().\n","fileTypesAndContributionMap":{"java":{"insertions":17,"deletions":9}}},{"hash":"e02efae67737c4df9c472f011fbcc2b8de8ac87f","isMergeCommit":false,"messageTitle":"refactor: Extract method readInputAndExecute()","messageBody":"","fileTypesAndContributionMap":{"java":{"insertions":28,"deletions":25}}},{"hash":"b8c8dd479929b23c586992399b30d0fab5561c11","isMergeCommit":false,"messageTitle":"Add Todo.java, Deadline.java, Event.java","messageBody":"Create classes and constructors\n","tags":["Level-4.1"],"fileTypesAndContributionMap":{"java":{"insertions":21,"deletions":0}}},{"hash":"cd3de02e52daf255e914fd1db0e61eaa6a35d185","isMergeCommit":false,"messageTitle":"Duke.java: Add addTask() method","messageBody":"","tags":["Level-4.2"],"fileTypesAndContributionMap":{"java":{"insertions":26,"deletions":14}}}]},{"date":"2024-02-03","commitResults":[{"hash":"78bdb31aadf55ba1f552ea9e3c74518eed4e0b99","isMergeCommit":false,"messageTitle":"Update implementation of the three types of tasks","messageBody":"Update constructors and override getDetails() method\n","tags":["Level-4.3"],"fileTypesAndContributionMap":{"java":{"insertions":27,"deletions":6}}},{"hash":"09eadeb0a470852fd2192fc0e7f015e0082bb16c","isMergeCommit":false,"messageTitle":"refactor: Separate modifyTaskStatus into markTask and unmarkTask","messageBody":"","tags":["A-CodeQuality"],"fileTypesAndContributionMap":{"java":{"insertions":19,"deletions":14}}},{"hash":"53dfb21ce9ce897e2000a6bd90ff353ff37ff3fd","isMergeCommit":false,"messageTitle":"Task.java: Add setDone() method","messageBody":"","fileTypesAndContributionMap":{"java":{"insertions":6,"deletions":2}}}]},{"date":"2024-02-04","commitResults":[{"hash":"2c7df096e47ae7b20f83a7b4f599354ade96a73e","isMergeCommit":false,"messageTitle":"Add error-handling for no match with any commands","messageBody":"","fileTypesAndContributionMap":{"java":{"insertions":7,"deletions":3}}},{"hash":"8452646d20beb086b2b59006a8579064d691f343","isMergeCommit":false,"messageTitle":"Add error-handling for mark and unmark","messageBody":"","fileTypesAndContributionMap":{"java":{"insertions":18,"deletions":6}}},{"hash":"81ec72718479a7ee7880b327efb3d86b4364af51","isMergeCommit":false,"messageTitle":"Add error-handling for incomplete task information","messageBody":"","fileTypesAndContributionMap":{"java":{"insertions":19,"deletions":7}}},{"hash":"da1e4abb04d13064fc4a3f100c6ba6b8398650e6","isMergeCommit":true,"messageTitle":"Merge branch \u0027branch-Level-5\u0027","messageBody":"","tags":["Level-5","A-Exceptions"],"fileTypesAndContributionMap":{}},{"hash":"c5bda59e52d243a4f52d4454c9edc06def87ba8a","isMergeCommit":false,"messageTitle":"Divide classes into packages","messageBody":"","fileTypesAndContributionMap":{"java":{"insertions":14,"deletions":0},"bat":{"insertions":1,"deletions":1},"md":{"insertions":2,"deletions":2}}},{"hash":"ba4f7e4a3bfb62ee09053095bb8c3878124273d3","isMergeCommit":true,"messageTitle":"Merge branch \u0027branch-A-Packages\u0027","messageBody":"","tags":["A-Packages"],"fileTypesAndContributionMap":{}}]},{"date":"2024-02-08","commitResults":[{"hash":"c90a24c285e9074d151710d883a7326191fd8aae","isMergeCommit":false,"messageTitle":"Change based on review comments given by peers","messageBody":"","fileTypesAndContributionMap":{"java":{"insertions":8,"deletions":8}}}]},{"date":"2024-02-14","commitResults":[{"hash":"fa2f0af3086cab4aa55ea36dedd7690c386486bb","isMergeCommit":false,"messageTitle":"Use ArrayList to store the tasks","messageBody":"","tags":["A-Collections"],"fileTypesAndContributionMap":{"java":{"insertions":20,"deletions":23}}}]},{"date":"2024-02-18","commitResults":[{"hash":"841794799fe105a0c7a9bd835ed0fb14607e71f3","isMergeCommit":false,"messageTitle":"Add support for deleting tasks from the list","messageBody":"","fileTypesAndContributionMap":{"java":{"insertions":16,"deletions":4}}},{"hash":"dc754b59052784b8abf144b70a887d208a4098f4","isMergeCommit":false,"messageTitle":"Implement function to load stored data from text file","messageBody":"","fileTypesAndContributionMap":{"txt":{"insertions":3,"deletions":0},"java":{"insertions":70,"deletions":1}}},{"hash":"28db8af48c824c3daec18d3a676d3aec78bdfcf5","isMergeCommit":false,"messageTitle":"Implement function to update stored data","messageBody":"","fileTypesAndContributionMap":{"java":{"insertions":62,"deletions":10}}},{"hash":"ca7c2137e08d88d205365288680f8ea7c42de01a","isMergeCommit":true,"messageTitle":"Merge branch \u0027branch-Level-6\u0027","messageBody":"","tags":["Level-6"],"fileTypesAndContributionMap":{}},{"hash":"5fd883bfa28e6586648b9aff4bb9e0eb2e766a34","isMergeCommit":true,"messageTitle":"Merge branch \u0027branch-Level-7\u0027","messageBody":"","tags":["Level-7"],"fileTypesAndContributionMap":{}},{"hash":"7566c0526d1bfa1cc9596af2c130eab9e73b69b2","isMergeCommit":false,"messageTitle":"Update stored data after deleting a task","messageBody":"","tags":["A-Jar"],"fileTypesAndContributionMap":{"java":{"insertions":1,"deletions":0}}}]},{"date":"2024-02-29","commitResults":[{"hash":"91c70d407ba0b1b1ca87c96ca1685259a37e3a67","isMergeCommit":false,"messageTitle":"refactor: Extract Storage class","messageBody":"","fileTypesAndContributionMap":{"java":{"insertions":93,"deletions":72}}},{"hash":"ed4a2362671acdf051229ec868dfc91fca0ec58d","isMergeCommit":false,"messageTitle":"refactor: Extract TaskList class","messageBody":"","fileTypesAndContributionMap":{"java":{"insertions":35,"deletions":10}}},{"hash":"8283a89b8b5f55c9c36a19116dacef4699118c04","isMergeCommit":false,"messageTitle":"refactor: Extract Ui class","messageBody":"","fileTypesAndContributionMap":{"java":{"insertions":63,"deletions":40}}},{"hash":"4c88fda16d1db75c9190a139ecc1d2b8d9ace96a","isMergeCommit":false,"messageTitle":"refactor: Update TaskList class","messageBody":"","fileTypesAndContributionMap":{"java":{"insertions":127,"deletions":79}}}]},{"date":"2024-03-01","commitResults":[{"hash":"01945b0d8f7b8a25b5d507b4afaaf9a6ca75b367","isMergeCommit":false,"messageTitle":"refactor: Extract Parser class","messageBody":"","tags":["A-MoreOOP"],"fileTypesAndContributionMap":{"java":{"insertions":46,"deletions":52}}},{"hash":"87397f843e55619c9e83ea5712a53177b406097f","isMergeCommit":false,"messageTitle":"Add a way to find a task by searching for a keyword","messageBody":"","fileTypesAndContributionMap":{"java":{"insertions":25,"deletions":0}}},{"hash":"f8ccb8a805592e26a197fbbbe035a2abae677130","isMergeCommit":false,"messageTitle":"Add JavaDoc comments to Task.java","messageBody":"","fileTypesAndContributionMap":{"java":{"insertions":21,"deletions":0}}},{"hash":"edf3195e14021c49724fe0ccc10c3fd5e5a44387","isMergeCommit":false,"messageTitle":"Add JavaDoc comments to Todo.java","messageBody":"","fileTypesAndContributionMap":{"java":{"insertions":24,"deletions":0}}},{"hash":"ce3191f4bb57101602829f8862beba6e57508ec5","isMergeCommit":false,"messageTitle":"Add JavaDoc comments to Deadline.java","messageBody":"","fileTypesAndContributionMap":{"java":{"insertions":28,"deletions":0}}},{"hash":"a00812493d488dbd90579744ce476fb2ef40b578","isMergeCommit":false,"messageTitle":"Add JavaDoc comments to Event.java","messageBody":"","fileTypesAndContributionMap":{"java":{"insertions":29,"deletions":0}}},{"hash":"af09e6894eb703b81d9bbc98556b60e4d24379d1","isMergeCommit":false,"messageTitle":"Add JavaDoc comments to Duke.java","messageBody":"","fileTypesAndContributionMap":{"java":{"insertions":15,"deletions":0}}},{"hash":"ebeb38b9b5487817878669da0cff1fec8c25c3cd","isMergeCommit":false,"messageTitle":"Add JavaDoc comments to Ui.java","messageBody":"","fileTypesAndContributionMap":{"java":{"insertions":21,"deletions":0}}},{"hash":"ec269f114f75a4f86b294902c7b4bf8176bae16f","isMergeCommit":false,"messageTitle":"Add JavaDoc comments to Parser.java","messageBody":"","fileTypesAndContributionMap":{"java":{"insertions":16,"deletions":0}}},{"hash":"5d16f371d349f28c2a5604663adc835f8f810c3a","isMergeCommit":false,"messageTitle":"Add JavaDoc comments to Storage.java","messageBody":"","fileTypesAndContributionMap":{"java":{"insertions":23,"deletions":0}}},{"hash":"859c90a24135756312143a47bdf18a8aa6cf28ca","isMergeCommit":false,"messageTitle":"Add JavaDoc comments to TaskList.java","messageBody":"","fileTypesAndContributionMap":{"java":{"insertions":61,"deletions":0}}},{"hash":"19b9d90b3149c4b49e236a12bfe6f68a227afc0f","isMergeCommit":true,"messageTitle":"Merge pull request #1 from Hws2209/branch-Level-9","messageBody":"Level-9","tags":["Level-9"],"fileTypesAndContributionMap":{}},{"hash":"6075ea6af07b16eb68a99fd7cfbd9919510e5fd5","isMergeCommit":true,"messageTitle":"Merge branch \u0027master\u0027 into branch-A-JavaDoc","messageBody":"# Conflicts:\n#\tsrc/main/java/ip/main/TaskList.java\n","fileTypesAndContributionMap":{}},{"hash":"584ae800ac55854d7201fa5c1916d8920ffd8c2a","isMergeCommit":true,"messageTitle":"Merge pull request #2 from Hws2209/branch-A-JavaDoc","messageBody":"A-JavaDoc","tags":["A-JavaDoc"],"fileTypesAndContributionMap":{}},{"hash":"76e29bf166aaa4c8b6d023dfbaaff5f2a034265c","isMergeCommit":false,"messageTitle":"Start on the user guide","messageBody":"","fileTypesAndContributionMap":{"md":{"insertions":55,"deletions":16}}}]},{"date":"2024-03-02","commitResults":[{"hash":"37199ae876f0631f852f2687cde1a0d7b20c802b","isMergeCommit":false,"messageTitle":"Update the user guide","messageBody":"","tags":["A-UserGuide"],"fileTypesAndContributionMap":{"md":{"insertions":115,"deletions":5}}},{"hash":"4c998ea77846719a29a8a32e14449371f1f9ef06","isMergeCommit":false,"messageTitle":"Add JavaDoc comments for the find() method","messageBody":"","tags":["A-Release"],"fileTypesAndContributionMap":{"java":{"insertions":7,"deletions":1}}}]}]},"authorFileTypeContributionMap":{"Hws2209":{"java":699,"md":156,"fxml":0,"sh":0,"bat":1,"gradle":0,"txt":3}},"authorContributionVariance":{"Hws2209":10835.828},"authorDisplayNameMap":{"Hws2209":"CS2113-W12-1 HO W..SING"}}
