{"authorDailyContributionsMap":{"leongxingyu":[{"date":"2024-01-22","commitResults":[{"hash":"a1839d574e6a118348d370cd10a5b189097b8a8c","isMergeCommit":false,"messageTitle":"Rename chatbot Implement Greet and Exit","messageBody":"","fileTypesAndContributionMap":{"java":{"insertions":17,"deletions":0}}},{"hash":"9ef8781f5466d1e2c68b91374f9dda536e8fb4ab","isMergeCommit":false,"messageTitle":"Rename chatbot, implement Greet and Exit","messageBody":"","fileTypesAndContributionMap":{"java":{"insertions":0,"deletions":17}}}]},{"date":"2024-01-26","commitResults":[{"hash":"01a7bb20d524c409f2921a56c58de28ab593de6c","isMergeCommit":false,"messageTitle":"Rename chatbot, implement Greet and Exit","messageBody":"","fileTypesAndContributionMap":{"java":{"insertions":0,"deletions":0}}},{"hash":"81917c173cbab2edcab5293f8488547569a3161b","isMergeCommit":false,"messageTitle":"Rename chatbot, implement Greet and Exit","messageBody":"","tags":["Level-0"],"fileTypesAndContributionMap":{"java":{"insertions":14,"deletions":7}}},{"hash":"4e151be39c247a82fde7b2132375caf5b69533e4","isMergeCommit":false,"messageTitle":"Implement Echo","messageBody":"","tags":["Level-1"],"fileTypesAndContributionMap":{"java":{"insertions":37,"deletions":4}}},{"hash":"92fe1fbb0a5c6e635b3b7512403c1508c6083785","isMergeCommit":false,"messageTitle":"Implement store tasks and display when requested","messageBody":"","tags":["Level-2"],"fileTypesAndContributionMap":{"java":{"insertions":31,"deletions":7}}},{"hash":"c3bd598d42aee7a5f05ce391fd28455ecbb746f4","isMergeCommit":false,"messageTitle":"Add Task class for each class","messageBody":"","fileTypesAndContributionMap":{"java":{"insertions":55,"deletions":28}}}]},{"date":"2024-01-29","commitResults":[{"hash":"ac59336696e61ee946aaa69e78ac6098f105f660","isMergeCommit":false,"messageTitle":"Add ability to mark task as done","messageBody":"","fileTypesAndContributionMap":{"java":{"insertions":48,"deletions":24}}},{"hash":"cbadff02d30f1a4c2c0982095f2e2ef6153b165a","isMergeCommit":false,"messageTitle":"Add ability to unmark tasks","messageBody":"","fileTypesAndContributionMap":{"java":{"insertions":17,"deletions":19}}},{"hash":"4a93e71c411b30ca3af7e2d329b756b589a16ed5","isMergeCommit":false,"messageTitle":"Edit switch statements indentation","messageBody":"","tags":["Level-3","A-CodingStandard"],"fileTypesAndContributionMap":{"java":{"insertions":12,"deletions":12}}}]},{"date":"2024-01-31","commitResults":[{"hash":"354079fab92b762da1bdf8c7fe796c312ac80eef","isMergeCommit":false,"messageTitle":"Add Task, Todo, Deadline, Event class","messageBody":"","fileTypesAndContributionMap":{"java":{"insertions":82,"deletions":0}}},{"hash":"76b82dec94705deabc6cad1c011163fa56c7f63e","isMergeCommit":false,"messageTitle":"Unify spacing in toString() methods","messageBody":"Edit spacing for Deadline, Event and Task classes such that it follows the \"[ ] [ ] taskname\" format.\n","fileTypesAndContributionMap":{"java":{"insertions":3,"deletions":3}}},{"hash":"be024fc3422a73a41e477865f3052b2e2cc74b87","isMergeCommit":false,"messageTitle":"Modify code to use Todo, Deadline and Event classes","messageBody":"Add 3 new cases, \"todo\", \"deadline\" and \"event\" to make use of the respective classes created.\n","fileTypesAndContributionMap":{"java":{"insertions":66,"deletions":59}}}]},{"date":"2024-02-05","commitResults":[{"hash":"5bf3dec0082ac4ab875c7d6c3ebe91f3f1ee502d","isMergeCommit":false,"messageTitle":"Update code to use Todo, Deadline, Event class","messageBody":"","tags":["Level-4"],"fileTypesAndContributionMap":{"java":{"insertions":76,"deletions":72}}},{"hash":"6d5fedac509918f8dd938a8eb00b013097f350d0","isMergeCommit":false,"messageTitle":"Improve code quality","messageBody":"","tags":["A-CodeQuality"],"fileTypesAndContributionMap":{"java":{"insertions":40,"deletions":26}}},{"hash":"fc20f088ef8f4b67245999fd42247f8b44a48d8d","isMergeCommit":false,"messageTitle":"Change code to comply with coding standard","messageBody":"","fileTypesAndContributionMap":{"java":{"insertions":12,"deletions":14}}},{"hash":"5c29dae5209e4b53f06dae6e2c02ae60ba732dac","isMergeCommit":false,"messageTitle":"Add TextUiTesting","messageBody":"","tags":["A-TextUiTesting"],"fileTypesAndContributionMap":{"txt":{"insertions":6,"deletions":0}}}]},{"date":"2024-02-09","commitResults":[{"hash":"aa00d0a8c5632b263bfc7c3930896abbfaf747da","isMergeCommit":false,"messageTitle":"Add Command packages","messageBody":"","fileTypesAndContributionMap":{"java":{"insertions":132,"deletions":46}}},{"hash":"ffff7c9946e59901ac03390377ae1e47ae489899","isMergeCommit":false,"messageTitle":"Add Exception packages","messageBody":"","tags":["Level-5","A-Exceptions"],"fileTypesAndContributionMap":{"java":{"insertions":155,"deletions":44}}},{"hash":"78e1dfee04bd7d4e55bde8d41475ac44edc4f792","isMergeCommit":false,"messageTitle":"Add static constants based on PR","messageBody":"","fileTypesAndContributionMap":{"java":{"insertions":6,"deletions":5}}},{"hash":"cf2f752838ef0bd35774f72d2ddcf1e2bb5ce73f","isMergeCommit":false,"messageTitle":"Revert \"Add static constants based on PR\"","messageBody":"This reverts commit 78e1dfee04bd7d4e55bde8d41475ac44edc4f792.\n","fileTypesAndContributionMap":{"java":{"insertions":5,"deletions":6}}},{"hash":"5ec6913a0ca8fc04f3e756d2318a91b5dbfce3f8","isMergeCommit":false,"messageTitle":"Revert \"Add Exception packages\"","messageBody":"This reverts commit ffff7c9946e59901ac03390377ae1e47ae489899.\n","fileTypesAndContributionMap":{"java":{"insertions":44,"deletions":155}}},{"hash":"ffbc0f2f3ee9282129423c64d14cfe8cace2f4a1","isMergeCommit":false,"messageTitle":"Revert \"Add Command packages\"","messageBody":"This reverts commit aa00d0a8c5632b263bfc7c3930896abbfaf747da.\n","fileTypesAndContributionMap":{"java":{"insertions":46,"deletions":132}}}]},{"date":"2024-02-13","commitResults":[{"hash":"1eafe9048311f53e583fcfa241f07cd2a0b0b90c","isMergeCommit":false,"messageTitle":"Revert \"Add Exception packages\"","messageBody":"This reverts commit ffff7c9946e59901ac03390377ae1e47ae489899.\n","fileTypesAndContributionMap":{"java":{"insertions":44,"deletions":155}}},{"hash":"eedd358253fdff5c0ce9c781fae6aeadc31071d6","isMergeCommit":false,"messageTitle":"Revert \"Add Command packages\"","messageBody":"This reverts commit aa00d0a8c5632b263bfc7c3930896abbfaf747da.\n","fileTypesAndContributionMap":{"java":{"insertions":46,"deletions":132}}},{"hash":"20f6d31c4bcee1fa7aabd72e527ab8a5b541a9c8","isMergeCommit":false,"messageTitle":"Add Command packages","messageBody":"","fileTypesAndContributionMap":{"java":{"insertions":246,"deletions":46}}},{"hash":"38ddd9b00bab18326ac091ec7a804d26dd137747","isMergeCommit":false,"messageTitle":"Add exception packages","messageBody":"","fileTypesAndContributionMap":{"java":{"insertions":42,"deletions":45}}},{"hash":"7794bcd6e8701f25be4a0c4118b315279eb6c36e","isMergeCommit":true,"messageTitle":"Merge branch \u0027branch-Level-5\u0027","messageBody":"","fileTypesAndContributionMap":{}}]},{"date":"2024-02-14","commitResults":[{"hash":"94bb3d8d3be5bc9e031750e42b273c4387a3bf54","isMergeCommit":false,"messageTitle":"Edit code quality","messageBody":"","fileTypesAndContributionMap":{"java":{"insertions":1,"deletions":1}}},{"hash":"fcda11a2c200167163fc6de447c2c1bf69fa3205","isMergeCommit":true,"messageTitle":"Merge branch \u0027branch-Level-5\u0027","messageBody":"","fileTypesAndContributionMap":{}},{"hash":"56965a30937b3440de29fd1de3aa5dc1a01b00b6","isMergeCommit":false,"messageTitle":"Remove command and exception packages","messageBody":"","fileTypesAndContributionMap":{"java":{"insertions":0,"deletions":222}}},{"hash":"591d39b621b437a8e4a1e72d90b015116b2750e2","isMergeCommit":true,"messageTitle":"Merge branch \u0027branch-Level-5\u0027","messageBody":"","fileTypesAndContributionMap":{}},{"hash":"c074b27f871109f0562a155b42ef7531069cad2a","isMergeCommit":false,"messageTitle":"Add Command and Exception classes","messageBody":"","fileTypesAndContributionMap":{"java":{"insertions":222,"deletions":0}}},{"hash":"f3039e6a3e6b1e315a57182d5b37372f9a01d50c","isMergeCommit":true,"messageTitle":"Merge branch \u0027branch-Level-5\u0027","messageBody":"","fileTypesAndContributionMap":{}},{"hash":"ab1a21393b3b62d8aca38c41fcd4b6214eb161cc","isMergeCommit":false,"messageTitle":"Edit files to use command classes","messageBody":"","fileTypesAndContributionMap":{"java":{"insertions":70,"deletions":94}}}]},{"date":"2024-02-18","commitResults":[{"hash":"1d823cb4aad9715519ad3fd6d5391cd3eeaf4738","isMergeCommit":false,"messageTitle":"Change logo into constant variable","messageBody":"","fileTypesAndContributionMap":{"java":{"insertions":14,"deletions":11}}},{"hash":"a289853ec94254380ba88f795dcfbc20585ca08b","isMergeCommit":false,"messageTitle":"Implement ArrayList","messageBody":"","fileTypesAndContributionMap":{"java":{"insertions":14,"deletions":0}}},{"hash":"5a20ead0b1c669d3a56148f89b8e8b25f9920f49","isMergeCommit":false,"messageTitle":"Modify classes to use ArrayList","messageBody":"","tags":["A-Collections"],"fileTypesAndContributionMap":{"java":{"insertions":61,"deletions":47}}},{"hash":"c61d48a127a741992b9a995e63595b745f121ef3","isMergeCommit":false,"messageTitle":"Modify code to comply with coding standard","messageBody":"","fileTypesAndContributionMap":{"java":{"insertions":41,"deletions":55}}},{"hash":"2635ce8b489f4b95cd6232e09de8196138bc0c85","isMergeCommit":false,"messageTitle":"Add Storage function","messageBody":"","fileTypesAndContributionMap":{"txt":{"insertions":1,"deletions":0},"java":{"insertions":167,"deletions":9}}},{"hash":"222a6e3e4a2ff552879d4d179ac31fd96988717d","isMergeCommit":false,"messageTitle":"Add Delete Command","messageBody":"","tags":["Level-6"],"fileTypesAndContributionMap":{"java":{"insertions":45,"deletions":2}}},{"hash":"ed6aa2dc223c1613e8ca60c6bd617d136872b264","isMergeCommit":true,"messageTitle":"Merge branch \u0027branch-Level-6\u0027","messageBody":"","fileTypesAndContributionMap":{}},{"hash":"f63a786a901d89c0799871d2deb406aaad451938","isMergeCommit":true,"messageTitle":"Resolve merge conflicts from branch-Level-7","messageBody":"# Conflicts:\n#\tsrc/main/java/Parser.java\n","fileTypesAndContributionMap":{}},{"hash":"5ddb478a59042c7abb6de92921a27e2da761aec1","isMergeCommit":false,"messageTitle":"Remove spaces and unused methods","messageBody":"","fileTypesAndContributionMap":{"java":{"insertions":0,"deletions":11}}}]},{"date":"2024-02-19","commitResults":[{"hash":"d7baf39c8760c9f6a9420d667d71e018b7a0917f","isMergeCommit":false,"messageTitle":"Implement A-Packages","messageBody":"","fileTypesAndContributionMap":{"txt":{"insertions":2,"deletions":1},"java":{"insertions":92,"deletions":0},"bat":{"insertions":2,"deletions":2},"sh":{"insertions":2,"deletions":2}}},{"hash":"93b7727e1f4e09b7721b76d1db655803c4a8df46","isMergeCommit":true,"messageTitle":"Merge branch \u0027branch-A-Packages\u0027","messageBody":"","tags":["A-Packages"],"fileTypesAndContributionMap":{}}]},{"date":"2024-02-21","commitResults":[{"hash":"d6984f51dc75b41e6a58f6071e468efa15e29028","isMergeCommit":false,"messageTitle":"Update code to implement jar file","messageBody":"","fileTypesAndContributionMap":{"txt":{"insertions":0,"deletions":1},"java":{"insertions":2,"deletions":5}}},{"hash":"c0a1e11359d3c9feac7c922372e346c96bde2a43","isMergeCommit":true,"messageTitle":"Merge branch \u0027branch-Level-7\u0027","messageBody":"# Conflicts:\n#\tsrc/main/java/gab.txt\n","fileTypesAndContributionMap":{}},{"hash":"71c23021775c85ab74850a91c3a1f12f2b35777e","isMergeCommit":false,"messageTitle":"Implement jar file draft 2","messageBody":"","fileTypesAndContributionMap":{"txt":{"insertions":0,"deletions":2}}},{"hash":"d3aa437199459c871b9b0a5c91c47bbd07341c57","isMergeCommit":false,"messageTitle":"Update Gab.java for storage file","messageBody":"","tags":["Level-7"],"fileTypesAndContributionMap":{"txt":{"insertions":1,"deletions":0},"java":{"insertions":1,"deletions":1}}}]}]},"authorFileTypeContributionMap":{"leongxingyu":{"java":677,"md":0,"fxml":0,"sh":2,"bat":2,"gradle":0,"txt":7}},"authorContributionVariance":{"leongxingyu":46282.887},"authorDisplayNameMap":{"leongxingyu":"CS2113T-T09-3 LEON..G YU"}}
