{"authorDailyContributionsMap":{"classskipper351":[{"date":"2024-02-06","commitResults":[{"hash":"53b69a623032fc246796e12b3e725c3a41c6ba25","isMergeCommit":false,"messageTitle":"changed name of Duke","messageBody":"","fileTypesAndContributionMap":{"java":{"insertions":19,"deletions":10}}},{"hash":"b813825bbcd2f959b05386f49821ff803d262c90","isMergeCommit":false,"messageTitle":"added command reader and echo effect","messageBody":"","tags":["level-2","level-1"],"fileTypesAndContributionMap":{"java":{"insertions":37,"deletions":4}}}]},{"date":"2024-02-07","commitResults":[{"hash":"23f525778a8d0061012b7e908c8552e0b6cbe883","isMergeCommit":false,"messageTitle":"added list function","messageBody":"","tags":["level-3"],"fileTypesAndContributionMap":{"java":{"insertions":70,"deletions":4}}},{"hash":"3091a142ffc6e6cae157d61a203c2ee299c406bc","isMergeCommit":false,"messageTitle":"added the ability to set task as done/not done","messageBody":"","fileTypesAndContributionMap":{"java":{"insertions":77,"deletions":2}}}]},{"date":"2024-02-14","commitResults":[{"hash":"b16481dd17a6989c39c0464eddde0e7f6535557c","isMergeCommit":false,"messageTitle":"added text ui and tested few cases","messageBody":"","tags":["level-4","A-TextUiTesting"],"fileTypesAndContributionMap":{"txt":{"insertions":0,"deletions":0},"java":{"insertions":9,"deletions":1},"bat":{"insertions":0,"deletions":0},"sh":{"insertions":0,"deletions":0}}}]},{"date":"2024-02-25","commitResults":[{"hash":"4c0c74d61f5adfd58b3c0317ba4b46475470a2c4","isMergeCommit":false,"messageTitle":"added delete and save functions","messageBody":"","fileTypesAndContributionMap":{"txt":{"insertions":8,"deletions":0},"bat":{"insertions":22,"deletions":0},"sh":{"insertions":38,"deletions":0}}}]},{"date":"2024-02-26","commitResults":[{"hash":"164fe072ba5a24563177d34185c1c0d5970402ac","isMergeCommit":false,"messageTitle":"recovered from mess of git","messageBody":"","tags":["level-6"],"fileTypesAndContributionMap":{"txt":{"insertions":1,"deletions":1},"java":{"insertions":315,"deletions":136}}}]},{"date":"2024-02-28","commitResults":[{"hash":"e8763fb7482eb8bdef0e204067b990f017e968a9","isMergeCommit":false,"messageTitle":"added the ability to read from saved files","messageBody":"","tags":["A-JAR"],"fileTypesAndContributionMap":{"txt":{"insertions":3,"deletions":1},"java":{"insertions":92,"deletions":12}}}]},{"date":"2024-03-01","commitResults":[{"hash":"39f4bc66d530491aa79e69cd8e43cbe359500c2f","isMergeCommit":false,"messageTitle":"more OOP","messageBody":"","tags":["A-MoreOOP"],"fileTypesAndContributionMap":{"java":{"insertions":248,"deletions":226}}}]},{"date":"2024-03-08","commitResults":[{"hash":"1404793d74b736d2c51cc5c4c8ce38c026dc2ec6","isMergeCommit":false,"messageTitle":"added the function of find matching todos","messageBody":"","tags":["level-9"],"fileTypesAndContributionMap":{"java":{"insertions":30,"deletions":11}}},{"hash":"2bb0d47bcb81cb0b53dd0b0b611e90157a82afd1","isMergeCommit":true,"messageTitle":"Merge pull request #1 from classskipper351/branch-level-9","messageBody":"added the function of find matching todos","fileTypesAndContributionMap":{}}]}]},"authorFileTypeContributionMap":{"classskipper351":{"java":501,"md":0,"fxml":0,"sh":0,"bat":3,"gradle":0,"txt":10}},"authorContributionVariance":{"classskipper351":8766.807},"authorDisplayNameMap":{"classskipper351":"CS2113-T13-1 YAO ..UANG"}}
