{"authorDailyContributionsMap":{"Heart-of-N1":[{"date":"2024-01-30","commitResults":[{"hash":"3c1efc24a148733b5f3013fd5696d1c3fac99a66","isMergeCommit":false,"messageTitle":"Added Level 0.","messageBody":"","fileTypesAndContributionMap":{"java":{"insertions":7,"deletions":7}}},{"hash":"f6209a87971a39591d23491019330176f283d154","isMergeCommit":false,"messageTitle":"Added Level-1 from week 3.","messageBody":"","fileTypesAndContributionMap":{"java":{"insertions":13,"deletions":0}}},{"hash":"e04458fbfd14178e05a20cb216e9d327a7969de3","isMergeCommit":false,"messageTitle":"Added Level 2 of week 3.","messageBody":"","fileTypesAndContributionMap":{"java":{"insertions":17,"deletions":6}}},{"hash":"774d367a473154a3faf56937c14231a6a1ded468","isMergeCommit":false,"messageTitle":"Added Level-3 for week 3.","messageBody":"","fileTypesAndContributionMap":{"java":{"insertions":24,"deletions":2}}}]},{"date":"2024-01-31","commitResults":[{"hash":"34baab0af81d32c4745fcbca571bb146752c80c4","isMergeCommit":false,"messageTitle":"A-CodingStandard for week 3 added.","messageBody":"","tags":["Level3","Level2","Level1","Level0","A-CodingStandard"],"fileTypesAndContributionMap":{"java":{"insertions":13,"deletions":13}}}]},{"date":"2024-02-06","commitResults":[{"hash":"78585df0acc512c361e6ccf4532c6ad6da34d01b","isMergeCommit":false,"messageTitle":"Added extension for week 3 - A-Classes.","messageBody":"","tags":["A-Classes"],"fileTypesAndContributionMap":{"java":{"insertions":45,"deletions":20}}},{"hash":"1521822314c44a1a0abab3ac247bf2b62d0563f5","isMergeCommit":false,"messageTitle":"Added Level-4 from week 4.","messageBody":"","tags":["Level-4","A-Inheritance"],"fileTypesAndContributionMap":{"java":{"insertions":83,"deletions":9}}},{"hash":"ffbb7eb4fee289632d9bd5b543c9bcb44bf8171a","isMergeCommit":false,"messageTitle":"Added A-TextUiTesting for week 4.","messageBody":"","fileTypesAndContributionMap":{"txt":{"insertions":3,"deletions":0},"bat":{"insertions":3,"deletions":1},"sh":{"insertions":0,"deletions":38}}},{"hash":"8ddf4a1092896a602d7d88ee9f3f9572ffc76ee6","isMergeCommit":false,"messageTitle":"Added A-CodeQuality for week 4.","messageBody":"","tags":["A-CodeQuality"],"fileTypesAndContributionMap":{"java":{"insertions":6,"deletions":6}}}]},{"date":"2024-02-07","commitResults":[{"hash":"02a9de882f84b854993a8af908dd98d3f144a696","isMergeCommit":false,"messageTitle":"Corrected A-TextUiTesting for week 4.","messageBody":"","tags":["A-TextUiTesting"],"fileTypesAndContributionMap":{"txt":{"insertions":5,"deletions":1},"bat":{"insertions":0,"deletions":2}}}]},{"date":"2024-02-13","commitResults":[{"hash":"e2d3dac1336d8b178995158fc22943b787b74ab9","isMergeCommit":false,"messageTitle":"Added exceptions handling for Week 5.","messageBody":"","tags":["branch-Level-5","A-Exceptions"],"fileTypesAndContributionMap":{"java":{"insertions":62,"deletions":21}}},{"hash":"e6050767881187ecf249329a848c1571ec4ab07e","isMergeCommit":true,"messageTitle":"Merge branch \u0027branch-Level-5\u0027","messageBody":"","tags":["Level-5"],"fileTypesAndContributionMap":{}},{"hash":"8c2ca7cddd704d4d4e4f55d149e0c21f8727406a","isMergeCommit":false,"messageTitle":"Added A-Packages for week 5.","messageBody":"","fileTypesAndContributionMap":{"java":{"insertions":21,"deletions":2}}},{"hash":"87a40bd5316e20a02086f926056c150f49fed0ab","isMergeCommit":true,"messageTitle":"Merge branch \u0027branch-A-Packages\u0027","messageBody":"","tags":["branch-A-Packages","A-Packages"],"fileTypesAndContributionMap":{}},{"hash":"31cb62ded05b08dfafe3fffda16ca0141668bc64","isMergeCommit":false,"messageTitle":"Updated text-ui-test testfile to reflect the changes done to include packages.","messageBody":"","fileTypesAndContributionMap":{"bat":{"insertions":1,"deletions":1}}}]},{"date":"2024-02-21","commitResults":[{"hash":"5a4c3274382ece5252f86cf64af5f3a7716096c2","isMergeCommit":false,"messageTitle":"Added A-Collections for week 6.","messageBody":"","fileTypesAndContributionMap":{"java":{"insertions":20,"deletions":24}}},{"hash":"7997e2635f69bee14434ec6fa0a1e2a968f35fba","isMergeCommit":false,"messageTitle":"Added Level-6 for week 6.","messageBody":"","tags":["Level-6","A-Collections"],"fileTypesAndContributionMap":{"java":{"insertions":15,"deletions":2}}},{"hash":"f5827eda07f8e5dfaedd9746e8fcdd59aba820e3","isMergeCommit":false,"messageTitle":"Added Level-7 for week 6.","messageBody":"","tags":["Level-7"],"fileTypesAndContributionMap":{"txt":{"insertions":1,"deletions":0},"java":{"insertions":96,"deletions":9}}},{"hash":"44b97c5b583777a21d992f4f3caa4fa147e932d1","isMergeCommit":true,"messageTitle":"Merge branch \u0027branch-Level-6\u0027","messageBody":"","fileTypesAndContributionMap":{}},{"hash":"0837c620e2c39736b5d82a0ecffc44c9a07a10b9","isMergeCommit":true,"messageTitle":"Merge branch \u0027branch-Level-7\u0027","messageBody":"","fileTypesAndContributionMap":{}},{"hash":"f1eb859830e01f8b43aaf3269a5e5f2e9a35c57e","isMergeCommit":false,"messageTitle":"Resolved issue caused by merging.","messageBody":"","fileTypesAndContributionMap":{"txt":{"insertions":1,"deletions":1},"java":{"insertions":29,"deletions":22}}},{"hash":"55a5f08af65057c1d3329ee40c0bf64ab78977b3","isMergeCommit":false,"messageTitle":"Resolved minor display bugs.","messageBody":"","tags":["A-Jar"],"fileTypesAndContributionMap":{"txt":{"insertions":1,"deletions":1},"java":{"insertions":10,"deletions":10}}}]}]},"authorFileTypeContributionMap":{"Heart-of-N1":{"java":321,"md":0,"fxml":0,"sh":0,"bat":2,"gradle":0,"txt":8}},"authorContributionVariance":{"Heart-of-N1":3211.1455},"authorDisplayNameMap":{"Heart-of-N1":"CS2113-W13-3 SHAO..IZHE"}}
