[{"path":"README.md","fileType":"md","lines":[{"lineNumber":1,"author":{"gitId":"vibes-863"},"content":"# Vibes project template","lastModifiedDate":"2024-01-24"},{"lineNumber":2,"author":{"gitId":"-"},"content":"","lastModifiedDate":"2020-05-25"},{"lineNumber":3,"author":{"gitId":"-"},"content":"This is a project template for a greenfield Java project. It\u0027s named after the Java mascot _Duke_. Given below are instructions on how to use it.","lastModifiedDate":"2020-05-25"},{"lineNumber":4,"author":{"gitId":"-"},"content":"","lastModifiedDate":"2020-05-25"},{"lineNumber":5,"author":{"gitId":"-"},"content":"## Setting up in Intellij","lastModifiedDate":"2020-05-25"},{"lineNumber":6,"author":{"gitId":"-"},"content":"","lastModifiedDate":"2020-05-25"},{"lineNumber":7,"author":{"gitId":"-"},"content":"Prerequisites: JDK 11, update Intellij to the most recent version.","lastModifiedDate":"2020-05-25"},{"lineNumber":8,"author":{"gitId":"-"},"content":"","lastModifiedDate":"2020-05-25"},{"lineNumber":9,"author":{"gitId":"-"},"content":"1. Open Intellij (if you are not in the welcome screen, click `File` \u003e `Close Project` to close the existing project first)","lastModifiedDate":"2021-01-17"},{"lineNumber":10,"author":{"gitId":"-"},"content":"1. Open the project into Intellij as follows:","lastModifiedDate":"2021-01-17"},{"lineNumber":11,"author":{"gitId":"-"},"content":"   1. Click `Open`.","lastModifiedDate":"2021-01-17"},{"lineNumber":12,"author":{"gitId":"-"},"content":"   1. Select the project directory, and click `OK`.","lastModifiedDate":"2021-01-17"},{"lineNumber":13,"author":{"gitId":"-"},"content":"   1. If there are any further prompts, accept the defaults.","lastModifiedDate":"2020-05-25"},{"lineNumber":14,"author":{"gitId":"-"},"content":"1. Configure the project to use **JDK 11** (not other versions) as explained in [here](https://www.jetbrains.com/help/idea/sdk.html#set-up-jdk).\u003cbr\u003e","lastModifiedDate":"2021-07-29"},{"lineNumber":15,"author":{"gitId":"-"},"content":"   In the same dialog, set the **Project language level** field to the `SDK default` option.","lastModifiedDate":"2021-07-29"},{"lineNumber":16,"author":{"gitId":"vibes-863"},"content":"3. After that, locate the `src/main/java/Vibes.java` file, right-click it, and choose `Run Vibes.main()` (if the code editor is showing compile errors, try restarting the IDE). If the setup is correct, you should see something like the below as the output:","lastModifiedDate":"2024-01-24"},{"lineNumber":17,"author":{"gitId":"-"},"content":"   ```","lastModifiedDate":"2020-05-25"},{"lineNumber":18,"author":{"gitId":"-"},"content":"   Hello from","lastModifiedDate":"2020-05-25"},{"lineNumber":19,"author":{"gitId":"-"},"content":"    ____        _        ","lastModifiedDate":"2020-05-25"},{"lineNumber":20,"author":{"gitId":"-"},"content":"   |  _ \\ _   _| | _____ ","lastModifiedDate":"2020-05-25"},{"lineNumber":21,"author":{"gitId":"-"},"content":"   | | | | | | | |/ / _ \\","lastModifiedDate":"2020-05-25"},{"lineNumber":22,"author":{"gitId":"-"},"content":"   | |_| | |_| |   \u003c  __/","lastModifiedDate":"2020-05-25"},{"lineNumber":23,"author":{"gitId":"-"},"content":"   |____/ \\__,_|_|\\_\\___|","lastModifiedDate":"2020-05-25"},{"lineNumber":24,"author":{"gitId":"-"},"content":"   ```","lastModifiedDate":"2020-05-25"}],"authorContributionMap":{"vibes-863":2,"-":22}},{"path":"src/main/java/Deadline.java","fileType":"java","lines":[{"lineNumber":1,"author":{"gitId":"vibes-863"},"content":"public class Deadline extends Task{","lastModifiedDate":"2024-02-08"},{"lineNumber":2,"author":{"gitId":"vibes-863"},"content":"    protected String by;","lastModifiedDate":"2024-02-08"},{"lineNumber":3,"author":{"gitId":"vibes-863"},"content":"","lastModifiedDate":"2024-02-08"},{"lineNumber":4,"author":{"gitId":"vibes-863"},"content":"    public Deadline (String description, String by){","lastModifiedDate":"2024-02-08"},{"lineNumber":5,"author":{"gitId":"vibes-863"},"content":"        super(description);","lastModifiedDate":"2024-02-08"},{"lineNumber":6,"author":{"gitId":"vibes-863"},"content":"        this.by \u003d by;","lastModifiedDate":"2024-02-08"},{"lineNumber":7,"author":{"gitId":"vibes-863"},"content":"    }","lastModifiedDate":"2024-02-08"},{"lineNumber":8,"author":{"gitId":"vibes-863"},"content":"","lastModifiedDate":"2024-02-08"},{"lineNumber":9,"author":{"gitId":"vibes-863"},"content":"    public String getBy() {","lastModifiedDate":"2024-02-08"},{"lineNumber":10,"author":{"gitId":"vibes-863"},"content":"        return by;","lastModifiedDate":"2024-02-08"},{"lineNumber":11,"author":{"gitId":"vibes-863"},"content":"    }","lastModifiedDate":"2024-02-08"},{"lineNumber":12,"author":{"gitId":"vibes-863"},"content":"","lastModifiedDate":"2024-02-08"},{"lineNumber":13,"author":{"gitId":"vibes-863"},"content":"    public void setBy(String by) {","lastModifiedDate":"2024-02-08"},{"lineNumber":14,"author":{"gitId":"vibes-863"},"content":"        this.by \u003d by;","lastModifiedDate":"2024-02-08"},{"lineNumber":15,"author":{"gitId":"vibes-863"},"content":"    }","lastModifiedDate":"2024-02-08"},{"lineNumber":16,"author":{"gitId":"vibes-863"},"content":"","lastModifiedDate":"2024-02-08"},{"lineNumber":17,"author":{"gitId":"vibes-863"},"content":"    @Override","lastModifiedDate":"2024-02-08"},{"lineNumber":18,"author":{"gitId":"vibes-863"},"content":"    public String toString() {","lastModifiedDate":"2024-02-08"},{"lineNumber":19,"author":{"gitId":"vibes-863"},"content":"        return \"[D]\" + super.toString() + \" (by: \" + by + \")\";","lastModifiedDate":"2024-02-08"},{"lineNumber":20,"author":{"gitId":"vibes-863"},"content":"    }","lastModifiedDate":"2024-02-08"},{"lineNumber":21,"author":{"gitId":"vibes-863"},"content":"}","lastModifiedDate":"2024-02-08"}],"authorContributionMap":{"vibes-863":21}},{"path":"src/main/java/Event.java","fileType":"java","lines":[{"lineNumber":1,"author":{"gitId":"vibes-863"},"content":"public class Event extends Task{","lastModifiedDate":"2024-02-08"},{"lineNumber":2,"author":{"gitId":"vibes-863"},"content":"    protected String from;","lastModifiedDate":"2024-02-08"},{"lineNumber":3,"author":{"gitId":"vibes-863"},"content":"    protected String to;","lastModifiedDate":"2024-02-08"},{"lineNumber":4,"author":{"gitId":"vibes-863"},"content":"","lastModifiedDate":"2024-02-08"},{"lineNumber":5,"author":{"gitId":"vibes-863"},"content":"    public Event(String description, String from, String to){","lastModifiedDate":"2024-02-08"},{"lineNumber":6,"author":{"gitId":"vibes-863"},"content":"        super(description);","lastModifiedDate":"2024-02-08"},{"lineNumber":7,"author":{"gitId":"vibes-863"},"content":"        this.from \u003d from;","lastModifiedDate":"2024-02-08"},{"lineNumber":8,"author":{"gitId":"vibes-863"},"content":"        this.to \u003d to;","lastModifiedDate":"2024-02-08"},{"lineNumber":9,"author":{"gitId":"vibes-863"},"content":"    }","lastModifiedDate":"2024-02-08"},{"lineNumber":10,"author":{"gitId":"vibes-863"},"content":"","lastModifiedDate":"2024-02-08"},{"lineNumber":11,"author":{"gitId":"vibes-863"},"content":"    public String getFrom() {","lastModifiedDate":"2024-02-08"},{"lineNumber":12,"author":{"gitId":"vibes-863"},"content":"        return from;","lastModifiedDate":"2024-02-08"},{"lineNumber":13,"author":{"gitId":"vibes-863"},"content":"    }","lastModifiedDate":"2024-02-08"},{"lineNumber":14,"author":{"gitId":"vibes-863"},"content":"","lastModifiedDate":"2024-02-08"},{"lineNumber":15,"author":{"gitId":"vibes-863"},"content":"    public void setFrom(String from) {","lastModifiedDate":"2024-02-08"},{"lineNumber":16,"author":{"gitId":"vibes-863"},"content":"        this.from \u003d from;","lastModifiedDate":"2024-02-08"},{"lineNumber":17,"author":{"gitId":"vibes-863"},"content":"    }","lastModifiedDate":"2024-02-08"},{"lineNumber":18,"author":{"gitId":"vibes-863"},"content":"","lastModifiedDate":"2024-02-08"},{"lineNumber":19,"author":{"gitId":"vibes-863"},"content":"    public String getTo() {","lastModifiedDate":"2024-02-08"},{"lineNumber":20,"author":{"gitId":"vibes-863"},"content":"        return to;","lastModifiedDate":"2024-02-08"},{"lineNumber":21,"author":{"gitId":"vibes-863"},"content":"    }","lastModifiedDate":"2024-02-08"},{"lineNumber":22,"author":{"gitId":"vibes-863"},"content":"","lastModifiedDate":"2024-02-08"},{"lineNumber":23,"author":{"gitId":"vibes-863"},"content":"    public void setTo(String to) {","lastModifiedDate":"2024-02-08"},{"lineNumber":24,"author":{"gitId":"vibes-863"},"content":"        this.to \u003d to;","lastModifiedDate":"2024-02-08"},{"lineNumber":25,"author":{"gitId":"vibes-863"},"content":"    }","lastModifiedDate":"2024-02-08"},{"lineNumber":26,"author":{"gitId":"vibes-863"},"content":"","lastModifiedDate":"2024-02-08"},{"lineNumber":27,"author":{"gitId":"vibes-863"},"content":"    @Override","lastModifiedDate":"2024-02-08"},{"lineNumber":28,"author":{"gitId":"vibes-863"},"content":"    public String toString() {","lastModifiedDate":"2024-02-08"},{"lineNumber":29,"author":{"gitId":"vibes-863"},"content":"        return \"[E]\" + super.toString() + \" (from: \" + from + \" to: \" + to + \")\";","lastModifiedDate":"2024-02-08"},{"lineNumber":30,"author":{"gitId":"vibes-863"},"content":"    }","lastModifiedDate":"2024-02-08"},{"lineNumber":31,"author":{"gitId":"vibes-863"},"content":"}","lastModifiedDate":"2024-02-08"}],"authorContributionMap":{"vibes-863":31}},{"path":"src/main/java/List.java","fileType":"java","lines":[{"lineNumber":1,"author":{"gitId":"vibes-863"},"content":"public class List {","lastModifiedDate":"2024-02-02"},{"lineNumber":2,"author":{"gitId":"vibes-863"},"content":"    Task[] tasks \u003d new Task[100];","lastModifiedDate":"2024-02-02"},{"lineNumber":3,"author":{"gitId":"vibes-863"},"content":"    private int taskCount \u003d 0;","lastModifiedDate":"2024-02-08"},{"lineNumber":4,"author":{"gitId":"vibes-863"},"content":"","lastModifiedDate":"2024-02-02"},{"lineNumber":5,"author":{"gitId":"vibes-863"},"content":"    public void addTask(String userInput) {","lastModifiedDate":"2024-02-08"},{"lineNumber":6,"author":{"gitId":"vibes-863"},"content":"        String taskType \u003d userInput.toLowerCase().substring(0, userInput.indexOf(\" \"));","lastModifiedDate":"2024-02-08"},{"lineNumber":7,"author":{"gitId":"vibes-863"},"content":"        String description;","lastModifiedDate":"2024-02-08"},{"lineNumber":8,"author":{"gitId":"vibes-863"},"content":"        switch (taskType){","lastModifiedDate":"2024-02-08"},{"lineNumber":9,"author":{"gitId":"vibes-863"},"content":"        case \"todo\":","lastModifiedDate":"2024-02-08"},{"lineNumber":10,"author":{"gitId":"vibes-863"},"content":"            description \u003d userInput.substring(userInput.indexOf(\" \") + 1);","lastModifiedDate":"2024-02-08"},{"lineNumber":11,"author":{"gitId":"vibes-863"},"content":"            tasks[taskCount] \u003d new Todo(description);","lastModifiedDate":"2024-02-08"},{"lineNumber":12,"author":{"gitId":"vibes-863"},"content":"            break;","lastModifiedDate":"2024-02-08"},{"lineNumber":13,"author":{"gitId":"vibes-863"},"content":"        case \"deadline\":","lastModifiedDate":"2024-02-08"},{"lineNumber":14,"author":{"gitId":"vibes-863"},"content":"            description \u003d userInput.substring(userInput.indexOf(\" \") + 1, userInput.indexOf(\"/by\") - 1);","lastModifiedDate":"2024-02-08"},{"lineNumber":15,"author":{"gitId":"vibes-863"},"content":"            String by \u003d userInput.substring(userInput.indexOf(\"/by\") + 4);","lastModifiedDate":"2024-02-08"},{"lineNumber":16,"author":{"gitId":"vibes-863"},"content":"            tasks[taskCount] \u003d new Deadline(description, by);","lastModifiedDate":"2024-02-08"},{"lineNumber":17,"author":{"gitId":"vibes-863"},"content":"            break;","lastModifiedDate":"2024-02-08"},{"lineNumber":18,"author":{"gitId":"vibes-863"},"content":"        case \"event\":","lastModifiedDate":"2024-02-08"},{"lineNumber":19,"author":{"gitId":"vibes-863"},"content":"            description \u003d userInput.substring(userInput.indexOf(\" \") + 1, userInput.indexOf(\"/from\") - 1);","lastModifiedDate":"2024-02-08"},{"lineNumber":20,"author":{"gitId":"vibes-863"},"content":"            String from \u003d userInput.substring(userInput.indexOf(\"/from\") + 6, userInput.indexOf(\"/to\") -1);","lastModifiedDate":"2024-02-08"},{"lineNumber":21,"author":{"gitId":"vibes-863"},"content":"            String to \u003d userInput.substring(userInput.indexOf(\"/to\") + 4);","lastModifiedDate":"2024-02-08"},{"lineNumber":22,"author":{"gitId":"vibes-863"},"content":"            tasks[taskCount] \u003d new Event(description, from, to);","lastModifiedDate":"2024-02-08"},{"lineNumber":23,"author":{"gitId":"vibes-863"},"content":"            break;","lastModifiedDate":"2024-02-08"},{"lineNumber":24,"author":{"gitId":"vibes-863"},"content":"        }","lastModifiedDate":"2024-02-08"},{"lineNumber":25,"author":{"gitId":"vibes-863"},"content":"        System.out.println(\"\\t Got it. I\u0027ve added this task:\");","lastModifiedDate":"2024-02-08"},{"lineNumber":26,"author":{"gitId":"vibes-863"},"content":"        System.out.println(\"\\t   \" + tasks[taskCount]);","lastModifiedDate":"2024-02-08"},{"lineNumber":27,"author":{"gitId":"vibes-863"},"content":"        taskCount++;","lastModifiedDate":"2024-02-08"},{"lineNumber":28,"author":{"gitId":"vibes-863"},"content":"        System.out.println(\"\\t Now you have \" + taskCount + \" tasks in the list.\");","lastModifiedDate":"2024-02-08"},{"lineNumber":29,"author":{"gitId":"vibes-863"},"content":"    }","lastModifiedDate":"2024-02-02"},{"lineNumber":30,"author":{"gitId":"vibes-863"},"content":"","lastModifiedDate":"2024-02-02"},{"lineNumber":31,"author":{"gitId":"vibes-863"},"content":"    public void listTasks() {","lastModifiedDate":"2024-02-02"},{"lineNumber":32,"author":{"gitId":"vibes-863"},"content":"        System.out.println(\"\\t Here are the tasks in your list:\");","lastModifiedDate":"2024-02-08"},{"lineNumber":33,"author":{"gitId":"vibes-863"},"content":"        for (int i \u003d 0; i \u003c taskCount; i++) {","lastModifiedDate":"2024-02-08"},{"lineNumber":34,"author":{"gitId":"vibes-863"},"content":"            System.out.println(\"\\t \" + (i + 1) + \".\" + tasks[i]);","lastModifiedDate":"2024-02-08"},{"lineNumber":35,"author":{"gitId":"vibes-863"},"content":"        }","lastModifiedDate":"2024-02-02"},{"lineNumber":36,"author":{"gitId":"vibes-863"},"content":"    }","lastModifiedDate":"2024-02-02"},{"lineNumber":37,"author":{"gitId":"vibes-863"},"content":"","lastModifiedDate":"2024-02-02"},{"lineNumber":38,"author":{"gitId":"vibes-863"},"content":"    public void setAsDone(int taskNumber) {","lastModifiedDate":"2024-02-02"},{"lineNumber":39,"author":{"gitId":"vibes-863"},"content":"        tasks[taskNumber].setDone(true);","lastModifiedDate":"2024-02-02"},{"lineNumber":40,"author":{"gitId":"vibes-863"},"content":"        System.out.println(\"\\t Nice! I\u0027ve marked this task as done:\");","lastModifiedDate":"2024-02-02"},{"lineNumber":41,"author":{"gitId":"vibes-863"},"content":"        System.out.println(\"\\t   \" + tasks[taskNumber]);","lastModifiedDate":"2024-02-08"},{"lineNumber":42,"author":{"gitId":"vibes-863"},"content":"    }","lastModifiedDate":"2024-02-02"},{"lineNumber":43,"author":{"gitId":"vibes-863"},"content":"","lastModifiedDate":"2024-02-02"},{"lineNumber":44,"author":{"gitId":"vibes-863"},"content":"    public void setAsNotDone(int taskNumber){","lastModifiedDate":"2024-02-02"},{"lineNumber":45,"author":{"gitId":"vibes-863"},"content":"        tasks[taskNumber].setDone(false);","lastModifiedDate":"2024-02-02"},{"lineNumber":46,"author":{"gitId":"vibes-863"},"content":"        System.out.println(\"\\t OK, I\u0027ve marked this task as not done yet:\");","lastModifiedDate":"2024-02-02"},{"lineNumber":47,"author":{"gitId":"vibes-863"},"content":"        System.out.println(\"\\t   \" + tasks[taskNumber]);","lastModifiedDate":"2024-02-08"},{"lineNumber":48,"author":{"gitId":"vibes-863"},"content":"    }","lastModifiedDate":"2024-02-02"},{"lineNumber":49,"author":{"gitId":"vibes-863"},"content":"}","lastModifiedDate":"2024-02-02"}],"authorContributionMap":{"vibes-863":49}},{"path":"src/main/java/Task.java","fileType":"java","lines":[{"lineNumber":1,"author":{"gitId":"vibes-863"},"content":"public class Task {","lastModifiedDate":"2024-02-02"},{"lineNumber":2,"author":{"gitId":"vibes-863"},"content":"    protected String description;","lastModifiedDate":"2024-02-02"},{"lineNumber":3,"author":{"gitId":"vibes-863"},"content":"    protected boolean isDone;","lastModifiedDate":"2024-02-02"},{"lineNumber":4,"author":{"gitId":"vibes-863"},"content":"","lastModifiedDate":"2024-02-02"},{"lineNumber":5,"author":{"gitId":"vibes-863"},"content":"    public Task(String description) {","lastModifiedDate":"2024-02-02"},{"lineNumber":6,"author":{"gitId":"vibes-863"},"content":"        this.description \u003d description;","lastModifiedDate":"2024-02-02"},{"lineNumber":7,"author":{"gitId":"vibes-863"},"content":"        this.isDone \u003d false;","lastModifiedDate":"2024-02-02"},{"lineNumber":8,"author":{"gitId":"vibes-863"},"content":"    }","lastModifiedDate":"2024-02-02"},{"lineNumber":9,"author":{"gitId":"vibes-863"},"content":"","lastModifiedDate":"2024-02-02"},{"lineNumber":10,"author":{"gitId":"vibes-863"},"content":"    public boolean isDone() {","lastModifiedDate":"2024-02-02"},{"lineNumber":11,"author":{"gitId":"vibes-863"},"content":"        return isDone;","lastModifiedDate":"2024-02-02"},{"lineNumber":12,"author":{"gitId":"vibes-863"},"content":"    }","lastModifiedDate":"2024-02-02"},{"lineNumber":13,"author":{"gitId":"vibes-863"},"content":"","lastModifiedDate":"2024-02-02"},{"lineNumber":14,"author":{"gitId":"vibes-863"},"content":"    public char getStatusIcon() {","lastModifiedDate":"2024-02-02"},{"lineNumber":15,"author":{"gitId":"vibes-863"},"content":"        if(isDone){","lastModifiedDate":"2024-02-02"},{"lineNumber":16,"author":{"gitId":"vibes-863"},"content":"            return \u0027X\u0027;","lastModifiedDate":"2024-02-02"},{"lineNumber":17,"author":{"gitId":"vibes-863"},"content":"        }","lastModifiedDate":"2024-02-02"},{"lineNumber":18,"author":{"gitId":"vibes-863"},"content":"        return \u0027 \u0027;","lastModifiedDate":"2024-02-02"},{"lineNumber":19,"author":{"gitId":"vibes-863"},"content":"    }","lastModifiedDate":"2024-02-02"},{"lineNumber":20,"author":{"gitId":"vibes-863"},"content":"","lastModifiedDate":"2024-02-02"},{"lineNumber":21,"author":{"gitId":"vibes-863"},"content":"    public void setDone(boolean done) {","lastModifiedDate":"2024-02-02"},{"lineNumber":22,"author":{"gitId":"vibes-863"},"content":"        isDone \u003d done;","lastModifiedDate":"2024-02-02"},{"lineNumber":23,"author":{"gitId":"vibes-863"},"content":"    }","lastModifiedDate":"2024-02-02"},{"lineNumber":24,"author":{"gitId":"vibes-863"},"content":"","lastModifiedDate":"2024-02-02"},{"lineNumber":25,"author":{"gitId":"vibes-863"},"content":"    public String getDescription() {","lastModifiedDate":"2024-02-02"},{"lineNumber":26,"author":{"gitId":"vibes-863"},"content":"        return description;","lastModifiedDate":"2024-02-02"},{"lineNumber":27,"author":{"gitId":"vibes-863"},"content":"    }","lastModifiedDate":"2024-02-02"},{"lineNumber":28,"author":{"gitId":"vibes-863"},"content":"","lastModifiedDate":"2024-02-02"},{"lineNumber":29,"author":{"gitId":"vibes-863"},"content":"    public void setDescription(String description) {","lastModifiedDate":"2024-02-02"},{"lineNumber":30,"author":{"gitId":"vibes-863"},"content":"        this.description \u003d description;","lastModifiedDate":"2024-02-02"},{"lineNumber":31,"author":{"gitId":"vibes-863"},"content":"    }","lastModifiedDate":"2024-02-02"},{"lineNumber":32,"author":{"gitId":"vibes-863"},"content":"","lastModifiedDate":"2024-02-08"},{"lineNumber":33,"author":{"gitId":"vibes-863"},"content":"    @Override","lastModifiedDate":"2024-02-08"},{"lineNumber":34,"author":{"gitId":"vibes-863"},"content":"    public String toString(){","lastModifiedDate":"2024-02-08"},{"lineNumber":35,"author":{"gitId":"vibes-863"},"content":"        return \"[\" + this.getStatusIcon() + \"] \" + this.getDescription();","lastModifiedDate":"2024-02-08"},{"lineNumber":36,"author":{"gitId":"vibes-863"},"content":"    }","lastModifiedDate":"2024-02-08"},{"lineNumber":37,"author":{"gitId":"vibes-863"},"content":"}","lastModifiedDate":"2024-02-02"}],"authorContributionMap":{"vibes-863":37}},{"path":"src/main/java/Todo.java","fileType":"java","lines":[{"lineNumber":1,"author":{"gitId":"vibes-863"},"content":"public class Todo extends Task{","lastModifiedDate":"2024-02-08"},{"lineNumber":2,"author":{"gitId":"vibes-863"},"content":"","lastModifiedDate":"2024-02-08"},{"lineNumber":3,"author":{"gitId":"vibes-863"},"content":"    public Todo (String description){","lastModifiedDate":"2024-02-08"},{"lineNumber":4,"author":{"gitId":"vibes-863"},"content":"        super(description);","lastModifiedDate":"2024-02-08"},{"lineNumber":5,"author":{"gitId":"vibes-863"},"content":"    }","lastModifiedDate":"2024-02-08"},{"lineNumber":6,"author":{"gitId":"vibes-863"},"content":"","lastModifiedDate":"2024-02-08"},{"lineNumber":7,"author":{"gitId":"vibes-863"},"content":"    @Override","lastModifiedDate":"2024-02-08"},{"lineNumber":8,"author":{"gitId":"vibes-863"},"content":"    public String toString() {","lastModifiedDate":"2024-02-08"},{"lineNumber":9,"author":{"gitId":"vibes-863"},"content":"        return \"[T]\" + super.toString();","lastModifiedDate":"2024-02-08"},{"lineNumber":10,"author":{"gitId":"vibes-863"},"content":"    }","lastModifiedDate":"2024-02-08"},{"lineNumber":11,"author":{"gitId":"vibes-863"},"content":"}","lastModifiedDate":"2024-02-08"}],"authorContributionMap":{"vibes-863":11}},{"path":"src/main/java/Vibes.java","fileType":"java","lines":[{"lineNumber":1,"author":{"gitId":"vibes-863"},"content":"import java.util.Scanner;","lastModifiedDate":"2024-02-02"},{"lineNumber":2,"author":{"gitId":"vibes-863"},"content":"","lastModifiedDate":"2024-02-02"},{"lineNumber":3,"author":{"gitId":"vibes-863"},"content":"public class Vibes {","lastModifiedDate":"2024-01-24"},{"lineNumber":4,"author":{"gitId":"vibes-863"},"content":"    private static final String CHATBOT_NAME \u003d \"Vibes\";","lastModifiedDate":"2024-02-08"},{"lineNumber":5,"author":{"gitId":"vibes-863"},"content":"    private static final String DASHED_LINE \u003d \"\\t---------------------------------------------------------------------------------------\";","lastModifiedDate":"2024-02-08"},{"lineNumber":6,"author":{"gitId":"vibes-863"},"content":"","lastModifiedDate":"2024-02-08"},{"lineNumber":7,"author":{"gitId":"vibes-863"},"content":"    public static String extractCommand(String userInput){","lastModifiedDate":"2024-02-08"},{"lineNumber":8,"author":{"gitId":"vibes-863"},"content":"        if (userInput.contentEquals(\"list\")){","lastModifiedDate":"2024-02-08"},{"lineNumber":9,"author":{"gitId":"vibes-863"},"content":"            return \"list\";","lastModifiedDate":"2024-02-08"},{"lineNumber":10,"author":{"gitId":"vibes-863"},"content":"        } else if (userInput.contentEquals(\"bye\")){","lastModifiedDate":"2024-02-08"},{"lineNumber":11,"author":{"gitId":"vibes-863"},"content":"            return \"bye\";","lastModifiedDate":"2024-02-08"},{"lineNumber":12,"author":{"gitId":"vibes-863"},"content":"        } else if (userInput.startsWith(\"mark \")) {","lastModifiedDate":"2024-02-08"},{"lineNumber":13,"author":{"gitId":"vibes-863"},"content":"            return \"mark\";","lastModifiedDate":"2024-02-08"},{"lineNumber":14,"author":{"gitId":"vibes-863"},"content":"        } else if (userInput.startsWith(\"unmark \")) {","lastModifiedDate":"2024-02-08"},{"lineNumber":15,"author":{"gitId":"vibes-863"},"content":"            return \"unmark\";","lastModifiedDate":"2024-02-08"},{"lineNumber":16,"author":{"gitId":"vibes-863"},"content":"        } else if (userInput.startsWith(\"todo \") || userInput.startsWith(\"deadline \") || userInput.startsWith(\"event \")) {","lastModifiedDate":"2024-02-08"},{"lineNumber":17,"author":{"gitId":"vibes-863"},"content":"            return \"add task\";","lastModifiedDate":"2024-02-08"},{"lineNumber":18,"author":{"gitId":"vibes-863"},"content":"        } else {","lastModifiedDate":"2024-02-08"},{"lineNumber":19,"author":{"gitId":"vibes-863"},"content":"            return userInput;","lastModifiedDate":"2024-02-08"},{"lineNumber":20,"author":{"gitId":"vibes-863"},"content":"        }","lastModifiedDate":"2024-02-08"},{"lineNumber":21,"author":{"gitId":"vibes-863"},"content":"    }","lastModifiedDate":"2024-02-08"},{"lineNumber":22,"author":{"gitId":"vibes-863"},"content":"","lastModifiedDate":"2024-02-08"},{"lineNumber":23,"author":{"gitId":"vibes-863"},"content":"    private static void executeCommand(String commandToExecute, List taskList, String userInput) {","lastModifiedDate":"2024-02-08"},{"lineNumber":24,"author":{"gitId":"vibes-863"},"content":"        int taskNumber;","lastModifiedDate":"2024-02-08"},{"lineNumber":25,"author":{"gitId":"vibes-863"},"content":"","lastModifiedDate":"2024-02-08"},{"lineNumber":26,"author":{"gitId":"vibes-863"},"content":"        switch (commandToExecute){","lastModifiedDate":"2024-02-08"},{"lineNumber":27,"author":{"gitId":"vibes-863"},"content":"        case \"list\":","lastModifiedDate":"2024-02-02"},{"lineNumber":28,"author":{"gitId":"vibes-863"},"content":"            taskList.listTasks();","lastModifiedDate":"2024-02-02"},{"lineNumber":29,"author":{"gitId":"vibes-863"},"content":"            break;","lastModifiedDate":"2024-02-02"},{"lineNumber":30,"author":{"gitId":"vibes-863"},"content":"        case \"mark\":","lastModifiedDate":"2024-02-08"},{"lineNumber":31,"author":{"gitId":"vibes-863"},"content":"            taskNumber \u003d Integer.parseInt(userInput.substring(5)) - 1;","lastModifiedDate":"2024-02-08"},{"lineNumber":32,"author":{"gitId":"vibes-863"},"content":"            taskList.setAsDone(taskNumber);","lastModifiedDate":"2024-02-02"},{"lineNumber":33,"author":{"gitId":"vibes-863"},"content":"            break;","lastModifiedDate":"2024-02-08"},{"lineNumber":34,"author":{"gitId":"vibes-863"},"content":"        case \"unmark\":","lastModifiedDate":"2024-02-08"},{"lineNumber":35,"author":{"gitId":"vibes-863"},"content":"            taskNumber \u003d Integer.parseInt(userInput.substring(7)) - 1;","lastModifiedDate":"2024-02-08"},{"lineNumber":36,"author":{"gitId":"vibes-863"},"content":"            taskList.setAsNotDone(taskNumber);","lastModifiedDate":"2024-02-02"},{"lineNumber":37,"author":{"gitId":"vibes-863"},"content":"            break;","lastModifiedDate":"2024-02-08"},{"lineNumber":38,"author":{"gitId":"vibes-863"},"content":"        case \"add task\":","lastModifiedDate":"2024-02-08"},{"lineNumber":39,"author":{"gitId":"vibes-863"},"content":"            taskList.addTask(userInput);","lastModifiedDate":"2024-02-08"},{"lineNumber":40,"author":{"gitId":"vibes-863"},"content":"            break;","lastModifiedDate":"2024-02-08"},{"lineNumber":41,"author":{"gitId":"vibes-863"},"content":"        default:","lastModifiedDate":"2024-02-08"},{"lineNumber":42,"author":{"gitId":"vibes-863"},"content":"            System.out.println(\"\\t Invalid Command. Please choose between: todo, deadline, event, mark, unmark, \" +","lastModifiedDate":"2024-02-08"},{"lineNumber":43,"author":{"gitId":"vibes-863"},"content":"                    \"and bye\");","lastModifiedDate":"2024-02-08"},{"lineNumber":44,"author":{"gitId":"vibes-863"},"content":"            break;","lastModifiedDate":"2024-02-02"},{"lineNumber":45,"author":{"gitId":"vibes-863"},"content":"        }","lastModifiedDate":"2024-02-02"},{"lineNumber":46,"author":{"gitId":"vibes-863"},"content":"    }","lastModifiedDate":"2024-02-08"},{"lineNumber":47,"author":{"gitId":"vibes-863"},"content":"","lastModifiedDate":"2024-02-08"},{"lineNumber":48,"author":{"gitId":"vibes-863"},"content":"    public static void main(String[] args) {","lastModifiedDate":"2024-02-08"},{"lineNumber":49,"author":{"gitId":"vibes-863"},"content":"        String userInput;","lastModifiedDate":"2024-02-08"},{"lineNumber":50,"author":{"gitId":"vibes-863"},"content":"        boolean isExit \u003d true;","lastModifiedDate":"2024-02-08"},{"lineNumber":51,"author":{"gitId":"vibes-863"},"content":"        Scanner in \u003d new Scanner(System.in);","lastModifiedDate":"2024-02-08"},{"lineNumber":52,"author":{"gitId":"vibes-863"},"content":"        List taskList \u003d new List();","lastModifiedDate":"2024-02-08"},{"lineNumber":53,"author":{"gitId":"vibes-863"},"content":"","lastModifiedDate":"2024-02-08"},{"lineNumber":54,"author":{"gitId":"vibes-863"},"content":"        System.out.println(DASHED_LINE);","lastModifiedDate":"2024-02-08"},{"lineNumber":55,"author":{"gitId":"vibes-863"},"content":"        System.out.println(\"\\t Hello! I\u0027m \" + CHATBOT_NAME + \"\\n\\t What can I do for you?\");","lastModifiedDate":"2024-02-08"},{"lineNumber":56,"author":{"gitId":"vibes-863"},"content":"        System.out.println(DASHED_LINE);","lastModifiedDate":"2024-02-08"},{"lineNumber":57,"author":{"gitId":"vibes-863"},"content":"","lastModifiedDate":"2024-02-08"},{"lineNumber":58,"author":{"gitId":"vibes-863"},"content":"        while(isExit){","lastModifiedDate":"2024-02-08"},{"lineNumber":59,"author":{"gitId":"vibes-863"},"content":"            userInput \u003d in.nextLine().trim();","lastModifiedDate":"2024-02-08"},{"lineNumber":60,"author":{"gitId":"vibes-863"},"content":"            String commandToExecute \u003d extractCommand(userInput.toLowerCase());","lastModifiedDate":"2024-02-08"},{"lineNumber":61,"author":{"gitId":"vibes-863"},"content":"","lastModifiedDate":"2024-02-08"},{"lineNumber":62,"author":{"gitId":"vibes-863"},"content":"            System.out.println(DASHED_LINE);","lastModifiedDate":"2024-02-08"},{"lineNumber":63,"author":{"gitId":"vibes-863"},"content":"            if (commandToExecute.equals(\"bye\")){","lastModifiedDate":"2024-02-08"},{"lineNumber":64,"author":{"gitId":"vibes-863"},"content":"                System.out.println(\"\\t Bye. Hope to see you again soon!\");","lastModifiedDate":"2024-02-08"},{"lineNumber":65,"author":{"gitId":"vibes-863"},"content":"                isExit \u003d false;","lastModifiedDate":"2024-02-08"},{"lineNumber":66,"author":{"gitId":"vibes-863"},"content":"            } else {","lastModifiedDate":"2024-02-08"},{"lineNumber":67,"author":{"gitId":"vibes-863"},"content":"                executeCommand(commandToExecute, taskList, userInput);","lastModifiedDate":"2024-02-08"},{"lineNumber":68,"author":{"gitId":"vibes-863"},"content":"            }","lastModifiedDate":"2024-02-08"},{"lineNumber":69,"author":{"gitId":"vibes-863"},"content":"            System.out.println(DASHED_LINE);","lastModifiedDate":"2024-02-08"},{"lineNumber":70,"author":{"gitId":"vibes-863"},"content":"        }","lastModifiedDate":"2024-02-02"},{"lineNumber":71,"author":{"gitId":"-"},"content":"    }","lastModifiedDate":"2019-07-29"},{"lineNumber":72,"author":{"gitId":"-"},"content":"}","lastModifiedDate":"2019-07-29"}],"authorContributionMap":{"vibes-863":70,"-":2}},{"path":"text-ui-test/runtest.bat","fileType":"bat","lines":[{"lineNumber":1,"author":{"gitId":"-"},"content":"@ECHO OFF","lastModifiedDate":"2020-05-25"},{"lineNumber":2,"author":{"gitId":"-"},"content":"","lastModifiedDate":"2020-05-25"},{"lineNumber":3,"author":{"gitId":"-"},"content":"REM create bin directory if it doesn\u0027t exist","lastModifiedDate":"2020-05-25"},{"lineNumber":4,"author":{"gitId":"-"},"content":"if not exist ..\\bin mkdir ..\\bin","lastModifiedDate":"2020-05-25"},{"lineNumber":5,"author":{"gitId":"-"},"content":"","lastModifiedDate":"2020-05-25"},{"lineNumber":6,"author":{"gitId":"-"},"content":"REM delete output from previous run","lastModifiedDate":"2020-05-25"},{"lineNumber":7,"author":{"gitId":"-"},"content":"if exist ACTUAL.TXT del ACTUAL.TXT","lastModifiedDate":"2020-08-25"},{"lineNumber":8,"author":{"gitId":"-"},"content":"","lastModifiedDate":"2020-05-25"},{"lineNumber":9,"author":{"gitId":"-"},"content":"REM compile the code into the bin folder","lastModifiedDate":"2020-05-25"},{"lineNumber":10,"author":{"gitId":"-"},"content":"javac  -cp ..\\src\\main\\java -Xlint:none -d ..\\bin ..\\src\\main\\java\\*.java","lastModifiedDate":"2020-08-25"},{"lineNumber":11,"author":{"gitId":"-"},"content":"IF ERRORLEVEL 1 (","lastModifiedDate":"2020-05-25"},{"lineNumber":12,"author":{"gitId":"-"},"content":"    echo ********** BUILD FAILURE **********","lastModifiedDate":"2020-05-25"},{"lineNumber":13,"author":{"gitId":"-"},"content":"    exit /b 1","lastModifiedDate":"2020-05-25"},{"lineNumber":14,"author":{"gitId":"-"},"content":")","lastModifiedDate":"2020-05-25"},{"lineNumber":15,"author":{"gitId":"-"},"content":"REM no error here, errorlevel \u003d\u003d 0","lastModifiedDate":"2020-05-25"},{"lineNumber":16,"author":{"gitId":"-"},"content":"","lastModifiedDate":"2020-05-25"},{"lineNumber":17,"author":{"gitId":"-"},"content":"REM run the program, feed commands from input.txt file and redirect the output to the ACTUAL.TXT","lastModifiedDate":"2020-05-25"},{"lineNumber":18,"author":{"gitId":"vibes-863"},"content":"java -classpath ..\\bin Vibes \u003c input.txt \u003e ACTUAL.TXT","lastModifiedDate":"2024-01-24"},{"lineNumber":19,"author":{"gitId":"-"},"content":"","lastModifiedDate":"2020-05-25"},{"lineNumber":20,"author":{"gitId":"-"},"content":"REM compare the output to the expected output","lastModifiedDate":"2020-05-25"},{"lineNumber":21,"author":{"gitId":"-"},"content":"FC ACTUAL.TXT EXPECTED.TXT","lastModifiedDate":"2020-05-25"}],"authorContributionMap":{"vibes-863":1,"-":20}}]
