{"authorDailyContributionsMap":{"ZhangWenyue3325":[{"date":"2024-01-25","commitResults":[{"hash":"f569b164847edb6ab4b7721baa07df8f0f6226b6","isMergeCommit":false,"messageTitle":"Initialise following week 2 instructions","messageBody":"","tags":["Level-0"],"fileTypesAndContributionMap":{"java":{"insertions":15,"deletions":5}}}]},{"date":"2024-01-31","commitResults":[{"hash":"4137960399464b0aa28497792702f645c9185862","isMergeCommit":false,"messageTitle":"added level 1 echo functions","messageBody":"change name to oley\n","tags":["Level-1"],"fileTypesAndContributionMap":{"java":{"insertions":43,"deletions":20}}},{"hash":"1c35d1fad81d9c942aa87e10986d9732c0028c84","isMergeCommit":false,"messageTitle":"Level 2. Add, List","messageBody":"create a class called Task to store the tasks and print them\n","tags":["Level-2"],"fileTypesAndContributionMap":{"java":{"insertions":57,"deletions":9}}},{"hash":"91127c56d9e79b198cc65a72055739bf9023273a","isMergeCommit":false,"messageTitle":"Level 3. Done","messageBody":"Create a boolean array in the Task class to record whether the tasks are done or not\n","tags":["Level-3","A-CodingStandard"],"fileTypesAndContributionMap":{"java":{"insertions":55,"deletions":18}}}]},{"date":"2024-02-07","commitResults":[{"hash":"090e26f8bd404c71f3bca6df40e7880457c31884","isMergeCommit":false,"messageTitle":"Add child class of Task Todo, Deadline and Event subclass are added","messageBody":"","tags":["Level-4","A-CodeQuality"],"fileTypesAndContributionMap":{"java":{"insertions":117,"deletions":57}}}]},{"date":"2024-02-12","commitResults":[{"hash":"db35e02eeda941b046878f401332f05c56fa2e95","isMergeCommit":false,"messageTitle":"Improve formatting based on comments from others","messageBody":"","fileTypesAndContributionMap":{"java":{"insertions":23,"deletions":26}}},{"hash":"f10483b55eb912b0eae2e8d5d84758609711e270","isMergeCommit":false,"messageTitle":"Add exceptions and packages","messageBody":"","fileTypesAndContributionMap":{"java":{"insertions":56,"deletions":7}}},{"hash":"468b523c599ce93dac6449beb6ed51232ebf30a9","isMergeCommit":false,"messageTitle":"Change in format","messageBody":"","fileTypesAndContributionMap":{"java":{"insertions":2,"deletions":2}}},{"hash":"1074105d7af5d7847b9607bb0a115fbdac4bf2bc","isMergeCommit":true,"messageTitle":"Merge branch \u0027branch-Level-5\u0027","messageBody":"# Conflicts:\n#\tsrc/main/java/oley/commands/Oley.java\n","tags":["Level-5","A-Packages","A-Exceptions"],"fileTypesAndContributionMap":{}}]},{"date":"2024-02-18","commitResults":[{"hash":"672dd12c3c023fc46887f29d7b2f95bb9e574fa7","isMergeCommit":false,"messageTitle":"Use ArrayList instead of array, A-Collections","messageBody":"","tags":["A-Collections"],"fileTypesAndContributionMap":{"java":{"insertions":16,"deletions":17}}},{"hash":"39515dd4ac2ab5874df1d8539b6d86de1c5681ac","isMergeCommit":false,"messageTitle":"add delete function and improve on mark function","messageBody":"","fileTypesAndContributionMap":{"java":{"insertions":60,"deletions":30}}}]},{"date":"2024-02-20","commitResults":[{"hash":"51ee91f4d39f3d459aa08e5da93e6070a30fa57e","isMergeCommit":false,"messageTitle":"Add save function","messageBody":"","fileTypesAndContributionMap":{"java":{"insertions":127,"deletions":13}}},{"hash":"abe7d83a9c7c1767ae6fa788443380ce124c1082","isMergeCommit":true,"messageTitle":"Merge branch \u0027branch-Level-7\u0027","messageBody":"# Conflicts:\n#\tsrc/main/java/oley/commands/Oley.java\n","tags":["Level-7","Level-6","A-Jar"],"fileTypesAndContributionMap":{}}]}]},"authorFileTypeContributionMap":{"ZhangWenyue3325":{"java":382,"md":0,"fxml":0,"sh":0,"bat":0,"gradle":0,"txt":0}},"authorContributionVariance":{"ZhangWenyue3325":3074.6746},"authorDisplayNameMap":{"ZhangWenyue3325":"CS2113-W12-1 ZHAN..NYUE"}}
