[{"path":"src/main/java/Chris.java","fileType":"java","lines":[{"lineNumber":1,"author":{"gitId":"chenhowy"},"content":"import java.util.Scanner;","lastModifiedDate":"2024-02-09"},{"lineNumber":2,"author":{"gitId":"chenhowy"},"content":"","lastModifiedDate":"2024-02-09"},{"lineNumber":3,"author":{"gitId":"chenhowy"},"content":"public class Chris {","lastModifiedDate":"2024-02-17"},{"lineNumber":4,"author":{"gitId":"chenhowy"},"content":"    protected static int taskCount \u003d 0;","lastModifiedDate":"2024-02-17"},{"lineNumber":5,"author":{"gitId":"chenhowy"},"content":"    protected static Task[] taskList \u003d new Task[100];","lastModifiedDate":"2024-02-17"},{"lineNumber":6,"author":{"gitId":"-"},"content":"    public static void main(String[] args) {","lastModifiedDate":"2019-07-29"},{"lineNumber":7,"author":{"gitId":"chenhowy"},"content":"        printLine();","lastModifiedDate":"2024-02-17"},{"lineNumber":8,"author":{"gitId":"chenhowy"},"content":"        System.out.println(\"Hello, I am Chris\");","lastModifiedDate":"2024-01-26"},{"lineNumber":9,"author":{"gitId":"chenhowy"},"content":"        menu();","lastModifiedDate":"2024-02-17"},{"lineNumber":10,"author":{"gitId":"chenhowy"},"content":"        printLine();","lastModifiedDate":"2024-02-17"},{"lineNumber":11,"author":{"gitId":"chenhowy"},"content":"    }","lastModifiedDate":"2024-02-17"},{"lineNumber":12,"author":{"gitId":"chenhowy"},"content":"","lastModifiedDate":"2024-02-17"},{"lineNumber":13,"author":{"gitId":"chenhowy"},"content":"    public static void printLine() {","lastModifiedDate":"2024-02-17"},{"lineNumber":14,"author":{"gitId":"chenhowy"},"content":"        System.out.println(\"------------------------------------------------\");","lastModifiedDate":"2024-02-09"},{"lineNumber":15,"author":{"gitId":"chenhowy"},"content":"    }","lastModifiedDate":"2024-02-17"},{"lineNumber":16,"author":{"gitId":"chenhowy"},"content":"","lastModifiedDate":"2024-02-17"},{"lineNumber":17,"author":{"gitId":"chenhowy"},"content":"    public static void printList() {","lastModifiedDate":"2024-02-17"},{"lineNumber":18,"author":{"gitId":"chenhowy"},"content":"        if (taskCount \u003d\u003d 0) {","lastModifiedDate":"2024-02-09"},{"lineNumber":19,"author":{"gitId":"chenhowy"},"content":"            System.out.println(\"Sorry, there are no tasks currently.\");","lastModifiedDate":"2024-02-17"},{"lineNumber":20,"author":{"gitId":"chenhowy"},"content":"            printLine();","lastModifiedDate":"2024-02-17"},{"lineNumber":21,"author":{"gitId":"chenhowy"},"content":"        } else {","lastModifiedDate":"2024-02-09"},{"lineNumber":22,"author":{"gitId":"chenhowy"},"content":"            System.out.println(\"Here are you current tasks!\");","lastModifiedDate":"2024-02-17"},{"lineNumber":23,"author":{"gitId":"chenhowy"},"content":"            for (int i \u003d 0; i \u003c taskCount; i++) {","lastModifiedDate":"2024-02-09"},{"lineNumber":24,"author":{"gitId":"chenhowy"},"content":"                System.out.print(i + 1);","lastModifiedDate":"2024-02-09"},{"lineNumber":25,"author":{"gitId":"chenhowy"},"content":"                System.out.print(\". \");","lastModifiedDate":"2024-02-09"},{"lineNumber":26,"author":{"gitId":"chenhowy"},"content":"                System.out.println(taskList[i]);","lastModifiedDate":"2024-02-09"},{"lineNumber":27,"author":{"gitId":"chenhowy"},"content":"            }","lastModifiedDate":"2024-02-09"},{"lineNumber":28,"author":{"gitId":"chenhowy"},"content":"        }","lastModifiedDate":"2024-02-09"},{"lineNumber":29,"author":{"gitId":"chenhowy"},"content":"    }","lastModifiedDate":"2024-02-17"},{"lineNumber":30,"author":{"gitId":"chenhowy"},"content":"","lastModifiedDate":"2024-02-17"},{"lineNumber":31,"author":{"gitId":"chenhowy"},"content":"    public static void menu() {","lastModifiedDate":"2024-02-17"},{"lineNumber":32,"author":{"gitId":"chenhowy"},"content":"        boolean done \u003d false;","lastModifiedDate":"2024-02-17"},{"lineNumber":33,"author":{"gitId":"chenhowy"},"content":"        Scanner in \u003d new Scanner(System.in);","lastModifiedDate":"2024-02-17"},{"lineNumber":34,"author":{"gitId":"chenhowy"},"content":"        while (!done) {","lastModifiedDate":"2024-02-17"},{"lineNumber":35,"author":{"gitId":"chenhowy"},"content":"            System.out.println(\"What can I do for you?\");","lastModifiedDate":"2024-02-17"},{"lineNumber":36,"author":{"gitId":"chenhowy"},"content":"            printLine();","lastModifiedDate":"2024-02-17"},{"lineNumber":37,"author":{"gitId":"chenhowy"},"content":"            String line \u003d in.nextLine();","lastModifiedDate":"2024-02-17"},{"lineNumber":38,"author":{"gitId":"chenhowy"},"content":"            if (line.startsWith(\"todo\")) {","lastModifiedDate":"2024-02-17"},{"lineNumber":39,"author":{"gitId":"chenhowy"},"content":"                taskList[taskCount] \u003d new ToDo(line.substring(5));","lastModifiedDate":"2024-02-17"},{"lineNumber":40,"author":{"gitId":"chenhowy"},"content":"                taskCount++;","lastModifiedDate":"2024-02-09"},{"lineNumber":41,"author":{"gitId":"chenhowy"},"content":"                System.out.println(\"ToDo added!\");","lastModifiedDate":"2024-02-17"},{"lineNumber":42,"author":{"gitId":"chenhowy"},"content":"                printLine();","lastModifiedDate":"2024-02-17"},{"lineNumber":43,"author":{"gitId":"chenhowy"},"content":"            } else if (line.startsWith(\"deadline\")) {","lastModifiedDate":"2024-02-17"},{"lineNumber":44,"author":{"gitId":"chenhowy"},"content":"                taskList[taskCount] \u003d new Deadline(line.substring(9).split(\"/by\"));","lastModifiedDate":"2024-02-17"},{"lineNumber":45,"author":{"gitId":"chenhowy"},"content":"                taskCount++;","lastModifiedDate":"2024-02-09"},{"lineNumber":46,"author":{"gitId":"chenhowy"},"content":"                System.out.println(\"Deadline added!\");","lastModifiedDate":"2024-02-17"},{"lineNumber":47,"author":{"gitId":"chenhowy"},"content":"                printLine();","lastModifiedDate":"2024-02-17"},{"lineNumber":48,"author":{"gitId":"chenhowy"},"content":"            } else if (line.startsWith(\"event\")) {","lastModifiedDate":"2024-02-17"},{"lineNumber":49,"author":{"gitId":"chenhowy"},"content":"                taskList[taskCount] \u003d new Event(line.substring(6).split(\"/from|/to\"));","lastModifiedDate":"2024-02-17"},{"lineNumber":50,"author":{"gitId":"chenhowy"},"content":"                taskCount++;","lastModifiedDate":"2024-02-09"},{"lineNumber":51,"author":{"gitId":"chenhowy"},"content":"                System.out.println(\"Event added!\");","lastModifiedDate":"2024-02-17"},{"lineNumber":52,"author":{"gitId":"chenhowy"},"content":"                printLine();","lastModifiedDate":"2024-02-17"},{"lineNumber":53,"author":{"gitId":"chenhowy"},"content":"            } else if (line.startsWith(\"mark\")) {","lastModifiedDate":"2024-02-17"},{"lineNumber":54,"author":{"gitId":"chenhowy"},"content":"                String taskNumber \u003d line.substring(5);","lastModifiedDate":"2024-02-17"},{"lineNumber":55,"author":{"gitId":"chenhowy"},"content":"                taskList[Integer.parseInt(taskNumber) - 1].markTask();","lastModifiedDate":"2024-02-17"},{"lineNumber":56,"author":{"gitId":"chenhowy"},"content":"            } else if (line.startsWith(\"list\")) {","lastModifiedDate":"2024-02-17"},{"lineNumber":57,"author":{"gitId":"chenhowy"},"content":"                printList();","lastModifiedDate":"2024-02-17"},{"lineNumber":58,"author":{"gitId":"chenhowy"},"content":"            } else if (line.startsWith(\"quit\")) {","lastModifiedDate":"2024-02-17"},{"lineNumber":59,"author":{"gitId":"chenhowy"},"content":"                System.out.println(\"Goodbye, have a nice day!\");","lastModifiedDate":"2024-02-17"},{"lineNumber":60,"author":{"gitId":"chenhowy"},"content":"                printLine();","lastModifiedDate":"2024-02-17"},{"lineNumber":61,"author":{"gitId":"chenhowy"},"content":"                done \u003d true;","lastModifiedDate":"2024-02-17"},{"lineNumber":62,"author":{"gitId":"chenhowy"},"content":"            } else {","lastModifiedDate":"2024-02-17"},{"lineNumber":63,"author":{"gitId":"chenhowy"},"content":"                System.out.println(\"Sorry, I don\u0027t recognise that command.\");","lastModifiedDate":"2024-02-17"},{"lineNumber":64,"author":{"gitId":"chenhowy"},"content":"                printLine();","lastModifiedDate":"2024-02-17"},{"lineNumber":65,"author":{"gitId":"chenhowy"},"content":"            }","lastModifiedDate":"2024-02-09"},{"lineNumber":66,"author":{"gitId":"chenhowy"},"content":"        }","lastModifiedDate":"2024-02-09"},{"lineNumber":67,"author":{"gitId":"-"},"content":"    }","lastModifiedDate":"2019-07-29"},{"lineNumber":68,"author":{"gitId":"-"},"content":"}","lastModifiedDate":"2019-07-29"}],"authorContributionMap":{"chenhowy":65,"-":3}},{"path":"src/main/java/Deadline.java","fileType":"java","lines":[{"lineNumber":1,"author":{"gitId":"chenhowy"},"content":"public class Deadline extends Task {","lastModifiedDate":"2024-02-09"},{"lineNumber":2,"author":{"gitId":"chenhowy"},"content":"    protected String by;","lastModifiedDate":"2024-02-09"},{"lineNumber":3,"author":{"gitId":"chenhowy"},"content":"","lastModifiedDate":"2024-02-09"},{"lineNumber":4,"author":{"gitId":"chenhowy"},"content":"    public Deadline(String[] deadlineInfo) {","lastModifiedDate":"2024-02-17"},{"lineNumber":5,"author":{"gitId":"chenhowy"},"content":"        super(deadlineInfo[0]);","lastModifiedDate":"2024-02-17"},{"lineNumber":6,"author":{"gitId":"chenhowy"},"content":"        this.by \u003d deadlineInfo[1];","lastModifiedDate":"2024-02-17"},{"lineNumber":7,"author":{"gitId":"chenhowy"},"content":"    }","lastModifiedDate":"2024-02-09"},{"lineNumber":8,"author":{"gitId":"chenhowy"},"content":"","lastModifiedDate":"2024-02-09"},{"lineNumber":9,"author":{"gitId":"chenhowy"},"content":"    public String toString() {","lastModifiedDate":"2024-02-09"},{"lineNumber":10,"author":{"gitId":"chenhowy"},"content":"        return \"[D] \" + super.toString() + \" (by: \" + by + \")\";","lastModifiedDate":"2024-02-09"},{"lineNumber":11,"author":{"gitId":"chenhowy"},"content":"    }","lastModifiedDate":"2024-02-09"},{"lineNumber":12,"author":{"gitId":"chenhowy"},"content":"}","lastModifiedDate":"2024-02-09"}],"authorContributionMap":{"chenhowy":12}},{"path":"src/main/java/Event.java","fileType":"java","lines":[{"lineNumber":1,"author":{"gitId":"chenhowy"},"content":"public class Event extends Task {","lastModifiedDate":"2024-02-09"},{"lineNumber":2,"author":{"gitId":"chenhowy"},"content":"    protected String to;","lastModifiedDate":"2024-02-09"},{"lineNumber":3,"author":{"gitId":"chenhowy"},"content":"    protected String from;","lastModifiedDate":"2024-02-09"},{"lineNumber":4,"author":{"gitId":"chenhowy"},"content":"","lastModifiedDate":"2024-02-09"},{"lineNumber":5,"author":{"gitId":"chenhowy"},"content":"    public Event(String[] eventInfo) {","lastModifiedDate":"2024-02-17"},{"lineNumber":6,"author":{"gitId":"chenhowy"},"content":"        super(eventInfo[0]);","lastModifiedDate":"2024-02-17"},{"lineNumber":7,"author":{"gitId":"chenhowy"},"content":"        this.from \u003d eventInfo[1];","lastModifiedDate":"2024-02-17"},{"lineNumber":8,"author":{"gitId":"chenhowy"},"content":"        this.to \u003d eventInfo[2];","lastModifiedDate":"2024-02-17"},{"lineNumber":9,"author":{"gitId":"chenhowy"},"content":"    }","lastModifiedDate":"2024-02-09"},{"lineNumber":10,"author":{"gitId":"chenhowy"},"content":"    public String toString() {","lastModifiedDate":"2024-02-09"},{"lineNumber":11,"author":{"gitId":"chenhowy"},"content":"        return \"[E] \" + super.toString() + \" (from: \" + from + \")\" + \" (to: \" + to + \")\";","lastModifiedDate":"2024-02-09"},{"lineNumber":12,"author":{"gitId":"chenhowy"},"content":"    }","lastModifiedDate":"2024-02-09"},{"lineNumber":13,"author":{"gitId":"chenhowy"},"content":"}","lastModifiedDate":"2024-02-09"}],"authorContributionMap":{"chenhowy":13}},{"path":"src/main/java/Task.java","fileType":"java","lines":[{"lineNumber":1,"author":{"gitId":"chenhowy"},"content":"public class Task {","lastModifiedDate":"2024-02-09"},{"lineNumber":2,"author":{"gitId":"chenhowy"},"content":"    protected String description;","lastModifiedDate":"2024-02-09"},{"lineNumber":3,"author":{"gitId":"chenhowy"},"content":"    protected boolean isDone;","lastModifiedDate":"2024-02-09"},{"lineNumber":4,"author":{"gitId":"chenhowy"},"content":"","lastModifiedDate":"2024-02-09"},{"lineNumber":5,"author":{"gitId":"chenhowy"},"content":"    public Task(String description) {","lastModifiedDate":"2024-02-09"},{"lineNumber":6,"author":{"gitId":"chenhowy"},"content":"        this.description \u003d description;","lastModifiedDate":"2024-02-09"},{"lineNumber":7,"author":{"gitId":"chenhowy"},"content":"        this.isDone \u003d false;","lastModifiedDate":"2024-02-09"},{"lineNumber":8,"author":{"gitId":"chenhowy"},"content":"    }","lastModifiedDate":"2024-02-09"},{"lineNumber":9,"author":{"gitId":"chenhowy"},"content":"","lastModifiedDate":"2024-02-09"},{"lineNumber":10,"author":{"gitId":"chenhowy"},"content":"    public String toString() {","lastModifiedDate":"2024-02-09"},{"lineNumber":11,"author":{"gitId":"chenhowy"},"content":"        return \"[\" + getStatusIcon() + \"] \" + description;","lastModifiedDate":"2024-02-09"},{"lineNumber":12,"author":{"gitId":"chenhowy"},"content":"    }","lastModifiedDate":"2024-02-09"},{"lineNumber":13,"author":{"gitId":"chenhowy"},"content":"","lastModifiedDate":"2024-02-09"},{"lineNumber":14,"author":{"gitId":"chenhowy"},"content":"    public String getStatusIcon() {","lastModifiedDate":"2024-02-09"},{"lineNumber":15,"author":{"gitId":"chenhowy"},"content":"        return (isDone ? \"X\" : \" \");","lastModifiedDate":"2024-02-09"},{"lineNumber":16,"author":{"gitId":"chenhowy"},"content":"    }","lastModifiedDate":"2024-02-09"},{"lineNumber":17,"author":{"gitId":"chenhowy"},"content":"","lastModifiedDate":"2024-02-09"},{"lineNumber":18,"author":{"gitId":"chenhowy"},"content":"    public void markTask() {","lastModifiedDate":"2024-02-09"},{"lineNumber":19,"author":{"gitId":"chenhowy"},"content":"        isDone \u003d !isDone;","lastModifiedDate":"2024-02-09"},{"lineNumber":20,"author":{"gitId":"chenhowy"},"content":"    }","lastModifiedDate":"2024-02-09"},{"lineNumber":21,"author":{"gitId":"chenhowy"},"content":"}","lastModifiedDate":"2024-02-09"}],"authorContributionMap":{"chenhowy":21}},{"path":"src/main/java/ToDo.java","fileType":"java","lines":[{"lineNumber":1,"author":{"gitId":"chenhowy"},"content":"public class ToDo extends Task {","lastModifiedDate":"2024-02-09"},{"lineNumber":2,"author":{"gitId":"chenhowy"},"content":"    public ToDo(String description) {","lastModifiedDate":"2024-02-09"},{"lineNumber":3,"author":{"gitId":"chenhowy"},"content":"        super(description);","lastModifiedDate":"2024-02-09"},{"lineNumber":4,"author":{"gitId":"chenhowy"},"content":"    }","lastModifiedDate":"2024-02-09"},{"lineNumber":5,"author":{"gitId":"chenhowy"},"content":"","lastModifiedDate":"2024-02-09"},{"lineNumber":6,"author":{"gitId":"chenhowy"},"content":"    public String toString() {","lastModifiedDate":"2024-02-09"},{"lineNumber":7,"author":{"gitId":"chenhowy"},"content":"        return \"[T] \" + super.toString();","lastModifiedDate":"2024-02-09"},{"lineNumber":8,"author":{"gitId":"chenhowy"},"content":"    }","lastModifiedDate":"2024-02-09"},{"lineNumber":9,"author":{"gitId":"chenhowy"},"content":"}","lastModifiedDate":"2024-02-09"}],"authorContributionMap":{"chenhowy":9}}]
