{"authorDailyContributionsMap":{"chenhowy":[{"date":"2024-01-26","commitResults":[{"hash":"7b6e0debfc933e9951cfe3156e3cf59e4d12b494","isMergeCommit":false,"messageTitle":"Chris Intro","messageBody":"","fileTypesAndContributionMap":{"java":{"insertions":3,"deletions":6}}}]},{"date":"2024-02-09","commitResults":[{"hash":"80b3334560e481e601df141f7410d2bc0678d6df","isMergeCommit":false,"messageTitle":"Chris Intro","messageBody":"","fileTypesAndContributionMap":{"java":{"insertions":129,"deletions":1}}},{"hash":"fc5a68e9e00e67f1e34c5668d667e753aa91a245","isMergeCommit":false,"messageTitle":"Revert \"Chris Intro\"","messageBody":"This reverts commit 80b3334560e481e601df141f7410d2bc0678d6df.\n","fileTypesAndContributionMap":{"java":{"insertions":1,"deletions":129}}},{"hash":"4bd5dfaf1d07e88c4c48ed716e63bfeb750ca3d7","isMergeCommit":false,"messageTitle":"Revert \"Revert \"Chris Intro\"\"","messageBody":"This reverts commit fc5a68e9e00e67f1e34c5668d667e753aa91a245.\n","tags":["Level-4","Level-3","Level-2","Level-1","Level-0","A-CodeQuality"],"fileTypesAndContributionMap":{"java":{"insertions":129,"deletions":1}}}]},{"date":"2024-02-17","commitResults":[{"hash":"9454595f63d28b06718566e11ddefa8300727fa1","isMergeCommit":false,"messageTitle":"Renamed Duke to Chris","messageBody":"","fileTypesAndContributionMap":{"java":{"insertions":1,"deletions":1}}},{"hash":"1ce666d22852bff47bbe7bd8a63917bbeafe471d","isMergeCommit":false,"messageTitle":"Reimplemented deadline and event classes, made input to be in line with requirements.","messageBody":"","fileTypesAndContributionMap":{"java":{"insertions":61,"deletions":73}}},{"hash":"0a5aee7a275dc04ff2a6add068ccc93bd9f9ff51","isMergeCommit":false,"messageTitle":"Reimplemented deadline and event classes, made input to be in line with requirements.","messageBody":"","fileTypesAndContributionMap":{"java":{"insertions":1,"deletions":1}}},{"hash":"feb4b944df35dc6feacb824d4a6817ba9a8810c9","isMergeCommit":false,"messageTitle":"Reimplemented deadline and event classes, made input to be in line with requirements.","messageBody":"","fileTypesAndContributionMap":{"java":{"insertions":1,"deletions":1}}},{"hash":"b7536093aee273e91173c9131142d18850d70201","isMergeCommit":false,"messageTitle":"Reimplemented deadline and event classes, made input to be in line with requirements.","messageBody":"","fileTypesAndContributionMap":{"java":{"insertions":0,"deletions":1}}},{"hash":"c14f1cf468399a07f93a531ae90fe4b76ba55620","isMergeCommit":false,"messageTitle":"Reimplemented deadline and event classes, made input to be in line with requirements.","messageBody":"","fileTypesAndContributionMap":{"java":{"insertions":1,"deletions":0}}},{"hash":"b17ce4fd4d64f22ea58680dedc34361772f75c6e","isMergeCommit":true,"messageTitle":"Merge pull request #1 from chenhowy/branch-Level-5","messageBody":"Branch level 5","fileTypesAndContributionMap":{}}]},{"date":"2024-03-02","commitResults":[{"hash":"8ef99df332ad2d74fb143da0aad3a7b172fa6e4b","isMergeCommit":false,"messageTitle":"Added error handling. Added a new class taskList to store all tasks.","messageBody":"","fileTypesAndContributionMap":{"java":{"insertions":107,"deletions":26}}},{"hash":"1c6d79c0955e7ca4486fe4e9866ab3f346d4510b","isMergeCommit":true,"messageTitle":"Merge pull request #2 from chenhowy/branch-Level-5","messageBody":"Finished increment 5","tags":["Level-5"],"fileTypesAndContributionMap":{}},{"hash":"9be09bcb3bbf77538f1a3884dd581d0349bc1b19","isMergeCommit":false,"messageTitle":"Repackaged Chris","messageBody":"","tags":["A-Packages"],"fileTypesAndContributionMap":{"java":{"insertions":47,"deletions":10}}},{"hash":"9f4fdcc5eb33090c0f0933d3f7504ca924562af7","isMergeCommit":true,"messageTitle":"Merge pull request #3 from chenhowy/branch-A-Packages","messageBody":"Repackaged Chris","fileTypesAndContributionMap":{}}]},{"date":"2024-03-03","commitResults":[{"hash":"472a75d8929ab4870ce103dfb57d609751a4d9f9","isMergeCommit":false,"messageTitle":"Added delete task to taskList","messageBody":"","tags":["Level-6","A-Collections"],"fileTypesAndContributionMap":{"java":{"insertions":33,"deletions":6}}},{"hash":"c695c4ce6cdccd8fa3c26f4a140bed0d4404bbbc","isMergeCommit":true,"messageTitle":"Merge pull request #4 from chenhowy/branch-Level-6","messageBody":"Added delete task to taskList","fileTypesAndContributionMap":{}}]}]},"authorFileTypeContributionMap":{"chenhowy":{"java":265,"md":0,"fxml":0,"sh":0,"bat":0,"gradle":0,"txt":0}},"authorContributionVariance":{"chenhowy":4373.124},"authorDisplayNameMap":{"chenhowy":"CS2113-F14-4 YONG.. HOW"}}
