[{"path":"src/main/java/Deadline.java","fileType":"java","lines":[{"lineNumber":1,"author":{"gitId":"SuveenE"},"content":"public class Deadline extends Task {","lastModifiedDate":"2024-02-05"},{"lineNumber":2,"author":{"gitId":"SuveenE"},"content":"","lastModifiedDate":"2024-02-05"},{"lineNumber":3,"author":{"gitId":"SuveenE"},"content":"    protected String by;","lastModifiedDate":"2024-02-05"},{"lineNumber":4,"author":{"gitId":"SuveenE"},"content":"","lastModifiedDate":"2024-02-05"},{"lineNumber":5,"author":{"gitId":"SuveenE"},"content":"    public Deadline(String description, String by) {","lastModifiedDate":"2024-02-05"},{"lineNumber":6,"author":{"gitId":"SuveenE"},"content":"        super(description);","lastModifiedDate":"2024-02-05"},{"lineNumber":7,"author":{"gitId":"SuveenE"},"content":"        this.by \u003d by;","lastModifiedDate":"2024-02-05"},{"lineNumber":8,"author":{"gitId":"SuveenE"},"content":"    }","lastModifiedDate":"2024-02-05"},{"lineNumber":9,"author":{"gitId":"SuveenE"},"content":"","lastModifiedDate":"2024-02-05"},{"lineNumber":10,"author":{"gitId":"SuveenE"},"content":"    @Override","lastModifiedDate":"2024-02-05"},{"lineNumber":11,"author":{"gitId":"SuveenE"},"content":"    public String toString() {","lastModifiedDate":"2024-02-05"},{"lineNumber":12,"author":{"gitId":"SuveenE"},"content":"        return \"[D]\" + super.toString() + \" (by: \" + by + \")\";","lastModifiedDate":"2024-02-05"},{"lineNumber":13,"author":{"gitId":"SuveenE"},"content":"    }","lastModifiedDate":"2024-02-05"},{"lineNumber":14,"author":{"gitId":"SuveenE"},"content":"}","lastModifiedDate":"2024-02-05"}],"authorContributionMap":{"SuveenE":14}},{"path":"src/main/java/Event.java","fileType":"java","lines":[{"lineNumber":1,"author":{"gitId":"SuveenE"},"content":"public class Event extends Task {","lastModifiedDate":"2024-02-05"},{"lineNumber":2,"author":{"gitId":"SuveenE"},"content":"","lastModifiedDate":"2024-02-05"},{"lineNumber":3,"author":{"gitId":"SuveenE"},"content":"    protected String from;","lastModifiedDate":"2024-02-05"},{"lineNumber":4,"author":{"gitId":"SuveenE"},"content":"    protected String to;","lastModifiedDate":"2024-02-05"},{"lineNumber":5,"author":{"gitId":"SuveenE"},"content":"","lastModifiedDate":"2024-02-05"},{"lineNumber":6,"author":{"gitId":"SuveenE"},"content":"    public Event(String description, String from, String to) {","lastModifiedDate":"2024-02-05"},{"lineNumber":7,"author":{"gitId":"SuveenE"},"content":"        super(description);","lastModifiedDate":"2024-02-05"},{"lineNumber":8,"author":{"gitId":"SuveenE"},"content":"        this.from \u003d from;","lastModifiedDate":"2024-02-05"},{"lineNumber":9,"author":{"gitId":"SuveenE"},"content":"        this.to \u003d to;","lastModifiedDate":"2024-02-05"},{"lineNumber":10,"author":{"gitId":"SuveenE"},"content":"    }","lastModifiedDate":"2024-02-05"},{"lineNumber":11,"author":{"gitId":"SuveenE"},"content":"","lastModifiedDate":"2024-02-05"},{"lineNumber":12,"author":{"gitId":"SuveenE"},"content":"    @Override","lastModifiedDate":"2024-02-05"},{"lineNumber":13,"author":{"gitId":"SuveenE"},"content":"    public String toString() {","lastModifiedDate":"2024-02-05"},{"lineNumber":14,"author":{"gitId":"SuveenE"},"content":"        return \"[E]\" + super.toString() + \" (from: \" + from + \" to: \" + to +\")\";","lastModifiedDate":"2024-02-05"},{"lineNumber":15,"author":{"gitId":"SuveenE"},"content":"    }","lastModifiedDate":"2024-02-05"},{"lineNumber":16,"author":{"gitId":"SuveenE"},"content":"}","lastModifiedDate":"2024-02-05"}],"authorContributionMap":{"SuveenE":16}},{"path":"src/main/java/Suv.java","fileType":"java","lines":[{"lineNumber":1,"author":{"gitId":"SuveenE"},"content":"import java.util.Scanner;","lastModifiedDate":"2024-01-29"},{"lineNumber":2,"author":{"gitId":"SuveenE"},"content":"","lastModifiedDate":"2024-01-29"},{"lineNumber":3,"author":{"gitId":"SuveenE"},"content":"","lastModifiedDate":"2024-02-06"},{"lineNumber":4,"author":{"gitId":"SuveenE"},"content":"public class Suv {","lastModifiedDate":"2024-01-24"},{"lineNumber":5,"author":{"gitId":"SuveenE"},"content":"    final static int DEADLINE_KEYWORD_END_INDEX \u003d 8;","lastModifiedDate":"2024-02-06"},{"lineNumber":6,"author":{"gitId":"SuveenE"},"content":"    final static int TODO_KEYWORD_END_INDEX \u003d 4;","lastModifiedDate":"2024-02-06"},{"lineNumber":7,"author":{"gitId":"SuveenE"},"content":"    final static int EVENT_KEYWORD_END_INDEX \u003d 5;","lastModifiedDate":"2024-02-06"},{"lineNumber":8,"author":{"gitId":"SuveenE"},"content":"    final static int TO_KEYWORD_END_INDEX \u003d 2;","lastModifiedDate":"2024-02-06"},{"lineNumber":9,"author":{"gitId":"SuveenE"},"content":"    final static int FROM_KEYWORD_END_INDEX \u003d 4;","lastModifiedDate":"2024-02-06"},{"lineNumber":10,"author":{"gitId":"SuveenE"},"content":"","lastModifiedDate":"2024-02-06"},{"lineNumber":11,"author":{"gitId":"-"},"content":"    public static void main(String[] args) {","lastModifiedDate":"2019-07-29"},{"lineNumber":12,"author":{"gitId":"SuveenE"},"content":"        String name \u003d \"Suv\";","lastModifiedDate":"2024-01-24"},{"lineNumber":13,"author":{"gitId":"SuveenE"},"content":"        Scanner in \u003d new Scanner(System.in);","lastModifiedDate":"2024-01-29"},{"lineNumber":14,"author":{"gitId":"SuveenE"},"content":"        Task[] tasks \u003d new Task[100];","lastModifiedDate":"2024-02-01"},{"lineNumber":15,"author":{"gitId":"SuveenE"},"content":"        int taskIndex \u003d 0;","lastModifiedDate":"2024-01-29"},{"lineNumber":16,"author":{"gitId":"SuveenE"},"content":"","lastModifiedDate":"2024-01-29"},{"lineNumber":17,"author":{"gitId":"SuveenE"},"content":"        System.out.println(\"____________________________________________________________\\n\" +","lastModifiedDate":"2024-01-29"},{"lineNumber":18,"author":{"gitId":"SuveenE"},"content":"                \" Hello! I\u0027m \" + name + \"\\n\" +","lastModifiedDate":"2024-01-29"},{"lineNumber":19,"author":{"gitId":"SuveenE"},"content":"                \" What can I do for you?\\n\" +","lastModifiedDate":"2024-01-29"},{"lineNumber":20,"author":{"gitId":"SuveenE"},"content":"                \"____________________________________________________________\\n\"","lastModifiedDate":"2024-02-01"},{"lineNumber":21,"author":{"gitId":"SuveenE"},"content":"        );","lastModifiedDate":"2024-02-01"},{"lineNumber":22,"author":{"gitId":"SuveenE"},"content":"","lastModifiedDate":"2024-01-29"},{"lineNumber":23,"author":{"gitId":"SuveenE"},"content":"        while(true) {","lastModifiedDate":"2024-01-29"},{"lineNumber":24,"author":{"gitId":"SuveenE"},"content":"            String input \u003d in.nextLine();","lastModifiedDate":"2024-01-29"},{"lineNumber":25,"author":{"gitId":"SuveenE"},"content":"            if(input.equals(\"bye\")){","lastModifiedDate":"2024-01-29"},{"lineNumber":26,"author":{"gitId":"SuveenE"},"content":"                System.out.println( \"____________________________________________________________\\n\" +","lastModifiedDate":"2024-01-24"},{"lineNumber":27,"author":{"gitId":"SuveenE"},"content":"                        \" Bye. Hope to see you again soon!\\n\" +","lastModifiedDate":"2024-01-24"},{"lineNumber":28,"author":{"gitId":"SuveenE"},"content":"                        \"____________________________________________________________\\n\"","lastModifiedDate":"2024-02-01"},{"lineNumber":29,"author":{"gitId":"SuveenE"},"content":"                );","lastModifiedDate":"2024-02-01"},{"lineNumber":30,"author":{"gitId":"SuveenE"},"content":"                break;","lastModifiedDate":"2024-01-29"},{"lineNumber":31,"author":{"gitId":"SuveenE"},"content":"            } else if (input.equals(\"list\")){","lastModifiedDate":"2024-01-29"},{"lineNumber":32,"author":{"gitId":"SuveenE"},"content":"                System.out.println(\"____________________________________________________________\\n\" + \" Here are the tasks in your list:\");","lastModifiedDate":"2024-02-01"},{"lineNumber":33,"author":{"gitId":"SuveenE"},"content":"                for(int i \u003d 0; i \u003c taskIndex; i++){","lastModifiedDate":"2024-01-29"},{"lineNumber":34,"author":{"gitId":"SuveenE"},"content":"                    int index \u003d i + 1;","lastModifiedDate":"2024-01-29"},{"lineNumber":35,"author":{"gitId":"SuveenE"},"content":"                    System.out.println(\" \" + index + \".\" + tasks[i]);","lastModifiedDate":"2024-02-05"},{"lineNumber":36,"author":{"gitId":"SuveenE"},"content":"                }","lastModifiedDate":"2024-01-29"},{"lineNumber":37,"author":{"gitId":"SuveenE"},"content":"                System.out.println(\"____________________________________________________________\\n\"","lastModifiedDate":"2024-02-06"},{"lineNumber":38,"author":{"gitId":"SuveenE"},"content":"                );","lastModifiedDate":"2024-02-01"},{"lineNumber":39,"author":{"gitId":"SuveenE"},"content":"            } else if (input.contains(\"unmark\")){","lastModifiedDate":"2024-02-01"},{"lineNumber":40,"author":{"gitId":"SuveenE"},"content":"                int n \u003d Integer.parseInt(input.split(\" \")[1]);","lastModifiedDate":"2024-02-01"},{"lineNumber":41,"author":{"gitId":"SuveenE"},"content":"                tasks[n - 1].unMark();","lastModifiedDate":"2024-02-01"},{"lineNumber":42,"author":{"gitId":"SuveenE"},"content":"                System.out.println(\"____________________________________________________________\\n\" +","lastModifiedDate":"2024-02-01"},{"lineNumber":43,"author":{"gitId":"SuveenE"},"content":"                        \" OK, I\u0027ve marked this task as not done yet:\\n\" + \"   [ ] \" + tasks[n - 1].getDescription() +","lastModifiedDate":"2024-02-01"},{"lineNumber":44,"author":{"gitId":"SuveenE"},"content":"                        \"\\n____________________________________________________________\\n\"","lastModifiedDate":"2024-02-01"},{"lineNumber":45,"author":{"gitId":"SuveenE"},"content":"                );","lastModifiedDate":"2024-02-01"},{"lineNumber":46,"author":{"gitId":"SuveenE"},"content":"            } else if (input.contains(\"mark\")){","lastModifiedDate":"2024-02-01"},{"lineNumber":47,"author":{"gitId":"SuveenE"},"content":"                int n \u003d Integer.parseInt(input.split(\" \")[1]);","lastModifiedDate":"2024-02-01"},{"lineNumber":48,"author":{"gitId":"SuveenE"},"content":"                Task currentTask \u003d tasks[n - 1];","lastModifiedDate":"2024-02-01"},{"lineNumber":49,"author":{"gitId":"SuveenE"},"content":"                currentTask.mark();","lastModifiedDate":"2024-02-01"},{"lineNumber":50,"author":{"gitId":"SuveenE"},"content":"                System.out.println(\"____________________________________________________________\\n\" +","lastModifiedDate":"2024-02-01"},{"lineNumber":51,"author":{"gitId":"SuveenE"},"content":"                        \" Nice! I\u0027ve marked this task as done:\\n\" + \"   [X] \" + currentTask.getDescription() +","lastModifiedDate":"2024-02-01"},{"lineNumber":52,"author":{"gitId":"SuveenE"},"content":"                        \"\\n____________________________________________________________\\n\"","lastModifiedDate":"2024-02-01"},{"lineNumber":53,"author":{"gitId":"SuveenE"},"content":"                );","lastModifiedDate":"2024-02-01"},{"lineNumber":54,"author":{"gitId":"SuveenE"},"content":"            } else if(input.contains(\"todo\")){","lastModifiedDate":"2024-02-05"},{"lineNumber":55,"author":{"gitId":"SuveenE"},"content":"                Todo newTask \u003d new Todo(input.substring(TODO_KEYWORD_END_INDEX).trim());","lastModifiedDate":"2024-02-06"},{"lineNumber":56,"author":{"gitId":"SuveenE"},"content":"","lastModifiedDate":"2024-02-05"},{"lineNumber":57,"author":{"gitId":"SuveenE"},"content":"                tasks[taskIndex++] \u003d newTask;","lastModifiedDate":"2024-02-01"},{"lineNumber":58,"author":{"gitId":"SuveenE"},"content":"                String helper \u003d (taskIndex \u003e 1) ? \"s \" : \" \";","lastModifiedDate":"2024-02-05"},{"lineNumber":59,"author":{"gitId":"SuveenE"},"content":"                System.out.println(\"____________________________________________________________\\n\" +","lastModifiedDate":"2024-01-29"},{"lineNumber":60,"author":{"gitId":"SuveenE"},"content":"                        \" Got it. I\u0027ve added this task:\\n\" + \"  \" + newTask +","lastModifiedDate":"2024-02-05"},{"lineNumber":61,"author":{"gitId":"SuveenE"},"content":"                        \"\\n Now you have \" + Integer.toString((taskIndex)) +\" task\" + helper + \"in the list.\" +","lastModifiedDate":"2024-02-05"},{"lineNumber":62,"author":{"gitId":"SuveenE"},"content":"                        \"\\n____________________________________________________________\\n\"","lastModifiedDate":"2024-02-01"},{"lineNumber":63,"author":{"gitId":"SuveenE"},"content":"                );","lastModifiedDate":"2024-02-01"},{"lineNumber":64,"author":{"gitId":"SuveenE"},"content":"            }else if(input.contains(\"deadline\")){","lastModifiedDate":"2024-02-05"},{"lineNumber":65,"author":{"gitId":"SuveenE"},"content":"                String by \u003d input.split(\"/by\")[1].trim();","lastModifiedDate":"2024-02-05"},{"lineNumber":66,"author":{"gitId":"SuveenE"},"content":"                String description \u003d input.split(\"/by\")[0].substring(DEADLINE_KEYWORD_END_INDEX).trim();","lastModifiedDate":"2024-02-06"},{"lineNumber":67,"author":{"gitId":"SuveenE"},"content":"","lastModifiedDate":"2024-02-05"},{"lineNumber":68,"author":{"gitId":"SuveenE"},"content":"                Deadline newTask \u003d new Deadline(description, by);","lastModifiedDate":"2024-02-05"},{"lineNumber":69,"author":{"gitId":"SuveenE"},"content":"                tasks[taskIndex++] \u003d newTask;","lastModifiedDate":"2024-02-05"},{"lineNumber":70,"author":{"gitId":"SuveenE"},"content":"                String helper \u003d (taskIndex \u003e 1) ? \"s \" : \" \";","lastModifiedDate":"2024-02-05"},{"lineNumber":71,"author":{"gitId":"SuveenE"},"content":"                System.out.println(\"____________________________________________________________\\n\" +","lastModifiedDate":"2024-02-05"},{"lineNumber":72,"author":{"gitId":"SuveenE"},"content":"                        \" Got it. I\u0027ve added this task:\\n\" + \"  \" + newTask +","lastModifiedDate":"2024-02-05"},{"lineNumber":73,"author":{"gitId":"SuveenE"},"content":"                        \"\\n Now you have \" + Integer.toString((taskIndex)) +\" task\" + helper +\"in the list.\" +","lastModifiedDate":"2024-02-05"},{"lineNumber":74,"author":{"gitId":"SuveenE"},"content":"                        \"\\n____________________________________________________________\\n\"","lastModifiedDate":"2024-02-05"},{"lineNumber":75,"author":{"gitId":"SuveenE"},"content":"                );","lastModifiedDate":"2024-02-05"},{"lineNumber":76,"author":{"gitId":"SuveenE"},"content":"            } else if(input.contains(\"event\")){","lastModifiedDate":"2024-02-05"},{"lineNumber":77,"author":{"gitId":"SuveenE"},"content":"                String from \u003d input.split(\"/\")[1].trim().substring(FROM_KEYWORD_END_INDEX).trim();","lastModifiedDate":"2024-02-06"},{"lineNumber":78,"author":{"gitId":"SuveenE"},"content":"                String to \u003d input.split(\"/\")[2].trim().substring(TO_KEYWORD_END_INDEX).trim();","lastModifiedDate":"2024-02-06"},{"lineNumber":79,"author":{"gitId":"SuveenE"},"content":"                String description \u003d input.split(\"/\")[0].substring(EVENT_KEYWORD_END_INDEX).trim();","lastModifiedDate":"2024-02-06"},{"lineNumber":80,"author":{"gitId":"SuveenE"},"content":"","lastModifiedDate":"2024-02-05"},{"lineNumber":81,"author":{"gitId":"SuveenE"},"content":"                Event newTask \u003d new Event(description, from, to);","lastModifiedDate":"2024-02-05"},{"lineNumber":82,"author":{"gitId":"SuveenE"},"content":"                tasks[taskIndex++] \u003d newTask;","lastModifiedDate":"2024-02-05"},{"lineNumber":83,"author":{"gitId":"SuveenE"},"content":"","lastModifiedDate":"2024-02-05"},{"lineNumber":84,"author":{"gitId":"SuveenE"},"content":"                //If the number of tasks is 1 use the word \u0027task\u0027 instead of \u0027tasks\u0027","lastModifiedDate":"2024-02-05"},{"lineNumber":85,"author":{"gitId":"SuveenE"},"content":"                String helper \u003d (taskIndex \u003e 1) ? \"s \" : \" \";","lastModifiedDate":"2024-02-05"},{"lineNumber":86,"author":{"gitId":"SuveenE"},"content":"                System.out.println(\"____________________________________________________________\\n\" +","lastModifiedDate":"2024-02-05"},{"lineNumber":87,"author":{"gitId":"SuveenE"},"content":"                        \" Got it. I\u0027ve added this task:\\n\" + \"  \" + newTask +","lastModifiedDate":"2024-02-05"},{"lineNumber":88,"author":{"gitId":"SuveenE"},"content":"                        \"\\n Now you have \" + Integer.toString((taskIndex)) +\" task\" + helper +\"in the list.\" +","lastModifiedDate":"2024-02-05"},{"lineNumber":89,"author":{"gitId":"SuveenE"},"content":"                        \"\\n____________________________________________________________\\n\"","lastModifiedDate":"2024-02-05"},{"lineNumber":90,"author":{"gitId":"SuveenE"},"content":"                );","lastModifiedDate":"2024-02-05"},{"lineNumber":91,"author":{"gitId":"SuveenE"},"content":"            }","lastModifiedDate":"2024-01-29"},{"lineNumber":92,"author":{"gitId":"SuveenE"},"content":"        }","lastModifiedDate":"2024-01-29"},{"lineNumber":93,"author":{"gitId":"-"},"content":"    }","lastModifiedDate":"2019-07-29"},{"lineNumber":94,"author":{"gitId":"-"},"content":"}","lastModifiedDate":"2019-07-29"}],"authorContributionMap":{"SuveenE":91,"-":3}},{"path":"src/main/java/Task.java","fileType":"java","lines":[{"lineNumber":1,"author":{"gitId":"SuveenE"},"content":"public class Task {","lastModifiedDate":"2024-01-29"},{"lineNumber":2,"author":{"gitId":"SuveenE"},"content":"    protected String description;","lastModifiedDate":"2024-01-29"},{"lineNumber":3,"author":{"gitId":"SuveenE"},"content":"    protected boolean isDone;","lastModifiedDate":"2024-01-29"},{"lineNumber":4,"author":{"gitId":"SuveenE"},"content":"","lastModifiedDate":"2024-01-29"},{"lineNumber":5,"author":{"gitId":"SuveenE"},"content":"    public Task(String description) {","lastModifiedDate":"2024-01-29"},{"lineNumber":6,"author":{"gitId":"SuveenE"},"content":"        this.description \u003d description;","lastModifiedDate":"2024-01-29"},{"lineNumber":7,"author":{"gitId":"SuveenE"},"content":"        this.isDone \u003d false;","lastModifiedDate":"2024-01-29"},{"lineNumber":8,"author":{"gitId":"SuveenE"},"content":"    }","lastModifiedDate":"2024-01-29"},{"lineNumber":9,"author":{"gitId":"SuveenE"},"content":"","lastModifiedDate":"2024-01-29"},{"lineNumber":10,"author":{"gitId":"SuveenE"},"content":"    public String getDescription(){","lastModifiedDate":"2024-01-29"},{"lineNumber":11,"author":{"gitId":"SuveenE"},"content":"        return this.description;","lastModifiedDate":"2024-01-29"},{"lineNumber":12,"author":{"gitId":"SuveenE"},"content":"    }","lastModifiedDate":"2024-01-29"},{"lineNumber":13,"author":{"gitId":"SuveenE"},"content":"","lastModifiedDate":"2024-01-29"},{"lineNumber":14,"author":{"gitId":"SuveenE"},"content":"    public boolean getIsDone(){","lastModifiedDate":"2024-01-29"},{"lineNumber":15,"author":{"gitId":"SuveenE"},"content":"        return this.isDone;","lastModifiedDate":"2024-01-29"},{"lineNumber":16,"author":{"gitId":"SuveenE"},"content":"    }","lastModifiedDate":"2024-01-29"},{"lineNumber":17,"author":{"gitId":"SuveenE"},"content":"","lastModifiedDate":"2024-01-29"},{"lineNumber":18,"author":{"gitId":"SuveenE"},"content":"    public String getStatusIcon() {","lastModifiedDate":"2024-01-29"},{"lineNumber":19,"author":{"gitId":"SuveenE"},"content":"        return (isDone ? \"X\" : \" \"); ","lastModifiedDate":"2024-01-29"},{"lineNumber":20,"author":{"gitId":"SuveenE"},"content":"    }","lastModifiedDate":"2024-01-29"},{"lineNumber":21,"author":{"gitId":"SuveenE"},"content":"","lastModifiedDate":"2024-01-29"},{"lineNumber":22,"author":{"gitId":"SuveenE"},"content":"    public void mark(){","lastModifiedDate":"2024-01-29"},{"lineNumber":23,"author":{"gitId":"SuveenE"},"content":"        this.isDone \u003d true;","lastModifiedDate":"2024-01-29"},{"lineNumber":24,"author":{"gitId":"SuveenE"},"content":"    }","lastModifiedDate":"2024-01-29"},{"lineNumber":25,"author":{"gitId":"SuveenE"},"content":"","lastModifiedDate":"2024-01-29"},{"lineNumber":26,"author":{"gitId":"SuveenE"},"content":"    public void unMark(){","lastModifiedDate":"2024-01-29"},{"lineNumber":27,"author":{"gitId":"SuveenE"},"content":"        this.isDone \u003d false;","lastModifiedDate":"2024-01-29"},{"lineNumber":28,"author":{"gitId":"SuveenE"},"content":"    }","lastModifiedDate":"2024-01-29"},{"lineNumber":29,"author":{"gitId":"SuveenE"},"content":"","lastModifiedDate":"2024-01-29"},{"lineNumber":30,"author":{"gitId":"SuveenE"},"content":"    @Override","lastModifiedDate":"2024-02-05"},{"lineNumber":31,"author":{"gitId":"SuveenE"},"content":"    public String toString() {","lastModifiedDate":"2024-02-05"},{"lineNumber":32,"author":{"gitId":"SuveenE"},"content":"        return \"[\" + this.getStatusIcon() + \"] \" + this.getDescription();","lastModifiedDate":"2024-02-05"},{"lineNumber":33,"author":{"gitId":"SuveenE"},"content":"    }","lastModifiedDate":"2024-02-05"},{"lineNumber":34,"author":{"gitId":"SuveenE"},"content":"","lastModifiedDate":"2024-02-05"},{"lineNumber":35,"author":{"gitId":"SuveenE"},"content":"}","lastModifiedDate":"2024-01-29"}],"authorContributionMap":{"SuveenE":35}},{"path":"src/main/java/Todo.java","fileType":"java","lines":[{"lineNumber":1,"author":{"gitId":"SuveenE"},"content":"public class Todo extends Task {","lastModifiedDate":"2024-02-05"},{"lineNumber":2,"author":{"gitId":"SuveenE"},"content":"","lastModifiedDate":"2024-02-05"},{"lineNumber":3,"author":{"gitId":"SuveenE"},"content":"    public Todo(String description){","lastModifiedDate":"2024-02-05"},{"lineNumber":4,"author":{"gitId":"SuveenE"},"content":"        super(description);","lastModifiedDate":"2024-02-05"},{"lineNumber":5,"author":{"gitId":"SuveenE"},"content":"    }","lastModifiedDate":"2024-02-05"},{"lineNumber":6,"author":{"gitId":"SuveenE"},"content":"","lastModifiedDate":"2024-02-05"},{"lineNumber":7,"author":{"gitId":"SuveenE"},"content":"    @Override","lastModifiedDate":"2024-02-05"},{"lineNumber":8,"author":{"gitId":"SuveenE"},"content":"    public String toString() {","lastModifiedDate":"2024-02-05"},{"lineNumber":9,"author":{"gitId":"SuveenE"},"content":"        return \"[T]\" + super.toString();","lastModifiedDate":"2024-02-05"},{"lineNumber":10,"author":{"gitId":"SuveenE"},"content":"    }","lastModifiedDate":"2024-02-05"},{"lineNumber":11,"author":{"gitId":"SuveenE"},"content":"}","lastModifiedDate":"2024-02-05"}],"authorContributionMap":{"SuveenE":11}},{"path":"text-ui-test/input.txt","fileType":"txt","lines":[{"lineNumber":1,"author":{"gitId":"SuveenE"},"content":"todo read book","lastModifiedDate":"2024-02-06"},{"lineNumber":2,"author":{"gitId":"SuveenE"},"content":"deadline return book /by Sunday","lastModifiedDate":"2024-02-06"},{"lineNumber":3,"author":{"gitId":"SuveenE"},"content":"event project meeting /from Mon 2pm /to 4pm","lastModifiedDate":"2024-02-06"},{"lineNumber":4,"author":{"gitId":"SuveenE"},"content":"mark 2","lastModifiedDate":"2024-02-06"},{"lineNumber":5,"author":{"gitId":"SuveenE"},"content":"list","lastModifiedDate":"2024-02-06"},{"lineNumber":6,"author":{"gitId":"SuveenE"},"content":"deadline do homework /by no idea :-p","lastModifiedDate":"2024-02-06"}],"authorContributionMap":{"SuveenE":6}},{"path":"text-ui-test/runtest.bat","fileType":"bat","lines":[{"lineNumber":1,"author":{"gitId":"-"},"content":"@ECHO OFF","lastModifiedDate":"2020-05-25"},{"lineNumber":2,"author":{"gitId":"-"},"content":"","lastModifiedDate":"2020-05-25"},{"lineNumber":3,"author":{"gitId":"-"},"content":"REM create bin directory if it doesn\u0027t exist","lastModifiedDate":"2020-05-25"},{"lineNumber":4,"author":{"gitId":"-"},"content":"if not exist ..\\bin mkdir ..\\bin","lastModifiedDate":"2020-05-25"},{"lineNumber":5,"author":{"gitId":"-"},"content":"","lastModifiedDate":"2020-05-25"},{"lineNumber":6,"author":{"gitId":"-"},"content":"REM delete output from previous run","lastModifiedDate":"2020-05-25"},{"lineNumber":7,"author":{"gitId":"-"},"content":"if exist ACTUAL.TXT del ACTUAL.TXT","lastModifiedDate":"2020-08-25"},{"lineNumber":8,"author":{"gitId":"-"},"content":"","lastModifiedDate":"2020-05-25"},{"lineNumber":9,"author":{"gitId":"-"},"content":"REM compile the code into the bin folder","lastModifiedDate":"2020-05-25"},{"lineNumber":10,"author":{"gitId":"-"},"content":"javac  -cp ..\\src\\main\\java -Xlint:none -d ..\\bin ..\\src\\main\\java\\*.java","lastModifiedDate":"2020-08-25"},{"lineNumber":11,"author":{"gitId":"-"},"content":"IF ERRORLEVEL 1 (","lastModifiedDate":"2020-05-25"},{"lineNumber":12,"author":{"gitId":"-"},"content":"    echo ********** BUILD FAILURE **********","lastModifiedDate":"2020-05-25"},{"lineNumber":13,"author":{"gitId":"-"},"content":"    exit /b 1","lastModifiedDate":"2020-05-25"},{"lineNumber":14,"author":{"gitId":"-"},"content":")","lastModifiedDate":"2020-05-25"},{"lineNumber":15,"author":{"gitId":"-"},"content":"REM no error here, errorlevel \u003d\u003d 0","lastModifiedDate":"2020-05-25"},{"lineNumber":16,"author":{"gitId":"-"},"content":"","lastModifiedDate":"2020-05-25"},{"lineNumber":17,"author":{"gitId":"-"},"content":"REM run the program, feed commands from input.txt file and redirect the output to the ACTUAL.TXT","lastModifiedDate":"2020-05-25"},{"lineNumber":18,"author":{"gitId":"SuveenE"},"content":"java -classpath ..\\bin Suv \u003c input.txt \u003e ACTUAL.TXT","lastModifiedDate":"2024-02-06"},{"lineNumber":19,"author":{"gitId":"-"},"content":"","lastModifiedDate":"2020-05-25"},{"lineNumber":20,"author":{"gitId":"-"},"content":"REM compare the output to the expected output","lastModifiedDate":"2020-05-25"},{"lineNumber":21,"author":{"gitId":"-"},"content":"FC ACTUAL.TXT EXPECTED.TXT","lastModifiedDate":"2020-05-25"}],"authorContributionMap":{"SuveenE":1,"-":20}}]
