{"authorDailyContributionsMap":{"SuveenE":[{"date":"2024-01-24","commitResults":[{"hash":"9234b4e0979af346f52ea7f01b140ed8ee2465f0","isMergeCommit":false,"messageTitle":"Change chatbot name to Suv","messageBody":"","fileTypesAndContributionMap":{"java":{"insertions":2,"deletions":2}}},{"hash":"305b0324e6482f9f6dcbe2a5a0f1c32ec9edf470","isMergeCommit":false,"messageTitle":"Add Greet and Exit message","messageBody":"","tags":["Level-0"],"fileTypesAndContributionMap":{"java":{"insertions":7,"deletions":6}}}]},{"date":"2024-01-29","commitResults":[{"hash":"c8b5c610b045e9ffc3ab7e0bfcdb8faa7cd911a8","isMergeCommit":false,"messageTitle":"Add echo and exit functionalities","messageBody":"","fileTypesAndContributionMap":{"java":{"insertions":17,"deletions":6}}},{"hash":"d258c504fcdf2c51eac0b82d850ef8b300505d6b","isMergeCommit":false,"messageTitle":"bug fix: Add the initial message","messageBody":"","tags":["Level-1"],"fileTypesAndContributionMap":{"java":{"insertions":5,"deletions":0}}},{"hash":"47fc254b6e9265b449c9e4adf8705c356fb5d022","isMergeCommit":false,"messageTitle":"Add tasks list to store and retrieve text","messageBody":"","tags":["Level-2"],"fileTypesAndContributionMap":{"java":{"insertions":15,"deletions":5}}},{"hash":"88c3f95b423b30b4070b90038efc846b3fea18e7","isMergeCommit":false,"messageTitle":"Create Task class","messageBody":"","fileTypesAndContributionMap":{"java":{"insertions":30,"deletions":0}}}]},{"date":"2024-02-01","commitResults":[{"hash":"7b6221deb7800e46b5331ae83b3e95b6d911f64c","isMergeCommit":false,"messageTitle":"Add the ability to mark tasks as done","messageBody":"","fileTypesAndContributionMap":{"java":{"insertions":12,"deletions":4}}},{"hash":"db94273165359569d8140d6d2c34fff9de9ace83","isMergeCommit":false,"messageTitle":"Allow changing status back to not done","messageBody":"","tags":["Level-3"],"fileTypesAndContributionMap":{"java":{"insertions":6,"deletions":0}}},{"hash":"32a027efc5cd107f3cb06e1aec9e620b8e4dbe98","isMergeCommit":false,"messageTitle":"bug fix: correct indentation issues","messageBody":"","tags":["A-CodingStandard"],"fileTypesAndContributionMap":{"java":{"insertions":13,"deletions":7}}}]},{"date":"2024-02-05","commitResults":[{"hash":"1741a95347f792d6f05b4794fbb57be872c47880","isMergeCommit":false,"messageTitle":"Add Todo, Deadline and Event classes","messageBody":"","fileTypesAndContributionMap":{"java":{"insertions":46,"deletions":0}}},{"hash":"fa4a5b714ca061921b15a7d109da4dec5e12d220","isMergeCommit":false,"messageTitle":"Add support to track Todos","messageBody":"","fileTypesAndContributionMap":{"java":{"insertions":7,"deletions":4}}},{"hash":"0fd9287f27569d244d69ad777b7a913717ecedc7","isMergeCommit":false,"messageTitle":"Add support to track deadlines and events","messageBody":"","tags":["Level-4"],"fileTypesAndContributionMap":{"java":{"insertions":27,"deletions":0}}}]},{"date":"2024-02-06","commitResults":[{"hash":"bf7ba5a28024a79737d10e80316314d3a37caf47","isMergeCommit":false,"messageTitle":"Add tests","messageBody":"","tags":["A-TextUiTesting"],"fileTypesAndContributionMap":{"txt":{"insertions":6,"deletions":0},"java":{"insertions":1,"deletions":1},"bat":{"insertions":1,"deletions":1}}},{"hash":"d1ea0c7326e68ebcef2a42fb224197ce693bf5a3","isMergeCommit":false,"messageTitle":"Replace magic numbers with named constants","messageBody":"","tags":["A-CodeQuality"],"fileTypesAndContributionMap":{"java":{"insertions":12,"deletions":5}}}]}]},"authorFileTypeContributionMap":{"SuveenE":{"java":167,"md":0,"fxml":0,"sh":0,"bat":1,"gradle":0,"txt":6}},"authorContributionVariance":{"SuveenE":667.62885},"authorDisplayNameMap":{"SuveenE":"CS2113-W12-2 ELLA..DARA"}}
