[{"path":"src/main/java/Adam.java","fileType":"java","lines":[{"lineNumber":1,"author":{"gitId":"adamzzq"},"content":"import java.util.Scanner;","lastModifiedDate":"2024-02-09"},{"lineNumber":2,"author":{"gitId":"adamzzq"},"content":"","lastModifiedDate":"2024-01-30"},{"lineNumber":3,"author":{"gitId":"adamzzq"},"content":"import exception.AdamException;","lastModifiedDate":"2024-02-11"},{"lineNumber":4,"author":{"gitId":"adamzzq"},"content":"import command.CommandGenerator;","lastModifiedDate":"2024-02-11"},{"lineNumber":5,"author":{"gitId":"adamzzq"},"content":"import task.TaskList;","lastModifiedDate":"2024-02-11"},{"lineNumber":6,"author":{"gitId":"adamzzq"},"content":"import ui.Message;","lastModifiedDate":"2024-02-11"},{"lineNumber":7,"author":{"gitId":"adamzzq"},"content":"","lastModifiedDate":"2024-02-11"},{"lineNumber":8,"author":{"gitId":"adamzzq"},"content":"public class Adam {","lastModifiedDate":"2024-01-23"},{"lineNumber":9,"author":{"gitId":"adamzzq"},"content":"    public static void main(String[] args) {","lastModifiedDate":"2024-01-30"},{"lineNumber":10,"author":{"gitId":"adamzzq"},"content":"        Scanner scanner \u003d new Scanner(System.in);","lastModifiedDate":"2024-02-19"},{"lineNumber":11,"author":{"gitId":"adamzzq"},"content":"        TaskList tasks \u003d new TaskList();","lastModifiedDate":"2024-01-31"},{"lineNumber":12,"author":{"gitId":"adamzzq"},"content":"        String input;","lastModifiedDate":"2024-02-19"},{"lineNumber":13,"author":{"gitId":"adamzzq"},"content":"        boolean exitFlag \u003d false;","lastModifiedDate":"2024-02-11"},{"lineNumber":14,"author":{"gitId":"adamzzq"},"content":"","lastModifiedDate":"2024-01-30"},{"lineNumber":15,"author":{"gitId":"adamzzq"},"content":"        try {","lastModifiedDate":"2024-02-18"},{"lineNumber":16,"author":{"gitId":"adamzzq"},"content":"            tasks \u003d FileManager.loadTasks();","lastModifiedDate":"2024-02-18"},{"lineNumber":17,"author":{"gitId":"adamzzq"},"content":"        } catch (AdamException e) {","lastModifiedDate":"2024-02-18"},{"lineNumber":18,"author":{"gitId":"adamzzq"},"content":"            System.out.println(e.getMessage());","lastModifiedDate":"2024-02-18"},{"lineNumber":19,"author":{"gitId":"adamzzq"},"content":"        }","lastModifiedDate":"2024-02-18"},{"lineNumber":20,"author":{"gitId":"adamzzq"},"content":"","lastModifiedDate":"2024-02-18"},{"lineNumber":21,"author":{"gitId":"adamzzq"},"content":"        System.out.println(Message.GREETING_MESSAGE);","lastModifiedDate":"2024-02-04"},{"lineNumber":22,"author":{"gitId":"adamzzq"},"content":"","lastModifiedDate":"2024-01-31"},{"lineNumber":23,"author":{"gitId":"adamzzq"},"content":"        while (!exitFlag) {","lastModifiedDate":"2024-02-11"},{"lineNumber":24,"author":{"gitId":"adamzzq"},"content":"            input \u003d scanner.nextLine();","lastModifiedDate":"2024-02-19"},{"lineNumber":25,"author":{"gitId":"adamzzq"},"content":"            System.out.println(Message.DELIMITER);","lastModifiedDate":"2024-02-09"},{"lineNumber":26,"author":{"gitId":"adamzzq"},"content":"","lastModifiedDate":"2024-01-30"},{"lineNumber":27,"author":{"gitId":"adamzzq"},"content":"            try {","lastModifiedDate":"2024-02-19"},{"lineNumber":28,"author":{"gitId":"adamzzq"},"content":"                exitFlag \u003d CommandGenerator.generate(input).execute(tasks);","lastModifiedDate":"2024-02-19"},{"lineNumber":29,"author":{"gitId":"adamzzq"},"content":"                // return true if it\u0027s exitCommand; false otherwise","lastModifiedDate":"2024-02-15"},{"lineNumber":30,"author":{"gitId":"adamzzq"},"content":"                FileManager.saveTasks(tasks);","lastModifiedDate":"2024-02-18"},{"lineNumber":31,"author":{"gitId":"adamzzq"},"content":"            } catch (AdamException error) {","lastModifiedDate":"2024-02-11"},{"lineNumber":32,"author":{"gitId":"adamzzq"},"content":"                System.out.println(error.getMessage());","lastModifiedDate":"2024-02-11"},{"lineNumber":33,"author":{"gitId":"adamzzq"},"content":"            }","lastModifiedDate":"2024-01-31"},{"lineNumber":34,"author":{"gitId":"adamzzq"},"content":"","lastModifiedDate":"2024-01-30"},{"lineNumber":35,"author":{"gitId":"adamzzq"},"content":"            System.out.println(Message.DELIMITER);","lastModifiedDate":"2024-02-04"},{"lineNumber":36,"author":{"gitId":"adamzzq"},"content":"        }","lastModifiedDate":"2024-01-30"},{"lineNumber":37,"author":{"gitId":"adamzzq"},"content":"","lastModifiedDate":"2024-02-19"},{"lineNumber":38,"author":{"gitId":"adamzzq"},"content":"        scanner.close();","lastModifiedDate":"2024-02-19"},{"lineNumber":39,"author":{"gitId":"adamzzq"},"content":"    }","lastModifiedDate":"2024-01-23"},{"lineNumber":40,"author":{"gitId":"adamzzq"},"content":"}","lastModifiedDate":"2024-01-30"}],"authorContributionMap":{"adamzzq":40}},{"path":"src/main/java/FileManager.java","fileType":"java","lines":[{"lineNumber":1,"author":{"gitId":"adamzzq"},"content":"import java.io.FileInputStream;","lastModifiedDate":"2024-02-18"},{"lineNumber":2,"author":{"gitId":"adamzzq"},"content":"import java.io.FileOutputStream;","lastModifiedDate":"2024-02-18"},{"lineNumber":3,"author":{"gitId":"adamzzq"},"content":"import java.io.IOException;","lastModifiedDate":"2024-02-18"},{"lineNumber":4,"author":{"gitId":"adamzzq"},"content":"import java.io.ObjectInputStream;","lastModifiedDate":"2024-02-18"},{"lineNumber":5,"author":{"gitId":"adamzzq"},"content":"import java.io.ObjectOutputStream;","lastModifiedDate":"2024-02-18"},{"lineNumber":6,"author":{"gitId":"adamzzq"},"content":"","lastModifiedDate":"2024-02-18"},{"lineNumber":7,"author":{"gitId":"adamzzq"},"content":"import exception.AdamException;","lastModifiedDate":"2024-02-18"},{"lineNumber":8,"author":{"gitId":"adamzzq"},"content":"import task.TaskList;","lastModifiedDate":"2024-02-18"},{"lineNumber":9,"author":{"gitId":"adamzzq"},"content":"import ui.Message;","lastModifiedDate":"2024-02-18"},{"lineNumber":10,"author":{"gitId":"adamzzq"},"content":"","lastModifiedDate":"2024-02-18"},{"lineNumber":11,"author":{"gitId":"adamzzq"},"content":"public class FileManager {","lastModifiedDate":"2024-02-18"},{"lineNumber":12,"author":{"gitId":"adamzzq"},"content":"    private static final String TASKS_FILE_PATH \u003d \"tasks.dat\";","lastModifiedDate":"2024-02-18"},{"lineNumber":13,"author":{"gitId":"adamzzq"},"content":"","lastModifiedDate":"2024-02-18"},{"lineNumber":14,"author":{"gitId":"adamzzq"},"content":"    public static void saveTasks(TaskList tasks) throws AdamException {","lastModifiedDate":"2024-02-18"},{"lineNumber":15,"author":{"gitId":"adamzzq"},"content":"        try (ObjectOutputStream outputStream \u003d new ObjectOutputStream(new FileOutputStream(TASKS_FILE_PATH))) {","lastModifiedDate":"2024-02-18"},{"lineNumber":16,"author":{"gitId":"adamzzq"},"content":"            outputStream.writeObject(tasks);","lastModifiedDate":"2024-02-18"},{"lineNumber":17,"author":{"gitId":"adamzzq"},"content":"        } catch (IOException error) {","lastModifiedDate":"2024-02-18"},{"lineNumber":18,"author":{"gitId":"adamzzq"},"content":"            throw new AdamException(Message.FILE_SAVE_ERROR_MESSAGE);","lastModifiedDate":"2024-02-18"},{"lineNumber":19,"author":{"gitId":"adamzzq"},"content":"        }","lastModifiedDate":"2024-02-18"},{"lineNumber":20,"author":{"gitId":"adamzzq"},"content":"    }","lastModifiedDate":"2024-02-18"},{"lineNumber":21,"author":{"gitId":"adamzzq"},"content":"","lastModifiedDate":"2024-02-18"},{"lineNumber":22,"author":{"gitId":"adamzzq"},"content":"    public static TaskList loadTasks() throws AdamException {","lastModifiedDate":"2024-02-18"},{"lineNumber":23,"author":{"gitId":"adamzzq"},"content":"        try (ObjectInputStream inputStream \u003d new ObjectInputStream(new FileInputStream(TASKS_FILE_PATH))) {","lastModifiedDate":"2024-02-18"},{"lineNumber":24,"author":{"gitId":"adamzzq"},"content":"            return (TaskList) inputStream.readObject();","lastModifiedDate":"2024-02-18"},{"lineNumber":25,"author":{"gitId":"adamzzq"},"content":"        } catch (IOException | ClassNotFoundException error) {","lastModifiedDate":"2024-02-18"},{"lineNumber":26,"author":{"gitId":"adamzzq"},"content":"            throw new AdamException(Message.FILE_LOAD_ERROR_MESSAGE);","lastModifiedDate":"2024-02-18"},{"lineNumber":27,"author":{"gitId":"adamzzq"},"content":"        }","lastModifiedDate":"2024-02-18"},{"lineNumber":28,"author":{"gitId":"adamzzq"},"content":"    }","lastModifiedDate":"2024-02-18"},{"lineNumber":29,"author":{"gitId":"adamzzq"},"content":"}","lastModifiedDate":"2024-02-18"}],"authorContributionMap":{"adamzzq":29}},{"path":"src/main/java/command/AddTaskCommand.java","fileType":"java","lines":[{"lineNumber":1,"author":{"gitId":"adamzzq"},"content":"package command;","lastModifiedDate":"2024-02-11"},{"lineNumber":2,"author":{"gitId":"adamzzq"},"content":"","lastModifiedDate":"2024-02-11"},{"lineNumber":3,"author":{"gitId":"adamzzq"},"content":"import task.TaskList;","lastModifiedDate":"2024-02-11"},{"lineNumber":4,"author":{"gitId":"adamzzq"},"content":"import ui.Message;","lastModifiedDate":"2024-02-11"},{"lineNumber":5,"author":{"gitId":"adamzzq"},"content":"import ui.Parser;","lastModifiedDate":"2024-02-11"},{"lineNumber":6,"author":{"gitId":"adamzzq"},"content":"","lastModifiedDate":"2024-02-11"},{"lineNumber":7,"author":{"gitId":"adamzzq"},"content":"public class AddTaskCommand implements Command {","lastModifiedDate":"2024-01-31"},{"lineNumber":8,"author":{"gitId":"adamzzq"},"content":"    private final Parser token;","lastModifiedDate":"2024-02-09"},{"lineNumber":9,"author":{"gitId":"adamzzq"},"content":"    private final String[] taskDescriptions;","lastModifiedDate":"2024-02-07"},{"lineNumber":10,"author":{"gitId":"adamzzq"},"content":"","lastModifiedDate":"2024-01-31"},{"lineNumber":11,"author":{"gitId":"adamzzq"},"content":"    public AddTaskCommand(Parser token, String[] taskDescriptions) {","lastModifiedDate":"2024-02-09"},{"lineNumber":12,"author":{"gitId":"adamzzq"},"content":"        this.token \u003d token;","lastModifiedDate":"2024-02-09"},{"lineNumber":13,"author":{"gitId":"adamzzq"},"content":"        this.taskDescriptions \u003d taskDescriptions;","lastModifiedDate":"2024-02-07"},{"lineNumber":14,"author":{"gitId":"adamzzq"},"content":"    }","lastModifiedDate":"2024-01-31"},{"lineNumber":15,"author":{"gitId":"adamzzq"},"content":"","lastModifiedDate":"2024-01-31"},{"lineNumber":16,"author":{"gitId":"adamzzq"},"content":"    @Override","lastModifiedDate":"2024-01-31"},{"lineNumber":17,"author":{"gitId":"adamzzq"},"content":"    public boolean execute(TaskList tasks) {","lastModifiedDate":"2024-02-09"},{"lineNumber":18,"author":{"gitId":"adamzzq"},"content":"        tasks.addTask(token, taskDescriptions);","lastModifiedDate":"2024-02-09"},{"lineNumber":19,"author":{"gitId":"adamzzq"},"content":"        System.out.println(Message.ADD_TASK_MESSAGE_FRONT","lastModifiedDate":"2024-02-07"},{"lineNumber":20,"author":{"gitId":"adamzzq"},"content":"                + tasks.getTask(tasks.size())","lastModifiedDate":"2024-02-07"},{"lineNumber":21,"author":{"gitId":"adamzzq"},"content":"                + Message.ADD_TASK_MESSAGE_MIDDLE","lastModifiedDate":"2024-02-07"},{"lineNumber":22,"author":{"gitId":"adamzzq"},"content":"                + tasks.size()","lastModifiedDate":"2024-02-07"},{"lineNumber":23,"author":{"gitId":"adamzzq"},"content":"                + Message.ADD_TASK_MESSAGE_END);","lastModifiedDate":"2024-02-07"},{"lineNumber":24,"author":{"gitId":"adamzzq"},"content":"        return false;","lastModifiedDate":"2024-02-09"},{"lineNumber":25,"author":{"gitId":"adamzzq"},"content":"    }","lastModifiedDate":"2024-01-31"},{"lineNumber":26,"author":{"gitId":"adamzzq"},"content":"}","lastModifiedDate":"2024-01-31"}],"authorContributionMap":{"adamzzq":26}},{"path":"src/main/java/command/Command.java","fileType":"java","lines":[{"lineNumber":1,"author":{"gitId":"adamzzq"},"content":"package command;","lastModifiedDate":"2024-02-11"},{"lineNumber":2,"author":{"gitId":"adamzzq"},"content":"import exception.AdamException;","lastModifiedDate":"2024-02-11"},{"lineNumber":3,"author":{"gitId":"adamzzq"},"content":"import task.TaskList;","lastModifiedDate":"2024-02-11"},{"lineNumber":4,"author":{"gitId":"adamzzq"},"content":"","lastModifiedDate":"2024-02-11"},{"lineNumber":5,"author":{"gitId":"adamzzq"},"content":"public interface Command {","lastModifiedDate":"2024-02-07"},{"lineNumber":6,"author":{"gitId":"adamzzq"},"content":"    boolean execute(TaskList tasks) throws AdamException;","lastModifiedDate":"2024-02-11"},{"lineNumber":7,"author":{"gitId":"adamzzq"},"content":"}","lastModifiedDate":"2024-01-31"}],"authorContributionMap":{"adamzzq":7}},{"path":"src/main/java/command/CommandGenerator.java","fileType":"java","lines":[{"lineNumber":1,"author":{"gitId":"adamzzq"},"content":"package command;","lastModifiedDate":"2024-02-11"},{"lineNumber":2,"author":{"gitId":"adamzzq"},"content":"","lastModifiedDate":"2024-02-11"},{"lineNumber":3,"author":{"gitId":"adamzzq"},"content":"import exception.AdamException;","lastModifiedDate":"2024-02-11"},{"lineNumber":4,"author":{"gitId":"adamzzq"},"content":"import ui.Parser;","lastModifiedDate":"2024-02-11"},{"lineNumber":5,"author":{"gitId":"adamzzq"},"content":"","lastModifiedDate":"2024-02-11"},{"lineNumber":6,"author":{"gitId":"adamzzq"},"content":"public class CommandGenerator{","lastModifiedDate":"2024-02-08"},{"lineNumber":7,"author":{"gitId":"adamzzq"},"content":"    public static Command generate(String input) throws AdamException {","lastModifiedDate":"2024-02-15"},{"lineNumber":8,"author":{"gitId":"adamzzq"},"content":"        // match input to corresponding enum (also handles invalid input)","lastModifiedDate":"2024-02-09"},{"lineNumber":9,"author":{"gitId":"adamzzq"},"content":"        Parser token \u003d Parser.analyzeInput(input);","lastModifiedDate":"2024-02-09"},{"lineNumber":10,"author":{"gitId":"adamzzq"},"content":"","lastModifiedDate":"2024-02-09"},{"lineNumber":11,"author":{"gitId":"adamzzq"},"content":"        switch (token) {","lastModifiedDate":"2024-02-09"},{"lineNumber":12,"author":{"gitId":"adamzzq"},"content":"        case EXIT:","lastModifiedDate":"2024-02-11"},{"lineNumber":13,"author":{"gitId":"adamzzq"},"content":"            return new ExitCommand();","lastModifiedDate":"2024-02-15"},{"lineNumber":14,"author":{"gitId":"adamzzq"},"content":"","lastModifiedDate":"2024-02-08"},{"lineNumber":15,"author":{"gitId":"adamzzq"},"content":"        case LIST:","lastModifiedDate":"2024-02-08"},{"lineNumber":16,"author":{"gitId":"adamzzq"},"content":"            return new ListCommand();","lastModifiedDate":"2024-02-15"},{"lineNumber":17,"author":{"gitId":"adamzzq"},"content":"","lastModifiedDate":"2024-02-08"},{"lineNumber":18,"author":{"gitId":"adamzzq"},"content":"        case TOGGLE:","lastModifiedDate":"2024-02-08"},{"lineNumber":19,"author":{"gitId":"adamzzq"},"content":"            return new ToggleStatusCommand(Parser.splitInput(token, input));","lastModifiedDate":"2024-02-19"},{"lineNumber":20,"author":{"gitId":"adamzzq"},"content":"","lastModifiedDate":"2024-02-08"},{"lineNumber":21,"author":{"gitId":"adamzzq"},"content":"        case HELP:","lastModifiedDate":"2024-02-11"},{"lineNumber":22,"author":{"gitId":"adamzzq"},"content":"            return new HelpCommand();","lastModifiedDate":"2024-02-15"},{"lineNumber":23,"author":{"gitId":"adamzzq"},"content":"","lastModifiedDate":"2024-02-11"},{"lineNumber":24,"author":{"gitId":"adamzzq"},"content":"        case DELETE:","lastModifiedDate":"2024-02-18"},{"lineNumber":25,"author":{"gitId":"adamzzq"},"content":"            return new DeleteCommand(Parser.splitInput(token, input));","lastModifiedDate":"2024-02-19"},{"lineNumber":26,"author":{"gitId":"adamzzq"},"content":"","lastModifiedDate":"2024-02-18"},{"lineNumber":27,"author":{"gitId":"adamzzq"},"content":"        default:","lastModifiedDate":"2024-02-08"},{"lineNumber":28,"author":{"gitId":"adamzzq"},"content":"            return new AddTaskCommand(token, Parser.splitInput(token, input));","lastModifiedDate":"2024-02-19"},{"lineNumber":29,"author":{"gitId":"adamzzq"},"content":"        }","lastModifiedDate":"2024-02-07"},{"lineNumber":30,"author":{"gitId":"adamzzq"},"content":"    }","lastModifiedDate":"2024-02-07"},{"lineNumber":31,"author":{"gitId":"adamzzq"},"content":"}","lastModifiedDate":"2024-02-07"}],"authorContributionMap":{"adamzzq":31}},{"path":"src/main/java/command/DeleteCommand.java","fileType":"java","lines":[{"lineNumber":1,"author":{"gitId":"adamzzq"},"content":"package command;","lastModifiedDate":"2024-02-18"},{"lineNumber":2,"author":{"gitId":"adamzzq"},"content":"","lastModifiedDate":"2024-02-18"},{"lineNumber":3,"author":{"gitId":"adamzzq"},"content":"import exception.AdamException;","lastModifiedDate":"2024-02-18"},{"lineNumber":4,"author":{"gitId":"adamzzq"},"content":"import task.TaskList;","lastModifiedDate":"2024-02-18"},{"lineNumber":5,"author":{"gitId":"adamzzq"},"content":"import ui.Message;","lastModifiedDate":"2024-02-18"},{"lineNumber":6,"author":{"gitId":"adamzzq"},"content":"","lastModifiedDate":"2024-02-18"},{"lineNumber":7,"author":{"gitId":"adamzzq"},"content":"public class DeleteCommand implements Command {","lastModifiedDate":"2024-02-18"},{"lineNumber":8,"author":{"gitId":"adamzzq"},"content":"    private final int index;","lastModifiedDate":"2024-02-18"},{"lineNumber":9,"author":{"gitId":"adamzzq"},"content":"","lastModifiedDate":"2024-02-18"},{"lineNumber":10,"author":{"gitId":"adamzzq"},"content":"    public DeleteCommand(String[] inputArguments) {","lastModifiedDate":"2024-02-18"},{"lineNumber":11,"author":{"gitId":"adamzzq"},"content":"        this.index \u003d Integer.parseInt(inputArguments[0]);","lastModifiedDate":"2024-02-18"},{"lineNumber":12,"author":{"gitId":"adamzzq"},"content":"    }","lastModifiedDate":"2024-02-18"},{"lineNumber":13,"author":{"gitId":"adamzzq"},"content":"","lastModifiedDate":"2024-02-18"},{"lineNumber":14,"author":{"gitId":"adamzzq"},"content":"    @Override","lastModifiedDate":"2024-02-18"},{"lineNumber":15,"author":{"gitId":"adamzzq"},"content":"    public boolean execute(TaskList tasks) throws AdamException {","lastModifiedDate":"2024-02-18"},{"lineNumber":16,"author":{"gitId":"adamzzq"},"content":"        try {","lastModifiedDate":"2024-02-18"},{"lineNumber":17,"author":{"gitId":"adamzzq"},"content":"            System.out.println(Message.getDeleteMessage(tasks.size() - 1, tasks.getTask(index).toString()));","lastModifiedDate":"2024-02-18"},{"lineNumber":18,"author":{"gitId":"adamzzq"},"content":"            tasks.deleteTask(index);","lastModifiedDate":"2024-02-18"},{"lineNumber":19,"author":{"gitId":"adamzzq"},"content":"        } catch (IndexOutOfBoundsException error) {","lastModifiedDate":"2024-02-18"},{"lineNumber":20,"author":{"gitId":"adamzzq"},"content":"            throw new AdamException(Message.getListInquiryErrorMessage(tasks.size()));","lastModifiedDate":"2024-02-18"},{"lineNumber":21,"author":{"gitId":"adamzzq"},"content":"        }","lastModifiedDate":"2024-02-18"},{"lineNumber":22,"author":{"gitId":"adamzzq"},"content":"        return false;","lastModifiedDate":"2024-02-18"},{"lineNumber":23,"author":{"gitId":"adamzzq"},"content":"    }","lastModifiedDate":"2024-02-18"},{"lineNumber":24,"author":{"gitId":"adamzzq"},"content":"}","lastModifiedDate":"2024-02-18"}],"authorContributionMap":{"adamzzq":24}},{"path":"src/main/java/command/ExitCommand.java","fileType":"java","lines":[{"lineNumber":1,"author":{"gitId":"adamzzq"},"content":"package command;","lastModifiedDate":"2024-02-11"},{"lineNumber":2,"author":{"gitId":"adamzzq"},"content":"","lastModifiedDate":"2024-02-11"},{"lineNumber":3,"author":{"gitId":"adamzzq"},"content":"import task.TaskList;","lastModifiedDate":"2024-02-11"},{"lineNumber":4,"author":{"gitId":"adamzzq"},"content":"import ui.Message;","lastModifiedDate":"2024-02-11"},{"lineNumber":5,"author":{"gitId":"adamzzq"},"content":"","lastModifiedDate":"2024-02-11"},{"lineNumber":6,"author":{"gitId":"adamzzq"},"content":"public class ExitCommand implements Command {","lastModifiedDate":"2024-01-31"},{"lineNumber":7,"author":{"gitId":"adamzzq"},"content":"    @Override","lastModifiedDate":"2024-01-31"},{"lineNumber":8,"author":{"gitId":"adamzzq"},"content":"    public boolean execute(TaskList tasks) {","lastModifiedDate":"2024-02-09"},{"lineNumber":9,"author":{"gitId":"adamzzq"},"content":"        System.out.print(Message.EXIT_MESSAGE);","lastModifiedDate":"2024-02-04"},{"lineNumber":10,"author":{"gitId":"adamzzq"},"content":"        return true;","lastModifiedDate":"2024-02-09"},{"lineNumber":11,"author":{"gitId":"adamzzq"},"content":"    }","lastModifiedDate":"2024-01-31"},{"lineNumber":12,"author":{"gitId":"adamzzq"},"content":"}","lastModifiedDate":"2024-01-31"}],"authorContributionMap":{"adamzzq":12}},{"path":"src/main/java/command/HelpCommand.java","fileType":"java","lines":[{"lineNumber":1,"author":{"gitId":"adamzzq"},"content":"package command;","lastModifiedDate":"2024-02-11"},{"lineNumber":2,"author":{"gitId":"adamzzq"},"content":"","lastModifiedDate":"2024-02-11"},{"lineNumber":3,"author":{"gitId":"adamzzq"},"content":"import task.TaskList;","lastModifiedDate":"2024-02-11"},{"lineNumber":4,"author":{"gitId":"adamzzq"},"content":"import ui.Message;","lastModifiedDate":"2024-02-11"},{"lineNumber":5,"author":{"gitId":"adamzzq"},"content":"","lastModifiedDate":"2024-02-11"},{"lineNumber":6,"author":{"gitId":"adamzzq"},"content":"public class HelpCommand implements Command {","lastModifiedDate":"2024-02-11"},{"lineNumber":7,"author":{"gitId":"adamzzq"},"content":"    @Override","lastModifiedDate":"2024-02-11"},{"lineNumber":8,"author":{"gitId":"adamzzq"},"content":"    public boolean execute(TaskList tasks) {","lastModifiedDate":"2024-02-11"},{"lineNumber":9,"author":{"gitId":"adamzzq"},"content":"        System.out.println(Message.HELP_MESSAGE);","lastModifiedDate":"2024-02-11"},{"lineNumber":10,"author":{"gitId":"adamzzq"},"content":"        return false;","lastModifiedDate":"2024-02-11"},{"lineNumber":11,"author":{"gitId":"adamzzq"},"content":"    }","lastModifiedDate":"2024-02-11"},{"lineNumber":12,"author":{"gitId":"adamzzq"},"content":"}","lastModifiedDate":"2024-02-11"}],"authorContributionMap":{"adamzzq":12}},{"path":"src/main/java/command/ListCommand.java","fileType":"java","lines":[{"lineNumber":1,"author":{"gitId":"adamzzq"},"content":"package command;","lastModifiedDate":"2024-02-11"},{"lineNumber":2,"author":{"gitId":"adamzzq"},"content":"","lastModifiedDate":"2024-02-11"},{"lineNumber":3,"author":{"gitId":"adamzzq"},"content":"import exception.AdamException;","lastModifiedDate":"2024-02-11"},{"lineNumber":4,"author":{"gitId":"adamzzq"},"content":"import task.TaskList;","lastModifiedDate":"2024-02-11"},{"lineNumber":5,"author":{"gitId":"adamzzq"},"content":"import ui.Message;","lastModifiedDate":"2024-02-11"},{"lineNumber":6,"author":{"gitId":"adamzzq"},"content":"","lastModifiedDate":"2024-02-11"},{"lineNumber":7,"author":{"gitId":"adamzzq"},"content":"public class ListCommand implements Command {","lastModifiedDate":"2024-01-31"},{"lineNumber":8,"author":{"gitId":"adamzzq"},"content":"    @Override","lastModifiedDate":"2024-01-31"},{"lineNumber":9,"author":{"gitId":"adamzzq"},"content":"    public boolean execute(TaskList tasks) throws AdamException {","lastModifiedDate":"2024-02-11"},{"lineNumber":10,"author":{"gitId":"adamzzq"},"content":"        if (tasks.isEmpty()) {","lastModifiedDate":"2024-02-11"},{"lineNumber":11,"author":{"gitId":"adamzzq"},"content":"            throw new AdamException(Message.EMPTY_LIST_ERROR_MESSAGE);","lastModifiedDate":"2024-02-18"},{"lineNumber":12,"author":{"gitId":"adamzzq"},"content":"        } else {","lastModifiedDate":"2024-02-11"},{"lineNumber":13,"author":{"gitId":"adamzzq"},"content":"            System.out.println(Message.LIST_MESSAGE_FRONT);","lastModifiedDate":"2024-02-07"},{"lineNumber":14,"author":{"gitId":"adamzzq"},"content":"            tasks.displayAll();","lastModifiedDate":"2024-01-31"},{"lineNumber":15,"author":{"gitId":"adamzzq"},"content":"            System.out.println(Message.LIST_MESSAGE_END);","lastModifiedDate":"2024-02-07"},{"lineNumber":16,"author":{"gitId":"adamzzq"},"content":"        }","lastModifiedDate":"2024-01-31"},{"lineNumber":17,"author":{"gitId":"adamzzq"},"content":"        return false;","lastModifiedDate":"2024-02-09"},{"lineNumber":18,"author":{"gitId":"adamzzq"},"content":"    }","lastModifiedDate":"2024-02-09"},{"lineNumber":19,"author":{"gitId":"adamzzq"},"content":"}","lastModifiedDate":"2024-01-31"}],"authorContributionMap":{"adamzzq":19}},{"path":"src/main/java/command/ToggleStatusCommand.java","fileType":"java","lines":[{"lineNumber":1,"author":{"gitId":"adamzzq"},"content":"package command;","lastModifiedDate":"2024-02-11"},{"lineNumber":2,"author":{"gitId":"adamzzq"},"content":"","lastModifiedDate":"2024-02-11"},{"lineNumber":3,"author":{"gitId":"adamzzq"},"content":"import exception.AdamException;","lastModifiedDate":"2024-02-11"},{"lineNumber":4,"author":{"gitId":"adamzzq"},"content":"import task.Task;","lastModifiedDate":"2024-02-11"},{"lineNumber":5,"author":{"gitId":"adamzzq"},"content":"import task.TaskList;","lastModifiedDate":"2024-02-11"},{"lineNumber":6,"author":{"gitId":"adamzzq"},"content":"import ui.Message;","lastModifiedDate":"2024-02-11"},{"lineNumber":7,"author":{"gitId":"adamzzq"},"content":"","lastModifiedDate":"2024-02-11"},{"lineNumber":8,"author":{"gitId":"adamzzq"},"content":"public class ToggleStatusCommand implements Command {","lastModifiedDate":"2024-01-31"},{"lineNumber":9,"author":{"gitId":"adamzzq"},"content":"    private final int index;","lastModifiedDate":"2024-01-31"},{"lineNumber":10,"author":{"gitId":"adamzzq"},"content":"    private final String command;","lastModifiedDate":"2024-02-01"},{"lineNumber":11,"author":{"gitId":"adamzzq"},"content":"","lastModifiedDate":"2024-01-31"},{"lineNumber":12,"author":{"gitId":"adamzzq"},"content":"    public ToggleStatusCommand(String[] inputArguments) {","lastModifiedDate":"2024-02-09"},{"lineNumber":13,"author":{"gitId":"adamzzq"},"content":"        this.command \u003d inputArguments[0];","lastModifiedDate":"2024-02-09"},{"lineNumber":14,"author":{"gitId":"adamzzq"},"content":"        this.index \u003d Integer.parseInt(inputArguments[1]);","lastModifiedDate":"2024-02-09"},{"lineNumber":15,"author":{"gitId":"adamzzq"},"content":"    }","lastModifiedDate":"2024-01-31"},{"lineNumber":16,"author":{"gitId":"adamzzq"},"content":"","lastModifiedDate":"2024-01-31"},{"lineNumber":17,"author":{"gitId":"adamzzq"},"content":"    @Override","lastModifiedDate":"2024-01-31"},{"lineNumber":18,"author":{"gitId":"adamzzq"},"content":"    public boolean execute(TaskList tasks) throws AdamException {","lastModifiedDate":"2024-02-11"},{"lineNumber":19,"author":{"gitId":"adamzzq"},"content":"        try {","lastModifiedDate":"2024-02-11"},{"lineNumber":20,"author":{"gitId":"adamzzq"},"content":"            tasks.getTask(index).setIsDone(command.equals(\"mark\"));","lastModifiedDate":"2024-02-09"},{"lineNumber":21,"author":{"gitId":"adamzzq"},"content":"            System.out.println(toggleMessage(tasks.getTask(index)));","lastModifiedDate":"2024-01-31"},{"lineNumber":22,"author":{"gitId":"adamzzq"},"content":"        } catch (IndexOutOfBoundsException error) {","lastModifiedDate":"2024-02-11"},{"lineNumber":23,"author":{"gitId":"adamzzq"},"content":"            throw new AdamException(Message.getListInquiryErrorMessage(tasks.size()));","lastModifiedDate":"2024-02-18"},{"lineNumber":24,"author":{"gitId":"adamzzq"},"content":"        }","lastModifiedDate":"2024-01-31"},{"lineNumber":25,"author":{"gitId":"adamzzq"},"content":"","lastModifiedDate":"2024-02-11"},{"lineNumber":26,"author":{"gitId":"adamzzq"},"content":"        return false;","lastModifiedDate":"2024-02-09"},{"lineNumber":27,"author":{"gitId":"adamzzq"},"content":"    }","lastModifiedDate":"2024-02-08"},{"lineNumber":28,"author":{"gitId":"adamzzq"},"content":"","lastModifiedDate":"2024-01-31"},{"lineNumber":29,"author":{"gitId":"adamzzq"},"content":"    private String toggleMessage(Task task) {","lastModifiedDate":"2024-01-31"},{"lineNumber":30,"author":{"gitId":"adamzzq"},"content":"        return (task.isDone() ? Message.MARK_MESSAGE : Message.UNMARK_MESSAGE)","lastModifiedDate":"2024-02-09"},{"lineNumber":31,"author":{"gitId":"adamzzq"},"content":"                + \"   \" + task;","lastModifiedDate":"2024-02-09"},{"lineNumber":32,"author":{"gitId":"adamzzq"},"content":"    }","lastModifiedDate":"2024-01-31"},{"lineNumber":33,"author":{"gitId":"adamzzq"},"content":"}","lastModifiedDate":"2024-01-31"}],"authorContributionMap":{"adamzzq":33}},{"path":"src/main/java/exception/AdamException.java","fileType":"java","lines":[{"lineNumber":1,"author":{"gitId":"adamzzq"},"content":"package exception;","lastModifiedDate":"2024-02-11"},{"lineNumber":2,"author":{"gitId":"adamzzq"},"content":"","lastModifiedDate":"2024-02-11"},{"lineNumber":3,"author":{"gitId":"adamzzq"},"content":"public class AdamException extends Exception {","lastModifiedDate":"2024-02-11"},{"lineNumber":4,"author":{"gitId":"adamzzq"},"content":"    public AdamException(String errorMessage) {","lastModifiedDate":"2024-02-11"},{"lineNumber":5,"author":{"gitId":"adamzzq"},"content":"        super(errorMessage);","lastModifiedDate":"2024-02-11"},{"lineNumber":6,"author":{"gitId":"adamzzq"},"content":"    }","lastModifiedDate":"2024-02-11"},{"lineNumber":7,"author":{"gitId":"adamzzq"},"content":"}","lastModifiedDate":"2024-02-11"}],"authorContributionMap":{"adamzzq":7}},{"path":"src/main/java/task/Deadline.java","fileType":"java","lines":[{"lineNumber":1,"author":{"gitId":"adamzzq"},"content":"package task;","lastModifiedDate":"2024-02-11"},{"lineNumber":2,"author":{"gitId":"adamzzq"},"content":"","lastModifiedDate":"2024-02-11"},{"lineNumber":3,"author":{"gitId":"adamzzq"},"content":"public class Deadline extends Task {","lastModifiedDate":"2024-02-04"},{"lineNumber":4,"author":{"gitId":"adamzzq"},"content":"    protected String by;","lastModifiedDate":"2024-02-04"},{"lineNumber":5,"author":{"gitId":"adamzzq"},"content":"","lastModifiedDate":"2024-02-04"},{"lineNumber":6,"author":{"gitId":"adamzzq"},"content":"    public Deadline(String description, String by) {","lastModifiedDate":"2024-02-04"},{"lineNumber":7,"author":{"gitId":"adamzzq"},"content":"        super(description);","lastModifiedDate":"2024-02-04"},{"lineNumber":8,"author":{"gitId":"adamzzq"},"content":"        this.by \u003d by;","lastModifiedDate":"2024-02-04"},{"lineNumber":9,"author":{"gitId":"adamzzq"},"content":"    }","lastModifiedDate":"2024-02-04"},{"lineNumber":10,"author":{"gitId":"adamzzq"},"content":"","lastModifiedDate":"2024-02-04"},{"lineNumber":11,"author":{"gitId":"adamzzq"},"content":"    @Override","lastModifiedDate":"2024-02-04"},{"lineNumber":12,"author":{"gitId":"adamzzq"},"content":"    public String toString() {","lastModifiedDate":"2024-02-04"},{"lineNumber":13,"author":{"gitId":"adamzzq"},"content":"        return String.format(\"[D]%s (by: %s)\", super.toString(), by);","lastModifiedDate":"2024-02-09"},{"lineNumber":14,"author":{"gitId":"adamzzq"},"content":"    }","lastModifiedDate":"2024-02-04"},{"lineNumber":15,"author":{"gitId":"adamzzq"},"content":"}","lastModifiedDate":"2024-02-04"}],"authorContributionMap":{"adamzzq":15}},{"path":"src/main/java/task/Event.java","fileType":"java","lines":[{"lineNumber":1,"author":{"gitId":"adamzzq"},"content":"package task;","lastModifiedDate":"2024-02-11"},{"lineNumber":2,"author":{"gitId":"adamzzq"},"content":"","lastModifiedDate":"2024-02-11"},{"lineNumber":3,"author":{"gitId":"adamzzq"},"content":"public class Event extends Task {","lastModifiedDate":"2024-02-04"},{"lineNumber":4,"author":{"gitId":"adamzzq"},"content":"    protected String from;","lastModifiedDate":"2024-02-04"},{"lineNumber":5,"author":{"gitId":"adamzzq"},"content":"    protected String to;","lastModifiedDate":"2024-02-04"},{"lineNumber":6,"author":{"gitId":"adamzzq"},"content":"","lastModifiedDate":"2024-02-04"},{"lineNumber":7,"author":{"gitId":"adamzzq"},"content":"    public Event(String description, String from, String to) {","lastModifiedDate":"2024-02-04"},{"lineNumber":8,"author":{"gitId":"adamzzq"},"content":"        super(description);","lastModifiedDate":"2024-02-04"},{"lineNumber":9,"author":{"gitId":"adamzzq"},"content":"        this.from \u003d from;","lastModifiedDate":"2024-02-04"},{"lineNumber":10,"author":{"gitId":"adamzzq"},"content":"        this.to \u003d to;","lastModifiedDate":"2024-02-04"},{"lineNumber":11,"author":{"gitId":"adamzzq"},"content":"    }","lastModifiedDate":"2024-02-04"},{"lineNumber":12,"author":{"gitId":"adamzzq"},"content":"","lastModifiedDate":"2024-02-04"},{"lineNumber":13,"author":{"gitId":"adamzzq"},"content":"    @Override","lastModifiedDate":"2024-02-04"},{"lineNumber":14,"author":{"gitId":"adamzzq"},"content":"    public String toString() {","lastModifiedDate":"2024-02-04"},{"lineNumber":15,"author":{"gitId":"adamzzq"},"content":"        return String.format(\"[E]%s (from: %s to: %s)\", super.toString(), from, to);","lastModifiedDate":"2024-02-04"},{"lineNumber":16,"author":{"gitId":"adamzzq"},"content":"    }","lastModifiedDate":"2024-02-04"},{"lineNumber":17,"author":{"gitId":"adamzzq"},"content":"}","lastModifiedDate":"2024-02-04"}],"authorContributionMap":{"adamzzq":17}},{"path":"src/main/java/task/Task.java","fileType":"java","lines":[{"lineNumber":1,"author":{"gitId":"adamzzq"},"content":"package task;","lastModifiedDate":"2024-02-11"},{"lineNumber":2,"author":{"gitId":"adamzzq"},"content":"","lastModifiedDate":"2024-02-11"},{"lineNumber":3,"author":{"gitId":"adamzzq"},"content":"import java.io.Serializable;","lastModifiedDate":"2024-02-18"},{"lineNumber":4,"author":{"gitId":"adamzzq"},"content":"","lastModifiedDate":"2024-02-18"},{"lineNumber":5,"author":{"gitId":"adamzzq"},"content":"public abstract class Task implements Serializable {","lastModifiedDate":"2024-02-18"},{"lineNumber":6,"author":{"gitId":"adamzzq"},"content":"    protected String description;","lastModifiedDate":"2024-01-31"},{"lineNumber":7,"author":{"gitId":"adamzzq"},"content":"    protected boolean isDone;","lastModifiedDate":"2024-01-31"},{"lineNumber":8,"author":{"gitId":"adamzzq"},"content":"","lastModifiedDate":"2024-01-31"},{"lineNumber":9,"author":{"gitId":"adamzzq"},"content":"    public Task(String description) {","lastModifiedDate":"2024-01-31"},{"lineNumber":10,"author":{"gitId":"adamzzq"},"content":"        this.description \u003d description;","lastModifiedDate":"2024-01-31"},{"lineNumber":11,"author":{"gitId":"adamzzq"},"content":"        this.isDone \u003d false;","lastModifiedDate":"2024-01-31"},{"lineNumber":12,"author":{"gitId":"adamzzq"},"content":"    }","lastModifiedDate":"2024-01-31"},{"lineNumber":13,"author":{"gitId":"adamzzq"},"content":"","lastModifiedDate":"2024-01-31"},{"lineNumber":14,"author":{"gitId":"adamzzq"},"content":"    @Override","lastModifiedDate":"2024-01-31"},{"lineNumber":15,"author":{"gitId":"adamzzq"},"content":"    public String toString() {","lastModifiedDate":"2024-01-31"},{"lineNumber":16,"author":{"gitId":"adamzzq"},"content":"        return (this.isDone ? \"[X] \" : \"[ ] \") + this.description;","lastModifiedDate":"2024-02-07"},{"lineNumber":17,"author":{"gitId":"adamzzq"},"content":"    }","lastModifiedDate":"2024-01-31"},{"lineNumber":18,"author":{"gitId":"adamzzq"},"content":"","lastModifiedDate":"2024-01-31"},{"lineNumber":19,"author":{"gitId":"adamzzq"},"content":"    public void setIsDone(boolean newStatus) {","lastModifiedDate":"2024-02-01"},{"lineNumber":20,"author":{"gitId":"adamzzq"},"content":"        this.isDone \u003d newStatus;","lastModifiedDate":"2024-02-01"},{"lineNumber":21,"author":{"gitId":"adamzzq"},"content":"    }","lastModifiedDate":"2024-01-31"},{"lineNumber":22,"author":{"gitId":"adamzzq"},"content":"","lastModifiedDate":"2024-01-31"},{"lineNumber":23,"author":{"gitId":"adamzzq"},"content":"    public boolean isDone() {","lastModifiedDate":"2024-02-01"},{"lineNumber":24,"author":{"gitId":"adamzzq"},"content":"        return this.isDone;","lastModifiedDate":"2024-02-07"},{"lineNumber":25,"author":{"gitId":"adamzzq"},"content":"    }","lastModifiedDate":"2024-02-01"},{"lineNumber":26,"author":{"gitId":"adamzzq"},"content":"}","lastModifiedDate":"2024-01-31"}],"authorContributionMap":{"adamzzq":26}},{"path":"src/main/java/task/TaskList.java","fileType":"java","lines":[{"lineNumber":1,"author":{"gitId":"adamzzq"},"content":"package task;","lastModifiedDate":"2024-02-11"},{"lineNumber":2,"author":{"gitId":"adamzzq"},"content":"","lastModifiedDate":"2024-02-11"},{"lineNumber":3,"author":{"gitId":"adamzzq"},"content":"import ui.Parser;","lastModifiedDate":"2024-02-11"},{"lineNumber":4,"author":{"gitId":"adamzzq"},"content":"","lastModifiedDate":"2024-02-11"},{"lineNumber":5,"author":{"gitId":"adamzzq"},"content":"import java.io.Serializable;","lastModifiedDate":"2024-02-18"},{"lineNumber":6,"author":{"gitId":"adamzzq"},"content":"import java.util.ArrayList;","lastModifiedDate":"2024-01-31"},{"lineNumber":7,"author":{"gitId":"adamzzq"},"content":"import java.util.List;","lastModifiedDate":"2024-01-31"},{"lineNumber":8,"author":{"gitId":"adamzzq"},"content":"","lastModifiedDate":"2024-01-31"},{"lineNumber":9,"author":{"gitId":"adamzzq"},"content":"public class TaskList implements Serializable {","lastModifiedDate":"2024-02-18"},{"lineNumber":10,"author":{"gitId":"adamzzq"},"content":"    private final List\u003cTask\u003e tasks;","lastModifiedDate":"2024-01-31"},{"lineNumber":11,"author":{"gitId":"adamzzq"},"content":"","lastModifiedDate":"2024-01-31"},{"lineNumber":12,"author":{"gitId":"adamzzq"},"content":"    public TaskList() {","lastModifiedDate":"2024-01-31"},{"lineNumber":13,"author":{"gitId":"adamzzq"},"content":"        this.tasks \u003d new ArrayList\u003c\u003e();","lastModifiedDate":"2024-01-31"},{"lineNumber":14,"author":{"gitId":"adamzzq"},"content":"    }","lastModifiedDate":"2024-01-31"},{"lineNumber":15,"author":{"gitId":"adamzzq"},"content":"","lastModifiedDate":"2024-01-31"},{"lineNumber":16,"author":{"gitId":"adamzzq"},"content":"    public Task getTask(int index) {","lastModifiedDate":"2024-01-31"},{"lineNumber":17,"author":{"gitId":"adamzzq"},"content":"        return this.tasks.get(index - 1);","lastModifiedDate":"2024-01-31"},{"lineNumber":18,"author":{"gitId":"adamzzq"},"content":"    }","lastModifiedDate":"2024-01-31"},{"lineNumber":19,"author":{"gitId":"adamzzq"},"content":"","lastModifiedDate":"2024-01-31"},{"lineNumber":20,"author":{"gitId":"adamzzq"},"content":"    public int size() {","lastModifiedDate":"2024-02-07"},{"lineNumber":21,"author":{"gitId":"adamzzq"},"content":"        return this.tasks.size();","lastModifiedDate":"2024-02-07"},{"lineNumber":22,"author":{"gitId":"adamzzq"},"content":"    }","lastModifiedDate":"2024-02-07"},{"lineNumber":23,"author":{"gitId":"adamzzq"},"content":"","lastModifiedDate":"2024-02-07"},{"lineNumber":24,"author":{"gitId":"adamzzq"},"content":"    public boolean isEmpty() {","lastModifiedDate":"2024-02-11"},{"lineNumber":25,"author":{"gitId":"adamzzq"},"content":"        return this.tasks.isEmpty();","lastModifiedDate":"2024-02-11"},{"lineNumber":26,"author":{"gitId":"adamzzq"},"content":"    }","lastModifiedDate":"2024-02-11"},{"lineNumber":27,"author":{"gitId":"adamzzq"},"content":"","lastModifiedDate":"2024-02-11"},{"lineNumber":28,"author":{"gitId":"adamzzq"},"content":"    public void addTask(Parser token, String[] parsedInput) {","lastModifiedDate":"2024-02-09"},{"lineNumber":29,"author":{"gitId":"adamzzq"},"content":"        if (token \u003d\u003d Parser.TODO) {","lastModifiedDate":"2024-02-09"},{"lineNumber":30,"author":{"gitId":"adamzzq"},"content":"            tasks.add(new ToDo(parsedInput[0]));","lastModifiedDate":"2024-02-09"},{"lineNumber":31,"author":{"gitId":"adamzzq"},"content":"        } else if (token \u003d\u003d Parser.DEADLINE) {","lastModifiedDate":"2024-02-09"},{"lineNumber":32,"author":{"gitId":"adamzzq"},"content":"            tasks.add(new Deadline(parsedInput[0], parsedInput[1]));","lastModifiedDate":"2024-02-09"},{"lineNumber":33,"author":{"gitId":"adamzzq"},"content":"        } else {","lastModifiedDate":"2024-02-09"},{"lineNumber":34,"author":{"gitId":"adamzzq"},"content":"            tasks.add(new Event(parsedInput[0], parsedInput[1], parsedInput[2]));","lastModifiedDate":"2024-02-09"},{"lineNumber":35,"author":{"gitId":"adamzzq"},"content":"        }","lastModifiedDate":"2024-02-09"},{"lineNumber":36,"author":{"gitId":"adamzzq"},"content":"    }","lastModifiedDate":"2024-02-09"},{"lineNumber":37,"author":{"gitId":"adamzzq"},"content":"","lastModifiedDate":"2024-02-09"},{"lineNumber":38,"author":{"gitId":"adamzzq"},"content":"    public void deleteTask(int index) {","lastModifiedDate":"2024-02-18"},{"lineNumber":39,"author":{"gitId":"adamzzq"},"content":"        this.tasks.remove(index - 1);","lastModifiedDate":"2024-02-18"},{"lineNumber":40,"author":{"gitId":"adamzzq"},"content":"    }","lastModifiedDate":"2024-02-18"},{"lineNumber":41,"author":{"gitId":"adamzzq"},"content":"","lastModifiedDate":"2024-02-18"},{"lineNumber":42,"author":{"gitId":"adamzzq"},"content":"    public void displayAll() {","lastModifiedDate":"2024-01-31"},{"lineNumber":43,"author":{"gitId":"adamzzq"},"content":"        for (int index \u003d 1; index \u003c\u003d this.size(); index++) {","lastModifiedDate":"2024-02-11"},{"lineNumber":44,"author":{"gitId":"adamzzq"},"content":"            System.out.println(index + \".\" + getTask(index));","lastModifiedDate":"2024-02-11"},{"lineNumber":45,"author":{"gitId":"adamzzq"},"content":"        }","lastModifiedDate":"2024-02-11"},{"lineNumber":46,"author":{"gitId":"adamzzq"},"content":"    }","lastModifiedDate":"2024-01-31"},{"lineNumber":47,"author":{"gitId":"adamzzq"},"content":"}","lastModifiedDate":"2024-01-31"}],"authorContributionMap":{"adamzzq":47}},{"path":"src/main/java/task/ToDo.java","fileType":"java","lines":[{"lineNumber":1,"author":{"gitId":"adamzzq"},"content":"package task;","lastModifiedDate":"2024-02-11"},{"lineNumber":2,"author":{"gitId":"adamzzq"},"content":"","lastModifiedDate":"2024-02-11"},{"lineNumber":3,"author":{"gitId":"adamzzq"},"content":"public class ToDo extends Task {","lastModifiedDate":"2024-02-04"},{"lineNumber":4,"author":{"gitId":"adamzzq"},"content":"    public ToDo(String description) {","lastModifiedDate":"2024-02-04"},{"lineNumber":5,"author":{"gitId":"adamzzq"},"content":"        super(description);","lastModifiedDate":"2024-02-04"},{"lineNumber":6,"author":{"gitId":"adamzzq"},"content":"    }","lastModifiedDate":"2024-02-04"},{"lineNumber":7,"author":{"gitId":"adamzzq"},"content":"","lastModifiedDate":"2024-02-04"},{"lineNumber":8,"author":{"gitId":"adamzzq"},"content":"    @Override","lastModifiedDate":"2024-02-04"},{"lineNumber":9,"author":{"gitId":"adamzzq"},"content":"    public String toString() {","lastModifiedDate":"2024-02-04"},{"lineNumber":10,"author":{"gitId":"adamzzq"},"content":"        return \"[T]\" + super.toString();","lastModifiedDate":"2024-02-04"},{"lineNumber":11,"author":{"gitId":"adamzzq"},"content":"    }","lastModifiedDate":"2024-02-04"},{"lineNumber":12,"author":{"gitId":"adamzzq"},"content":"}","lastModifiedDate":"2024-02-04"}],"authorContributionMap":{"adamzzq":12}},{"path":"src/main/java/ui/Message.java","fileType":"java","lines":[{"lineNumber":1,"author":{"gitId":"adamzzq"},"content":"package ui;","lastModifiedDate":"2024-02-11"},{"lineNumber":2,"author":{"gitId":"adamzzq"},"content":"","lastModifiedDate":"2024-02-11"},{"lineNumber":3,"author":{"gitId":"adamzzq"},"content":"import java.util.Random;","lastModifiedDate":"2024-01-31"},{"lineNumber":4,"author":{"gitId":"adamzzq"},"content":"","lastModifiedDate":"2024-01-31"},{"lineNumber":5,"author":{"gitId":"adamzzq"},"content":"public class Message {","lastModifiedDate":"2024-02-04"},{"lineNumber":6,"author":{"gitId":"adamzzq"},"content":"    public static final String DELIMITER \u003d \"\\n\u003e\u003d\u003d\u003d\u003d\u003e \u003e\u003d\u003d\u003d\u003d\u003e \u003e\u003d\u003d\u003d\u003d\u003e \u003e\u003d\u003d\u003d\u003d\u003e \u003e\u003d\u003d\u003d\u003d\u003e \u003e\u003d\u003d\u003d\u003d\u003e \u003e\u003d\u003d\u003d\u003d\u003e \u003e\u003d\u003d\u003d\u003d\u003e \u003e\u003d\u003d\u003d\u003d\u003e \u003e\u003d\u003d\u003d\u003d\u003e\\n\";","lastModifiedDate":"2024-02-11"},{"lineNumber":7,"author":{"gitId":"adamzzq"},"content":"","lastModifiedDate":"2024-01-31"},{"lineNumber":8,"author":{"gitId":"adamzzq"},"content":"    private static final String LOGO_DEFAULT \u003d \"              _                 \\n\"","lastModifiedDate":"2024-01-31"},{"lineNumber":9,"author":{"gitId":"adamzzq"},"content":"            + \"     /\\\\      | |                \\n\"","lastModifiedDate":"2024-01-31"},{"lineNumber":10,"author":{"gitId":"adamzzq"},"content":"            + \"    /  \\\\   __| | __ _ _ __ ___  \\n\"","lastModifiedDate":"2024-01-31"},{"lineNumber":11,"author":{"gitId":"adamzzq"},"content":"            + \"   / /\\\\ \\\\ / _` |/ _` | \u0027_ ` _ \\\\ \\n\"","lastModifiedDate":"2024-01-31"},{"lineNumber":12,"author":{"gitId":"adamzzq"},"content":"            + \"  / ____ \\\\ (_| | (_| | | | | | |\\n\"","lastModifiedDate":"2024-01-31"},{"lineNumber":13,"author":{"gitId":"adamzzq"},"content":"            + \" /_/    \\\\_\\\\__,_|\\\\__,_|_| |_| |_|\\n\";","lastModifiedDate":"2024-01-31"},{"lineNumber":14,"author":{"gitId":"adamzzq"},"content":"","lastModifiedDate":"2024-01-31"},{"lineNumber":15,"author":{"gitId":"adamzzq"},"content":"    private static final String LOGO_BOLD \u003d \" █████╗ ██████╗  █████╗ ███╗   ███╗\\n\"","lastModifiedDate":"2024-01-31"},{"lineNumber":16,"author":{"gitId":"adamzzq"},"content":"            + \"██╔══██╗██╔══██╗██╔══██╗████╗ ████║\\n\"","lastModifiedDate":"2024-01-31"},{"lineNumber":17,"author":{"gitId":"adamzzq"},"content":"            + \"███████║██║  ██║███████║██╔████╔██║\\n\"","lastModifiedDate":"2024-01-31"},{"lineNumber":18,"author":{"gitId":"adamzzq"},"content":"            + \"██╔══██║██║  ██║██╔══██║██║╚██╔╝██║\\n\"","lastModifiedDate":"2024-01-31"},{"lineNumber":19,"author":{"gitId":"adamzzq"},"content":"            + \"██║  ██║██████╔╝██║  ██║██║ ╚═╝ ██║\\n\"","lastModifiedDate":"2024-01-31"},{"lineNumber":20,"author":{"gitId":"adamzzq"},"content":"            + \"╚═╝  ╚═╝╚═════╝ ╚═╝  ╚═╝╚═╝     ╚═╝\\n\";","lastModifiedDate":"2024-01-31"},{"lineNumber":21,"author":{"gitId":"adamzzq"},"content":"","lastModifiedDate":"2024-01-31"},{"lineNumber":22,"author":{"gitId":"adamzzq"},"content":"    private static final String LOGO_3D \u003d \" ________  ________  ________  _____ ______      \\n\"","lastModifiedDate":"2024-01-31"},{"lineNumber":23,"author":{"gitId":"adamzzq"},"content":"            + \"|\\\\   __  \\\\|\\\\   ___ \\\\|\\\\   __  \\\\|\\\\   _ \\\\  _   \\\\    \\n\"","lastModifiedDate":"2024-01-31"},{"lineNumber":24,"author":{"gitId":"adamzzq"},"content":"            + \"\\\\ \\\\  \\\\|\\\\  \\\\ \\\\  \\\\_|\\\\ \\\\ \\\\  \\\\|\\\\  \\\\ \\\\  \\\\\\\\\\\\__\\\\ \\\\  \\\\   \\n\"","lastModifiedDate":"2024-01-31"},{"lineNumber":25,"author":{"gitId":"adamzzq"},"content":"            + \" \\\\ \\\\   __  \\\\ \\\\  \\\\ \\\\\\\\ \\\\ \\\\   __  \\\\ \\\\  \\\\\\\\|__| \\\\  \\\\  \\n\"","lastModifiedDate":"2024-01-31"},{"lineNumber":26,"author":{"gitId":"adamzzq"},"content":"            + \"  \\\\ \\\\  \\\\ \\\\  \\\\ \\\\  \\\\_\\\\\\\\ \\\\ \\\\  \\\\ \\\\  \\\\ \\\\  \\\\    \\\\ \\\\  \\\\ \\n\"","lastModifiedDate":"2024-01-31"},{"lineNumber":27,"author":{"gitId":"adamzzq"},"content":"            + \"   \\\\ \\\\__\\\\ \\\\__\\\\ \\\\_______\\\\ \\\\__\\\\ \\\\__\\\\ \\\\__\\\\    \\\\ \\\\__\\\\\\n\"","lastModifiedDate":"2024-01-31"},{"lineNumber":28,"author":{"gitId":"adamzzq"},"content":"            + \"    \\\\|__|\\\\|__|\\\\|_______|\\\\|__|\\\\|__|\\\\|__|     \\\\|__|\\n\";","lastModifiedDate":"2024-01-31"},{"lineNumber":29,"author":{"gitId":"adamzzq"},"content":"","lastModifiedDate":"2024-01-31"},{"lineNumber":30,"author":{"gitId":"adamzzq"},"content":"    private static final String GREETING \u003d DELIMITER","lastModifiedDate":"2024-01-31"},{"lineNumber":31,"author":{"gitId":"adamzzq"},"content":"            + \"Greetings, human! I\u0027m Adam, your friendly chat bot.\\n\"","lastModifiedDate":"2024-01-31"},{"lineNumber":32,"author":{"gitId":"adamzzq"},"content":"            + \"Ready to conquer the world of tasks together?\\n\"","lastModifiedDate":"2024-01-31"},{"lineNumber":33,"author":{"gitId":"adamzzq"},"content":"            + \"Let\u0027s dive into the adventure!\\n\\n\"","lastModifiedDate":"2024-02-11"},{"lineNumber":34,"author":{"gitId":"adamzzq"},"content":"            + \"\u003e\u003e\u003e Type \u0027help\u0027 or \u0027h\u0027 to view the available commands.\"","lastModifiedDate":"2024-02-11"},{"lineNumber":35,"author":{"gitId":"adamzzq"},"content":"            + DELIMITER;","lastModifiedDate":"2024-01-31"},{"lineNumber":36,"author":{"gitId":"adamzzq"},"content":"","lastModifiedDate":"2024-01-31"},{"lineNumber":37,"author":{"gitId":"adamzzq"},"content":"    private static final String[] LOGOS \u003d {LOGO_DEFAULT, LOGO_BOLD, LOGO_3D};","lastModifiedDate":"2024-02-01"},{"lineNumber":38,"author":{"gitId":"adamzzq"},"content":"","lastModifiedDate":"2024-01-31"},{"lineNumber":39,"author":{"gitId":"adamzzq"},"content":"    // Random logo display at app start","lastModifiedDate":"2024-02-09"},{"lineNumber":40,"author":{"gitId":"adamzzq"},"content":"    public static final String GREETING_MESSAGE \u003d \"Hello from\\n\" + LOGOS[new Random().nextInt(LOGOS.length)]","lastModifiedDate":"2024-02-04"},{"lineNumber":41,"author":{"gitId":"adamzzq"},"content":"            + GREETING;","lastModifiedDate":"2024-02-04"},{"lineNumber":42,"author":{"gitId":"adamzzq"},"content":"","lastModifiedDate":"2024-01-31"},{"lineNumber":43,"author":{"gitId":"adamzzq"},"content":"    public static final String EXIT_MESSAGE \u003d \"Farewell, adventurer! Until our paths cross again!\\n\";","lastModifiedDate":"2024-02-09"},{"lineNumber":44,"author":{"gitId":"adamzzq"},"content":"","lastModifiedDate":"2024-01-31"},{"lineNumber":45,"author":{"gitId":"adamzzq"},"content":"    public static final String MARK_MESSAGE \u003d \"Ta-da! Task conquered! I\u0027ve marked this task as done:\\n\";","lastModifiedDate":"2024-01-31"},{"lineNumber":46,"author":{"gitId":"adamzzq"},"content":"","lastModifiedDate":"2024-01-31"},{"lineNumber":47,"author":{"gitId":"adamzzq"},"content":"    public static final String UNMARK_MESSAGE \u003d \"Whoopsie-daisy! This task is back in action:\\n\";","lastModifiedDate":"2024-01-31"},{"lineNumber":48,"author":{"gitId":"adamzzq"},"content":"","lastModifiedDate":"2024-02-07"},{"lineNumber":49,"author":{"gitId":"adamzzq"},"content":"    public static final String ADD_TASK_MESSAGE_FRONT \u003d \"Awesome sauce! Task successfully added:\\n  \";","lastModifiedDate":"2024-02-07"},{"lineNumber":50,"author":{"gitId":"adamzzq"},"content":"","lastModifiedDate":"2024-02-07"},{"lineNumber":51,"author":{"gitId":"adamzzq"},"content":"    public static final String ADD_TASK_MESSAGE_MIDDLE \u003d \"\\nYou now have a whopping \";","lastModifiedDate":"2024-02-07"},{"lineNumber":52,"author":{"gitId":"adamzzq"},"content":"","lastModifiedDate":"2024-02-07"},{"lineNumber":53,"author":{"gitId":"adamzzq"},"content":"    public static final String ADD_TASK_MESSAGE_END \u003d \" tasks in the list. Keep \u0027em coming!\";","lastModifiedDate":"2024-02-08"},{"lineNumber":54,"author":{"gitId":"adamzzq"},"content":"","lastModifiedDate":"2024-02-07"},{"lineNumber":55,"author":{"gitId":"adamzzq"},"content":"    public static final String LIST_MESSAGE_FRONT \u003d \"Behold, the mighty task(s) in your realm:\\n\";","lastModifiedDate":"2024-02-07"},{"lineNumber":56,"author":{"gitId":"adamzzq"},"content":"","lastModifiedDate":"2024-02-07"},{"lineNumber":57,"author":{"gitId":"adamzzq"},"content":"    public static final String LIST_MESSAGE_END \u003d \"\\nThese tasks await your valiant efforts, noble taskmaster!\";","lastModifiedDate":"2024-02-08"},{"lineNumber":58,"author":{"gitId":"adamzzq"},"content":"","lastModifiedDate":"2024-02-11"},{"lineNumber":59,"author":{"gitId":"adamzzq"},"content":"    public static final String EMPTY_LIST_ERROR_MESSAGE \u003d \"Oops! Looks like our task list is empty.\\n\"","lastModifiedDate":"2024-02-19"},{"lineNumber":60,"author":{"gitId":"adamzzq"},"content":"            + \"Time to fill it up with some action-packed tasks!\";","lastModifiedDate":"2024-02-11"},{"lineNumber":61,"author":{"gitId":"adamzzq"},"content":"","lastModifiedDate":"2024-02-11"},{"lineNumber":62,"author":{"gitId":"adamzzq"},"content":"    private static final String RANGE_ERROR_MESSAGE \u003d \"Oops! The specified index is out of range.\\n\"","lastModifiedDate":"2024-02-18"},{"lineNumber":63,"author":{"gitId":"adamzzq"},"content":"            + \"Please enter an index between 1 and \";","lastModifiedDate":"2024-02-11"},{"lineNumber":64,"author":{"gitId":"adamzzq"},"content":"","lastModifiedDate":"2024-02-11"},{"lineNumber":65,"author":{"gitId":"adamzzq"},"content":"    public static final String INVALID_INPUT_MESSAGE \u003d \"Oopsie! Looks like I got tangled up in my circuits.\\n\"","lastModifiedDate":"2024-02-11"},{"lineNumber":66,"author":{"gitId":"adamzzq"},"content":"            + \"Please try again or type \u0027help\u0027 for valid commands.\";","lastModifiedDate":"2024-02-11"},{"lineNumber":67,"author":{"gitId":"adamzzq"},"content":"","lastModifiedDate":"2024-02-11"},{"lineNumber":68,"author":{"gitId":"adamzzq"},"content":"    public static String getListInquiryErrorMessage(int size) {","lastModifiedDate":"2024-02-18"},{"lineNumber":69,"author":{"gitId":"adamzzq"},"content":"        return size \u003d\u003d 0 ? EMPTY_LIST_ERROR_MESSAGE : RANGE_ERROR_MESSAGE + size + \". (both inclusive)\";","lastModifiedDate":"2024-02-18"},{"lineNumber":70,"author":{"gitId":"adamzzq"},"content":"    }","lastModifiedDate":"2024-02-11"},{"lineNumber":71,"author":{"gitId":"adamzzq"},"content":"","lastModifiedDate":"2024-02-11"},{"lineNumber":72,"author":{"gitId":"adamzzq"},"content":"    public static final String HELP_MESSAGE \u003d \"Need a hand? Here\u0027s your guide to Adam\u0027s commands!\\n\\n\"","lastModifiedDate":"2024-02-18"},{"lineNumber":73,"author":{"gitId":"adamzzq"},"content":"            + \"Available commands:\\n\"","lastModifiedDate":"2024-02-11"},{"lineNumber":74,"author":{"gitId":"adamzzq"},"content":"            + \"- bye (or ex, q): Exit the chatbot.\\n\"","lastModifiedDate":"2024-02-19"},{"lineNumber":75,"author":{"gitId":"adamzzq"},"content":"            + \"- todo [description]: Add a new todo task.\\n\"","lastModifiedDate":"2024-02-11"},{"lineNumber":76,"author":{"gitId":"adamzzq"},"content":"            + \"- deadline [description] /by [deadline]: Add a new task with a deadline.\\n\"","lastModifiedDate":"2024-02-11"},{"lineNumber":77,"author":{"gitId":"adamzzq"},"content":"            + \"- event [description] /from [start time] /to [end time]: Add a new event task.\\n\"","lastModifiedDate":"2024-02-11"},{"lineNumber":78,"author":{"gitId":"adamzzq"},"content":"            + \"- list (or ls): View all tasks in the task list.\\n\"","lastModifiedDate":"2024-02-19"},{"lineNumber":79,"author":{"gitId":"adamzzq"},"content":"            + \"- mark [task number]: Mark a task as completed.\\n\"","lastModifiedDate":"2024-02-18"},{"lineNumber":80,"author":{"gitId":"adamzzq"},"content":"            + \"- unmark [task number]: Mark a completed task as incomplete.\\n\"","lastModifiedDate":"2024-02-18"},{"lineNumber":81,"author":{"gitId":"adamzzq"},"content":"            + \"- delete [task number]: Delete a task from the list. (Watch out, it\u0027s permanent!)\\n\"","lastModifiedDate":"2024-02-18"},{"lineNumber":82,"author":{"gitId":"adamzzq"},"content":"            + \"- help (or h): Display this help menu.\\n\\n\"","lastModifiedDate":"2024-02-11"},{"lineNumber":83,"author":{"gitId":"adamzzq"},"content":"            + \"To use a command, simply type it followed by any necessary parameters\\n\"","lastModifiedDate":"2024-02-11"},{"lineNumber":84,"author":{"gitId":"adamzzq"},"content":"            + \"(e.g. \\\"deadline Hand in assignments /by 4th June\\\").\\n\"","lastModifiedDate":"2024-02-11"},{"lineNumber":85,"author":{"gitId":"adamzzq"},"content":"            + \"Enjoy chatting with Adam!\";","lastModifiedDate":"2024-02-11"},{"lineNumber":86,"author":{"gitId":"adamzzq"},"content":"","lastModifiedDate":"2024-02-11"},{"lineNumber":87,"author":{"gitId":"adamzzq"},"content":"    public static String getDeleteMessage(int newSize, String task) {","lastModifiedDate":"2024-02-18"},{"lineNumber":88,"author":{"gitId":"adamzzq"},"content":"        return \"Task gone with the digital wind!\\n  \"","lastModifiedDate":"2024-02-19"},{"lineNumber":89,"author":{"gitId":"adamzzq"},"content":"                + task + (newSize \u003d\u003d 0 ? \"\\nOur list is empty now!\"","lastModifiedDate":"2024-02-19"},{"lineNumber":90,"author":{"gitId":"adamzzq"},"content":"                        : \"\\nNow down to \" + newSize + \" tasks in the list.\");","lastModifiedDate":"2024-02-18"},{"lineNumber":91,"author":{"gitId":"adamzzq"},"content":"    }","lastModifiedDate":"2024-02-18"},{"lineNumber":92,"author":{"gitId":"adamzzq"},"content":"","lastModifiedDate":"2024-02-18"},{"lineNumber":93,"author":{"gitId":"adamzzq"},"content":"    public static final String FILE_SAVE_ERROR_MESSAGE \u003d \"\\nOops! Looks like your tasks will vanish after this session!\"","lastModifiedDate":"2024-02-19"},{"lineNumber":94,"author":{"gitId":"adamzzq"},"content":"            + \"\\nRestart the app and let\u0027s see if they\u0027re back to their normal selves!\";","lastModifiedDate":"2024-02-19"},{"lineNumber":95,"author":{"gitId":"adamzzq"},"content":"","lastModifiedDate":"2024-02-19"},{"lineNumber":96,"author":{"gitId":"adamzzq"},"content":"    public static final String FILE_LOAD_ERROR_MESSAGE \u003d DELIMITER + \"Oops! List data lost in the digital Bermuda Triangle!\"","lastModifiedDate":"2024-02-19"},{"lineNumber":97,"author":{"gitId":"adamzzq"},"content":"            + \"\\nStarting fresh with an empty list...\\n\" + DELIMITER;","lastModifiedDate":"2024-02-19"},{"lineNumber":98,"author":{"gitId":"adamzzq"},"content":"}","lastModifiedDate":"2024-01-31"}],"authorContributionMap":{"adamzzq":98}},{"path":"src/main/java/ui/Parser.java","fileType":"java","lines":[{"lineNumber":1,"author":{"gitId":"adamzzq"},"content":"package ui;","lastModifiedDate":"2024-02-11"},{"lineNumber":2,"author":{"gitId":"adamzzq"},"content":"","lastModifiedDate":"2024-02-11"},{"lineNumber":3,"author":{"gitId":"adamzzq"},"content":"import java.util.Arrays;","lastModifiedDate":"2024-02-08"},{"lineNumber":4,"author":{"gitId":"adamzzq"},"content":"import java.util.regex.Matcher;","lastModifiedDate":"2024-02-07"},{"lineNumber":5,"author":{"gitId":"adamzzq"},"content":"import java.util.regex.Pattern;","lastModifiedDate":"2024-02-07"},{"lineNumber":6,"author":{"gitId":"adamzzq"},"content":"import java.util.stream.IntStream;","lastModifiedDate":"2024-02-19"},{"lineNumber":7,"author":{"gitId":"adamzzq"},"content":"","lastModifiedDate":"2024-02-07"},{"lineNumber":8,"author":{"gitId":"adamzzq"},"content":"import exception.AdamException;","lastModifiedDate":"2024-02-11"},{"lineNumber":9,"author":{"gitId":"adamzzq"},"content":"","lastModifiedDate":"2024-02-11"},{"lineNumber":10,"author":{"gitId":"adamzzq"},"content":"public enum Parser {","lastModifiedDate":"2024-02-08"},{"lineNumber":11,"author":{"gitId":"adamzzq"},"content":"    // token list","lastModifiedDate":"2024-02-19"},{"lineNumber":12,"author":{"gitId":"adamzzq"},"content":"    // accept any number of space using \\s*","lastModifiedDate":"2024-02-19"},{"lineNumber":13,"author":{"gitId":"adamzzq"},"content":"    EXIT(\"bye|ex|q\"),","lastModifiedDate":"2024-02-19"},{"lineNumber":14,"author":{"gitId":"adamzzq"},"content":"    LIST(\"list|ls\"),","lastModifiedDate":"2024-02-19"},{"lineNumber":15,"author":{"gitId":"adamzzq"},"content":"    HELP(\"help|h\"),","lastModifiedDate":"2024-02-18"},{"lineNumber":16,"author":{"gitId":"adamzzq"},"content":"    TOGGLE(\"(mark|unmark)\\\\s*(\\\\d+)\\\\s*\"),","lastModifiedDate":"2024-02-19"},{"lineNumber":17,"author":{"gitId":"adamzzq"},"content":"    TODO(\"todo\\\\s*(.+)\"),","lastModifiedDate":"2024-02-19"},{"lineNumber":18,"author":{"gitId":"adamzzq"},"content":"    DEADLINE(\"deadline\\\\s*(.+)/by\\\\s*(.+)\"),","lastModifiedDate":"2024-02-19"},{"lineNumber":19,"author":{"gitId":"adamzzq"},"content":"    EVENT(\"event\\\\s*(.+)/from\\\\s*(.+)/to\\\\s*(.+)\"),","lastModifiedDate":"2024-02-19"},{"lineNumber":20,"author":{"gitId":"adamzzq"},"content":"    DELETE(\"delete\\\\s*(\\\\d+)\\\\s*\");","lastModifiedDate":"2024-02-18"},{"lineNumber":21,"author":{"gitId":"adamzzq"},"content":"","lastModifiedDate":"2024-02-08"},{"lineNumber":22,"author":{"gitId":"adamzzq"},"content":"    private final String commandRegex;","lastModifiedDate":"2024-02-08"},{"lineNumber":23,"author":{"gitId":"adamzzq"},"content":"","lastModifiedDate":"2024-02-07"},{"lineNumber":24,"author":{"gitId":"adamzzq"},"content":"    Parser(String commandRegex) {","lastModifiedDate":"2024-02-08"},{"lineNumber":25,"author":{"gitId":"adamzzq"},"content":"        this.commandRegex \u003d commandRegex;","lastModifiedDate":"2024-02-08"},{"lineNumber":26,"author":{"gitId":"adamzzq"},"content":"    }","lastModifiedDate":"2024-02-08"},{"lineNumber":27,"author":{"gitId":"adamzzq"},"content":"","lastModifiedDate":"2024-02-07"},{"lineNumber":28,"author":{"gitId":"adamzzq"},"content":"    private String getCommandRegex() {","lastModifiedDate":"2024-02-08"},{"lineNumber":29,"author":{"gitId":"adamzzq"},"content":"        return this.commandRegex;","lastModifiedDate":"2024-02-08"},{"lineNumber":30,"author":{"gitId":"adamzzq"},"content":"    }","lastModifiedDate":"2024-02-08"},{"lineNumber":31,"author":{"gitId":"adamzzq"},"content":"","lastModifiedDate":"2024-02-07"},{"lineNumber":32,"author":{"gitId":"adamzzq"},"content":"    public static Parser analyzeInput(String input) throws AdamException {","lastModifiedDate":"2024-02-11"},{"lineNumber":33,"author":{"gitId":"adamzzq"},"content":"        return Arrays.stream(Parser.values())","lastModifiedDate":"2024-02-08"},{"lineNumber":34,"author":{"gitId":"adamzzq"},"content":"                .filter(token -\u003e input.matches(token.getCommandRegex()))","lastModifiedDate":"2024-02-08"},{"lineNumber":35,"author":{"gitId":"adamzzq"},"content":"                .findFirst()","lastModifiedDate":"2024-02-08"},{"lineNumber":36,"author":{"gitId":"adamzzq"},"content":"                .orElseThrow(() -\u003e new AdamException(Message.INVALID_INPUT_MESSAGE));","lastModifiedDate":"2024-02-11"},{"lineNumber":37,"author":{"gitId":"adamzzq"},"content":"    }","lastModifiedDate":"2024-02-08"},{"lineNumber":38,"author":{"gitId":"adamzzq"},"content":"","lastModifiedDate":"2024-02-08"},{"lineNumber":39,"author":{"gitId":"adamzzq"},"content":"    public static String[] splitInput(Parser token, String input) {","lastModifiedDate":"2024-02-19"},{"lineNumber":40,"author":{"gitId":"adamzzq"},"content":"        Pattern matchedPattern \u003d Pattern.compile(token.getCommandRegex());","lastModifiedDate":"2024-02-19"},{"lineNumber":41,"author":{"gitId":"adamzzq"},"content":"        Matcher matcher \u003d matchedPattern.matcher(input);","lastModifiedDate":"2024-02-19"},{"lineNumber":42,"author":{"gitId":"adamzzq"},"content":"        matcher.find();","lastModifiedDate":"2024-02-19"},{"lineNumber":43,"author":{"gitId":"adamzzq"},"content":"","lastModifiedDate":"2024-02-09"},{"lineNumber":44,"author":{"gitId":"adamzzq"},"content":"        return IntStream.rangeClosed(1, matcher.groupCount())","lastModifiedDate":"2024-02-19"},{"lineNumber":45,"author":{"gitId":"adamzzq"},"content":"                .mapToObj(i -\u003e matcher.group(i).trim())","lastModifiedDate":"2024-02-19"},{"lineNumber":46,"author":{"gitId":"adamzzq"},"content":"                .toArray(String[]::new);","lastModifiedDate":"2024-02-19"},{"lineNumber":47,"author":{"gitId":"adamzzq"},"content":"    }","lastModifiedDate":"2024-02-07"},{"lineNumber":48,"author":{"gitId":"adamzzq"},"content":"}","lastModifiedDate":"2024-02-07"}],"authorContributionMap":{"adamzzq":48}},{"path":"text-ui-test/input.txt","fileType":"txt","lines":[{"lineNumber":1,"author":{"gitId":"adamzzq"},"content":"hello","lastModifiedDate":"2024-02-09"},{"lineNumber":2,"author":{"gitId":"adamzzq"},"content":"todo sleep for 8 hours","lastModifiedDate":"2024-02-09"},{"lineNumber":3,"author":{"gitId":"adamzzq"},"content":"deadline wake up /by 8:00AM tmr","lastModifiedDate":"2024-02-09"},{"lineNumber":4,"author":{"gitId":"adamzzq"},"content":"event exercise/from tmr /to 1st Aug. 2024","lastModifiedDate":"2024-02-09"},{"lineNumber":5,"author":{"gitId":"adamzzq"},"content":"todo jaer09549)(0","lastModifiedDate":"2024-02-09"},{"lineNumber":6,"author":{"gitId":"adamzzq"},"content":"list","lastModifiedDate":"2024-02-09"},{"lineNumber":7,"author":{"gitId":"adamzzq"},"content":"mark 1","lastModifiedDate":"2024-02-09"},{"lineNumber":8,"author":{"gitId":"adamzzq"},"content":"unmark 1","lastModifiedDate":"2024-02-09"},{"lineNumber":9,"author":{"gitId":"adamzzq"},"content":"mark 99","lastModifiedDate":"2024-02-09"},{"lineNumber":10,"author":{"gitId":"adamzzq"},"content":"mark -1","lastModifiedDate":"2024-02-09"},{"lineNumber":11,"author":{"gitId":"adamzzq"},"content":"unmark 0","lastModifiedDate":"2024-02-09"},{"lineNumber":12,"author":{"gitId":"adamzzq"},"content":"unmark 99","lastModifiedDate":"2024-02-09"},{"lineNumber":13,"author":{"gitId":"adamzzq"},"content":"todo borrow book","lastModifiedDate":"2024-02-09"},{"lineNumber":14,"author":{"gitId":"adamzzq"},"content":"list","lastModifiedDate":"2024-02-09"},{"lineNumber":15,"author":{"gitId":"adamzzq"},"content":"deadline sleep /by 12 tonight","lastModifiedDate":"2024-02-09"},{"lineNumber":16,"author":{"gitId":"adamzzq"},"content":"event sleep /from 12am /to 9a.m. 09/02/2024","lastModifiedDate":"2024-02-09"},{"lineNumber":17,"author":{"gitId":"adamzzq"},"content":"deadline sleep /by 12 tonight","lastModifiedDate":"2024-02-09"},{"lineNumber":18,"author":{"gitId":"adamzzq"},"content":"event sleep /from 12am /to 9a.m. 09/02/2024","lastModifiedDate":"2024-02-09"},{"lineNumber":19,"author":{"gitId":"adamzzq"},"content":"list","lastModifiedDate":"2024-02-09"},{"lineNumber":20,"author":{"gitId":"adamzzq"},"content":"bye","lastModifiedDate":"2024-02-09"}],"authorContributionMap":{"adamzzq":20}},{"path":"text-ui-test/runtest.bat","fileType":"bat","lines":[{"lineNumber":1,"author":{"gitId":"-"},"content":"@ECHO OFF","lastModifiedDate":"2020-05-25"},{"lineNumber":2,"author":{"gitId":"-"},"content":"","lastModifiedDate":"2020-05-25"},{"lineNumber":3,"author":{"gitId":"-"},"content":"REM create bin directory if it doesn\u0027t exist","lastModifiedDate":"2020-05-25"},{"lineNumber":4,"author":{"gitId":"-"},"content":"if not exist ..\\bin mkdir ..\\bin","lastModifiedDate":"2020-05-25"},{"lineNumber":5,"author":{"gitId":"-"},"content":"","lastModifiedDate":"2020-05-25"},{"lineNumber":6,"author":{"gitId":"-"},"content":"REM delete output from previous run","lastModifiedDate":"2020-05-25"},{"lineNumber":7,"author":{"gitId":"-"},"content":"if exist ACTUAL.TXT del ACTUAL.TXT","lastModifiedDate":"2020-08-25"},{"lineNumber":8,"author":{"gitId":"-"},"content":"","lastModifiedDate":"2020-05-25"},{"lineNumber":9,"author":{"gitId":"-"},"content":"REM compile the code into the bin folder","lastModifiedDate":"2020-05-25"},{"lineNumber":10,"author":{"gitId":"-"},"content":"javac  -cp ..\\src\\main\\java -Xlint:none -d ..\\bin ..\\src\\main\\java\\*.java","lastModifiedDate":"2020-08-25"},{"lineNumber":11,"author":{"gitId":"-"},"content":"IF ERRORLEVEL 1 (","lastModifiedDate":"2020-05-25"},{"lineNumber":12,"author":{"gitId":"-"},"content":"    echo ********** BUILD FAILURE **********","lastModifiedDate":"2020-05-25"},{"lineNumber":13,"author":{"gitId":"-"},"content":"    exit /b 1","lastModifiedDate":"2020-05-25"},{"lineNumber":14,"author":{"gitId":"-"},"content":")","lastModifiedDate":"2020-05-25"},{"lineNumber":15,"author":{"gitId":"-"},"content":"REM no error here, errorlevel \u003d\u003d 0","lastModifiedDate":"2020-05-25"},{"lineNumber":16,"author":{"gitId":"-"},"content":"","lastModifiedDate":"2020-05-25"},{"lineNumber":17,"author":{"gitId":"-"},"content":"REM run the program, feed commands from input.txt file and redirect the output to the ACTUAL.TXT","lastModifiedDate":"2020-05-25"},{"lineNumber":18,"author":{"gitId":"adamzzq"},"content":"java -classpath ..\\bin Adam \u003c input.txt \u003e ACTUAL.TXT","lastModifiedDate":"2024-02-09"},{"lineNumber":19,"author":{"gitId":"-"},"content":"","lastModifiedDate":"2020-05-25"},{"lineNumber":20,"author":{"gitId":"-"},"content":"REM compare the output to the expected output","lastModifiedDate":"2020-05-25"},{"lineNumber":21,"author":{"gitId":"-"},"content":"FC ACTUAL.TXT EXPECTED.TXT","lastModifiedDate":"2020-05-25"}],"authorContributionMap":{"adamzzq":1,"-":20}},{"path":"text-ui-test/runtest.sh","fileType":"sh","lines":[{"lineNumber":1,"author":{"gitId":"-"},"content":"#!/usr/bin/env bash","lastModifiedDate":"2020-05-25"},{"lineNumber":2,"author":{"gitId":"-"},"content":"","lastModifiedDate":"2020-05-25"},{"lineNumber":3,"author":{"gitId":"-"},"content":"# create bin directory if it doesn\u0027t exist","lastModifiedDate":"2020-05-25"},{"lineNumber":4,"author":{"gitId":"-"},"content":"if [ ! -d \"../bin\" ]","lastModifiedDate":"2020-05-25"},{"lineNumber":5,"author":{"gitId":"-"},"content":"then","lastModifiedDate":"2020-05-25"},{"lineNumber":6,"author":{"gitId":"-"},"content":"    mkdir ../bin","lastModifiedDate":"2020-05-25"},{"lineNumber":7,"author":{"gitId":"-"},"content":"fi","lastModifiedDate":"2020-05-25"},{"lineNumber":8,"author":{"gitId":"-"},"content":"","lastModifiedDate":"2020-05-25"},{"lineNumber":9,"author":{"gitId":"-"},"content":"# delete output from previous run","lastModifiedDate":"2020-05-25"},{"lineNumber":10,"author":{"gitId":"-"},"content":"if [ -e \"./ACTUAL.TXT\" ]","lastModifiedDate":"2020-05-25"},{"lineNumber":11,"author":{"gitId":"-"},"content":"then","lastModifiedDate":"2020-05-25"},{"lineNumber":12,"author":{"gitId":"-"},"content":"    rm ACTUAL.TXT","lastModifiedDate":"2020-05-25"},{"lineNumber":13,"author":{"gitId":"-"},"content":"fi","lastModifiedDate":"2020-05-25"},{"lineNumber":14,"author":{"gitId":"-"},"content":"","lastModifiedDate":"2020-05-25"},{"lineNumber":15,"author":{"gitId":"-"},"content":"# compile the code into the bin folder, terminates if error occurred","lastModifiedDate":"2020-05-25"},{"lineNumber":16,"author":{"gitId":"-"},"content":"if ! javac -cp ../src/main/java -Xlint:none -d ../bin ../src/main/java/*.java","lastModifiedDate":"2020-08-25"},{"lineNumber":17,"author":{"gitId":"-"},"content":"then","lastModifiedDate":"2020-05-25"},{"lineNumber":18,"author":{"gitId":"-"},"content":"    echo \"********** BUILD FAILURE **********\"","lastModifiedDate":"2020-05-25"},{"lineNumber":19,"author":{"gitId":"-"},"content":"    exit 1","lastModifiedDate":"2020-05-25"},{"lineNumber":20,"author":{"gitId":"-"},"content":"fi","lastModifiedDate":"2020-05-25"},{"lineNumber":21,"author":{"gitId":"-"},"content":"","lastModifiedDate":"2020-05-25"},{"lineNumber":22,"author":{"gitId":"-"},"content":"# run the program, feed commands from input.txt file and redirect the output to the ACTUAL.TXT","lastModifiedDate":"2020-05-25"},{"lineNumber":23,"author":{"gitId":"adamzzq"},"content":"java -classpath ../bin Adam \u003c input.txt \u003e ACTUAL.TXT","lastModifiedDate":"2024-02-09"},{"lineNumber":24,"author":{"gitId":"-"},"content":"","lastModifiedDate":"2020-05-25"},{"lineNumber":25,"author":{"gitId":"-"},"content":"# convert to UNIX format","lastModifiedDate":"2020-05-25"},{"lineNumber":26,"author":{"gitId":"-"},"content":"cp EXPECTED.TXT EXPECTED-UNIX.TXT","lastModifiedDate":"2020-05-25"},{"lineNumber":27,"author":{"gitId":"-"},"content":"dos2unix ACTUAL.TXT EXPECTED-UNIX.TXT","lastModifiedDate":"2020-05-25"},{"lineNumber":28,"author":{"gitId":"-"},"content":"","lastModifiedDate":"2020-05-25"},{"lineNumber":29,"author":{"gitId":"-"},"content":"# compare the output to the expected output","lastModifiedDate":"2020-05-25"},{"lineNumber":30,"author":{"gitId":"-"},"content":"diff ACTUAL.TXT EXPECTED-UNIX.TXT","lastModifiedDate":"2020-05-25"},{"lineNumber":31,"author":{"gitId":"-"},"content":"if [ $? -eq 0 ]","lastModifiedDate":"2020-05-25"},{"lineNumber":32,"author":{"gitId":"-"},"content":"then","lastModifiedDate":"2020-05-25"},{"lineNumber":33,"author":{"gitId":"-"},"content":"    echo \"Test result: PASSED\"","lastModifiedDate":"2020-05-25"},{"lineNumber":34,"author":{"gitId":"-"},"content":"    exit 0","lastModifiedDate":"2020-05-25"},{"lineNumber":35,"author":{"gitId":"-"},"content":"else","lastModifiedDate":"2020-05-25"},{"lineNumber":36,"author":{"gitId":"-"},"content":"    echo \"Test result: FAILED\"","lastModifiedDate":"2020-05-25"},{"lineNumber":37,"author":{"gitId":"-"},"content":"    exit 1","lastModifiedDate":"2020-05-25"},{"lineNumber":38,"author":{"gitId":"-"},"content":"fi","lastModifiedDate":"2020-05-25"}],"authorContributionMap":{"adamzzq":1,"-":37}}]
