{"authorDailyContributionsMap":{"adamzzq":[{"date":"2024-01-23","commitResults":[{"hash":"c4493b478af6192eda261b56c9bfdf1c948bccdf","isMergeCommit":false,"messageTitle":"Level-0: Rename to Adam, add greeting and exit","messageBody":"","fileTypesAndContributionMap":{"java":{"insertions":21,"deletions":10}}}]},{"date":"2024-01-30","commitResults":[{"hash":"630521b24ec1026ec77f1218b867bfe15740c823","isMergeCommit":false,"messageTitle":"Add echo and exit feature","messageBody":"","tags":["Level-1"],"fileTypesAndContributionMap":{"java":{"insertions":22,"deletions":3}}},{"hash":"8aa63690eca4ebe0b98ba4d951c509ac77cd6ba2","isMergeCommit":false,"messageTitle":"Implement add and list feature","messageBody":"Add the functionality to store user inputs and display back to the user\non command in the form of an indexed list.\n","tags":["Level-2"],"fileTypesAndContributionMap":{"java":{"insertions":24,"deletions":6}}}]},{"date":"2024-01-31","commitResults":[{"hash":"9115979c5c849589f910fad95c15210e771c949c","isMergeCommit":false,"messageTitle":"Add mark and unmark feature","messageBody":"User can mark a task as done or revert back the status to not done.\nThe corresponding task and its status are displayed as an echoed\nmessage. The status of all tasks are shown in the list on command.\n","fileTypesAndContributionMap":{"java":{"insertions":140,"deletions":33}}},{"hash":"23c283ca0ecab426359979db02b4abf96a17c56b","isMergeCommit":false,"messageTitle":"Improve code quality","messageBody":"Enhance code readability through keyword changes, variable renaming and\nredundancy removal, in order to follow the coding standard.\n","fileTypesAndContributionMap":{"java":{"insertions":22,"deletions":35}}},{"hash":"9018e896e5ea3150d2df65c967609bf2723dd3a3","isMergeCommit":false,"messageTitle":"Customize chatbot prompts","messageBody":"","fileTypesAndContributionMap":{"java":{"insertions":34,"deletions":13}}}]},{"date":"2024-02-01","commitResults":[{"hash":"e70f8b6d8d1de37463481ad73a095d80e4b90cb1","isMergeCommit":false,"messageTitle":"Bug fix: Prevent incorrect task status changes","messageBody":"Ensure that mark/unmark command does not erroneously revert the status\nof a task.\n","tags":["Level-3","A-CodingStandard"],"fileTypesAndContributionMap":{"java":{"insertions":15,"deletions":11}}}]}]},"authorFileTypeContributionMap":{"adamzzq":{"java":177,"md":0,"fxml":0,"sh":0,"bat":0,"gradle":0,"txt":0}},"authorContributionVariance":{"adamzzq":5041.5967},"authorDisplayNameMap":{"adamzzq":"ZENG..HEQI"}}
