[{"path":"src/main/java/Dross.java","fileType":"java","lines":[{"lineNumber":1,"author":{"gitId":"lordgareth10"},"content":"public class Dross {","lastModifiedDate":"2024-01-27"},{"lineNumber":2,"author":{"gitId":"lordgareth10"},"content":"    public static void main(String[] args) {","lastModifiedDate":"2024-01-27"},{"lineNumber":3,"author":{"gitId":"lordgareth10"},"content":"        System.out.println(\"Hello! I\u0027m Dross\");","lastModifiedDate":"2024-01-27"},{"lineNumber":4,"author":{"gitId":"lordgareth10"},"content":"        System.out.println(\"What can I do for you?\");","lastModifiedDate":"2024-01-27"},{"lineNumber":5,"author":{"gitId":"lordgareth10"},"content":"        System.out.println(\"Bye. Hope to see you again soon!\");","lastModifiedDate":"2024-01-27"},{"lineNumber":6,"author":{"gitId":"lordgareth10"},"content":"    }","lastModifiedDate":"2024-01-27"},{"lineNumber":7,"author":{"gitId":"lordgareth10"},"content":"}","lastModifiedDate":"2024-01-27"}],"authorContributionMap":{"lordgareth10":7}}]
