{"authorDailyContributionsMap":{"cirelesna":[{"date":"2024-02-02","commitResults":[{"hash":"302d1a504d2ae1226f8a816e1c763c733aed0021","isMergeCommit":false,"messageTitle":"Update Laika.java","messageBody":"Renamed chatbot and added greet and exit\n","tags":["Level-0"],"fileTypesAndContributionMap":{"java":{"insertions":10,"deletions":10}}},{"hash":"74e5d142385bda25bcfa438682545f3ff6647917","isMergeCommit":false,"messageTitle":"Added ability to Echo","messageBody":"","tags":["Level-1"],"fileTypesAndContributionMap":{"java":{"insertions":12,"deletions":2}}},{"hash":"b7125e36100dc473f0ecc38714c399838591def6","isMergeCommit":false,"messageTitle":"Added Add and List","messageBody":"","tags":["Level-2"],"fileTypesAndContributionMap":{"java":{"insertions":21,"deletions":3}}}]},{"date":"2024-02-03","commitResults":[{"hash":"0637d2e224a1e9a08ab417c4bee0ea229a6efe97","isMergeCommit":false,"messageTitle":"Added Mark, Unmark and Task.java","messageBody":"","tags":["Level-3"],"fileTypesAndContributionMap":{"java":{"insertions":39,"deletions":3}}}]}]},"authorFileTypeContributionMap":{"cirelesna":{"java":74,"md":0,"fxml":0,"sh":0,"bat":0,"gradle":0,"txt":0}},"authorContributionVariance":{"cirelesna":281.4375},"authorDisplayNameMap":{"cirelesna":"ANSE..RTIN"}}
