{"authorDailyContributionsMap":{"sxfoo":[{"date":"2024-01-22","commitResults":[{"hash":"8ce835dafdc00e4dfc3415b28c1813f4dd876c66","isMergeCommit":false,"messageTitle":"Rename chatbot from Duke to Carrot","messageBody":"","fileTypesAndContributionMap":{"java":{"insertions":6,"deletions":5}}},{"hash":"e85aa692772b3fe9ec78959f067c70114e11f89e","isMergeCommit":false,"messageTitle":"Implement chatbot basic greeting and exit functionality","messageBody":"","tags":["Level-0"],"fileTypesAndContributionMap":{"java":{"insertions":9,"deletions":0}}}]},{"date":"2024-01-29","commitResults":[{"hash":"94c586980efd0753e9a0447028420d0a34397f79","isMergeCommit":false,"messageTitle":"Reorganise chatbot greeting and goodbye messages into two separate methods","messageBody":"","fileTypesAndContributionMap":{"java":{"insertions":13,"deletions":4}}},{"hash":"6ab706a3a5d65196225ecec93b82686951dd284c","isMergeCommit":false,"messageTitle":"Add functionality to receive userInput and echo","messageBody":"Level-1 Echo functionality - echos commands entered by the user, and exits when the user types the command bye.\n","tags":["Level-1"],"fileTypesAndContributionMap":{"java":{"insertions":23,"deletions":0}}},{"hash":"f47bd81b15cb88ec386ee6da5d452ee97037bbb6","isMergeCommit":false,"messageTitle":"Add functionality to store userInput (tasks) and display tasks","messageBody":"Level-2 Add, List functionality. Add the ability to store whatever text entered by the user and display them back to the user when requested (when user types the keyword \"list\").\n","tags":["Level-2"],"fileTypesAndContributionMap":{"java":{"insertions":30,"deletions":5}}},{"hash":"b3b4c0af249339459db41f1c6476e581e1985592","isMergeCommit":false,"messageTitle":"Add new class: Task","messageBody":"","tags":["A-Classes"],"fileTypesAndContributionMap":{"java":{"insertions":21,"deletions":0}}}]},{"date":"2024-01-30","commitResults":[{"hash":"07b11e71c10213b186a1f6c97af3b3465debd33a","isMergeCommit":false,"messageTitle":"Add functionality to mark/unmark tasks","messageBody":"Level-3 Mark/Unmark Tasks.\nAdd the ability to mark tasks as done (userInput: \"mark (taskIndex)\"), and not done (userInput: \"unmark (taskIndex)\").\n","tags":["Level-3"],"fileTypesAndContributionMap":{"java":{"insertions":58,"deletions":14}}},{"hash":"dc8eb8043c5a83dafbfcda59adf215a1071ef0f8","isMergeCommit":false,"messageTitle":"Tweak the code to comply with Java Coding Standard","messageBody":"A-CodingStandard.\nChanged the code to fit standards as described in https://se-education.org/guides/conventions/java/basic.html\n","tags":["A-CodingStandard"],"fileTypesAndContributionMap":{"java":{"insertions":36,"deletions":30}}}]},{"date":"2024-02-01","commitResults":[{"hash":"1526dcaddc0bdbefefe91c2ec53d42e560f8c796","isMergeCommit":false,"messageTitle":"Add new nullptr exception block in mark/unmark method","messageBody":"","fileTypesAndContributionMap":{"java":{"insertions":4,"deletions":0}}}]},{"date":"2024-02-04","commitResults":[{"hash":"167a36887f858e244aeb2250f7dae350796f75d2","isMergeCommit":false,"messageTitle":"Rename Duke.java to Carrot.java to match it\u0027s new name","messageBody":"","fileTypesAndContributionMap":{"java":{"insertions":1,"deletions":1}}}]},{"date":"2024-02-05","commitResults":[{"hash":"d8247aea3bceaa453c1adb63b213948e454325e0","isMergeCommit":false,"messageTitle":"Add new classes Todo, Deadline, Event and modify toString() in Task.","messageBody":"","tags":["A-Inheritance"],"fileTypesAndContributionMap":{"java":{"insertions":45,"deletions":4}}},{"hash":"a26396e444374a6fdac3adea5ee619b32aa84c04","isMergeCommit":false,"messageTitle":"Add new class CommandManager and enum CommandType","messageBody":"To handle userinput commands on a separate class\n","fileTypesAndContributionMap":{"java":{"insertions":110,"deletions":0}}}]},{"date":"2024-02-06","commitResults":[{"hash":"f75d0cbda15505e098fe7ee9536d18b75eaa2254","isMergeCommit":false,"messageTitle":"Change main Carrot.java code to use CommandManager class","messageBody":"","fileTypesAndContributionMap":{"java":{"insertions":40,"deletions":44}}},{"hash":"3069fb38ef15881f713d9ba6b5ff095aec8b3736","isMergeCommit":false,"messageTitle":"Add new command HELP in CommandManager","messageBody":"","fileTypesAndContributionMap":{"java":{"insertions":4,"deletions":0}}},{"hash":"5febd7f03206f87a6638072fb0135481ac16d8f1","isMergeCommit":false,"messageTitle":"Add Todo, Deadline, Event, Help functionality in main","messageBody":"Other things: Refactor out print statements to separate functions. Changed Task[] array to use ArrayList instead of normal Array\n","tags":["Level-4","A-CodeQuality"],"fileTypesAndContributionMap":{"java":{"insertions":120,"deletions":32}}}]},{"date":"2024-02-08","commitResults":[{"hash":"b4ddfbd103d657b3e9edbf574dff602fdc8e9044","isMergeCommit":false,"messageTitle":"Refactor switch command handling method to reduce LOC","messageBody":"","fileTypesAndContributionMap":{"java":{"insertions":40,"deletions":59}}}]},{"date":"2024-02-15","commitResults":[{"hash":"c8faeb6659ae60012f2ae980a49b91fca6d8f612","isMergeCommit":false,"messageTitle":"Add CarrotException Class","messageBody":"","fileTypesAndContributionMap":{"java":{"insertions":5,"deletions":0}}},{"hash":"bf70372e8dcf5a4fbf893b38087be418cc409409","isMergeCommit":false,"messageTitle":"Revert \"Add CarrotException Class\"","messageBody":"This reverts commit c8faeb6659ae60012f2ae980a49b91fca6d8f612.\n","fileTypesAndContributionMap":{"java":{"insertions":0,"deletions":5}}},{"hash":"9047c9062b4cadea62d2ea9ea635ca1d44102759","isMergeCommit":false,"messageTitle":"Add CarrotException Class","messageBody":"","tags":["A-Exceptions"],"fileTypesAndContributionMap":{"java":{"insertions":5,"deletions":0}}},{"hash":"1cfe8fe1480e89161ab212d1072e76d4efedece3","isMergeCommit":true,"messageTitle":"Merge branch \u0027branch-Level-5\u0027","messageBody":"","tags":["Level-5"],"fileTypesAndContributionMap":{}}]}]},"authorFileTypeContributionMap":{"sxfoo":{"java":373,"md":0,"fxml":0,"sh":0,"bat":0,"gradle":0,"txt":0}},"authorContributionVariance":{"sxfoo":3580.2385},"authorDisplayNameMap":{"sxfoo":"CS2113-W14-3 FOO ..IANG"}}
