{"authorDailyContributionsMap":{"isaaceng7":[{"date":"2024-01-26","commitResults":[{"hash":"6e81a8bc21b961a410effaee21bcaaa32838b6eb","isMergeCommit":false,"messageTitle":"Baymax: Level-0: Rename, Greet, Exit","messageBody":"","tags":["Level-0"],"fileTypesAndContributionMap":{"java":{"insertions":6,"deletions":10}}}]},{"date":"2024-02-01","commitResults":[{"hash":"a246c048e2fa04687a772e90db7e9faa95506003","isMergeCommit":false,"messageTitle":"Echo","messageBody":"","tags":["Level-1"],"fileTypesAndContributionMap":{"java":{"insertions":18,"deletions":1}}},{"hash":"416d3213224138b4a357616beffa1888aca7734c","isMergeCommit":false,"messageTitle":"Add, List","messageBody":"","tags":["Level-2"],"fileTypesAndContributionMap":{"java":{"insertions":19,"deletions":3}}},{"hash":"70cca0a434470d3cfcf4debf25669bf81a1927f0","isMergeCommit":false,"messageTitle":"Create Task class","messageBody":"","tags":["Level-3"],"fileTypesAndContributionMap":{"java":{"insertions":37,"deletions":3}}},{"hash":"bfce320fb43a88ca51931fb2bfcf7e2b348e8d82","isMergeCommit":false,"messageTitle":"Revert \"Create Task class\"","messageBody":"This reverts commit 70cca0a434470d3cfcf4debf25669bf81a1927f0.\n","fileTypesAndContributionMap":{"java":{"insertions":3,"deletions":37}}},{"hash":"87bc5feff77ea32620628420d28842b297248f60","isMergeCommit":false,"messageTitle":"Revert \"Revert \"Create Task class\"\"","messageBody":"This reverts commit bfce320fb43a88ca51931fb2bfcf7e2b348e8d82.\n","fileTypesAndContributionMap":{"java":{"insertions":37,"deletions":3}}}]},{"date":"2024-02-07","commitResults":[{"hash":"96e49ec349343d3b5d23c164c007784675d432de","isMergeCommit":false,"messageTitle":"Add ToDo, Event, Dateline classes","messageBody":"","tags":["Level-4"],"fileTypesAndContributionMap":{"java":{"insertions":64,"deletions":8}}}]},{"date":"2024-02-17","commitResults":[{"hash":"994df65ddc4961fcf286c5790e0141e79b753ece","isMergeCommit":false,"messageTitle":"Add exception for unknown words","messageBody":"","fileTypesAndContributionMap":{"java":{"insertions":15,"deletions":10}}},{"hash":"6f7d3babd64ba035a3788d72198f610b3061153a","isMergeCommit":false,"messageTitle":"Add exception for empty todo, deadline and event","messageBody":"","tags":["Level-5"],"fileTypesAndContributionMap":{"java":{"insertions":19,"deletions":6}}}]}]},"authorFileTypeContributionMap":{"isaaceng7":{"java":147,"md":0,"fxml":0,"sh":0,"bat":0,"gradle":0,"txt":0}},"authorContributionVariance":{"isaaceng7":1029.3655},"authorDisplayNameMap":{"isaaceng7":"CS2113-T15-2 ISAA..YEOW"}}
