{"authorDailyContributionsMap":{"nyh3":[{"date":"2024-01-19","commitResults":[{"hash":"b8543a9123c3e754be90a79ba0dcf7e069c3fafd","isMergeCommit":false,"messageTitle":"Change Duke to Quill","messageBody":"","tags":["Level-0"],"fileTypesAndContributionMap":{"java":{"insertions":7,"deletions":10}}}]},{"date":"2024-01-28","commitResults":[{"hash":"e4b54abe8b585702364d43fbe2bce221def9cdec","isMergeCommit":false,"messageTitle":"Echo commands entered by users","messageBody":"","tags":["Level-1"],"fileTypesAndContributionMap":{"java":{"insertions":13,"deletions":3}}},{"hash":"778e8c71a6bbe8d4739c7ec611f3d04e16488bc4","isMergeCommit":false,"messageTitle":"Add ability to store texts","messageBody":"","tags":["Level-2"],"fileTypesAndContributionMap":{"java":{"insertions":16,"deletions":2}}},{"hash":"d0c761da3f1e08c0f742a9975f0bd20129dc8315","isMergeCommit":false,"messageTitle":"Add class to represent tasks","messageBody":"","tags":["A-Classes"],"fileTypesAndContributionMap":{"java":{"insertions":16,"deletions":0}}},{"hash":"00db52e40010e9d8bdc8269cd2e10b4acf4a05e2","isMergeCommit":false,"messageTitle":"Modify code to use the task class","messageBody":"","fileTypesAndContributionMap":{"java":{"insertions":30,"deletions":23}}},{"hash":"db574296c7a8f03be1971f7caf7bc477f2f360d0","isMergeCommit":false,"messageTitle":"Add switch statement to handle command","messageBody":"","fileTypesAndContributionMap":{"java":{"insertions":14,"deletions":6}}},{"hash":"15e180d98c3a3e0fbc5e81111c71df2d800a39f2","isMergeCommit":false,"messageTitle":"Add ability to mark and unmark","messageBody":"","tags":["Level-3"],"fileTypesAndContributionMap":{"java":{"insertions":18,"deletions":2}}},{"hash":"70903f0036d1352d1b7e010f36eeded001267a33","isMergeCommit":false,"messageTitle":"Reduce line length for coding standard","messageBody":"","tags":["A-CodingStandard"],"fileTypesAndContributionMap":{"java":{"insertions":6,"deletions":3}}}]},{"date":"2024-02-03","commitResults":[{"hash":"e3f45bd725c02076034b106e7c4b331901b4f3eb","isMergeCommit":false,"messageTitle":"Add Todo, Deadline and Event class","messageBody":"","tags":["A-Inheritance"],"fileTypesAndContributionMap":{"java":{"insertions":40,"deletions":1}}},{"hash":"0cbe9444a5b4e1b3ecc14f1c60f7f990317144c1","isMergeCommit":false,"messageTitle":"Add support for tracking three types of tasks","messageBody":"","tags":["Level-4"],"fileTypesAndContributionMap":{"java":{"insertions":41,"deletions":13}}},{"hash":"8b19fa0e8d987dfaf2c037fa4d752f228f4fd6c2","isMergeCommit":false,"messageTitle":"Add automated text UI testing","messageBody":"","fileTypesAndContributionMap":{"txt":{"insertions":8,"deletions":0},"bat":{"insertions":1,"deletions":1},"sh":{"insertions":1,"deletions":1}}},{"hash":"5e6640a62c8e2882c36762f4fa4b2edbef4c675d","isMergeCommit":false,"messageTitle":"Refactor code: Add printAddTask as method","messageBody":"","tags":["A-CodeQuality"],"fileTypesAndContributionMap":{"java":{"insertions":16,"deletions":14}}},{"hash":"c822fac29f99b4f6995334233f0ef429bd8628ae","isMergeCommit":false,"messageTitle":"Add bye to automated testing","messageBody":"","tags":["A-TextUiTesting"],"fileTypesAndContributionMap":{"txt":{"insertions":1,"deletions":0},"java":{"insertions":1,"deletions":4}}}]},{"date":"2024-02-09","commitResults":[{"hash":"a47f4cb6ee1801595a6951c943f49b5bc0624349","isMergeCommit":false,"messageTitle":"Add exceptions to handle mark and unmark errors","messageBody":"","fileTypesAndContributionMap":{"java":{"insertions":33,"deletions":11}}},{"hash":"3345cb02901c8fcdfb9e8ca1b9ad9bef48e8e685","isMergeCommit":false,"messageTitle":"Add QuillException class","messageBody":"","tags":["A-Exceptions"],"fileTypesAndContributionMap":{"java":{"insertions":6,"deletions":0}}},{"hash":"fca36f96216feb59455fbf5d7d08cae03e2c0152","isMergeCommit":false,"messageTitle":"Refactor code for mark and unmark","messageBody":"","fileTypesAndContributionMap":{"java":{"insertions":26,"deletions":33}}},{"hash":"74bca0638a123910b0fc85c07416a09207d4ed4c","isMergeCommit":false,"messageTitle":"Add exception for unknown commands","messageBody":"","fileTypesAndContributionMap":{"java":{"insertions":6,"deletions":6}}},{"hash":"a098378e5b590975700d41ffef5ae14dd8389395","isMergeCommit":false,"messageTitle":"Add new exception class for empty date","messageBody":"","fileTypesAndContributionMap":{"java":{"insertions":5,"deletions":0}}},{"hash":"4fb24acce6b638971ed42d45b538689d0f54cae5","isMergeCommit":false,"messageTitle":"Add exceptions for deadline","messageBody":"","fileTypesAndContributionMap":{"java":{"insertions":33,"deletions":15}}}]},{"date":"2024-02-10","commitResults":[{"hash":"a05f98d2fa6106f1d3c3e92b7f76fe0d312634a8","isMergeCommit":false,"messageTitle":"Add exceptions for event and list","messageBody":"","fileTypesAndContributionMap":{"java":{"insertions":42,"deletions":13}}},{"hash":"6eef8269d84c22b524b50284098b1aacd25c3a4b","isMergeCommit":false,"messageTitle":"Fix error in format of replies","messageBody":"","fileTypesAndContributionMap":{"java":{"insertions":12,"deletions":12}}},{"hash":"50bf97f29d034add1ef4d4143e806a2872db4f17","isMergeCommit":false,"messageTitle":"Edit TextUiTesting","messageBody":"","fileTypesAndContributionMap":{"txt":{"insertions":21,"deletions":5},"java":{"insertions":3,"deletions":3}}},{"hash":"ac6107bdf688ac59b68e0c8a3d91a26c5251dd08","isMergeCommit":true,"messageTitle":"Merge branch \u0027branch-Level-5\u0027","messageBody":"","tags":["Level-5"],"fileTypesAndContributionMap":{}},{"hash":"1c4bc0cf1b926c94e23446a654d55bd5a3806dc7","isMergeCommit":false,"messageTitle":"Divide classes into packages","messageBody":"","fileTypesAndContributionMap":{"java":{"insertions":43,"deletions":13}}},{"hash":"efa16bb5b5b495329ca2d692b010f13121e7cf3a","isMergeCommit":true,"messageTitle":"Merge branch \u0027branch-A-Packages\u0027","messageBody":"","tags":["A-Packages"],"fileTypesAndContributionMap":{}}]},{"date":"2024-02-17","commitResults":[{"hash":"7f60dee0f0ae0c15a32cfa18833d82c2f6a3bc3d","isMergeCommit":false,"messageTitle":"Use array list to store tasks","messageBody":"","tags":["A-Collections"],"fileTypesAndContributionMap":{"java":{"insertions":14,"deletions":16}}},{"hash":"08a9822e79cbde594070117b533ccaadfedbad26","isMergeCommit":false,"messageTitle":"Add support for deleting tasks from the list.","messageBody":"","fileTypesAndContributionMap":{"java":{"insertions":20,"deletions":1}}},{"hash":"dca12d932b5c25bf7d1c59f7ec9843e76f72ddf4","isMergeCommit":false,"messageTitle":"Update TextUiTesting with delete test cases","messageBody":"","fileTypesAndContributionMap":{"txt":{"insertions":4,"deletions":2}}}]},{"date":"2024-02-18","commitResults":[{"hash":"edbe61873a99b1c485a7a2d7d579cf4af61b79ec","isMergeCommit":false,"messageTitle":"Add methods to create, read, write, append file","messageBody":"","fileTypesAndContributionMap":{"java":{"insertions":107,"deletions":0}}},{"hash":"d74b17aad0eb4008aaad61c6288e837256d451f5","isMergeCommit":false,"messageTitle":"Add method for saving task to file","messageBody":"","fileTypesAndContributionMap":{"java":{"insertions":19,"deletions":2}}},{"hash":"652e0176b1d04d55c865714bb00cc5bc98128246","isMergeCommit":false,"messageTitle":"Update main method to read and save file","messageBody":"","fileTypesAndContributionMap":{"java":{"insertions":29,"deletions":25}}},{"hash":"8eefc8690155411b0b0bb36c86cdcd31b8f13b2a","isMergeCommit":true,"messageTitle":"Merge branch \u0027branch-Level-6\u0027","messageBody":"","tags":["Level-6"],"fileTypesAndContributionMap":{}},{"hash":"1026c3c136ee3a8f2854a8fc3c1eda77348e8ef1","isMergeCommit":true,"messageTitle":"Merge branch \u0027branch-Level-7\u0027","messageBody":"# Conflicts:\n#\tsrc/main/java/Quill.java\n","tags":["Level-7"],"fileTypesAndContributionMap":{}},{"hash":"d634fe1f6287723949dc23313e061ff905bc44c6","isMergeCommit":false,"messageTitle":"Fix bug where event is not saved correctly","messageBody":"","tags":["A-Jar"],"fileTypesAndContributionMap":{"java":{"insertions":4,"deletions":4}}}]}]},"authorFileTypeContributionMap":{"nyh3":{"java":395,"md":0,"fxml":0,"sh":1,"bat":1,"gradle":0,"txt":27}},"authorContributionVariance":{"nyh3":3716.9995},"authorDisplayNameMap":{"nyh3":"CS2113-W13-3 NG Y.. HUI"}}
