[{"path":"data/Venti.txt","fileType":"txt","lines":[{"lineNumber":1,"author":{"gitId":"a-wild-chocolate"},"content":"D | 0 | buy book | 2/12/2019 1800","lastModifiedDate":"2024-03-07"},{"lineNumber":2,"author":{"gitId":"a-wild-chocolate"},"content":"E | 0 | return book | 2/12/2019 1800 | 2/12/2019","lastModifiedDate":"2024-03-07"}],"authorContributionMap":{"a-wild-chocolate":2}},{"path":"src/main/java/Bot.java","fileType":"java","lines":[{"lineNumber":1,"author":{"gitId":"a-wild-chocolate"},"content":"import java.util.ArrayList;","lastModifiedDate":"2024-02-04"},{"lineNumber":2,"author":{"gitId":"a-wild-chocolate"},"content":"import java.util.Scanner;","lastModifiedDate":"2024-02-04"},{"lineNumber":3,"author":{"gitId":"a-wild-chocolate"},"content":"import java.io.File;","lastModifiedDate":"2024-02-22"},{"lineNumber":4,"author":{"gitId":"a-wild-chocolate"},"content":"import java.io.FileWriter;","lastModifiedDate":"2024-02-22"},{"lineNumber":5,"author":{"gitId":"a-wild-chocolate"},"content":"import java.io.IOException;","lastModifiedDate":"2024-02-22"},{"lineNumber":6,"author":{"gitId":"a-wild-chocolate"},"content":"import java.nio.file.Files;","lastModifiedDate":"2024-02-22"},{"lineNumber":7,"author":{"gitId":"a-wild-chocolate"},"content":"import java.nio.file.Paths;","lastModifiedDate":"2024-02-22"},{"lineNumber":8,"author":{"gitId":"a-wild-chocolate"},"content":"import java.util.List;","lastModifiedDate":"2024-02-22"},{"lineNumber":9,"author":{"gitId":"a-wild-chocolate"},"content":"import java.time.LocalDateTime;","lastModifiedDate":"2024-03-07"},{"lineNumber":10,"author":{"gitId":"a-wild-chocolate"},"content":"import java.time.format.DateTimeFormatter;","lastModifiedDate":"2024-03-07"},{"lineNumber":11,"author":{"gitId":"a-wild-chocolate"},"content":"","lastModifiedDate":"2024-02-22"},{"lineNumber":12,"author":{"gitId":"a-wild-chocolate"},"content":"","lastModifiedDate":"2024-02-04"},{"lineNumber":13,"author":{"gitId":"a-wild-chocolate"},"content":"public class Bot {","lastModifiedDate":"2024-02-04"},{"lineNumber":14,"author":{"gitId":"a-wild-chocolate"},"content":"    private final String filePath \u003d \"./data/Venti.txt\";","lastModifiedDate":"2024-02-22"},{"lineNumber":15,"author":{"gitId":"a-wild-chocolate"},"content":"    ArrayList\u003cTask\u003e taskList;","lastModifiedDate":"2024-02-04"},{"lineNumber":16,"author":{"gitId":"a-wild-chocolate"},"content":"    public Bot() {","lastModifiedDate":"2024-02-22"},{"lineNumber":17,"author":{"gitId":"a-wild-chocolate"},"content":"","lastModifiedDate":"2024-02-22"},{"lineNumber":18,"author":{"gitId":"a-wild-chocolate"},"content":"        taskList\u003dnew ArrayList\u003cTask\u003e();","lastModifiedDate":"2024-02-04"},{"lineNumber":19,"author":{"gitId":"a-wild-chocolate"},"content":"        createFileIfNotExist();","lastModifiedDate":"2024-02-22"},{"lineNumber":20,"author":{"gitId":"a-wild-chocolate"},"content":"        loadTasksFromFile();","lastModifiedDate":"2024-02-22"},{"lineNumber":21,"author":{"gitId":"a-wild-chocolate"},"content":"    }","lastModifiedDate":"2024-02-04"},{"lineNumber":22,"author":{"gitId":"a-wild-chocolate"},"content":"    private void echo(String st)","lastModifiedDate":"2024-02-04"},{"lineNumber":23,"author":{"gitId":"a-wild-chocolate"},"content":"    {","lastModifiedDate":"2024-02-04"},{"lineNumber":24,"author":{"gitId":"a-wild-chocolate"},"content":"        System.out.println(\"added: \"+st);","lastModifiedDate":"2024-02-04"},{"lineNumber":25,"author":{"gitId":"a-wild-chocolate"},"content":"        printLine();","lastModifiedDate":"2024-02-04"},{"lineNumber":26,"author":{"gitId":"a-wild-chocolate"},"content":"    }","lastModifiedDate":"2024-02-04"},{"lineNumber":27,"author":{"gitId":"a-wild-chocolate"},"content":"    private void createFileIfNotExist() {","lastModifiedDate":"2024-02-22"},{"lineNumber":28,"author":{"gitId":"a-wild-chocolate"},"content":"        try {","lastModifiedDate":"2024-02-22"},{"lineNumber":29,"author":{"gitId":"a-wild-chocolate"},"content":"            File file \u003d new File(filePath);","lastModifiedDate":"2024-02-22"},{"lineNumber":30,"author":{"gitId":"a-wild-chocolate"},"content":"            file.getParentFile().mkdirs(); // Create directory if it doesn\u0027t exist","lastModifiedDate":"2024-02-22"},{"lineNumber":31,"author":{"gitId":"a-wild-chocolate"},"content":"            file.createNewFile(); // Create file if it doesn\u0027t exist","lastModifiedDate":"2024-02-22"},{"lineNumber":32,"author":{"gitId":"a-wild-chocolate"},"content":"        } catch (IOException e) {","lastModifiedDate":"2024-02-22"},{"lineNumber":33,"author":{"gitId":"a-wild-chocolate"},"content":"            e.printStackTrace();","lastModifiedDate":"2024-02-22"},{"lineNumber":34,"author":{"gitId":"a-wild-chocolate"},"content":"        }","lastModifiedDate":"2024-02-22"},{"lineNumber":35,"author":{"gitId":"a-wild-chocolate"},"content":"    }","lastModifiedDate":"2024-02-22"},{"lineNumber":36,"author":{"gitId":"a-wild-chocolate"},"content":"","lastModifiedDate":"2024-02-22"},{"lineNumber":37,"author":{"gitId":"a-wild-chocolate"},"content":"    private void loadTasksFromFile() {","lastModifiedDate":"2024-02-22"},{"lineNumber":38,"author":{"gitId":"a-wild-chocolate"},"content":"        try {","lastModifiedDate":"2024-02-22"},{"lineNumber":39,"author":{"gitId":"a-wild-chocolate"},"content":"            List\u003cString\u003e lines \u003d Files.readAllLines(Paths.get(filePath));","lastModifiedDate":"2024-02-22"},{"lineNumber":40,"author":{"gitId":"a-wild-chocolate"},"content":"            for (String line : lines) {","lastModifiedDate":"2024-02-22"},{"lineNumber":41,"author":{"gitId":"a-wild-chocolate"},"content":"                // Assuming the format is: Type | Status | Description | [Additional Info]","lastModifiedDate":"2024-02-22"},{"lineNumber":42,"author":{"gitId":"a-wild-chocolate"},"content":"                String[] parts \u003d line.split(\" \\\\| \");","lastModifiedDate":"2024-02-22"},{"lineNumber":43,"author":{"gitId":"a-wild-chocolate"},"content":"                switch (parts[0]) {","lastModifiedDate":"2024-02-22"},{"lineNumber":44,"author":{"gitId":"a-wild-chocolate"},"content":"                    case \"T\":","lastModifiedDate":"2024-02-22"},{"lineNumber":45,"author":{"gitId":"a-wild-chocolate"},"content":"                        taskList.add(new Todo(parts[2],parts[1].equals(\"1\")));","lastModifiedDate":"2024-02-22"},{"lineNumber":46,"author":{"gitId":"a-wild-chocolate"},"content":"                        break;","lastModifiedDate":"2024-02-22"},{"lineNumber":47,"author":{"gitId":"a-wild-chocolate"},"content":"                    case \"D\":","lastModifiedDate":"2024-02-22"},{"lineNumber":48,"author":{"gitId":"a-wild-chocolate"},"content":"                        taskList.add(new Deadline(parts[2], parts[3], parts[1].equals(\"1\")));","lastModifiedDate":"2024-02-22"},{"lineNumber":49,"author":{"gitId":"a-wild-chocolate"},"content":"                        break;","lastModifiedDate":"2024-02-22"},{"lineNumber":50,"author":{"gitId":"a-wild-chocolate"},"content":"                    case \"E\":","lastModifiedDate":"2024-02-22"},{"lineNumber":51,"author":{"gitId":"a-wild-chocolate"},"content":"                        taskList.add(new Event(parts[2], parts[3],parts[4], parts[1].equals(\"1\")));","lastModifiedDate":"2024-02-22"},{"lineNumber":52,"author":{"gitId":"a-wild-chocolate"},"content":"                        break;","lastModifiedDate":"2024-02-22"},{"lineNumber":53,"author":{"gitId":"a-wild-chocolate"},"content":"                }","lastModifiedDate":"2024-02-22"},{"lineNumber":54,"author":{"gitId":"a-wild-chocolate"},"content":"            }","lastModifiedDate":"2024-02-22"},{"lineNumber":55,"author":{"gitId":"a-wild-chocolate"},"content":"        } catch (IOException e) {","lastModifiedDate":"2024-02-22"},{"lineNumber":56,"author":{"gitId":"a-wild-chocolate"},"content":"            System.out.println(\"Error loading tasks from file.\");","lastModifiedDate":"2024-02-22"},{"lineNumber":57,"author":{"gitId":"a-wild-chocolate"},"content":"        }","lastModifiedDate":"2024-02-22"},{"lineNumber":58,"author":{"gitId":"a-wild-chocolate"},"content":"    }","lastModifiedDate":"2024-02-22"},{"lineNumber":59,"author":{"gitId":"a-wild-chocolate"},"content":"","lastModifiedDate":"2024-02-22"},{"lineNumber":60,"author":{"gitId":"a-wild-chocolate"},"content":"    private void saveTasksToFile() {","lastModifiedDate":"2024-02-22"},{"lineNumber":61,"author":{"gitId":"a-wild-chocolate"},"content":"        try (FileWriter writer \u003d new FileWriter(filePath)) {","lastModifiedDate":"2024-02-22"},{"lineNumber":62,"author":{"gitId":"a-wild-chocolate"},"content":"            for (Task task : taskList) {","lastModifiedDate":"2024-02-22"},{"lineNumber":63,"author":{"gitId":"a-wild-chocolate"},"content":"                writer.write(task.toFileFormat() + \"\\n\");","lastModifiedDate":"2024-02-22"},{"lineNumber":64,"author":{"gitId":"a-wild-chocolate"},"content":"            }","lastModifiedDate":"2024-02-22"},{"lineNumber":65,"author":{"gitId":"a-wild-chocolate"},"content":"        } catch (IOException e) {","lastModifiedDate":"2024-02-22"},{"lineNumber":66,"author":{"gitId":"a-wild-chocolate"},"content":"            System.out.println(\"Error saving tasks from file.\");","lastModifiedDate":"2024-02-22"},{"lineNumber":67,"author":{"gitId":"a-wild-chocolate"},"content":"        }","lastModifiedDate":"2024-02-22"},{"lineNumber":68,"author":{"gitId":"a-wild-chocolate"},"content":"    }","lastModifiedDate":"2024-02-22"},{"lineNumber":69,"author":{"gitId":"a-wild-chocolate"},"content":"","lastModifiedDate":"2024-02-22"},{"lineNumber":70,"author":{"gitId":"a-wild-chocolate"},"content":"    private void printLine()","lastModifiedDate":"2024-02-04"},{"lineNumber":71,"author":{"gitId":"a-wild-chocolate"},"content":"    {","lastModifiedDate":"2024-02-04"},{"lineNumber":72,"author":{"gitId":"a-wild-chocolate"},"content":"        System.out.println(\"____________________________________________________________\");","lastModifiedDate":"2024-02-04"},{"lineNumber":73,"author":{"gitId":"a-wild-chocolate"},"content":"    }","lastModifiedDate":"2024-02-04"},{"lineNumber":74,"author":{"gitId":"a-wild-chocolate"},"content":"","lastModifiedDate":"2024-03-07"},{"lineNumber":75,"author":{"gitId":"a-wild-chocolate"},"content":"    private void addList(Task t)","lastModifiedDate":"2024-02-04"},{"lineNumber":76,"author":{"gitId":"a-wild-chocolate"},"content":"    {","lastModifiedDate":"2024-02-04"},{"lineNumber":77,"author":{"gitId":"a-wild-chocolate"},"content":"        this.taskList.add(t);","lastModifiedDate":"2024-02-04"},{"lineNumber":78,"author":{"gitId":"a-wild-chocolate"},"content":"        saveTasksToFile();","lastModifiedDate":"2024-02-22"},{"lineNumber":79,"author":{"gitId":"a-wild-chocolate"},"content":"    }","lastModifiedDate":"2024-02-04"},{"lineNumber":80,"author":{"gitId":"a-wild-chocolate"},"content":"","lastModifiedDate":"2024-03-07"},{"lineNumber":81,"author":{"gitId":"a-wild-chocolate"},"content":"    private void sayBye()","lastModifiedDate":"2024-02-04"},{"lineNumber":82,"author":{"gitId":"a-wild-chocolate"},"content":"    {","lastModifiedDate":"2024-02-04"},{"lineNumber":83,"author":{"gitId":"a-wild-chocolate"},"content":"        System.out.println(\"Bye. Hope to see you again soon!\");","lastModifiedDate":"2024-02-04"},{"lineNumber":84,"author":{"gitId":"a-wild-chocolate"},"content":"        printLine();","lastModifiedDate":"2024-02-04"},{"lineNumber":85,"author":{"gitId":"a-wild-chocolate"},"content":"    }","lastModifiedDate":"2024-02-04"},{"lineNumber":86,"author":{"gitId":"a-wild-chocolate"},"content":"","lastModifiedDate":"2024-03-07"},{"lineNumber":87,"author":{"gitId":"a-wild-chocolate"},"content":"    private void printList()","lastModifiedDate":"2024-02-04"},{"lineNumber":88,"author":{"gitId":"a-wild-chocolate"},"content":"    {","lastModifiedDate":"2024-02-04"},{"lineNumber":89,"author":{"gitId":"a-wild-chocolate"},"content":"        System.out.println(\"Here are the tasks in your list:\");","lastModifiedDate":"2024-02-04"},{"lineNumber":90,"author":{"gitId":"a-wild-chocolate"},"content":"        for(int i\u003d0;i\u003cthis.taskList.size();i++)","lastModifiedDate":"2024-02-04"},{"lineNumber":91,"author":{"gitId":"a-wild-chocolate"},"content":"        {","lastModifiedDate":"2024-02-04"},{"lineNumber":92,"author":{"gitId":"a-wild-chocolate"},"content":"            System.out.println((i+1)+\". \"+this.taskList.get(i).toString());","lastModifiedDate":"2024-02-04"},{"lineNumber":93,"author":{"gitId":"a-wild-chocolate"},"content":"        }","lastModifiedDate":"2024-02-04"},{"lineNumber":94,"author":{"gitId":"a-wild-chocolate"},"content":"        printLine();","lastModifiedDate":"2024-02-04"},{"lineNumber":95,"author":{"gitId":"a-wild-chocolate"},"content":"    }","lastModifiedDate":"2024-02-04"},{"lineNumber":96,"author":{"gitId":"a-wild-chocolate"},"content":"","lastModifiedDate":"2024-03-07"},{"lineNumber":97,"author":{"gitId":"a-wild-chocolate"},"content":"    private void markAsDone(int index)","lastModifiedDate":"2024-02-04"},{"lineNumber":98,"author":{"gitId":"a-wild-chocolate"},"content":"    {","lastModifiedDate":"2024-02-04"},{"lineNumber":99,"author":{"gitId":"a-wild-chocolate"},"content":"        if (index \u003e\u003d 0 \u0026\u0026 index \u003c this.taskList.size()) {","lastModifiedDate":"2024-02-04"},{"lineNumber":100,"author":{"gitId":"a-wild-chocolate"},"content":"            if(this.taskList.get(index).isComplete()){","lastModifiedDate":"2024-02-22"},{"lineNumber":101,"author":{"gitId":"a-wild-chocolate"},"content":"                System.out.println(\"Sorry, this task have been marked as completed. You cannot mark this task again.\");","lastModifiedDate":"2024-02-22"},{"lineNumber":102,"author":{"gitId":"a-wild-chocolate"},"content":"                printLine();","lastModifiedDate":"2024-02-22"},{"lineNumber":103,"author":{"gitId":"a-wild-chocolate"},"content":"                return;","lastModifiedDate":"2024-02-22"},{"lineNumber":104,"author":{"gitId":"a-wild-chocolate"},"content":"            }","lastModifiedDate":"2024-02-22"},{"lineNumber":105,"author":{"gitId":"a-wild-chocolate"},"content":"            System.out.println(\"Nice! I\u0027ve marked this task as done:\");","lastModifiedDate":"2024-02-22"},{"lineNumber":106,"author":{"gitId":"a-wild-chocolate"},"content":"            this.taskList.get(index).markTaskAsDone();","lastModifiedDate":"2024-02-04"},{"lineNumber":107,"author":{"gitId":"a-wild-chocolate"},"content":"            System.out.println(this.taskList.get(index).toString());","lastModifiedDate":"2024-02-22"},{"lineNumber":108,"author":{"gitId":"a-wild-chocolate"},"content":"            printLine();","lastModifiedDate":"2024-02-22"},{"lineNumber":109,"author":{"gitId":"a-wild-chocolate"},"content":"        } else {","lastModifiedDate":"2024-02-04"},{"lineNumber":110,"author":{"gitId":"a-wild-chocolate"},"content":"            System.out.println(\"Invalid task index.\");","lastModifiedDate":"2024-02-04"},{"lineNumber":111,"author":{"gitId":"a-wild-chocolate"},"content":"            printLine();","lastModifiedDate":"2024-02-22"},{"lineNumber":112,"author":{"gitId":"a-wild-chocolate"},"content":"        }","lastModifiedDate":"2024-02-04"},{"lineNumber":113,"author":{"gitId":"a-wild-chocolate"},"content":"        saveTasksToFile();","lastModifiedDate":"2024-02-22"},{"lineNumber":114,"author":{"gitId":"a-wild-chocolate"},"content":"    }","lastModifiedDate":"2024-02-04"},{"lineNumber":115,"author":{"gitId":"a-wild-chocolate"},"content":"    private void unmarkAsDone(int index)","lastModifiedDate":"2024-02-04"},{"lineNumber":116,"author":{"gitId":"a-wild-chocolate"},"content":"    {","lastModifiedDate":"2024-02-04"},{"lineNumber":117,"author":{"gitId":"a-wild-chocolate"},"content":"        if (index \u003e\u003d 0 \u0026\u0026 index \u003c this.taskList.size()) {","lastModifiedDate":"2024-02-04"},{"lineNumber":118,"author":{"gitId":"a-wild-chocolate"},"content":"            if(!this.taskList.get(index).isComplete()) {","lastModifiedDate":"2024-02-22"},{"lineNumber":119,"author":{"gitId":"a-wild-chocolate"},"content":"                System.out.println(\"Sorry, this task is not completed yet. You cannot unmark as done.\");","lastModifiedDate":"2024-02-22"},{"lineNumber":120,"author":{"gitId":"a-wild-chocolate"},"content":"                printLine();","lastModifiedDate":"2024-02-22"},{"lineNumber":121,"author":{"gitId":"a-wild-chocolate"},"content":"                return;","lastModifiedDate":"2024-02-22"},{"lineNumber":122,"author":{"gitId":"a-wild-chocolate"},"content":"            }","lastModifiedDate":"2024-02-22"},{"lineNumber":123,"author":{"gitId":"a-wild-chocolate"},"content":"            System.out.println(\"OK, I\u0027ve marked this task as not done yet:\");","lastModifiedDate":"2024-02-22"},{"lineNumber":124,"author":{"gitId":"a-wild-chocolate"},"content":"            this.taskList.get(index).unmarkTaskAsDone();","lastModifiedDate":"2024-02-04"},{"lineNumber":125,"author":{"gitId":"a-wild-chocolate"},"content":"            System.out.println(this.taskList.get(index).toString());","lastModifiedDate":"2024-02-22"},{"lineNumber":126,"author":{"gitId":"a-wild-chocolate"},"content":"            printLine();","lastModifiedDate":"2024-02-22"},{"lineNumber":127,"author":{"gitId":"a-wild-chocolate"},"content":"        } else {","lastModifiedDate":"2024-02-04"},{"lineNumber":128,"author":{"gitId":"a-wild-chocolate"},"content":"            System.out.println(\"Invalid task index.\");","lastModifiedDate":"2024-02-04"},{"lineNumber":129,"author":{"gitId":"a-wild-chocolate"},"content":"            printLine();","lastModifiedDate":"2024-02-04"},{"lineNumber":130,"author":{"gitId":"a-wild-chocolate"},"content":"        }","lastModifiedDate":"2024-02-04"},{"lineNumber":131,"author":{"gitId":"a-wild-chocolate"},"content":"        saveTasksToFile();","lastModifiedDate":"2024-02-22"},{"lineNumber":132,"author":{"gitId":"a-wild-chocolate"},"content":"    }","lastModifiedDate":"2024-02-04"},{"lineNumber":133,"author":{"gitId":"a-wild-chocolate"},"content":"","lastModifiedDate":"2024-02-22"},{"lineNumber":134,"author":{"gitId":"a-wild-chocolate"},"content":"    private void deleteTask(int index) throws BotException {","lastModifiedDate":"2024-02-22"},{"lineNumber":135,"author":{"gitId":"a-wild-chocolate"},"content":"        if (index \u003c 0 || index \u003e\u003d this.taskList.size()) {","lastModifiedDate":"2024-02-22"},{"lineNumber":136,"author":{"gitId":"a-wild-chocolate"},"content":"            throw new BotException(\"Invalid task index.\");","lastModifiedDate":"2024-02-22"},{"lineNumber":137,"author":{"gitId":"a-wild-chocolate"},"content":"        }","lastModifiedDate":"2024-02-22"},{"lineNumber":138,"author":{"gitId":"a-wild-chocolate"},"content":"        Task removedTask \u003d this.taskList.remove(index);","lastModifiedDate":"2024-02-22"},{"lineNumber":139,"author":{"gitId":"a-wild-chocolate"},"content":"        Task.deleteTask();","lastModifiedDate":"2024-02-22"},{"lineNumber":140,"author":{"gitId":"a-wild-chocolate"},"content":"        printLine();","lastModifiedDate":"2024-02-22"},{"lineNumber":141,"author":{"gitId":"a-wild-chocolate"},"content":"        System.out.println(\"Noted. I\u0027ve removed this task:\");","lastModifiedDate":"2024-02-22"},{"lineNumber":142,"author":{"gitId":"a-wild-chocolate"},"content":"        System.out.println(\"  \" + removedTask);","lastModifiedDate":"2024-02-22"},{"lineNumber":143,"author":{"gitId":"a-wild-chocolate"},"content":"        System.out.println(\"Now you have \" + Task.number + \" tasks in the list.\");","lastModifiedDate":"2024-02-22"},{"lineNumber":144,"author":{"gitId":"a-wild-chocolate"},"content":"        printLine();","lastModifiedDate":"2024-02-22"},{"lineNumber":145,"author":{"gitId":"a-wild-chocolate"},"content":"        saveTasksToFile();","lastModifiedDate":"2024-02-22"},{"lineNumber":146,"author":{"gitId":"a-wild-chocolate"},"content":"    }","lastModifiedDate":"2024-02-22"},{"lineNumber":147,"author":{"gitId":"a-wild-chocolate"},"content":"","lastModifiedDate":"2024-02-22"},{"lineNumber":148,"author":{"gitId":"a-wild-chocolate"},"content":"    /**","lastModifiedDate":"2024-03-07"},{"lineNumber":149,"author":{"gitId":"a-wild-chocolate"},"content":"     *","lastModifiedDate":"2024-03-07"},{"lineNumber":150,"author":{"gitId":"a-wild-chocolate"},"content":"     * @param input","lastModifiedDate":"2024-03-07"},{"lineNumber":151,"author":{"gitId":"a-wild-chocolate"},"content":"     * @throws BotException","lastModifiedDate":"2024-03-07"},{"lineNumber":152,"author":{"gitId":"a-wild-chocolate"},"content":"     *","lastModifiedDate":"2024-03-07"},{"lineNumber":153,"author":{"gitId":"a-wild-chocolate"},"content":"     */","lastModifiedDate":"2024-03-07"},{"lineNumber":154,"author":{"gitId":"a-wild-chocolate"},"content":"    private void handleTodo(String input) throws BotException{","lastModifiedDate":"2024-02-22"},{"lineNumber":155,"author":{"gitId":"a-wild-chocolate"},"content":"        if (input.trim().equals(\"todo\")) {","lastModifiedDate":"2024-02-22"},{"lineNumber":156,"author":{"gitId":"a-wild-chocolate"},"content":"            throw new BotException(\"The description of a todo cannot be empty.\");","lastModifiedDate":"2024-02-22"},{"lineNumber":157,"author":{"gitId":"a-wild-chocolate"},"content":"        }","lastModifiedDate":"2024-02-04"},{"lineNumber":158,"author":{"gitId":"a-wild-chocolate"},"content":"        String taskDescription \u003d input.substring(5);","lastModifiedDate":"2024-02-22"},{"lineNumber":159,"author":{"gitId":"a-wild-chocolate"},"content":"        System.out.println(\"Got it. I\u0027ve added this task:\");","lastModifiedDate":"2024-02-22"},{"lineNumber":160,"author":{"gitId":"a-wild-chocolate"},"content":"        Todo todo \u003d new Todo(taskDescription);","lastModifiedDate":"2024-02-22"},{"lineNumber":161,"author":{"gitId":"a-wild-chocolate"},"content":"        System.out.println(todo);","lastModifiedDate":"2024-02-22"},{"lineNumber":162,"author":{"gitId":"a-wild-chocolate"},"content":"        addList(todo);","lastModifiedDate":"2024-02-22"},{"lineNumber":163,"author":{"gitId":"a-wild-chocolate"},"content":"","lastModifiedDate":"2024-02-22"},{"lineNumber":164,"author":{"gitId":"a-wild-chocolate"},"content":"    }","lastModifiedDate":"2024-02-22"},{"lineNumber":165,"author":{"gitId":"a-wild-chocolate"},"content":"","lastModifiedDate":"2024-02-22"},{"lineNumber":166,"author":{"gitId":"a-wild-chocolate"},"content":"    private void handleDeadline(String input) throws BotException{","lastModifiedDate":"2024-02-22"},{"lineNumber":167,"author":{"gitId":"a-wild-chocolate"},"content":"        String[] parts \u003d input.split(\" /by \");","lastModifiedDate":"2024-02-22"},{"lineNumber":168,"author":{"gitId":"a-wild-chocolate"},"content":"        if (parts.length \u003c 2) {","lastModifiedDate":"2024-02-22"},{"lineNumber":169,"author":{"gitId":"a-wild-chocolate"},"content":"            throw new BotException(\"The deadline date of a deadline cannot be empty. (in format: /by xxx )\");","lastModifiedDate":"2024-02-22"},{"lineNumber":170,"author":{"gitId":"a-wild-chocolate"},"content":"        }","lastModifiedDate":"2024-02-22"},{"lineNumber":171,"author":{"gitId":"a-wild-chocolate"},"content":"        try{","lastModifiedDate":"2024-02-22"},{"lineNumber":172,"author":{"gitId":"a-wild-chocolate"},"content":"            String taskDescription \u003d parts[0].substring(9);","lastModifiedDate":"2024-02-22"},{"lineNumber":173,"author":{"gitId":"a-wild-chocolate"},"content":"            String by \u003d parts[1];","lastModifiedDate":"2024-02-22"},{"lineNumber":174,"author":{"gitId":"a-wild-chocolate"},"content":"            Deadline deadline \u003d new Deadline(taskDescription, by);","lastModifiedDate":"2024-02-22"},{"lineNumber":175,"author":{"gitId":"a-wild-chocolate"},"content":"            printLine();","lastModifiedDate":"2024-02-22"},{"lineNumber":176,"author":{"gitId":"a-wild-chocolate"},"content":"            System.out.println(\"Got it. I\u0027ve added this task:\");","lastModifiedDate":"2024-02-22"},{"lineNumber":177,"author":{"gitId":"a-wild-chocolate"},"content":"            addList(deadline);","lastModifiedDate":"2024-02-22"},{"lineNumber":178,"author":{"gitId":"a-wild-chocolate"},"content":"            System.out.println(deadline);","lastModifiedDate":"2024-02-22"},{"lineNumber":179,"author":{"gitId":"a-wild-chocolate"},"content":"        } catch(IndexOutOfBoundsException e){","lastModifiedDate":"2024-02-22"},{"lineNumber":180,"author":{"gitId":"a-wild-chocolate"},"content":"            printLine();","lastModifiedDate":"2024-02-22"},{"lineNumber":181,"author":{"gitId":"a-wild-chocolate"},"content":"            System.out.println(\"Opps! The content of deadline is missing.\");","lastModifiedDate":"2024-02-22"},{"lineNumber":182,"author":{"gitId":"a-wild-chocolate"},"content":"            printLine();","lastModifiedDate":"2024-02-22"},{"lineNumber":183,"author":{"gitId":"a-wild-chocolate"},"content":"        }","lastModifiedDate":"2024-02-22"},{"lineNumber":184,"author":{"gitId":"a-wild-chocolate"},"content":"","lastModifiedDate":"2024-02-22"},{"lineNumber":185,"author":{"gitId":"a-wild-chocolate"},"content":"    }","lastModifiedDate":"2024-02-22"},{"lineNumber":186,"author":{"gitId":"a-wild-chocolate"},"content":"","lastModifiedDate":"2024-02-22"},{"lineNumber":187,"author":{"gitId":"a-wild-chocolate"},"content":"    private void handleEvent(String input) throws  BotException{","lastModifiedDate":"2024-02-22"},{"lineNumber":188,"author":{"gitId":"a-wild-chocolate"},"content":"        String[] parts \u003d input.split(\" /from | /to \");","lastModifiedDate":"2024-02-22"},{"lineNumber":189,"author":{"gitId":"a-wild-chocolate"},"content":"        if (parts.length \u003c 3) {","lastModifiedDate":"2024-02-22"},{"lineNumber":190,"author":{"gitId":"a-wild-chocolate"},"content":"            throw new BotException(\"The time (from and to) of an event cannot be empty. (in format: /from xx /to xx)\");","lastModifiedDate":"2024-02-22"},{"lineNumber":191,"author":{"gitId":"a-wild-chocolate"},"content":"        }","lastModifiedDate":"2024-02-22"},{"lineNumber":192,"author":{"gitId":"a-wild-chocolate"},"content":"        try{","lastModifiedDate":"2024-02-22"},{"lineNumber":193,"author":{"gitId":"a-wild-chocolate"},"content":"            String taskDescription \u003d parts[0].substring(6);","lastModifiedDate":"2024-02-22"},{"lineNumber":194,"author":{"gitId":"a-wild-chocolate"},"content":"            String from \u003d parts[1];","lastModifiedDate":"2024-02-22"},{"lineNumber":195,"author":{"gitId":"a-wild-chocolate"},"content":"            String to \u003d parts[2];","lastModifiedDate":"2024-02-22"},{"lineNumber":196,"author":{"gitId":"a-wild-chocolate"},"content":"            System.out.println(\"Got it. I\u0027ve added this task:\");","lastModifiedDate":"2024-02-22"},{"lineNumber":197,"author":{"gitId":"a-wild-chocolate"},"content":"            Event event \u003d new Event(taskDescription, from, to);","lastModifiedDate":"2024-02-22"},{"lineNumber":198,"author":{"gitId":"a-wild-chocolate"},"content":"            System.out.println(event);","lastModifiedDate":"2024-02-22"},{"lineNumber":199,"author":{"gitId":"a-wild-chocolate"},"content":"            addList(event);","lastModifiedDate":"2024-02-22"},{"lineNumber":200,"author":{"gitId":"a-wild-chocolate"},"content":"        } catch(IndexOutOfBoundsException e){","lastModifiedDate":"2024-02-22"},{"lineNumber":201,"author":{"gitId":"a-wild-chocolate"},"content":"            printLine();","lastModifiedDate":"2024-02-22"},{"lineNumber":202,"author":{"gitId":"a-wild-chocolate"},"content":"            System.out.println(\"Opps! The event description is missing\");","lastModifiedDate":"2024-02-22"},{"lineNumber":203,"author":{"gitId":"a-wild-chocolate"},"content":"            printLine();","lastModifiedDate":"2024-02-22"},{"lineNumber":204,"author":{"gitId":"a-wild-chocolate"},"content":"        }","lastModifiedDate":"2024-02-22"},{"lineNumber":205,"author":{"gitId":"a-wild-chocolate"},"content":"    }","lastModifiedDate":"2024-02-04"},{"lineNumber":206,"author":{"gitId":"a-wild-chocolate"},"content":"","lastModifiedDate":"2024-02-22"},{"lineNumber":207,"author":{"gitId":"a-wild-chocolate"},"content":"    private void handleMark(String input) throws BotException{","lastModifiedDate":"2024-02-22"},{"lineNumber":208,"author":{"gitId":"a-wild-chocolate"},"content":"        String[] parts \u003d input.split(\" \");","lastModifiedDate":"2024-02-22"},{"lineNumber":209,"author":{"gitId":"a-wild-chocolate"},"content":"        if (parts.length \u003c 2) {","lastModifiedDate":"2024-02-22"},{"lineNumber":210,"author":{"gitId":"a-wild-chocolate"},"content":"            throw new BotException(\"The index of mark cannot be empty.\");","lastModifiedDate":"2024-02-22"},{"lineNumber":211,"author":{"gitId":"a-wild-chocolate"},"content":"        }","lastModifiedDate":"2024-02-22"},{"lineNumber":212,"author":{"gitId":"a-wild-chocolate"},"content":"        try","lastModifiedDate":"2024-02-22"},{"lineNumber":213,"author":{"gitId":"a-wild-chocolate"},"content":"        {","lastModifiedDate":"2024-02-22"},{"lineNumber":214,"author":{"gitId":"a-wild-chocolate"},"content":"            int index \u003d Integer.parseInt(parts[1]) - 1;","lastModifiedDate":"2024-02-22"},{"lineNumber":215,"author":{"gitId":"a-wild-chocolate"},"content":"            if(index+1\u003e taskList.size()) {","lastModifiedDate":"2024-02-22"},{"lineNumber":216,"author":{"gitId":"a-wild-chocolate"},"content":"                throw new BotException(\"The index is out of the list size.\"); //check the index range","lastModifiedDate":"2024-02-22"},{"lineNumber":217,"author":{"gitId":"a-wild-chocolate"},"content":"            }","lastModifiedDate":"2024-02-22"},{"lineNumber":218,"author":{"gitId":"a-wild-chocolate"},"content":"            markAsDone(index);","lastModifiedDate":"2024-02-22"},{"lineNumber":219,"author":{"gitId":"a-wild-chocolate"},"content":"        } catch (NumberFormatException e){","lastModifiedDate":"2024-02-22"},{"lineNumber":220,"author":{"gitId":"a-wild-chocolate"},"content":"            System.out.println(\"The index is not a number! \"); // check the index kind","lastModifiedDate":"2024-02-22"},{"lineNumber":221,"author":{"gitId":"a-wild-chocolate"},"content":"        }","lastModifiedDate":"2024-02-22"},{"lineNumber":222,"author":{"gitId":"a-wild-chocolate"},"content":"    }","lastModifiedDate":"2024-02-22"},{"lineNumber":223,"author":{"gitId":"a-wild-chocolate"},"content":"","lastModifiedDate":"2024-02-22"},{"lineNumber":224,"author":{"gitId":"a-wild-chocolate"},"content":"    private void handleUnmark(String input) throws  BotException{","lastModifiedDate":"2024-02-22"},{"lineNumber":225,"author":{"gitId":"a-wild-chocolate"},"content":"        String[] parts \u003d input.split(\" \");","lastModifiedDate":"2024-02-22"},{"lineNumber":226,"author":{"gitId":"a-wild-chocolate"},"content":"        if (parts.length \u003c 2) {","lastModifiedDate":"2024-02-22"},{"lineNumber":227,"author":{"gitId":"a-wild-chocolate"},"content":"            throw new BotException(\"The index of unmark cannot be empty.\");","lastModifiedDate":"2024-02-22"},{"lineNumber":228,"author":{"gitId":"a-wild-chocolate"},"content":"        }","lastModifiedDate":"2024-02-22"},{"lineNumber":229,"author":{"gitId":"a-wild-chocolate"},"content":"        try{","lastModifiedDate":"2024-02-22"},{"lineNumber":230,"author":{"gitId":"a-wild-chocolate"},"content":"            int index \u003d Integer.parseInt(parts[1]) - 1;","lastModifiedDate":"2024-02-22"},{"lineNumber":231,"author":{"gitId":"a-wild-chocolate"},"content":"            if(index+1\u003e taskList.size()) {","lastModifiedDate":"2024-02-22"},{"lineNumber":232,"author":{"gitId":"a-wild-chocolate"},"content":"                throw new BotException(\"The index is out of the list size.\"); //check the index range","lastModifiedDate":"2024-02-22"},{"lineNumber":233,"author":{"gitId":"a-wild-chocolate"},"content":"            }","lastModifiedDate":"2024-02-22"},{"lineNumber":234,"author":{"gitId":"a-wild-chocolate"},"content":"            unmarkAsDone(index);","lastModifiedDate":"2024-02-22"},{"lineNumber":235,"author":{"gitId":"a-wild-chocolate"},"content":"        } catch (NumberFormatException e){","lastModifiedDate":"2024-02-22"},{"lineNumber":236,"author":{"gitId":"a-wild-chocolate"},"content":"            System.out.println(\"The index is not a number! \"); // check the index kind","lastModifiedDate":"2024-02-22"},{"lineNumber":237,"author":{"gitId":"a-wild-chocolate"},"content":"        }","lastModifiedDate":"2024-02-22"},{"lineNumber":238,"author":{"gitId":"a-wild-chocolate"},"content":"    }","lastModifiedDate":"2024-02-04"},{"lineNumber":239,"author":{"gitId":"a-wild-chocolate"},"content":"","lastModifiedDate":"2024-02-04"},{"lineNumber":240,"author":{"gitId":"a-wild-chocolate"},"content":"    private void handleDelete(String input) throws  BotException{","lastModifiedDate":"2024-02-22"},{"lineNumber":241,"author":{"gitId":"a-wild-chocolate"},"content":"        String[] parts \u003d input.split(\" \");","lastModifiedDate":"2024-02-22"},{"lineNumber":242,"author":{"gitId":"a-wild-chocolate"},"content":"        if (parts.length \u003c 2) {","lastModifiedDate":"2024-02-22"},{"lineNumber":243,"author":{"gitId":"a-wild-chocolate"},"content":"            throw new BotException(\"The index of delete cannot be empty.\");","lastModifiedDate":"2024-02-22"},{"lineNumber":244,"author":{"gitId":"a-wild-chocolate"},"content":"        }","lastModifiedDate":"2024-02-22"},{"lineNumber":245,"author":{"gitId":"a-wild-chocolate"},"content":"        try {","lastModifiedDate":"2024-02-22"},{"lineNumber":246,"author":{"gitId":"a-wild-chocolate"},"content":"            int index \u003d Integer.parseInt(parts[1]) - 1;","lastModifiedDate":"2024-02-22"},{"lineNumber":247,"author":{"gitId":"a-wild-chocolate"},"content":"            deleteTask(index);","lastModifiedDate":"2024-02-22"},{"lineNumber":248,"author":{"gitId":"a-wild-chocolate"},"content":"        } catch (NumberFormatException e){","lastModifiedDate":"2024-02-22"},{"lineNumber":249,"author":{"gitId":"a-wild-chocolate"},"content":"            System.out.println(\"The index is not a number! \"); // check the index kind","lastModifiedDate":"2024-02-22"},{"lineNumber":250,"author":{"gitId":"a-wild-chocolate"},"content":"            printLine();","lastModifiedDate":"2024-02-22"},{"lineNumber":251,"author":{"gitId":"a-wild-chocolate"},"content":"        }","lastModifiedDate":"2024-02-22"},{"lineNumber":252,"author":{"gitId":"a-wild-chocolate"},"content":"    }","lastModifiedDate":"2024-03-07"},{"lineNumber":253,"author":{"gitId":"a-wild-chocolate"},"content":"","lastModifiedDate":"2024-03-07"},{"lineNumber":254,"author":{"gitId":"a-wild-chocolate"},"content":"    private void handleFind(String input) throws  BotException{","lastModifiedDate":"2024-03-07"},{"lineNumber":255,"author":{"gitId":"a-wild-chocolate"},"content":"        printLine();","lastModifiedDate":"2024-03-07"},{"lineNumber":256,"author":{"gitId":"a-wild-chocolate"},"content":"        String[] parts \u003d input.split(\" \");","lastModifiedDate":"2024-03-07"},{"lineNumber":257,"author":{"gitId":"a-wild-chocolate"},"content":"","lastModifiedDate":"2024-02-22"},{"lineNumber":258,"author":{"gitId":"a-wild-chocolate"},"content":"        if (parts.length \u003c 2) {","lastModifiedDate":"2024-03-07"},{"lineNumber":259,"author":{"gitId":"a-wild-chocolate"},"content":"            throw new BotException(\"The keyword cannot be empty.\");","lastModifiedDate":"2024-03-07"},{"lineNumber":260,"author":{"gitId":"a-wild-chocolate"},"content":"        }","lastModifiedDate":"2024-03-07"},{"lineNumber":261,"author":{"gitId":"a-wild-chocolate"},"content":"        String keyword \u003d parts[1];","lastModifiedDate":"2024-03-07"},{"lineNumber":262,"author":{"gitId":"a-wild-chocolate"},"content":"","lastModifiedDate":"2024-03-07"},{"lineNumber":263,"author":{"gitId":"a-wild-chocolate"},"content":"        System.out.println(\"Here are the matching tasks in your list:\");","lastModifiedDate":"2024-03-07"},{"lineNumber":264,"author":{"gitId":"a-wild-chocolate"},"content":"","lastModifiedDate":"2024-03-07"},{"lineNumber":265,"author":{"gitId":"a-wild-chocolate"},"content":"        int count \u003d 0;","lastModifiedDate":"2024-03-07"},{"lineNumber":266,"author":{"gitId":"a-wild-chocolate"},"content":"        for (int i \u003d 0; i \u003c this.taskList.size(); i++) {","lastModifiedDate":"2024-03-07"},{"lineNumber":267,"author":{"gitId":"a-wild-chocolate"},"content":"            Task task \u003d this.taskList.get(i);","lastModifiedDate":"2024-03-07"},{"lineNumber":268,"author":{"gitId":"a-wild-chocolate"},"content":"            if (task.getDescription().contains(keyword)) {","lastModifiedDate":"2024-03-07"},{"lineNumber":269,"author":{"gitId":"a-wild-chocolate"},"content":"                System.out.println((i + 1) + \". \" + task);","lastModifiedDate":"2024-03-07"},{"lineNumber":270,"author":{"gitId":"a-wild-chocolate"},"content":"                count++;","lastModifiedDate":"2024-03-07"},{"lineNumber":271,"author":{"gitId":"a-wild-chocolate"},"content":"            }","lastModifiedDate":"2024-03-07"},{"lineNumber":272,"author":{"gitId":"a-wild-chocolate"},"content":"        }","lastModifiedDate":"2024-03-07"},{"lineNumber":273,"author":{"gitId":"a-wild-chocolate"},"content":"","lastModifiedDate":"2024-03-07"},{"lineNumber":274,"author":{"gitId":"a-wild-chocolate"},"content":"        if (count \u003d\u003d 0) {","lastModifiedDate":"2024-03-07"},{"lineNumber":275,"author":{"gitId":"a-wild-chocolate"},"content":"            System.out.println(\"No tasks found with the keyword \u0027\" + keyword + \"\u0027.\");","lastModifiedDate":"2024-03-07"},{"lineNumber":276,"author":{"gitId":"a-wild-chocolate"},"content":"        }","lastModifiedDate":"2024-03-07"},{"lineNumber":277,"author":{"gitId":"a-wild-chocolate"},"content":"","lastModifiedDate":"2024-03-07"},{"lineNumber":278,"author":{"gitId":"a-wild-chocolate"},"content":"        printLine();","lastModifiedDate":"2024-03-07"},{"lineNumber":279,"author":{"gitId":"a-wild-chocolate"},"content":"","lastModifiedDate":"2024-02-22"},{"lineNumber":280,"author":{"gitId":"a-wild-chocolate"},"content":"    }","lastModifiedDate":"2024-02-22"},{"lineNumber":281,"author":{"gitId":"a-wild-chocolate"},"content":"","lastModifiedDate":"2024-02-22"},{"lineNumber":282,"author":{"gitId":"a-wild-chocolate"},"content":"    private void processInput(String input) throws BotException {","lastModifiedDate":"2024-02-22"},{"lineNumber":283,"author":{"gitId":"a-wild-chocolate"},"content":"        String[] parts \u003d input.split(\" \", 2);","lastModifiedDate":"2024-02-22"},{"lineNumber":284,"author":{"gitId":"a-wild-chocolate"},"content":"        String command \u003d parts[0];","lastModifiedDate":"2024-02-22"},{"lineNumber":285,"author":{"gitId":"a-wild-chocolate"},"content":"        switch (command) {","lastModifiedDate":"2024-02-22"},{"lineNumber":286,"author":{"gitId":"a-wild-chocolate"},"content":"            case \"list\":","lastModifiedDate":"2024-02-22"},{"lineNumber":287,"author":{"gitId":"a-wild-chocolate"},"content":"                printList();","lastModifiedDate":"2024-02-22"},{"lineNumber":288,"author":{"gitId":"a-wild-chocolate"},"content":"                break;","lastModifiedDate":"2024-02-22"},{"lineNumber":289,"author":{"gitId":"a-wild-chocolate"},"content":"            case \"mark\":","lastModifiedDate":"2024-02-22"},{"lineNumber":290,"author":{"gitId":"a-wild-chocolate"},"content":"                handleMark(input);","lastModifiedDate":"2024-02-22"},{"lineNumber":291,"author":{"gitId":"a-wild-chocolate"},"content":"                break;","lastModifiedDate":"2024-02-22"},{"lineNumber":292,"author":{"gitId":"a-wild-chocolate"},"content":"            case \"unmark\":","lastModifiedDate":"2024-02-22"},{"lineNumber":293,"author":{"gitId":"a-wild-chocolate"},"content":"                handleUnmark(input);","lastModifiedDate":"2024-02-22"},{"lineNumber":294,"author":{"gitId":"a-wild-chocolate"},"content":"                break;","lastModifiedDate":"2024-02-22"},{"lineNumber":295,"author":{"gitId":"a-wild-chocolate"},"content":"            case \"todo\":","lastModifiedDate":"2024-02-22"},{"lineNumber":296,"author":{"gitId":"a-wild-chocolate"},"content":"                handleTodo(input);","lastModifiedDate":"2024-02-22"},{"lineNumber":297,"author":{"gitId":"a-wild-chocolate"},"content":"                break;","lastModifiedDate":"2024-02-22"},{"lineNumber":298,"author":{"gitId":"a-wild-chocolate"},"content":"            case \"deadline\":","lastModifiedDate":"2024-02-22"},{"lineNumber":299,"author":{"gitId":"a-wild-chocolate"},"content":"                handleDeadline(input);","lastModifiedDate":"2024-02-22"},{"lineNumber":300,"author":{"gitId":"a-wild-chocolate"},"content":"                break;","lastModifiedDate":"2024-02-22"},{"lineNumber":301,"author":{"gitId":"a-wild-chocolate"},"content":"            case \"event\":","lastModifiedDate":"2024-02-22"},{"lineNumber":302,"author":{"gitId":"a-wild-chocolate"},"content":"                handleEvent(input);","lastModifiedDate":"2024-02-22"},{"lineNumber":303,"author":{"gitId":"a-wild-chocolate"},"content":"                break;","lastModifiedDate":"2024-02-22"},{"lineNumber":304,"author":{"gitId":"a-wild-chocolate"},"content":"            case \"delete\":","lastModifiedDate":"2024-02-22"},{"lineNumber":305,"author":{"gitId":"a-wild-chocolate"},"content":"                handleDelete(input);","lastModifiedDate":"2024-02-22"},{"lineNumber":306,"author":{"gitId":"a-wild-chocolate"},"content":"                break;","lastModifiedDate":"2024-02-22"},{"lineNumber":307,"author":{"gitId":"a-wild-chocolate"},"content":"            case \"find\":","lastModifiedDate":"2024-03-07"},{"lineNumber":308,"author":{"gitId":"a-wild-chocolate"},"content":"                handleFind(input);","lastModifiedDate":"2024-03-07"},{"lineNumber":309,"author":{"gitId":"a-wild-chocolate"},"content":"                break;","lastModifiedDate":"2024-03-07"},{"lineNumber":310,"author":{"gitId":"a-wild-chocolate"},"content":"            default:","lastModifiedDate":"2024-02-22"},{"lineNumber":311,"author":{"gitId":"a-wild-chocolate"},"content":"                throw new BotException(\"I\u0027m sorry, but I don\u0027t know what that means :-(\");","lastModifiedDate":"2024-02-22"},{"lineNumber":312,"author":{"gitId":"a-wild-chocolate"},"content":"        }","lastModifiedDate":"2024-02-22"},{"lineNumber":313,"author":{"gitId":"a-wild-chocolate"},"content":"","lastModifiedDate":"2024-02-22"},{"lineNumber":314,"author":{"gitId":"a-wild-chocolate"},"content":"    }","lastModifiedDate":"2024-02-22"},{"lineNumber":315,"author":{"gitId":"a-wild-chocolate"},"content":"    protected void run() {","lastModifiedDate":"2024-02-22"},{"lineNumber":316,"author":{"gitId":"a-wild-chocolate"},"content":"        Scanner sc \u003d new Scanner(System.in);","lastModifiedDate":"2024-02-22"},{"lineNumber":317,"author":{"gitId":"a-wild-chocolate"},"content":"        printLine();","lastModifiedDate":"2024-02-22"},{"lineNumber":318,"author":{"gitId":"a-wild-chocolate"},"content":"        System.out.println(\"Hello! I\u0027m Venti.\");","lastModifiedDate":"2024-02-22"},{"lineNumber":319,"author":{"gitId":"a-wild-chocolate"},"content":"        System.out.println(\"What can I do for you?\");","lastModifiedDate":"2024-02-22"},{"lineNumber":320,"author":{"gitId":"a-wild-chocolate"},"content":"        printLine();","lastModifiedDate":"2024-02-22"},{"lineNumber":321,"author":{"gitId":"a-wild-chocolate"},"content":"","lastModifiedDate":"2024-02-04"},{"lineNumber":322,"author":{"gitId":"a-wild-chocolate"},"content":"        while (true) {","lastModifiedDate":"2024-02-22"},{"lineNumber":323,"author":{"gitId":"a-wild-chocolate"},"content":"            String input \u003d sc.nextLine();","lastModifiedDate":"2024-02-22"},{"lineNumber":324,"author":{"gitId":"a-wild-chocolate"},"content":"            try {","lastModifiedDate":"2024-02-22"},{"lineNumber":325,"author":{"gitId":"a-wild-chocolate"},"content":"                if (input.equals(\"bye\")) {","lastModifiedDate":"2024-02-22"},{"lineNumber":326,"author":{"gitId":"a-wild-chocolate"},"content":"                    break;","lastModifiedDate":"2024-02-22"},{"lineNumber":327,"author":{"gitId":"a-wild-chocolate"},"content":"                }","lastModifiedDate":"2024-02-22"},{"lineNumber":328,"author":{"gitId":"a-wild-chocolate"},"content":"                processInput(input);","lastModifiedDate":"2024-02-22"},{"lineNumber":329,"author":{"gitId":"a-wild-chocolate"},"content":"            } catch (BotException e) {","lastModifiedDate":"2024-02-22"},{"lineNumber":330,"author":{"gitId":"a-wild-chocolate"},"content":"                printLine();","lastModifiedDate":"2024-02-22"},{"lineNumber":331,"author":{"gitId":"a-wild-chocolate"},"content":"                System.out.println(\"OOPS!!! \" + e.getMessage());","lastModifiedDate":"2024-02-22"},{"lineNumber":332,"author":{"gitId":"a-wild-chocolate"},"content":"                printLine();","lastModifiedDate":"2024-02-22"},{"lineNumber":333,"author":{"gitId":"a-wild-chocolate"},"content":"            }","lastModifiedDate":"2024-02-22"},{"lineNumber":334,"author":{"gitId":"a-wild-chocolate"},"content":"        }","lastModifiedDate":"2024-02-22"},{"lineNumber":335,"author":{"gitId":"a-wild-chocolate"},"content":"        sayBye();","lastModifiedDate":"2024-02-22"},{"lineNumber":336,"author":{"gitId":"a-wild-chocolate"},"content":"    }","lastModifiedDate":"2024-02-22"},{"lineNumber":337,"author":{"gitId":"a-wild-chocolate"},"content":"}","lastModifiedDate":"2024-02-04"}],"authorContributionMap":{"a-wild-chocolate":337}},{"path":"src/main/java/BotException.java","fileType":"java","lines":[{"lineNumber":1,"author":{"gitId":"a-wild-chocolate"},"content":"public class BotException extends Exception{","lastModifiedDate":"2024-02-22"},{"lineNumber":2,"author":{"gitId":"a-wild-chocolate"},"content":"    public BotException(String message)","lastModifiedDate":"2024-02-22"},{"lineNumber":3,"author":{"gitId":"a-wild-chocolate"},"content":"    {","lastModifiedDate":"2024-02-22"},{"lineNumber":4,"author":{"gitId":"a-wild-chocolate"},"content":"        super(message);","lastModifiedDate":"2024-02-22"},{"lineNumber":5,"author":{"gitId":"a-wild-chocolate"},"content":"        //System.out.println(\"____________________________________________________________\");","lastModifiedDate":"2024-02-22"},{"lineNumber":6,"author":{"gitId":"a-wild-chocolate"},"content":"    }","lastModifiedDate":"2024-02-22"},{"lineNumber":7,"author":{"gitId":"a-wild-chocolate"},"content":"}","lastModifiedDate":"2024-02-22"}],"authorContributionMap":{"a-wild-chocolate":7}},{"path":"src/main/java/Deadline.java","fileType":"java","lines":[{"lineNumber":1,"author":{"gitId":"a-wild-chocolate"},"content":"import java.time.LocalDate;","lastModifiedDate":"2024-03-07"},{"lineNumber":2,"author":{"gitId":"a-wild-chocolate"},"content":"import java.time.LocalDateTime;","lastModifiedDate":"2024-03-07"},{"lineNumber":3,"author":{"gitId":"a-wild-chocolate"},"content":"import java.time.format.DateTimeFormatter;","lastModifiedDate":"2024-03-07"},{"lineNumber":4,"author":{"gitId":"a-wild-chocolate"},"content":"","lastModifiedDate":"2024-03-07"},{"lineNumber":5,"author":{"gitId":"a-wild-chocolate"},"content":"public class Deadline extends Task{","lastModifiedDate":"2024-02-22"},{"lineNumber":6,"author":{"gitId":"a-wild-chocolate"},"content":"    private String task;","lastModifiedDate":"2024-02-22"},{"lineNumber":7,"author":{"gitId":"a-wild-chocolate"},"content":"    private LocalDateTime by;","lastModifiedDate":"2024-03-07"},{"lineNumber":8,"author":{"gitId":"a-wild-chocolate"},"content":"    public Deadline(String task, String by)","lastModifiedDate":"2024-02-22"},{"lineNumber":9,"author":{"gitId":"a-wild-chocolate"},"content":"    {","lastModifiedDate":"2024-02-22"},{"lineNumber":10,"author":{"gitId":"a-wild-chocolate"},"content":"        super(task);","lastModifiedDate":"2024-02-22"},{"lineNumber":11,"author":{"gitId":"a-wild-chocolate"},"content":"        this.by \u003d TimeHandler.parseDateTime(by);","lastModifiedDate":"2024-03-07"},{"lineNumber":12,"author":{"gitId":"a-wild-chocolate"},"content":"    }","lastModifiedDate":"2024-02-22"},{"lineNumber":13,"author":{"gitId":"a-wild-chocolate"},"content":"    public Deadline(String task, String by, boolean isComplete)","lastModifiedDate":"2024-02-22"},{"lineNumber":14,"author":{"gitId":"a-wild-chocolate"},"content":"    {","lastModifiedDate":"2024-02-22"},{"lineNumber":15,"author":{"gitId":"a-wild-chocolate"},"content":"        super(task,isComplete);","lastModifiedDate":"2024-02-22"},{"lineNumber":16,"author":{"gitId":"a-wild-chocolate"},"content":"        this.by \u003d TimeHandler.parseDateTime(by);","lastModifiedDate":"2024-03-07"},{"lineNumber":17,"author":{"gitId":"a-wild-chocolate"},"content":"    }","lastModifiedDate":"2024-02-22"},{"lineNumber":18,"author":{"gitId":"a-wild-chocolate"},"content":"","lastModifiedDate":"2024-03-07"},{"lineNumber":19,"author":{"gitId":"a-wild-chocolate"},"content":"    public String toString()","lastModifiedDate":"2024-03-07"},{"lineNumber":20,"author":{"gitId":"a-wild-chocolate"},"content":"    {","lastModifiedDate":"2024-03-07"},{"lineNumber":21,"author":{"gitId":"a-wild-chocolate"},"content":"        String formattedBy \u003d TimeHandler.formatDateTime(this.by);","lastModifiedDate":"2024-03-07"},{"lineNumber":22,"author":{"gitId":"a-wild-chocolate"},"content":"        return \"[D]\" + super.toString() + \" (by: \" + formattedBy + \")\";","lastModifiedDate":"2024-03-07"},{"lineNumber":23,"author":{"gitId":"a-wild-chocolate"},"content":"    }","lastModifiedDate":"2024-02-22"},{"lineNumber":24,"author":{"gitId":"a-wild-chocolate"},"content":"","lastModifiedDate":"2024-03-07"},{"lineNumber":25,"author":{"gitId":"a-wild-chocolate"},"content":"    protected String getTaskType()","lastModifiedDate":"2024-03-07"},{"lineNumber":26,"author":{"gitId":"a-wild-chocolate"},"content":"    {","lastModifiedDate":"2024-03-07"},{"lineNumber":27,"author":{"gitId":"a-wild-chocolate"},"content":"        return \"D\";","lastModifiedDate":"2024-02-22"},{"lineNumber":28,"author":{"gitId":"a-wild-chocolate"},"content":"    }","lastModifiedDate":"2024-02-22"},{"lineNumber":29,"author":{"gitId":"a-wild-chocolate"},"content":"    public String toFileFormat() {","lastModifiedDate":"2024-02-22"},{"lineNumber":30,"author":{"gitId":"a-wild-chocolate"},"content":"        String formattedBy \u003d TimeHandler.formatDateTimeSave(this.by);","lastModifiedDate":"2024-03-07"},{"lineNumber":31,"author":{"gitId":"a-wild-chocolate"},"content":"        return String.format(\"%s | %d | %s | %s\", getTaskType(), this.isComplete() ? 1 : 0, this.getTask(),formattedBy);","lastModifiedDate":"2024-03-07"},{"lineNumber":32,"author":{"gitId":"a-wild-chocolate"},"content":"    }","lastModifiedDate":"2024-02-22"},{"lineNumber":33,"author":{"gitId":"a-wild-chocolate"},"content":"}","lastModifiedDate":"2024-02-22"}],"authorContributionMap":{"a-wild-chocolate":33}},{"path":"src/main/java/Duke.java","fileType":"java","lines":[{"lineNumber":1,"author":{"gitId":"-"},"content":"public class Duke {","lastModifiedDate":"2019-07-29"},{"lineNumber":2,"author":{"gitId":"-"},"content":"    public static void main(String[] args) {","lastModifiedDate":"2019-07-29"},{"lineNumber":3,"author":{"gitId":"-"},"content":"        String logo \u003d \" ____        _        \\n\"","lastModifiedDate":"2019-07-29"},{"lineNumber":4,"author":{"gitId":"-"},"content":"                + \"|  _ \\\\ _   _| | _____ \\n\"","lastModifiedDate":"2019-07-29"},{"lineNumber":5,"author":{"gitId":"-"},"content":"                + \"| | | | | | | |/ / _ \\\\\\n\"","lastModifiedDate":"2019-07-29"},{"lineNumber":6,"author":{"gitId":"-"},"content":"                + \"| |_| | |_| |   \u003c  __/\\n\"","lastModifiedDate":"2019-07-29"},{"lineNumber":7,"author":{"gitId":"-"},"content":"                + \"|____/ \\\\__,_|_|\\\\_\\\\___|\\n\";","lastModifiedDate":"2019-07-29"},{"lineNumber":8,"author":{"gitId":"-"},"content":"        System.out.println(\"Hello from\\n\" + logo);","lastModifiedDate":"2019-07-29"},{"lineNumber":9,"author":{"gitId":"a-wild-chocolate"},"content":"        Bot bot \u003d new Bot();","lastModifiedDate":"2024-02-04"},{"lineNumber":10,"author":{"gitId":"a-wild-chocolate"},"content":"        bot.run();","lastModifiedDate":"2024-02-04"},{"lineNumber":11,"author":{"gitId":"-"},"content":"    }","lastModifiedDate":"2019-07-29"},{"lineNumber":12,"author":{"gitId":"-"},"content":"}","lastModifiedDate":"2019-07-29"}],"authorContributionMap":{"a-wild-chocolate":2,"-":10}},{"path":"src/main/java/Event.java","fileType":"java","lines":[{"lineNumber":1,"author":{"gitId":"a-wild-chocolate"},"content":"import java.time.LocalDate;","lastModifiedDate":"2024-03-07"},{"lineNumber":2,"author":{"gitId":"a-wild-chocolate"},"content":"import java.time.LocalDateTime;","lastModifiedDate":"2024-03-07"},{"lineNumber":3,"author":{"gitId":"a-wild-chocolate"},"content":"import java.time.format.DateTimeFormatter;","lastModifiedDate":"2024-03-07"},{"lineNumber":4,"author":{"gitId":"a-wild-chocolate"},"content":"","lastModifiedDate":"2024-03-07"},{"lineNumber":5,"author":{"gitId":"a-wild-chocolate"},"content":"public class Event extends Task{","lastModifiedDate":"2024-02-22"},{"lineNumber":6,"author":{"gitId":"a-wild-chocolate"},"content":"","lastModifiedDate":"2024-02-22"},{"lineNumber":7,"author":{"gitId":"a-wild-chocolate"},"content":"    private LocalDateTime from;","lastModifiedDate":"2024-03-07"},{"lineNumber":8,"author":{"gitId":"a-wild-chocolate"},"content":"    private LocalDateTime to;","lastModifiedDate":"2024-03-07"},{"lineNumber":9,"author":{"gitId":"a-wild-chocolate"},"content":"    public Event(String task,String from,String to)","lastModifiedDate":"2024-02-22"},{"lineNumber":10,"author":{"gitId":"a-wild-chocolate"},"content":"    {","lastModifiedDate":"2024-02-22"},{"lineNumber":11,"author":{"gitId":"a-wild-chocolate"},"content":"        super(task);","lastModifiedDate":"2024-02-22"},{"lineNumber":12,"author":{"gitId":"a-wild-chocolate"},"content":"        this.from \u003d TimeHandler.parseDateTime(from);","lastModifiedDate":"2024-03-07"},{"lineNumber":13,"author":{"gitId":"a-wild-chocolate"},"content":"        this.to \u003d TimeHandler.parseDateTime(to);","lastModifiedDate":"2024-03-07"},{"lineNumber":14,"author":{"gitId":"a-wild-chocolate"},"content":"    }","lastModifiedDate":"2024-02-22"},{"lineNumber":15,"author":{"gitId":"a-wild-chocolate"},"content":"    public Event(String task,String from,String to,boolean isComplete)","lastModifiedDate":"2024-02-22"},{"lineNumber":16,"author":{"gitId":"a-wild-chocolate"},"content":"    {","lastModifiedDate":"2024-02-22"},{"lineNumber":17,"author":{"gitId":"a-wild-chocolate"},"content":"        super(task,isComplete);","lastModifiedDate":"2024-02-22"},{"lineNumber":18,"author":{"gitId":"a-wild-chocolate"},"content":"        this.from \u003d TimeHandler.parseDateTime(from);","lastModifiedDate":"2024-03-07"},{"lineNumber":19,"author":{"gitId":"a-wild-chocolate"},"content":"        this.to \u003d  TimeHandler.parseDateTime(to);","lastModifiedDate":"2024-03-07"},{"lineNumber":20,"author":{"gitId":"a-wild-chocolate"},"content":"    }","lastModifiedDate":"2024-02-22"},{"lineNumber":21,"author":{"gitId":"a-wild-chocolate"},"content":"    public String toString()","lastModifiedDate":"2024-03-07"},{"lineNumber":22,"author":{"gitId":"a-wild-chocolate"},"content":"    {","lastModifiedDate":"2024-03-07"},{"lineNumber":23,"author":{"gitId":"a-wild-chocolate"},"content":"        String formattedFrom \u003d TimeHandler.formatDateTime(this.from);","lastModifiedDate":"2024-03-07"},{"lineNumber":24,"author":{"gitId":"a-wild-chocolate"},"content":"        String formattedTo \u003d TimeHandler.formatDateTime(this.to);","lastModifiedDate":"2024-03-07"},{"lineNumber":25,"author":{"gitId":"a-wild-chocolate"},"content":"        return \"[E]\" + super.toString() + \" (from: \"+formattedFrom+\" to: \"+formattedTo+\")\";","lastModifiedDate":"2024-03-07"},{"lineNumber":26,"author":{"gitId":"a-wild-chocolate"},"content":"    }","lastModifiedDate":"2024-02-22"},{"lineNumber":27,"author":{"gitId":"a-wild-chocolate"},"content":"","lastModifiedDate":"2024-03-07"},{"lineNumber":28,"author":{"gitId":"a-wild-chocolate"},"content":"    protected String getTaskType()","lastModifiedDate":"2024-03-07"},{"lineNumber":29,"author":{"gitId":"a-wild-chocolate"},"content":"    {","lastModifiedDate":"2024-03-07"},{"lineNumber":30,"author":{"gitId":"a-wild-chocolate"},"content":"        return \"E\";","lastModifiedDate":"2024-02-22"},{"lineNumber":31,"author":{"gitId":"a-wild-chocolate"},"content":"    }","lastModifiedDate":"2024-02-22"},{"lineNumber":32,"author":{"gitId":"a-wild-chocolate"},"content":"","lastModifiedDate":"2024-03-07"},{"lineNumber":33,"author":{"gitId":"a-wild-chocolate"},"content":"    public String toFileFormat()","lastModifiedDate":"2024-03-07"},{"lineNumber":34,"author":{"gitId":"a-wild-chocolate"},"content":"    {","lastModifiedDate":"2024-03-07"},{"lineNumber":35,"author":{"gitId":"a-wild-chocolate"},"content":"        String formattedFrom \u003d TimeHandler.formatDateTimeSave(this.from);","lastModifiedDate":"2024-03-07"},{"lineNumber":36,"author":{"gitId":"a-wild-chocolate"},"content":"        String formattedTo \u003d TimeHandler.formatDateTimeSave(this.to);","lastModifiedDate":"2024-03-07"},{"lineNumber":37,"author":{"gitId":"a-wild-chocolate"},"content":"        return String.format(\"%s | %d | %s | %s | %s\", getTaskType(), this.isComplete() ? 1 : 0, this.getTask(),formattedFrom,formattedTo);","lastModifiedDate":"2024-03-07"},{"lineNumber":38,"author":{"gitId":"a-wild-chocolate"},"content":"    }","lastModifiedDate":"2024-02-22"},{"lineNumber":39,"author":{"gitId":"a-wild-chocolate"},"content":"}","lastModifiedDate":"2024-02-22"},{"lineNumber":40,"author":{"gitId":"a-wild-chocolate"},"content":"","lastModifiedDate":"2024-02-22"}],"authorContributionMap":{"a-wild-chocolate":40}},{"path":"src/main/java/Main.java","fileType":"java","lines":[{"lineNumber":1,"author":{"gitId":"a-wild-chocolate"},"content":"import java.util.Scanner;","lastModifiedDate":"2024-02-22"},{"lineNumber":2,"author":{"gitId":"a-wild-chocolate"},"content":"","lastModifiedDate":"2024-02-22"},{"lineNumber":3,"author":{"gitId":"a-wild-chocolate"},"content":"public class Main {","lastModifiedDate":"2024-02-22"},{"lineNumber":4,"author":{"gitId":"a-wild-chocolate"},"content":"    public static void main(String[] args) {","lastModifiedDate":"2024-02-22"},{"lineNumber":5,"author":{"gitId":"a-wild-chocolate"},"content":"        Bot bot \u003d new Bot();","lastModifiedDate":"2024-02-22"},{"lineNumber":6,"author":{"gitId":"a-wild-chocolate"},"content":"        bot.run();","lastModifiedDate":"2024-02-22"},{"lineNumber":7,"author":{"gitId":"a-wild-chocolate"},"content":"    }","lastModifiedDate":"2024-02-22"},{"lineNumber":8,"author":{"gitId":"a-wild-chocolate"},"content":"}","lastModifiedDate":"2024-02-22"}],"authorContributionMap":{"a-wild-chocolate":8}},{"path":"src/main/java/Task.java","fileType":"java","lines":[{"lineNumber":1,"author":{"gitId":"a-wild-chocolate"},"content":"import java.time.LocalDate;","lastModifiedDate":"2024-03-07"},{"lineNumber":2,"author":{"gitId":"a-wild-chocolate"},"content":"import java.time.format.DateTimeFormatter;","lastModifiedDate":"2024-03-07"},{"lineNumber":3,"author":{"gitId":"a-wild-chocolate"},"content":"","lastModifiedDate":"2024-03-07"},{"lineNumber":4,"author":{"gitId":"a-wild-chocolate"},"content":"public abstract class Task {","lastModifiedDate":"2024-02-22"},{"lineNumber":5,"author":{"gitId":"a-wild-chocolate"},"content":"    private String task;","lastModifiedDate":"2024-02-22"},{"lineNumber":6,"author":{"gitId":"a-wild-chocolate"},"content":"    private boolean isComplete;","lastModifiedDate":"2024-02-22"},{"lineNumber":7,"author":{"gitId":"a-wild-chocolate"},"content":"    protected static int number\u003d0;","lastModifiedDate":"2024-02-22"},{"lineNumber":8,"author":{"gitId":"a-wild-chocolate"},"content":"    public Task(String task)","lastModifiedDate":"2024-02-04"},{"lineNumber":9,"author":{"gitId":"a-wild-chocolate"},"content":"    {","lastModifiedDate":"2024-02-04"},{"lineNumber":10,"author":{"gitId":"a-wild-chocolate"},"content":"        this.task\u003dtask;","lastModifiedDate":"2024-02-04"},{"lineNumber":11,"author":{"gitId":"a-wild-chocolate"},"content":"        this.isComplete\u003dfalse;","lastModifiedDate":"2024-02-22"},{"lineNumber":12,"author":{"gitId":"a-wild-chocolate"},"content":"        number++;","lastModifiedDate":"2024-02-22"},{"lineNumber":13,"author":{"gitId":"a-wild-chocolate"},"content":"        System.out.println(\"Now you have \"+number+\" tasks in the list.\");","lastModifiedDate":"2024-02-22"},{"lineNumber":14,"author":{"gitId":"a-wild-chocolate"},"content":"    }","lastModifiedDate":"2024-02-04"},{"lineNumber":15,"author":{"gitId":"a-wild-chocolate"},"content":"    public Task(String task,boolean isComplete)","lastModifiedDate":"2024-02-22"},{"lineNumber":16,"author":{"gitId":"a-wild-chocolate"},"content":"    {","lastModifiedDate":"2024-02-22"},{"lineNumber":17,"author":{"gitId":"a-wild-chocolate"},"content":"        this.task\u003dtask;","lastModifiedDate":"2024-02-22"},{"lineNumber":18,"author":{"gitId":"a-wild-chocolate"},"content":"        this.isComplete\u003disComplete;","lastModifiedDate":"2024-02-22"},{"lineNumber":19,"author":{"gitId":"a-wild-chocolate"},"content":"        number++;","lastModifiedDate":"2024-02-22"},{"lineNumber":20,"author":{"gitId":"a-wild-chocolate"},"content":"        System.out.println(\"Now you have \"+number+\" tasks in the list.\");","lastModifiedDate":"2024-02-22"},{"lineNumber":21,"author":{"gitId":"a-wild-chocolate"},"content":"    }","lastModifiedDate":"2024-02-22"},{"lineNumber":22,"author":{"gitId":"a-wild-chocolate"},"content":"","lastModifiedDate":"2024-02-04"},{"lineNumber":23,"author":{"gitId":"a-wild-chocolate"},"content":"    public String getTask() {","lastModifiedDate":"2024-02-04"},{"lineNumber":24,"author":{"gitId":"a-wild-chocolate"},"content":"        return task;","lastModifiedDate":"2024-02-04"},{"lineNumber":25,"author":{"gitId":"a-wild-chocolate"},"content":"    }","lastModifiedDate":"2024-02-04"},{"lineNumber":26,"author":{"gitId":"a-wild-chocolate"},"content":"","lastModifiedDate":"2024-02-04"},{"lineNumber":27,"author":{"gitId":"a-wild-chocolate"},"content":"    public boolean isComplete() {","lastModifiedDate":"2024-02-04"},{"lineNumber":28,"author":{"gitId":"a-wild-chocolate"},"content":"        return isComplete;","lastModifiedDate":"2024-02-22"},{"lineNumber":29,"author":{"gitId":"a-wild-chocolate"},"content":"    }","lastModifiedDate":"2024-02-04"},{"lineNumber":30,"author":{"gitId":"a-wild-chocolate"},"content":"","lastModifiedDate":"2024-02-04"},{"lineNumber":31,"author":{"gitId":"a-wild-chocolate"},"content":"    public void setTask(String task) {","lastModifiedDate":"2024-02-22"},{"lineNumber":32,"author":{"gitId":"a-wild-chocolate"},"content":"        this.task \u003d task;","lastModifiedDate":"2024-02-04"},{"lineNumber":33,"author":{"gitId":"a-wild-chocolate"},"content":"    }","lastModifiedDate":"2024-02-04"},{"lineNumber":34,"author":{"gitId":"a-wild-chocolate"},"content":"","lastModifiedDate":"2024-02-04"},{"lineNumber":35,"author":{"gitId":"a-wild-chocolate"},"content":"    public void setComplete(boolean complete) {","lastModifiedDate":"2024-02-04"},{"lineNumber":36,"author":{"gitId":"a-wild-chocolate"},"content":"        this.isComplete \u003d complete;","lastModifiedDate":"2024-02-22"},{"lineNumber":37,"author":{"gitId":"a-wild-chocolate"},"content":"    }","lastModifiedDate":"2024-02-04"},{"lineNumber":38,"author":{"gitId":"a-wild-chocolate"},"content":"","lastModifiedDate":"2024-02-22"},{"lineNumber":39,"author":{"gitId":"a-wild-chocolate"},"content":"    public String getDescription()","lastModifiedDate":"2024-03-07"},{"lineNumber":40,"author":{"gitId":"a-wild-chocolate"},"content":"    {","lastModifiedDate":"2024-03-07"},{"lineNumber":41,"author":{"gitId":"a-wild-chocolate"},"content":"        return this.task;","lastModifiedDate":"2024-03-07"},{"lineNumber":42,"author":{"gitId":"a-wild-chocolate"},"content":"    }","lastModifiedDate":"2024-03-07"},{"lineNumber":43,"author":{"gitId":"a-wild-chocolate"},"content":"","lastModifiedDate":"2024-03-07"},{"lineNumber":44,"author":{"gitId":"a-wild-chocolate"},"content":"    public void markTaskAsDone()","lastModifiedDate":"2024-02-04"},{"lineNumber":45,"author":{"gitId":"a-wild-chocolate"},"content":"    {","lastModifiedDate":"2024-02-04"},{"lineNumber":46,"author":{"gitId":"a-wild-chocolate"},"content":"        this.isComplete\u003dtrue;","lastModifiedDate":"2024-02-22"},{"lineNumber":47,"author":{"gitId":"a-wild-chocolate"},"content":"    }","lastModifiedDate":"2024-02-04"},{"lineNumber":48,"author":{"gitId":"a-wild-chocolate"},"content":"","lastModifiedDate":"2024-02-22"},{"lineNumber":49,"author":{"gitId":"a-wild-chocolate"},"content":"    public void unmarkTaskAsDone()","lastModifiedDate":"2024-02-04"},{"lineNumber":50,"author":{"gitId":"a-wild-chocolate"},"content":"    {","lastModifiedDate":"2024-02-04"},{"lineNumber":51,"author":{"gitId":"a-wild-chocolate"},"content":"        this.isComplete\u003dfalse;","lastModifiedDate":"2024-02-22"},{"lineNumber":52,"author":{"gitId":"a-wild-chocolate"},"content":"    }","lastModifiedDate":"2024-02-04"},{"lineNumber":53,"author":{"gitId":"a-wild-chocolate"},"content":"","lastModifiedDate":"2024-02-22"},{"lineNumber":54,"author":{"gitId":"a-wild-chocolate"},"content":"    public static void deleteTask() { number--; }","lastModifiedDate":"2024-02-22"},{"lineNumber":55,"author":{"gitId":"a-wild-chocolate"},"content":"","lastModifiedDate":"2024-02-22"},{"lineNumber":56,"author":{"gitId":"a-wild-chocolate"},"content":"    public String toString() {","lastModifiedDate":"2024-02-04"},{"lineNumber":57,"author":{"gitId":"a-wild-chocolate"},"content":"        return \"[\" + (this.isComplete ? \"X\" : \" \") + \"] \" + this.task;","lastModifiedDate":"2024-02-22"},{"lineNumber":58,"author":{"gitId":"a-wild-chocolate"},"content":"    }","lastModifiedDate":"2024-02-04"},{"lineNumber":59,"author":{"gitId":"a-wild-chocolate"},"content":"","lastModifiedDate":"2024-03-07"},{"lineNumber":60,"author":{"gitId":"a-wild-chocolate"},"content":"    public abstract String toFileFormat();","lastModifiedDate":"2024-02-22"},{"lineNumber":61,"author":{"gitId":"a-wild-chocolate"},"content":"    protected abstract String getTaskType();","lastModifiedDate":"2024-02-22"},{"lineNumber":62,"author":{"gitId":"a-wild-chocolate"},"content":"    public String toStringSave() { return this.toString() ;}","lastModifiedDate":"2024-03-07"},{"lineNumber":63,"author":{"gitId":"a-wild-chocolate"},"content":"","lastModifiedDate":"2024-03-07"},{"lineNumber":64,"author":{"gitId":"a-wild-chocolate"},"content":"","lastModifiedDate":"2024-02-04"},{"lineNumber":65,"author":{"gitId":"a-wild-chocolate"},"content":"}","lastModifiedDate":"2024-02-04"}],"authorContributionMap":{"a-wild-chocolate":65}},{"path":"src/main/java/TimeHandler.java","fileType":"java","lines":[{"lineNumber":1,"author":{"gitId":"a-wild-chocolate"},"content":"import java.time.LocalDateTime;","lastModifiedDate":"2024-03-07"},{"lineNumber":2,"author":{"gitId":"a-wild-chocolate"},"content":"import java.time.format.DateTimeFormatter;","lastModifiedDate":"2024-03-07"},{"lineNumber":3,"author":{"gitId":"a-wild-chocolate"},"content":"import java.time.format.DateTimeFormatterBuilder;","lastModifiedDate":"2024-03-07"},{"lineNumber":4,"author":{"gitId":"a-wild-chocolate"},"content":"import java.time.temporal.ChronoField;","lastModifiedDate":"2024-03-07"},{"lineNumber":5,"author":{"gitId":"a-wild-chocolate"},"content":"import java.util.Locale;","lastModifiedDate":"2024-03-07"},{"lineNumber":6,"author":{"gitId":"a-wild-chocolate"},"content":"","lastModifiedDate":"2024-03-07"},{"lineNumber":7,"author":{"gitId":"a-wild-chocolate"},"content":"public class TimeHandler {","lastModifiedDate":"2024-03-07"},{"lineNumber":8,"author":{"gitId":"a-wild-chocolate"},"content":"    private static final DateTimeFormatter DATE_TIME_FORMATTER \u003d new DateTimeFormatterBuilder()","lastModifiedDate":"2024-03-07"},{"lineNumber":9,"author":{"gitId":"a-wild-chocolate"},"content":"            .appendPattern(\"d/M/yyyy[ HHmm]\")","lastModifiedDate":"2024-03-07"},{"lineNumber":10,"author":{"gitId":"a-wild-chocolate"},"content":"            .parseDefaulting(ChronoField.HOUR_OF_DAY, 0)","lastModifiedDate":"2024-03-07"},{"lineNumber":11,"author":{"gitId":"a-wild-chocolate"},"content":"            .parseDefaulting(ChronoField.MINUTE_OF_HOUR, 0)","lastModifiedDate":"2024-03-07"},{"lineNumber":12,"author":{"gitId":"a-wild-chocolate"},"content":"            .toFormatter(Locale.ENGLISH);","lastModifiedDate":"2024-03-07"},{"lineNumber":13,"author":{"gitId":"a-wild-chocolate"},"content":"","lastModifiedDate":"2024-03-07"},{"lineNumber":14,"author":{"gitId":"a-wild-chocolate"},"content":"    private static final DateTimeFormatter DATE_TIME_FORMAT \u003d DateTimeFormatter.ofPattern(\"MMM dd yyyy, h:mm a\");","lastModifiedDate":"2024-03-07"},{"lineNumber":15,"author":{"gitId":"a-wild-chocolate"},"content":"    private static final DateTimeFormatter DATE_FORMAT \u003d DateTimeFormatter.ofPattern(\"MMM dd yyyy\");","lastModifiedDate":"2024-03-07"},{"lineNumber":16,"author":{"gitId":"a-wild-chocolate"},"content":"    private static final DateTimeFormatter DATE_TIME_SAVE_FORMAT \u003d DateTimeFormatter.ofPattern(\"d/M/yyyy HHmm\");","lastModifiedDate":"2024-03-07"},{"lineNumber":17,"author":{"gitId":"a-wild-chocolate"},"content":"    private static final DateTimeFormatter DATE_SAVE_FORMAT \u003d DateTimeFormatter.ofPattern(\"d/M/yyyy\");","lastModifiedDate":"2024-03-07"},{"lineNumber":18,"author":{"gitId":"a-wild-chocolate"},"content":"    public static LocalDateTime parseDateTime(String input) {","lastModifiedDate":"2024-03-07"},{"lineNumber":19,"author":{"gitId":"a-wild-chocolate"},"content":"        return LocalDateTime.parse(input, DATE_TIME_FORMATTER);","lastModifiedDate":"2024-03-07"},{"lineNumber":20,"author":{"gitId":"a-wild-chocolate"},"content":"    }","lastModifiedDate":"2024-03-07"},{"lineNumber":21,"author":{"gitId":"a-wild-chocolate"},"content":"","lastModifiedDate":"2024-03-07"},{"lineNumber":22,"author":{"gitId":"a-wild-chocolate"},"content":"    public static String formatDateTime(LocalDateTime dateTime) {","lastModifiedDate":"2024-03-07"},{"lineNumber":23,"author":{"gitId":"a-wild-chocolate"},"content":"        if (dateTime.getHour() \u003d\u003d 0 \u0026\u0026 dateTime.getMinute() \u003d\u003d 0) {","lastModifiedDate":"2024-03-07"},{"lineNumber":24,"author":{"gitId":"a-wild-chocolate"},"content":"            return dateTime.format(DATE_FORMAT); // Date only","lastModifiedDate":"2024-03-07"},{"lineNumber":25,"author":{"gitId":"a-wild-chocolate"},"content":"        } else {","lastModifiedDate":"2024-03-07"},{"lineNumber":26,"author":{"gitId":"a-wild-chocolate"},"content":"            return dateTime.format(DATE_TIME_FORMAT); // Date and time","lastModifiedDate":"2024-03-07"},{"lineNumber":27,"author":{"gitId":"a-wild-chocolate"},"content":"        }","lastModifiedDate":"2024-03-07"},{"lineNumber":28,"author":{"gitId":"a-wild-chocolate"},"content":"    }","lastModifiedDate":"2024-03-07"},{"lineNumber":29,"author":{"gitId":"a-wild-chocolate"},"content":"","lastModifiedDate":"2024-03-07"},{"lineNumber":30,"author":{"gitId":"a-wild-chocolate"},"content":"    public static String formatDateTimeSave(LocalDateTime dateTime) {","lastModifiedDate":"2024-03-07"},{"lineNumber":31,"author":{"gitId":"a-wild-chocolate"},"content":"        if (dateTime.getHour() \u003d\u003d 0 \u0026\u0026 dateTime.getMinute() \u003d\u003d 0) {","lastModifiedDate":"2024-03-07"},{"lineNumber":32,"author":{"gitId":"a-wild-chocolate"},"content":"            return dateTime.format(DATE_SAVE_FORMAT); // Date only","lastModifiedDate":"2024-03-07"},{"lineNumber":33,"author":{"gitId":"a-wild-chocolate"},"content":"        } else {","lastModifiedDate":"2024-03-07"},{"lineNumber":34,"author":{"gitId":"a-wild-chocolate"},"content":"            return dateTime.format(DATE_TIME_SAVE_FORMAT); // Date and time","lastModifiedDate":"2024-03-07"},{"lineNumber":35,"author":{"gitId":"a-wild-chocolate"},"content":"        }","lastModifiedDate":"2024-03-07"},{"lineNumber":36,"author":{"gitId":"a-wild-chocolate"},"content":"    }","lastModifiedDate":"2024-03-07"},{"lineNumber":37,"author":{"gitId":"a-wild-chocolate"},"content":"}","lastModifiedDate":"2024-03-07"},{"lineNumber":38,"author":{"gitId":"a-wild-chocolate"},"content":"","lastModifiedDate":"2024-03-07"}],"authorContributionMap":{"a-wild-chocolate":38}},{"path":"src/main/java/Todo.java","fileType":"java","lines":[{"lineNumber":1,"author":{"gitId":"a-wild-chocolate"},"content":"public class Todo extends Task{","lastModifiedDate":"2024-02-22"},{"lineNumber":2,"author":{"gitId":"a-wild-chocolate"},"content":"    private boolean isComplete;","lastModifiedDate":"2024-02-22"},{"lineNumber":3,"author":{"gitId":"a-wild-chocolate"},"content":"    public Todo(String task)","lastModifiedDate":"2024-02-22"},{"lineNumber":4,"author":{"gitId":"a-wild-chocolate"},"content":"    {","lastModifiedDate":"2024-02-22"},{"lineNumber":5,"author":{"gitId":"a-wild-chocolate"},"content":"        super(task);","lastModifiedDate":"2024-02-22"},{"lineNumber":6,"author":{"gitId":"a-wild-chocolate"},"content":"    }","lastModifiedDate":"2024-02-22"},{"lineNumber":7,"author":{"gitId":"a-wild-chocolate"},"content":"    public Todo(String task,boolean isComplete)","lastModifiedDate":"2024-02-22"},{"lineNumber":8,"author":{"gitId":"a-wild-chocolate"},"content":"    {","lastModifiedDate":"2024-02-22"},{"lineNumber":9,"author":{"gitId":"a-wild-chocolate"},"content":"        super(task,isComplete);","lastModifiedDate":"2024-02-22"},{"lineNumber":10,"author":{"gitId":"a-wild-chocolate"},"content":"    }","lastModifiedDate":"2024-02-22"},{"lineNumber":11,"author":{"gitId":"a-wild-chocolate"},"content":"","lastModifiedDate":"2024-03-07"},{"lineNumber":12,"author":{"gitId":"a-wild-chocolate"},"content":"    public String toString()","lastModifiedDate":"2024-03-07"},{"lineNumber":13,"author":{"gitId":"a-wild-chocolate"},"content":"    {","lastModifiedDate":"2024-03-07"},{"lineNumber":14,"author":{"gitId":"a-wild-chocolate"},"content":"        return \"[T]\" + super.toString();","lastModifiedDate":"2024-02-22"},{"lineNumber":15,"author":{"gitId":"a-wild-chocolate"},"content":"    }","lastModifiedDate":"2024-02-22"},{"lineNumber":16,"author":{"gitId":"a-wild-chocolate"},"content":"","lastModifiedDate":"2024-03-07"},{"lineNumber":17,"author":{"gitId":"a-wild-chocolate"},"content":"    protected String getTaskType()","lastModifiedDate":"2024-03-07"},{"lineNumber":18,"author":{"gitId":"a-wild-chocolate"},"content":"    {","lastModifiedDate":"2024-03-07"},{"lineNumber":19,"author":{"gitId":"a-wild-chocolate"},"content":"        return \"T\";","lastModifiedDate":"2024-02-22"},{"lineNumber":20,"author":{"gitId":"a-wild-chocolate"},"content":"    }","lastModifiedDate":"2024-02-22"},{"lineNumber":21,"author":{"gitId":"a-wild-chocolate"},"content":"","lastModifiedDate":"2024-03-07"},{"lineNumber":22,"author":{"gitId":"a-wild-chocolate"},"content":"    public String toFileFormat() {","lastModifiedDate":"2024-02-22"},{"lineNumber":23,"author":{"gitId":"a-wild-chocolate"},"content":"        return String.format(\"%s | %d | %s\", getTaskType(), this.isComplete() ? 1 : 0, this.getTask());","lastModifiedDate":"2024-02-22"},{"lineNumber":24,"author":{"gitId":"a-wild-chocolate"},"content":"    }","lastModifiedDate":"2024-02-22"},{"lineNumber":25,"author":{"gitId":"a-wild-chocolate"},"content":"}","lastModifiedDate":"2024-02-22"}],"authorContributionMap":{"a-wild-chocolate":25}}]
