{"authorDailyContributionsMap":{"a-wild-chocolate":[{"date":"2024-02-04","commitResults":[{"hash":"b0908b4e84c74f48fb2624411597bdd145e45c78","isMergeCommit":false,"messageTitle":"Copy from the individual project... All commit history not here...","messageBody":"","fileTypesAndContributionMap":{"java":{"insertions":136,"deletions":0}}}]},{"date":"2024-02-22","commitResults":[{"hash":"ac0a36874fec6810d1ed62d62c801a867b7e5049","isMergeCommit":false,"messageTitle":"Copy from my individual file... All commit history not here... level 4","messageBody":"","tags":["Level-4","Level-3","Level-2","Level-1","Level-0"],"fileTypesAndContributionMap":{"java":{"insertions":93,"deletions":12}}},{"hash":"7f6771361c97be9b8668b39c62e66a1346b6565a","isMergeCommit":false,"messageTitle":"Level-5","messageBody":"","tags":["Level-5","A-Exceptions"],"fileTypesAndContributionMap":{"java":{"insertions":132,"deletions":62}}},{"hash":"809814515f0c640de7a59b939a5e31529e9d8391","isMergeCommit":false,"messageTitle":"Level-5, add more details","messageBody":"","fileTypesAndContributionMap":{"java":{"insertions":2,"deletions":0}}},{"hash":"5e040ff39ea79ccd6062ef9d75374ed6b3966fd0","isMergeCommit":false,"messageTitle":"Level-6","messageBody":"","tags":["Level-6"],"fileTypesAndContributionMap":{"java":{"insertions":65,"deletions":16}}},{"hash":"c6f61087d0f2cb3a78c12f353c290ad58f9fd0b6","isMergeCommit":false,"messageTitle":"Level-7","messageBody":"","tags":["Level-7"],"fileTypesAndContributionMap":{"java":{"insertions":103,"deletions":6}}},{"hash":"be3a8d5f1c32cb26e18cbfa23ea9cfc27cafbc0c","isMergeCommit":true,"messageTitle":"Merge branch \u0027branch-Level-7\u0027","messageBody":"","fileTypesAndContributionMap":{}},{"hash":"8bc2b2c602cbe7531058ebabd0fa32a3abc7fad4","isMergeCommit":false,"messageTitle":"merge level-6 and level-7","messageBody":"","fileTypesAndContributionMap":{"txt":{"insertions":0,"deletions":0},"java":{"insertions":2,"deletions":0}}}]}]},"authorFileTypeContributionMap":{"a-wild-chocolate":{"java":437,"md":0,"fxml":0,"sh":0,"bat":0,"gradle":0,"txt":0}},"authorContributionVariance":{"a-wild-chocolate":7149.742},"authorDisplayNameMap":{"a-wild-chocolate":"CS2113-F15-2 MAO ..ANYU"}}
