[{"path":"README.md","fileType":"md","lines":[{"lineNumber":1,"author":{"gitId":"Mahesh1772"},"content":"# Kratos project template","lastModifiedDate":"2024-02-08"},{"lineNumber":2,"author":{"gitId":"-"},"content":"","lastModifiedDate":"2020-05-25"},{"lineNumber":3,"author":{"gitId":"-"},"content":"This is a project template for a greenfield Java project. It\u0027s named after the Java mascot _Duke_. Given below are instructions on how to use it.","lastModifiedDate":"2020-05-25"},{"lineNumber":4,"author":{"gitId":"-"},"content":"","lastModifiedDate":"2020-05-25"},{"lineNumber":5,"author":{"gitId":"-"},"content":"## Setting up in Intellij","lastModifiedDate":"2020-05-25"},{"lineNumber":6,"author":{"gitId":"-"},"content":"","lastModifiedDate":"2020-05-25"},{"lineNumber":7,"author":{"gitId":"-"},"content":"Prerequisites: JDK 11, update Intellij to the most recent version.","lastModifiedDate":"2020-05-25"},{"lineNumber":8,"author":{"gitId":"-"},"content":"","lastModifiedDate":"2020-05-25"},{"lineNumber":9,"author":{"gitId":"-"},"content":"1. Open Intellij (if you are not in the welcome screen, click `File` \u003e `Close Project` to close the existing project first)","lastModifiedDate":"2021-01-17"},{"lineNumber":10,"author":{"gitId":"-"},"content":"1. Open the project into Intellij as follows:","lastModifiedDate":"2021-01-17"},{"lineNumber":11,"author":{"gitId":"-"},"content":"   1. Click `Open`.","lastModifiedDate":"2021-01-17"},{"lineNumber":12,"author":{"gitId":"-"},"content":"   1. Select the project directory, and click `OK`.","lastModifiedDate":"2021-01-17"},{"lineNumber":13,"author":{"gitId":"-"},"content":"   1. If there are any further prompts, accept the defaults.","lastModifiedDate":"2020-05-25"},{"lineNumber":14,"author":{"gitId":"-"},"content":"1. Configure the project to use **JDK 11** (not other versions) as explained in [here](https://www.jetbrains.com/help/idea/sdk.html#set-up-jdk).\u003cbr\u003e","lastModifiedDate":"2021-07-29"},{"lineNumber":15,"author":{"gitId":"-"},"content":"   In the same dialog, set the **Project language level** field to the `SDK default` option.","lastModifiedDate":"2021-07-29"},{"lineNumber":16,"author":{"gitId":"Mahesh1772"},"content":"3. After that, locate the `src/main/java/Kratos.java` file, right-click it, and choose `Run Kratos.main()` (if the code editor is showing compile errors, try restarting the IDE). If the setup is correct, you should see something like the below as the output:","lastModifiedDate":"2024-02-08"},{"lineNumber":17,"author":{"gitId":"-"},"content":"   ```","lastModifiedDate":"2020-05-25"},{"lineNumber":18,"author":{"gitId":"-"},"content":"   Hello from","lastModifiedDate":"2020-05-25"},{"lineNumber":19,"author":{"gitId":"-"},"content":"    ____        _        ","lastModifiedDate":"2020-05-25"},{"lineNumber":20,"author":{"gitId":"-"},"content":"   |  _ \\ _   _| | _____ ","lastModifiedDate":"2020-05-25"},{"lineNumber":21,"author":{"gitId":"-"},"content":"   | | | | | | | |/ / _ \\","lastModifiedDate":"2020-05-25"},{"lineNumber":22,"author":{"gitId":"-"},"content":"   | |_| | |_| |   \u003c  __/","lastModifiedDate":"2020-05-25"},{"lineNumber":23,"author":{"gitId":"-"},"content":"   |____/ \\__,_|_|\\_\\___|","lastModifiedDate":"2020-05-25"},{"lineNumber":24,"author":{"gitId":"-"},"content":"   ```","lastModifiedDate":"2020-05-25"}],"authorContributionMap":{"Mahesh1772":2,"-":22}},{"path":"src/main/java/Deadline.java","fileType":"java","lines":[{"lineNumber":1,"author":{"gitId":"Mahesh1772"},"content":"public class Deadline extends Task {","lastModifiedDate":"2024-02-08"},{"lineNumber":2,"author":{"gitId":"Mahesh1772"},"content":"","lastModifiedDate":"2024-02-08"},{"lineNumber":3,"author":{"gitId":"Mahesh1772"},"content":"    protected String by;","lastModifiedDate":"2024-02-08"},{"lineNumber":4,"author":{"gitId":"Mahesh1772"},"content":"","lastModifiedDate":"2024-02-08"},{"lineNumber":5,"author":{"gitId":"Mahesh1772"},"content":"    public Deadline(String description, String by) {","lastModifiedDate":"2024-02-08"},{"lineNumber":6,"author":{"gitId":"Mahesh1772"},"content":"        super(description);","lastModifiedDate":"2024-02-08"},{"lineNumber":7,"author":{"gitId":"Mahesh1772"},"content":"        this.by \u003d by;","lastModifiedDate":"2024-02-08"},{"lineNumber":8,"author":{"gitId":"Mahesh1772"},"content":"    }","lastModifiedDate":"2024-02-08"},{"lineNumber":9,"author":{"gitId":"Mahesh1772"},"content":"","lastModifiedDate":"2024-02-08"},{"lineNumber":10,"author":{"gitId":"Mahesh1772"},"content":"    @Override","lastModifiedDate":"2024-02-08"},{"lineNumber":11,"author":{"gitId":"Mahesh1772"},"content":"    public String toString() {","lastModifiedDate":"2024-02-08"},{"lineNumber":12,"author":{"gitId":"Mahesh1772"},"content":"        return \"[D]\"  +\"[\" + this.getStatusIcon()+ \"] \" + super.toString() + \" (by: \" + by + \")\";","lastModifiedDate":"2024-02-08"},{"lineNumber":13,"author":{"gitId":"Mahesh1772"},"content":"    }","lastModifiedDate":"2024-02-08"},{"lineNumber":14,"author":{"gitId":"Mahesh1772"},"content":"}","lastModifiedDate":"2024-02-08"},{"lineNumber":15,"author":{"gitId":"Mahesh1772"},"content":"","lastModifiedDate":"2024-02-08"}],"authorContributionMap":{"Mahesh1772":15}},{"path":"src/main/java/Event.java","fileType":"java","lines":[{"lineNumber":1,"author":{"gitId":"Mahesh1772"},"content":"public class Event extends Task {","lastModifiedDate":"2024-02-08"},{"lineNumber":2,"author":{"gitId":"Mahesh1772"},"content":"","lastModifiedDate":"2024-02-08"},{"lineNumber":3,"author":{"gitId":"Mahesh1772"},"content":"    protected String to;","lastModifiedDate":"2024-02-08"},{"lineNumber":4,"author":{"gitId":"Mahesh1772"},"content":"    protected String from;","lastModifiedDate":"2024-02-08"},{"lineNumber":5,"author":{"gitId":"Mahesh1772"},"content":"","lastModifiedDate":"2024-02-08"},{"lineNumber":6,"author":{"gitId":"Mahesh1772"},"content":"    public Event(String description, String from, String to) {","lastModifiedDate":"2024-02-08"},{"lineNumber":7,"author":{"gitId":"Mahesh1772"},"content":"        super(description);","lastModifiedDate":"2024-02-08"},{"lineNumber":8,"author":{"gitId":"Mahesh1772"},"content":"        this.from \u003d from;","lastModifiedDate":"2024-02-08"},{"lineNumber":9,"author":{"gitId":"Mahesh1772"},"content":"        this.to \u003d to;","lastModifiedDate":"2024-02-08"},{"lineNumber":10,"author":{"gitId":"Mahesh1772"},"content":"    }","lastModifiedDate":"2024-02-08"},{"lineNumber":11,"author":{"gitId":"Mahesh1772"},"content":"","lastModifiedDate":"2024-02-08"},{"lineNumber":12,"author":{"gitId":"Mahesh1772"},"content":"    @Override","lastModifiedDate":"2024-02-08"},{"lineNumber":13,"author":{"gitId":"Mahesh1772"},"content":"    public String toString() {","lastModifiedDate":"2024-02-08"},{"lineNumber":14,"author":{"gitId":"Mahesh1772"},"content":"        return \"[E]\"  +\"[\" + this.getStatusIcon()+ \"] \" + super.toString() + \" (from: \" + from + \" to: \" + to +\")\";","lastModifiedDate":"2024-02-08"},{"lineNumber":15,"author":{"gitId":"Mahesh1772"},"content":"    }","lastModifiedDate":"2024-02-08"},{"lineNumber":16,"author":{"gitId":"Mahesh1772"},"content":"}","lastModifiedDate":"2024-02-08"}],"authorContributionMap":{"Mahesh1772":16}},{"path":"src/main/java/Kratos.java","fileType":"java","lines":[{"lineNumber":1,"author":{"gitId":"Mahesh1772"},"content":"import java.util.Scanner;","lastModifiedDate":"2024-02-02"},{"lineNumber":2,"author":{"gitId":"Mahesh1772"},"content":"","lastModifiedDate":"2024-02-02"},{"lineNumber":3,"author":{"gitId":"Mahesh1772"},"content":"public class Kratos {","lastModifiedDate":"2024-02-08"},{"lineNumber":4,"author":{"gitId":"Mahesh1772"},"content":"    public final static int MAX_TASKS \u003d 100;","lastModifiedDate":"2024-02-08"},{"lineNumber":5,"author":{"gitId":"Mahesh1772"},"content":"    static Task[] tasksList \u003d new Task[MAX_TASKS];","lastModifiedDate":"2024-02-08"},{"lineNumber":6,"author":{"gitId":"Mahesh1772"},"content":"","lastModifiedDate":"2024-02-08"},{"lineNumber":7,"author":{"gitId":"Mahesh1772"},"content":"    public static int count \u003d 0;","lastModifiedDate":"2024-02-08"},{"lineNumber":8,"author":{"gitId":"Mahesh1772"},"content":"","lastModifiedDate":"2024-01-25"},{"lineNumber":9,"author":{"gitId":"Mahesh1772"},"content":"    // Method to greet the user","lastModifiedDate":"2024-02-02"},{"lineNumber":10,"author":{"gitId":"Mahesh1772"},"content":"    public static void greet() {","lastModifiedDate":"2024-02-02"},{"lineNumber":11,"author":{"gitId":"Mahesh1772"},"content":"        String logo \u003d \"──────────────────────────────\\n\" +","lastModifiedDate":"2024-02-08"},{"lineNumber":12,"author":{"gitId":"Mahesh1772"},"content":"                \"───────────────────────▓▓▓▓───\\n\" +","lastModifiedDate":"2024-02-08"},{"lineNumber":13,"author":{"gitId":"Mahesh1772"},"content":"                \"──────────────────────▓▓▓▓▓▓──\\n\" +","lastModifiedDate":"2024-02-08"},{"lineNumber":14,"author":{"gitId":"Mahesh1772"},"content":"                \"─────────────────────▓▓▓▓▓▓▓▓─\\n\" +","lastModifiedDate":"2024-02-08"},{"lineNumber":15,"author":{"gitId":"Mahesh1772"},"content":"                \"────────────────────▓▓▓▓▓▓▓▓──\\n\" +","lastModifiedDate":"2024-02-08"},{"lineNumber":16,"author":{"gitId":"Mahesh1772"},"content":"                \"───────────────────▓▓▓▓▓▓▓▓───\\n\" +","lastModifiedDate":"2024-02-08"},{"lineNumber":17,"author":{"gitId":"Mahesh1772"},"content":"                \"──────────────────▓▓▓▓▓▓▓▓────\\n\" +","lastModifiedDate":"2024-02-08"},{"lineNumber":18,"author":{"gitId":"Mahesh1772"},"content":"                \"─────────────────▓▓▓▓▓▓▓▓─────\\n\" +","lastModifiedDate":"2024-02-08"},{"lineNumber":19,"author":{"gitId":"Mahesh1772"},"content":"                \"─────────█──────▓▓▓▓▓▓▓▓──────\\n\" +","lastModifiedDate":"2024-02-08"},{"lineNumber":20,"author":{"gitId":"Mahesh1772"},"content":"                \"────────██─────▓▓▓▓▓▓▓▓───────\\n\" +","lastModifiedDate":"2024-02-08"},{"lineNumber":21,"author":{"gitId":"Mahesh1772"},"content":"                \"───────██──────▓▓▓▓▓▓▓▓▓──────\\n\" +","lastModifiedDate":"2024-02-08"},{"lineNumber":22,"author":{"gitId":"Mahesh1772"},"content":"                \"─▀██▄─██───────▓▓▓▓▓▓▓▓██──▄█─\\n\" +","lastModifiedDate":"2024-02-08"},{"lineNumber":23,"author":{"gitId":"Mahesh1772"},"content":"                \"─█████████▄─▄───▓▄▓▄████████──\\n\" +","lastModifiedDate":"2024-02-08"},{"lineNumber":24,"author":{"gitId":"Mahesh1772"},"content":"                \"──█▀▀▀███████────███████▀▀▀██─\\n\" +","lastModifiedDate":"2024-02-08"},{"lineNumber":25,"author":{"gitId":"Mahesh1772"},"content":"                \"─███▄▄██▄███▀─────███▄██▄▄███─\\n\" +","lastModifiedDate":"2024-02-08"},{"lineNumber":26,"author":{"gitId":"Mahesh1772"},"content":"                \"─█─██████▀█────────▓████████▀─\\n\" +","lastModifiedDate":"2024-02-08"},{"lineNumber":27,"author":{"gitId":"Mahesh1772"},"content":"                \"────██▀───▀─█────█──▓▓▓▓▓▓▓▓──\\n\" +","lastModifiedDate":"2024-02-08"},{"lineNumber":28,"author":{"gitId":"Mahesh1772"},"content":"                \"────▄█▀──────█──█────▓▓▓▓▓▓▓▓─\\n\" +","lastModifiedDate":"2024-02-08"},{"lineNumber":29,"author":{"gitId":"Mahesh1772"},"content":"                \"───▀█────────█──█─────▓▓▓▓▓▓▓─\\n\" +","lastModifiedDate":"2024-02-08"},{"lineNumber":30,"author":{"gitId":"Mahesh1772"},"content":"                \"───▄█▀────▄▄█▀──▀█▄▄───▓▓▓▓▓▓─\\n\" +","lastModifiedDate":"2024-02-08"},{"lineNumber":31,"author":{"gitId":"Mahesh1772"},"content":"                \"───█▄────█──█────█──█──▓▓▓▓▓▓─\\n\" +","lastModifiedDate":"2024-02-08"},{"lineNumber":32,"author":{"gitId":"Mahesh1772"},"content":"                \"───█─────▀──────────▀──▓▓▓▓▓▓─\\n\" +","lastModifiedDate":"2024-02-08"},{"lineNumber":33,"author":{"gitId":"Mahesh1772"},"content":"                \"────▀─────▀█──────█▀────▓▓▓───\\n\" +","lastModifiedDate":"2024-02-08"},{"lineNumber":34,"author":{"gitId":"Mahesh1772"},"content":"                \"────────────▀▄▄▄▄▀──────▓▓────\\n\" +","lastModifiedDate":"2024-02-08"},{"lineNumber":35,"author":{"gitId":"Mahesh1772"},"content":"                \"────────────────────────▓─────\\n\" +","lastModifiedDate":"2024-02-08"},{"lineNumber":36,"author":{"gitId":"Mahesh1772"},"content":"                \"────────▄█████████████▄───────\\n\" +","lastModifiedDate":"2024-02-08"},{"lineNumber":37,"author":{"gitId":"Mahesh1772"},"content":"                \"───────██▀▀▀▀▀▀▀▀▀▀▀▀▀██──────\\n\" +","lastModifiedDate":"2024-02-08"},{"lineNumber":38,"author":{"gitId":"Mahesh1772"},"content":"                \"───────▀───────────────▀──────\\n\" +","lastModifiedDate":"2024-02-08"},{"lineNumber":39,"author":{"gitId":"Mahesh1772"},"content":"                \"───────────█████████──────────\\n\" +","lastModifiedDate":"2024-02-08"},{"lineNumber":40,"author":{"gitId":"Mahesh1772"},"content":"                \"────────────███████───────────\\n\" +","lastModifiedDate":"2024-02-08"},{"lineNumber":41,"author":{"gitId":"Mahesh1772"},"content":"                \"──────────────███─────────────\\n\" +","lastModifiedDate":"2024-02-08"},{"lineNumber":42,"author":{"gitId":"Mahesh1772"},"content":"                \"──────██▄█─▄─█████─▄─█▄██─────\\n\" +","lastModifiedDate":"2024-02-08"},{"lineNumber":43,"author":{"gitId":"Mahesh1772"},"content":"                \"───────█████████████████──────\\n\" +","lastModifiedDate":"2024-02-08"},{"lineNumber":44,"author":{"gitId":"Mahesh1772"},"content":"                \"────────███████████████───────\\n\" +","lastModifiedDate":"2024-02-08"},{"lineNumber":45,"author":{"gitId":"Mahesh1772"},"content":"                \"─────────█████████████────────\\n\" +","lastModifiedDate":"2024-02-08"},{"lineNumber":46,"author":{"gitId":"Mahesh1772"},"content":"                \"──────────███████████─────────\\n\" +","lastModifiedDate":"2024-02-08"},{"lineNumber":47,"author":{"gitId":"Mahesh1772"},"content":"                \"──────────▀─███████─▀─────────\\n\" +","lastModifiedDate":"2024-02-08"},{"lineNumber":48,"author":{"gitId":"Mahesh1772"},"content":"                \"────────────▀─███─▀───────────\\n\" +","lastModifiedDate":"2024-02-08"},{"lineNumber":49,"author":{"gitId":"Mahesh1772"},"content":"                \"───────────────▀──────────────\\n\";","lastModifiedDate":"2024-02-08"},{"lineNumber":50,"author":{"gitId":"Mahesh1772"},"content":"","lastModifiedDate":"2024-02-08"},{"lineNumber":51,"author":{"gitId":"Mahesh1772"},"content":"","lastModifiedDate":"2024-02-08"},{"lineNumber":52,"author":{"gitId":"Mahesh1772"},"content":"        System.out.println(logo);","lastModifiedDate":"2024-02-08"},{"lineNumber":53,"author":{"gitId":"Mahesh1772"},"content":"        System.out.println(\"------------------------------------------------------------\");","lastModifiedDate":"2024-01-25"},{"lineNumber":54,"author":{"gitId":"Mahesh1772"},"content":"        System.out.println(\"Kratos commends you for your presence. Prepare for battle. \\n\" +","lastModifiedDate":"2024-02-08"},{"lineNumber":55,"author":{"gitId":"Mahesh1772"},"content":"                        \"Enter your commands with purpose.\");","lastModifiedDate":"2024-02-08"},{"lineNumber":56,"author":{"gitId":"Mahesh1772"},"content":"        System.out.println(\"------------------------------------------------------------\");","lastModifiedDate":"2024-02-02"},{"lineNumber":57,"author":{"gitId":"Mahesh1772"},"content":"    }","lastModifiedDate":"2024-02-02"},{"lineNumber":58,"author":{"gitId":"Mahesh1772"},"content":"","lastModifiedDate":"2024-02-02"},{"lineNumber":59,"author":{"gitId":"Mahesh1772"},"content":"    // Method to say goodbye","lastModifiedDate":"2024-02-02"},{"lineNumber":60,"author":{"gitId":"Mahesh1772"},"content":"    public static void end() {","lastModifiedDate":"2024-02-02"},{"lineNumber":61,"author":{"gitId":"Mahesh1772"},"content":"        System.out.println(\"------------------------------------------------------------\");","lastModifiedDate":"2024-02-02"},{"lineNumber":62,"author":{"gitId":"Mahesh1772"},"content":"        System.out.println(\"            Until the next battle, mortal. \\n\" +","lastModifiedDate":"2024-02-08"},{"lineNumber":63,"author":{"gitId":"Mahesh1772"},"content":"                \"May your tasks be conquered with the ferocity of a god.\");","lastModifiedDate":"2024-02-08"},{"lineNumber":64,"author":{"gitId":"Mahesh1772"},"content":"        System.out.println(\"------------------------------------------------------------\");","lastModifiedDate":"2024-02-02"},{"lineNumber":65,"author":{"gitId":"Mahesh1772"},"content":"    }","lastModifiedDate":"2024-02-02"},{"lineNumber":66,"author":{"gitId":"Mahesh1772"},"content":"","lastModifiedDate":"2024-02-02"},{"lineNumber":67,"author":{"gitId":"Mahesh1772"},"content":"    // Method to display marking of tasks","lastModifiedDate":"2024-02-02"},{"lineNumber":68,"author":{"gitId":"Mahesh1772"},"content":"    public static void displayMarking(int taskNumber, String mark) {","lastModifiedDate":"2024-02-02"},{"lineNumber":69,"author":{"gitId":"Mahesh1772"},"content":"        String displayString;","lastModifiedDate":"2024-02-02"},{"lineNumber":70,"author":{"gitId":"Mahesh1772"},"content":"        if (mark.equals(\"mark\")) {","lastModifiedDate":"2024-02-02"},{"lineNumber":71,"author":{"gitId":"Mahesh1772"},"content":"            displayString \u003d \"    Task vanquished. Another notch on the blade of progress.\\n\" +","lastModifiedDate":"2024-02-08"},{"lineNumber":72,"author":{"gitId":"Mahesh1772"},"content":"                    \" What next, mortal?\";","lastModifiedDate":"2024-02-08"},{"lineNumber":73,"author":{"gitId":"Mahesh1772"},"content":"            tasksList[taskNumber].markTask();","lastModifiedDate":"2024-02-08"},{"lineNumber":74,"author":{"gitId":"Mahesh1772"},"content":"        } else {","lastModifiedDate":"2024-02-02"},{"lineNumber":75,"author":{"gitId":"Mahesh1772"},"content":"            displayString \u003d \"    Task restored from the depths of completion.\\n\" +","lastModifiedDate":"2024-02-08"},{"lineNumber":76,"author":{"gitId":"Mahesh1772"},"content":"                    \" A twist of fate, mortal. What now? \\n\" +","lastModifiedDate":"2024-02-08"},{"lineNumber":77,"author":{"gitId":"Mahesh1772"},"content":"                    \"Reclaim victory or face the abyss once more.\";","lastModifiedDate":"2024-02-08"},{"lineNumber":78,"author":{"gitId":"Mahesh1772"},"content":"            tasksList[taskNumber].unmarkTask();","lastModifiedDate":"2024-02-08"},{"lineNumber":79,"author":{"gitId":"Mahesh1772"},"content":"        }","lastModifiedDate":"2024-02-02"},{"lineNumber":80,"author":{"gitId":"Mahesh1772"},"content":"        ","lastModifiedDate":"2024-02-08"},{"lineNumber":81,"author":{"gitId":"Mahesh1772"},"content":"        System.out.println(\"------------------------------------------------------------\");","lastModifiedDate":"2024-02-02"},{"lineNumber":82,"author":{"gitId":"Mahesh1772"},"content":"        System.out.println(displayString);","lastModifiedDate":"2024-02-02"},{"lineNumber":83,"author":{"gitId":"Mahesh1772"},"content":"        System.out.printf(\"         %s%n\",  tasksList[taskNumber].toString());","lastModifiedDate":"2024-02-08"},{"lineNumber":84,"author":{"gitId":"Mahesh1772"},"content":"        System.out.println(\"------------------------------------------------------------\");","lastModifiedDate":"2024-02-02"},{"lineNumber":85,"author":{"gitId":"Mahesh1772"},"content":"    }","lastModifiedDate":"2024-02-02"},{"lineNumber":86,"author":{"gitId":"Mahesh1772"},"content":"","lastModifiedDate":"2024-02-02"},{"lineNumber":87,"author":{"gitId":"Mahesh1772"},"content":"    // Method to display tasks","lastModifiedDate":"2024-02-02"},{"lineNumber":88,"author":{"gitId":"Mahesh1772"},"content":"    public static void displayTasks(int count) {","lastModifiedDate":"2024-02-02"},{"lineNumber":89,"author":{"gitId":"Mahesh1772"},"content":"        System.out.println(\"----------------------------------------------------------------\");","lastModifiedDate":"2024-02-02"},{"lineNumber":90,"author":{"gitId":"Mahesh1772"},"content":"        System.out.println(\"    Your list of Tasks\");","lastModifiedDate":"2024-02-02"},{"lineNumber":91,"author":{"gitId":"Mahesh1772"},"content":"        for (int i \u003d 0; i \u003c count; i++) {","lastModifiedDate":"2024-02-02"},{"lineNumber":92,"author":{"gitId":"Mahesh1772"},"content":"            System.out.printf(\"     %d. %s%n\", i + 1, tasksList[i].toString());","lastModifiedDate":"2024-02-08"},{"lineNumber":93,"author":{"gitId":"Mahesh1772"},"content":"        }","lastModifiedDate":"2024-02-02"},{"lineNumber":94,"author":{"gitId":"Mahesh1772"},"content":"        System.out.println(\"----------------------------------------------------------------\");","lastModifiedDate":"2024-02-02"},{"lineNumber":95,"author":{"gitId":"Mahesh1772"},"content":"    }","lastModifiedDate":"2024-02-02"},{"lineNumber":96,"author":{"gitId":"Mahesh1772"},"content":"","lastModifiedDate":"2024-02-02"},{"lineNumber":97,"author":{"gitId":"Mahesh1772"},"content":"    // Main method","lastModifiedDate":"2024-02-02"},{"lineNumber":98,"author":{"gitId":"Mahesh1772"},"content":"    public static void main(String[] args) {","lastModifiedDate":"2024-02-02"},{"lineNumber":99,"author":{"gitId":"Mahesh1772"},"content":"        greet();","lastModifiedDate":"2024-02-02"},{"lineNumber":100,"author":{"gitId":"Mahesh1772"},"content":"        String userInput;","lastModifiedDate":"2024-02-08"},{"lineNumber":101,"author":{"gitId":"Mahesh1772"},"content":"        Scanner in \u003d new Scanner(System.in);","lastModifiedDate":"2024-02-02"},{"lineNumber":102,"author":{"gitId":"Mahesh1772"},"content":"        while (true) {","lastModifiedDate":"2024-02-02"},{"lineNumber":103,"author":{"gitId":"Mahesh1772"},"content":"            userInput \u003d in.nextLine();","lastModifiedDate":"2024-02-08"},{"lineNumber":104,"author":{"gitId":"Mahesh1772"},"content":"            if (userInput.equals(\"bye\")) {","lastModifiedDate":"2024-02-08"},{"lineNumber":105,"author":{"gitId":"Mahesh1772"},"content":"                break;","lastModifiedDate":"2024-02-02"},{"lineNumber":106,"author":{"gitId":"Mahesh1772"},"content":"            } else if (userInput.equals(\"list\")) {","lastModifiedDate":"2024-02-08"},{"lineNumber":107,"author":{"gitId":"Mahesh1772"},"content":"                displayTasks(count);","lastModifiedDate":"2024-02-02"},{"lineNumber":108,"author":{"gitId":"Mahesh1772"},"content":"            } else if (userInput.startsWith(\"mark\") || userInput.startsWith(\"unmark\")) {","lastModifiedDate":"2024-02-08"},{"lineNumber":109,"author":{"gitId":"Mahesh1772"},"content":"                int taskNumber \u003d Integer.parseInt(userInput.split(\" \")[1]);","lastModifiedDate":"2024-02-08"},{"lineNumber":110,"author":{"gitId":"Mahesh1772"},"content":"                displayMarking(taskNumber - 1, userInput.split(\" \")[0]);","lastModifiedDate":"2024-02-08"},{"lineNumber":111,"author":{"gitId":"Mahesh1772"},"content":"            } else {","lastModifiedDate":"2024-02-02"},{"lineNumber":112,"author":{"gitId":"Mahesh1772"},"content":"                if (userInput.startsWith(\"deadline\")) {","lastModifiedDate":"2024-02-08"},{"lineNumber":113,"author":{"gitId":"Mahesh1772"},"content":"                    addDeadline(userInput);","lastModifiedDate":"2024-02-08"},{"lineNumber":114,"author":{"gitId":"Mahesh1772"},"content":"                }","lastModifiedDate":"2024-02-08"},{"lineNumber":115,"author":{"gitId":"Mahesh1772"},"content":"                else if (userInput.startsWith(\"todo\")) {","lastModifiedDate":"2024-02-08"},{"lineNumber":116,"author":{"gitId":"Mahesh1772"},"content":"                    addTodo(userInput);","lastModifiedDate":"2024-02-08"},{"lineNumber":117,"author":{"gitId":"Mahesh1772"},"content":"                }","lastModifiedDate":"2024-02-08"},{"lineNumber":118,"author":{"gitId":"Mahesh1772"},"content":"                if (userInput.startsWith(\"event\")) {","lastModifiedDate":"2024-02-08"},{"lineNumber":119,"author":{"gitId":"Mahesh1772"},"content":"                    addEvent(userInput);","lastModifiedDate":"2024-02-08"},{"lineNumber":120,"author":{"gitId":"Mahesh1772"},"content":"                }","lastModifiedDate":"2024-02-08"},{"lineNumber":121,"author":{"gitId":"Mahesh1772"},"content":"            }","lastModifiedDate":"2024-02-08"},{"lineNumber":122,"author":{"gitId":"Mahesh1772"},"content":"        }","lastModifiedDate":"2024-02-08"},{"lineNumber":123,"author":{"gitId":"Mahesh1772"},"content":"        end();","lastModifiedDate":"2024-02-08"},{"lineNumber":124,"author":{"gitId":"Mahesh1772"},"content":"    }","lastModifiedDate":"2024-02-08"},{"lineNumber":125,"author":{"gitId":"Mahesh1772"},"content":"","lastModifiedDate":"2024-02-08"},{"lineNumber":126,"author":{"gitId":"Mahesh1772"},"content":"    private static void addEvent(String userInput) {","lastModifiedDate":"2024-02-08"},{"lineNumber":127,"author":{"gitId":"Mahesh1772"},"content":"        // Split the string by \"/by\" to separate the deadline and date","lastModifiedDate":"2024-02-08"},{"lineNumber":128,"author":{"gitId":"Mahesh1772"},"content":"        String[] eventParts \u003d userInput.split(\"/from\");","lastModifiedDate":"2024-02-08"},{"lineNumber":129,"author":{"gitId":"Mahesh1772"},"content":"","lastModifiedDate":"2024-02-08"},{"lineNumber":130,"author":{"gitId":"Mahesh1772"},"content":"        // Extract the deadline, action, and item","lastModifiedDate":"2024-02-08"},{"lineNumber":131,"author":{"gitId":"Mahesh1772"},"content":"        String eventAndName \u003d eventParts[0].trim();  // \"event project meeting\"","lastModifiedDate":"2024-02-08"},{"lineNumber":132,"author":{"gitId":"Mahesh1772"},"content":"        String date \u003d eventParts[1].trim();  // \"Mon 2pm /to 4pm\"","lastModifiedDate":"2024-02-08"},{"lineNumber":133,"author":{"gitId":"Mahesh1772"},"content":"","lastModifiedDate":"2024-02-08"},{"lineNumber":134,"author":{"gitId":"Mahesh1772"},"content":"        // Split the deadline into action and item","lastModifiedDate":"2024-02-08"},{"lineNumber":135,"author":{"gitId":"Mahesh1772"},"content":"        String[] event \u003d eventAndName.split(\"\\\\s+\", 2);","lastModifiedDate":"2024-02-08"},{"lineNumber":136,"author":{"gitId":"Mahesh1772"},"content":"        String action \u003d event[1]; // project Meeting","lastModifiedDate":"2024-02-08"},{"lineNumber":137,"author":{"gitId":"Mahesh1772"},"content":"","lastModifiedDate":"2024-02-08"},{"lineNumber":138,"author":{"gitId":"Mahesh1772"},"content":"        String[] timeline \u003d date.split(\"/to\");","lastModifiedDate":"2024-02-08"},{"lineNumber":139,"author":{"gitId":"Mahesh1772"},"content":"","lastModifiedDate":"2024-02-08"},{"lineNumber":140,"author":{"gitId":"Mahesh1772"},"content":"        tasksList[count] \u003d new Event(action, timeline[0].trim(), timeline[1].trim());","lastModifiedDate":"2024-02-08"},{"lineNumber":141,"author":{"gitId":"Mahesh1772"},"content":"        count++;","lastModifiedDate":"2024-02-02"},{"lineNumber":142,"author":{"gitId":"Mahesh1772"},"content":"        System.out.println(\"----------------------------------------------------------------\");","lastModifiedDate":"2024-02-08"},{"lineNumber":143,"author":{"gitId":"Mahesh1772"},"content":"        System.out.println(\"Event recorded. Destiny\u0027s hourglass turns. \\n\" +","lastModifiedDate":"2024-02-08"},{"lineNumber":144,"author":{"gitId":"Mahesh1772"},"content":"                \"What now? Seize control or be swept by its sands?\");","lastModifiedDate":"2024-02-08"},{"lineNumber":145,"author":{"gitId":"Mahesh1772"},"content":"        System.out.println(\"----------------------------------------------------------------\");","lastModifiedDate":"2024-02-02"},{"lineNumber":146,"author":{"gitId":"Mahesh1772"},"content":"    }","lastModifiedDate":"2024-02-02"},{"lineNumber":147,"author":{"gitId":"Mahesh1772"},"content":"","lastModifiedDate":"2024-02-08"},{"lineNumber":148,"author":{"gitId":"Mahesh1772"},"content":"    private static void addTodo(String userInput) {","lastModifiedDate":"2024-02-08"},{"lineNumber":149,"author":{"gitId":"Mahesh1772"},"content":"        // Split line into action and type","lastModifiedDate":"2024-02-08"},{"lineNumber":150,"author":{"gitId":"Mahesh1772"},"content":"        String[] actionAndType \u003d userInput.split(\"\\\\s+\", 2);","lastModifiedDate":"2024-02-08"},{"lineNumber":151,"author":{"gitId":"Mahesh1772"},"content":"        String action \u003d actionAndType[1];","lastModifiedDate":"2024-02-08"},{"lineNumber":152,"author":{"gitId":"Mahesh1772"},"content":"        tasksList[count] \u003d new Todo(action);","lastModifiedDate":"2024-02-08"},{"lineNumber":153,"author":{"gitId":"Mahesh1772"},"content":"        count++;","lastModifiedDate":"2024-02-08"},{"lineNumber":154,"author":{"gitId":"Mahesh1772"},"content":"        System.out.println(\"----------------------------------------------------------------\");","lastModifiedDate":"2024-02-08"},{"lineNumber":155,"author":{"gitId":"Mahesh1772"},"content":"        System.out.println(\"Task noted. A duty without a deadline? Dangerous. \\n\" +","lastModifiedDate":"2024-02-08"},{"lineNumber":156,"author":{"gitId":"Mahesh1772"},"content":"                \"   What now? Forge ahead or risk oblivion?\");","lastModifiedDate":"2024-02-08"},{"lineNumber":157,"author":{"gitId":"Mahesh1772"},"content":"        System.out.println(\"----------------------------------------------------------------\");","lastModifiedDate":"2024-02-08"},{"lineNumber":158,"author":{"gitId":"Mahesh1772"},"content":"    }","lastModifiedDate":"2024-02-02"},{"lineNumber":159,"author":{"gitId":"Mahesh1772"},"content":"","lastModifiedDate":"2024-02-08"},{"lineNumber":160,"author":{"gitId":"Mahesh1772"},"content":"    private static void addDeadline(String userInput) {","lastModifiedDate":"2024-02-08"},{"lineNumber":161,"author":{"gitId":"Mahesh1772"},"content":"        // Split the string by \"/by\" to separate the deadline and date","lastModifiedDate":"2024-02-08"},{"lineNumber":162,"author":{"gitId":"Mahesh1772"},"content":"        String[] deadlineParts \u003d userInput.split(\"/by\");","lastModifiedDate":"2024-02-08"},{"lineNumber":163,"author":{"gitId":"Mahesh1772"},"content":"","lastModifiedDate":"2024-02-08"},{"lineNumber":164,"author":{"gitId":"Mahesh1772"},"content":"        // Extract the deadline, action, and item","lastModifiedDate":"2024-02-08"},{"lineNumber":165,"author":{"gitId":"Mahesh1772"},"content":"        String deadline \u003d deadlineParts[0].trim();  // \"deadline return book\"","lastModifiedDate":"2024-02-08"},{"lineNumber":166,"author":{"gitId":"Mahesh1772"},"content":"        String date \u003d deadlineParts[1].trim();  // \"Sunday\"","lastModifiedDate":"2024-02-08"},{"lineNumber":167,"author":{"gitId":"Mahesh1772"},"content":"","lastModifiedDate":"2024-02-08"},{"lineNumber":168,"author":{"gitId":"Mahesh1772"},"content":"        // Split the deadline into action and item","lastModifiedDate":"2024-02-08"},{"lineNumber":169,"author":{"gitId":"Mahesh1772"},"content":"        String[] actionAndItem \u003d deadline.split(\"\\\\s+\", 2);","lastModifiedDate":"2024-02-08"},{"lineNumber":170,"author":{"gitId":"Mahesh1772"},"content":"        String action \u003d actionAndItem[0];","lastModifiedDate":"2024-02-08"},{"lineNumber":171,"author":{"gitId":"Mahesh1772"},"content":"        String item \u003d actionAndItem[1];","lastModifiedDate":"2024-02-08"},{"lineNumber":172,"author":{"gitId":"Mahesh1772"},"content":"        tasksList[count] \u003d new Deadline(item, date);","lastModifiedDate":"2024-02-08"},{"lineNumber":173,"author":{"gitId":"Mahesh1772"},"content":"        count++;","lastModifiedDate":"2024-02-08"},{"lineNumber":174,"author":{"gitId":"Mahesh1772"},"content":"        System.out.println(\"----------------------------------------------------------------\");","lastModifiedDate":"2024-02-08"},{"lineNumber":175,"author":{"gitId":"Mahesh1772"},"content":"        System.out.println(\"Deadline acknowledged. Time ticks away, mortal. \\n\" +","lastModifiedDate":"2024-02-08"},{"lineNumber":176,"author":{"gitId":"Mahesh1772"},"content":"                \"   What next? Embrace purpose or succumb to chaos?\" );","lastModifiedDate":"2024-02-08"},{"lineNumber":177,"author":{"gitId":"Mahesh1772"},"content":"        System.out.println(\"----------------------------------------------------------------\");","lastModifiedDate":"2024-02-08"},{"lineNumber":178,"author":{"gitId":"-"},"content":"    }","lastModifiedDate":"2019-07-29"},{"lineNumber":179,"author":{"gitId":"-"},"content":"}","lastModifiedDate":"2019-07-29"}],"authorContributionMap":{"Mahesh1772":177,"-":2}},{"path":"src/main/java/Task.java","fileType":"java","lines":[{"lineNumber":1,"author":{"gitId":"Mahesh1772"},"content":"public class Task {","lastModifiedDate":"2024-02-02"},{"lineNumber":2,"author":{"gitId":"Mahesh1772"},"content":"    protected String description;","lastModifiedDate":"2024-02-02"},{"lineNumber":3,"author":{"gitId":"Mahesh1772"},"content":"    protected boolean isDone;","lastModifiedDate":"2024-02-02"},{"lineNumber":4,"author":{"gitId":"Mahesh1772"},"content":"","lastModifiedDate":"2024-02-02"},{"lineNumber":5,"author":{"gitId":"Mahesh1772"},"content":"    /**","lastModifiedDate":"2024-02-02"},{"lineNumber":6,"author":{"gitId":"Mahesh1772"},"content":"     * Constructs a new Task object with the given description.","lastModifiedDate":"2024-02-02"},{"lineNumber":7,"author":{"gitId":"Mahesh1772"},"content":"     *","lastModifiedDate":"2024-02-02"},{"lineNumber":8,"author":{"gitId":"Mahesh1772"},"content":"     * @param description The description of the task.","lastModifiedDate":"2024-02-02"},{"lineNumber":9,"author":{"gitId":"Mahesh1772"},"content":"     */","lastModifiedDate":"2024-02-02"},{"lineNumber":10,"author":{"gitId":"Mahesh1772"},"content":"    public Task(String description) {","lastModifiedDate":"2024-02-02"},{"lineNumber":11,"author":{"gitId":"Mahesh1772"},"content":"        this.description \u003d description;","lastModifiedDate":"2024-02-02"},{"lineNumber":12,"author":{"gitId":"Mahesh1772"},"content":"        this.isDone \u003d false;","lastModifiedDate":"2024-02-02"},{"lineNumber":13,"author":{"gitId":"Mahesh1772"},"content":"    }","lastModifiedDate":"2024-02-02"},{"lineNumber":14,"author":{"gitId":"Mahesh1772"},"content":"","lastModifiedDate":"2024-02-02"},{"lineNumber":15,"author":{"gitId":"Mahesh1772"},"content":"    /**","lastModifiedDate":"2024-02-02"},{"lineNumber":16,"author":{"gitId":"Mahesh1772"},"content":"     * Returns the status icon of the task.","lastModifiedDate":"2024-02-02"},{"lineNumber":17,"author":{"gitId":"Mahesh1772"},"content":"     *","lastModifiedDate":"2024-02-02"},{"lineNumber":18,"author":{"gitId":"Mahesh1772"},"content":"     * @return The status icon of the task.","lastModifiedDate":"2024-02-02"},{"lineNumber":19,"author":{"gitId":"Mahesh1772"},"content":"     */","lastModifiedDate":"2024-02-02"},{"lineNumber":20,"author":{"gitId":"Mahesh1772"},"content":"    public String getStatusIcon() {","lastModifiedDate":"2024-02-02"},{"lineNumber":21,"author":{"gitId":"Mahesh1772"},"content":"        return (isDone ? \"X\" : \" \"); // mark done task with X","lastModifiedDate":"2024-02-02"},{"lineNumber":22,"author":{"gitId":"Mahesh1772"},"content":"    }","lastModifiedDate":"2024-02-02"},{"lineNumber":23,"author":{"gitId":"Mahesh1772"},"content":"","lastModifiedDate":"2024-02-02"},{"lineNumber":24,"author":{"gitId":"Mahesh1772"},"content":"    /**","lastModifiedDate":"2024-02-02"},{"lineNumber":25,"author":{"gitId":"Mahesh1772"},"content":"     * Marks the task as done.","lastModifiedDate":"2024-02-02"},{"lineNumber":26,"author":{"gitId":"Mahesh1772"},"content":"     */","lastModifiedDate":"2024-02-02"},{"lineNumber":27,"author":{"gitId":"Mahesh1772"},"content":"    public void markTask() {","lastModifiedDate":"2024-02-02"},{"lineNumber":28,"author":{"gitId":"Mahesh1772"},"content":"        this.isDone \u003d true;","lastModifiedDate":"2024-02-02"},{"lineNumber":29,"author":{"gitId":"Mahesh1772"},"content":"    }","lastModifiedDate":"2024-02-02"},{"lineNumber":30,"author":{"gitId":"Mahesh1772"},"content":"","lastModifiedDate":"2024-02-02"},{"lineNumber":31,"author":{"gitId":"Mahesh1772"},"content":"    /**","lastModifiedDate":"2024-02-02"},{"lineNumber":32,"author":{"gitId":"Mahesh1772"},"content":"     * Unmarks the task as done.","lastModifiedDate":"2024-02-02"},{"lineNumber":33,"author":{"gitId":"Mahesh1772"},"content":"     */","lastModifiedDate":"2024-02-02"},{"lineNumber":34,"author":{"gitId":"Mahesh1772"},"content":"    public void unmarkTask() {","lastModifiedDate":"2024-02-02"},{"lineNumber":35,"author":{"gitId":"Mahesh1772"},"content":"        this.isDone \u003d false;","lastModifiedDate":"2024-02-02"},{"lineNumber":36,"author":{"gitId":"Mahesh1772"},"content":"    }","lastModifiedDate":"2024-02-02"},{"lineNumber":37,"author":{"gitId":"Mahesh1772"},"content":"","lastModifiedDate":"2024-02-08"},{"lineNumber":38,"author":{"gitId":"Mahesh1772"},"content":"    @Override","lastModifiedDate":"2024-02-08"},{"lineNumber":39,"author":{"gitId":"Mahesh1772"},"content":"    public String toString() {","lastModifiedDate":"2024-02-08"},{"lineNumber":40,"author":{"gitId":"Mahesh1772"},"content":"        return description;","lastModifiedDate":"2024-02-08"},{"lineNumber":41,"author":{"gitId":"Mahesh1772"},"content":"    }","lastModifiedDate":"2024-02-08"},{"lineNumber":42,"author":{"gitId":"Mahesh1772"},"content":"}","lastModifiedDate":"2024-02-02"}],"authorContributionMap":{"Mahesh1772":42}},{"path":"src/main/java/Todo.java","fileType":"java","lines":[{"lineNumber":1,"author":{"gitId":"Mahesh1772"},"content":"public class Todo extends Task {","lastModifiedDate":"2024-02-08"},{"lineNumber":2,"author":{"gitId":"Mahesh1772"},"content":"","lastModifiedDate":"2024-02-08"},{"lineNumber":3,"author":{"gitId":"Mahesh1772"},"content":"    protected String by;","lastModifiedDate":"2024-02-08"},{"lineNumber":4,"author":{"gitId":"Mahesh1772"},"content":"","lastModifiedDate":"2024-02-08"},{"lineNumber":5,"author":{"gitId":"Mahesh1772"},"content":"    public Todo(String description) {","lastModifiedDate":"2024-02-08"},{"lineNumber":6,"author":{"gitId":"Mahesh1772"},"content":"        super(description);","lastModifiedDate":"2024-02-08"},{"lineNumber":7,"author":{"gitId":"Mahesh1772"},"content":"    }","lastModifiedDate":"2024-02-08"},{"lineNumber":8,"author":{"gitId":"Mahesh1772"},"content":"","lastModifiedDate":"2024-02-08"},{"lineNumber":9,"author":{"gitId":"Mahesh1772"},"content":"    @Override","lastModifiedDate":"2024-02-08"},{"lineNumber":10,"author":{"gitId":"Mahesh1772"},"content":"    public String toString() {","lastModifiedDate":"2024-02-08"},{"lineNumber":11,"author":{"gitId":"Mahesh1772"},"content":"        return \"[T]\"  +\"[\" + this.getStatusIcon()+ \"] \" + super.toString();","lastModifiedDate":"2024-02-08"},{"lineNumber":12,"author":{"gitId":"Mahesh1772"},"content":"    }","lastModifiedDate":"2024-02-08"},{"lineNumber":13,"author":{"gitId":"Mahesh1772"},"content":"}","lastModifiedDate":"2024-02-08"},{"lineNumber":14,"author":{"gitId":"Mahesh1772"},"content":"","lastModifiedDate":"2024-02-08"}],"authorContributionMap":{"Mahesh1772":14}},{"path":"text-ui-test/runtest.bat","fileType":"bat","lines":[{"lineNumber":1,"author":{"gitId":"-"},"content":"@ECHO OFF","lastModifiedDate":"2020-05-25"},{"lineNumber":2,"author":{"gitId":"-"},"content":"","lastModifiedDate":"2020-05-25"},{"lineNumber":3,"author":{"gitId":"-"},"content":"REM create bin directory if it doesn\u0027t exist","lastModifiedDate":"2020-05-25"},{"lineNumber":4,"author":{"gitId":"-"},"content":"if not exist ..\\bin mkdir ..\\bin","lastModifiedDate":"2020-05-25"},{"lineNumber":5,"author":{"gitId":"-"},"content":"","lastModifiedDate":"2020-05-25"},{"lineNumber":6,"author":{"gitId":"-"},"content":"REM delete output from previous run","lastModifiedDate":"2020-05-25"},{"lineNumber":7,"author":{"gitId":"-"},"content":"if exist ACTUAL.TXT del ACTUAL.TXT","lastModifiedDate":"2020-08-25"},{"lineNumber":8,"author":{"gitId":"-"},"content":"","lastModifiedDate":"2020-05-25"},{"lineNumber":9,"author":{"gitId":"-"},"content":"REM compile the code into the bin folder","lastModifiedDate":"2020-05-25"},{"lineNumber":10,"author":{"gitId":"-"},"content":"javac  -cp ..\\src\\main\\java -Xlint:none -d ..\\bin ..\\src\\main\\java\\*.java","lastModifiedDate":"2020-08-25"},{"lineNumber":11,"author":{"gitId":"-"},"content":"IF ERRORLEVEL 1 (","lastModifiedDate":"2020-05-25"},{"lineNumber":12,"author":{"gitId":"-"},"content":"    echo ********** BUILD FAILURE **********","lastModifiedDate":"2020-05-25"},{"lineNumber":13,"author":{"gitId":"-"},"content":"    exit /b 1","lastModifiedDate":"2020-05-25"},{"lineNumber":14,"author":{"gitId":"-"},"content":")","lastModifiedDate":"2020-05-25"},{"lineNumber":15,"author":{"gitId":"-"},"content":"REM no error here, errorlevel \u003d\u003d 0","lastModifiedDate":"2020-05-25"},{"lineNumber":16,"author":{"gitId":"-"},"content":"","lastModifiedDate":"2020-05-25"},{"lineNumber":17,"author":{"gitId":"-"},"content":"REM run the program, feed commands from input.txt file and redirect the output to the ACTUAL.TXT","lastModifiedDate":"2020-05-25"},{"lineNumber":18,"author":{"gitId":"Mahesh1772"},"content":"java -classpath ..\\bin Kratos \u003c input.txt \u003e ACTUAL.TXT","lastModifiedDate":"2024-02-08"},{"lineNumber":19,"author":{"gitId":"-"},"content":"","lastModifiedDate":"2020-05-25"},{"lineNumber":20,"author":{"gitId":"-"},"content":"REM compare the output to the expected output","lastModifiedDate":"2020-05-25"},{"lineNumber":21,"author":{"gitId":"-"},"content":"FC ACTUAL.TXT EXPECTED.TXT","lastModifiedDate":"2020-05-25"}],"authorContributionMap":{"Mahesh1772":1,"-":20}}]
