{"authorDailyContributionsMap":{"nkotaa":[{"date":"2024-02-01","commitResults":[{"hash":"86194f40dd659aa0bb9a352730788bcea28b9c75","isMergeCommit":false,"messageTitle":"Add Initial Greet \u0026 Exit","messageBody":"","tags":["Level-0"],"fileTypesAndContributionMap":{"java":{"insertions":2,"deletions":1}}},{"hash":"cc08f518c4f198dce54a2b728e322d7a52c06c0c","isMergeCommit":false,"messageTitle":"Add Rudimentary Echo Response Behaviour","messageBody":"","tags":["Level-1"],"fileTypesAndContributionMap":{"java":{"insertions":10,"deletions":5}}},{"hash":"ed4723bce4d9d19bc90f4cc2e334646835c05e99","isMergeCommit":false,"messageTitle":"Add Task Adding \u0026 Listing Behaviour","messageBody":"","tags":["Level-2"],"fileTypesAndContributionMap":{"java":{"insertions":15,"deletions":2}}},{"hash":"f689c2ac070aeab39cd926ae634485f5386ec3ab","isMergeCommit":false,"messageTitle":"Add Ability To Mark Tasks As Done","messageBody":"","tags":["Level-3","A-CodingStandard"],"fileTypesAndContributionMap":{"java":{"insertions":38,"deletions":5}}}]},{"date":"2024-02-07","commitResults":[{"hash":"e73942a0e04fc69fd1e801aab2343eb6388fefe7","isMergeCommit":false,"messageTitle":"Add Deadline and Event Tasks","messageBody":"","tags":["Level-4"],"fileTypesAndContributionMap":{"java":{"insertions":106,"deletions":25}}},{"hash":"2affc4e40b918710a883f2e3a49259b7bad6ab79","isMergeCommit":false,"messageTitle":"Semi-automate Testing With I/O Comparison","messageBody":"","tags":["A-TextUiTesting"],"fileTypesAndContributionMap":{"txt":{"insertions":7,"deletions":0},"sh":{"insertions":0,"deletions":0}}},{"hash":"9f26f1c34c88408e2815f4910464dea4fea722ad","isMergeCommit":false,"messageTitle":"Improve Program Robustness and Code Readability","messageBody":"","tags":["A-CodeQuality"],"fileTypesAndContributionMap":{"java":{"insertions":40,"deletions":20}}}]},{"date":"2024-02-15","commitResults":[{"hash":"8dce0120e1dd7464daa7030687324752d7523284","isMergeCommit":false,"messageTitle":"Refactor Code Heavily Using OOP Principles","messageBody":"","fileTypesAndContributionMap":{"java":{"insertions":140,"deletions":65},"bat":{"insertions":1,"deletions":1},"sh":{"insertions":2,"deletions":2},"md":{"insertions":2,"deletions":2}}},{"hash":"7c1cf1f1c228f36f13829b5471929a33cd48883d","isMergeCommit":false,"messageTitle":"Add Error Handling Using Exception Classes","messageBody":"","fileTypesAndContributionMap":{"java":{"insertions":71,"deletions":66}}},{"hash":"6ffaf1f6ca2b9d942aa0324b07d37eb6ea261635","isMergeCommit":true,"messageTitle":"Merge branch \u0027branch-Level-5\u0027","messageBody":"","tags":["Level-5"],"fileTypesAndContributionMap":{}},{"hash":"deafec29ea3a0f7c342929750abe059a882e2746","isMergeCommit":false,"messageTitle":"Organize Classes Into One Package","messageBody":"","fileTypesAndContributionMap":{"java":{"insertions":17,"deletions":1},"sh":{"insertions":1,"deletions":1}}},{"hash":"f6ac94abaaa4379701afd6018de95ba9038b58e6","isMergeCommit":true,"messageTitle":"Merge branch \u0027branch-A-Packages\u0027","messageBody":"","tags":["A-Packages"],"fileTypesAndContributionMap":{}}]}]},"authorFileTypeContributionMap":{"nkotaa":{"java":259,"md":2,"fxml":0,"sh":2,"bat":1,"gradle":0,"txt":7}},"authorContributionVariance":{"nkotaa":6024.1235},"authorDisplayNameMap":{"nkotaa":"CS2113T-T09-2 NG K..KOTA"}}
