[{"path":"src/main/java/ChatBBT.java","fileType":"java","lines":[{"lineNumber":1,"author":{"gitId":"Xb990219"},"content":"import java.util.Scanner;","lastModifiedDate":"2024-01-27"},{"lineNumber":2,"author":{"gitId":"Xb990219"},"content":"import todolist.ToDoList;","lastModifiedDate":"2024-02-11"},{"lineNumber":3,"author":{"gitId":"Xb990219"},"content":"","lastModifiedDate":"2024-01-27"},{"lineNumber":4,"author":{"gitId":"Xb990219"},"content":"public class ChatBBT {","lastModifiedDate":"2024-01-21"},{"lineNumber":5,"author":{"gitId":"Xb990219"},"content":"","lastModifiedDate":"2024-01-27"},{"lineNumber":6,"author":{"gitId":"Xb990219"},"content":"    /**","lastModifiedDate":"2024-02-03"},{"lineNumber":7,"author":{"gitId":"Xb990219"},"content":"     * Print the exit message","lastModifiedDate":"2024-02-03"},{"lineNumber":8,"author":{"gitId":"Xb990219"},"content":"     */","lastModifiedDate":"2024-02-03"},{"lineNumber":9,"author":{"gitId":"Xb990219"},"content":"    public static void exitMessage() {","lastModifiedDate":"2024-01-27"},{"lineNumber":10,"author":{"gitId":"Xb990219"},"content":"        System.out.println(\"Bye. Hope to see you again soon!\");","lastModifiedDate":"2024-01-27"},{"lineNumber":11,"author":{"gitId":"Xb990219"},"content":"    }","lastModifiedDate":"2024-01-27"},{"lineNumber":12,"author":{"gitId":"Xb990219"},"content":"","lastModifiedDate":"2024-01-27"},{"lineNumber":13,"author":{"gitId":"Xb990219"},"content":"    /**","lastModifiedDate":"2024-02-03"},{"lineNumber":14,"author":{"gitId":"Xb990219"},"content":"     * Print the message divider","lastModifiedDate":"2024-02-03"},{"lineNumber":15,"author":{"gitId":"Xb990219"},"content":"     */","lastModifiedDate":"2024-02-03"},{"lineNumber":16,"author":{"gitId":"Xb990219"},"content":"    public static void messageDivider() {","lastModifiedDate":"2024-01-28"},{"lineNumber":17,"author":{"gitId":"Xb990219"},"content":"        System.out.println(\"------------------------------------------\");","lastModifiedDate":"2024-01-28"},{"lineNumber":18,"author":{"gitId":"Xb990219"},"content":"    }","lastModifiedDate":"2024-01-28"},{"lineNumber":19,"author":{"gitId":"Xb990219"},"content":"","lastModifiedDate":"2024-01-28"},{"lineNumber":20,"author":{"gitId":"Xb990219"},"content":"    /**","lastModifiedDate":"2024-02-03"},{"lineNumber":21,"author":{"gitId":"Xb990219"},"content":"     * Print the greeting message","lastModifiedDate":"2024-02-03"},{"lineNumber":22,"author":{"gitId":"Xb990219"},"content":"     */","lastModifiedDate":"2024-02-03"},{"lineNumber":23,"author":{"gitId":"Xb990219"},"content":"    public static void greetingMessage() {","lastModifiedDate":"2024-01-27"},{"lineNumber":24,"author":{"gitId":"Xb990219"},"content":"        System.out.println(\"Hello! I\u0027m ChatBBT\");","lastModifiedDate":"2024-01-21"},{"lineNumber":25,"author":{"gitId":"Xb990219"},"content":"        System.out.println(\"What can I do for you?\");","lastModifiedDate":"2024-01-21"},{"lineNumber":26,"author":{"gitId":"Xb990219"},"content":"        messageDivider();","lastModifiedDate":"2024-01-28"},{"lineNumber":27,"author":{"gitId":"Xb990219"},"content":"    }","lastModifiedDate":"2024-01-28"},{"lineNumber":28,"author":{"gitId":"Xb990219"},"content":"","lastModifiedDate":"2024-01-28"},{"lineNumber":29,"author":{"gitId":"Xb990219"},"content":"    /**","lastModifiedDate":"2024-02-03"},{"lineNumber":30,"author":{"gitId":"Xb990219"},"content":"     * Print the feature intro message","lastModifiedDate":"2024-02-03"},{"lineNumber":31,"author":{"gitId":"Xb990219"},"content":"     */","lastModifiedDate":"2024-02-03"},{"lineNumber":32,"author":{"gitId":"Xb990219"},"content":"    public static void featureIntroMessage() {","lastModifiedDate":"2024-01-28"},{"lineNumber":33,"author":{"gitId":"Xb990219"},"content":"        System.out.println(\"[list] Enter Todo List feature\");","lastModifiedDate":"2024-01-28"},{"lineNumber":34,"author":{"gitId":"Xb990219"},"content":"        System.out.println(\"[bye] Quit\");","lastModifiedDate":"2024-01-28"},{"lineNumber":35,"author":{"gitId":"Xb990219"},"content":"        System.out.println(\"Please enter a command:\");","lastModifiedDate":"2024-01-28"},{"lineNumber":36,"author":{"gitId":"Xb990219"},"content":"        messageDivider();","lastModifiedDate":"2024-01-28"},{"lineNumber":37,"author":{"gitId":"Xb990219"},"content":"    }","lastModifiedDate":"2024-01-27"},{"lineNumber":38,"author":{"gitId":"Xb990219"},"content":"","lastModifiedDate":"2024-01-27"},{"lineNumber":39,"author":{"gitId":"Xb990219"},"content":"    public static void main(String[] args) {","lastModifiedDate":"2024-01-27"},{"lineNumber":40,"author":{"gitId":"Xb990219"},"content":"        greetingMessage();","lastModifiedDate":"2024-01-27"},{"lineNumber":41,"author":{"gitId":"Xb990219"},"content":"        Scanner input \u003d new Scanner(System.in);","lastModifiedDate":"2024-01-27"},{"lineNumber":42,"author":{"gitId":"Xb990219"},"content":"        boolean isFinished \u003d false;","lastModifiedDate":"2024-01-27"},{"lineNumber":43,"author":{"gitId":"Xb990219"},"content":"        ToDoList newToDoList \u003d new ToDoList();","lastModifiedDate":"2024-01-27"},{"lineNumber":44,"author":{"gitId":"Xb990219"},"content":"","lastModifiedDate":"2024-01-27"},{"lineNumber":45,"author":{"gitId":"Xb990219"},"content":"        while(!isFinished) {","lastModifiedDate":"2024-01-27"},{"lineNumber":46,"author":{"gitId":"Xb990219"},"content":"            featureIntroMessage();","lastModifiedDate":"2024-01-28"},{"lineNumber":47,"author":{"gitId":"Xb990219"},"content":"            String inputText \u003d input.nextLine();","lastModifiedDate":"2024-01-27"},{"lineNumber":48,"author":{"gitId":"Xb990219"},"content":"            switch (inputText) {","lastModifiedDate":"2024-01-27"},{"lineNumber":49,"author":{"gitId":"Xb990219"},"content":"            case \"bye\":","lastModifiedDate":"2024-01-27"},{"lineNumber":50,"author":{"gitId":"Xb990219"},"content":"                exitMessage();","lastModifiedDate":"2024-01-27"},{"lineNumber":51,"author":{"gitId":"Xb990219"},"content":"                isFinished \u003d true;","lastModifiedDate":"2024-01-27"},{"lineNumber":52,"author":{"gitId":"Xb990219"},"content":"                input.close();","lastModifiedDate":"2024-01-28"},{"lineNumber":53,"author":{"gitId":"Xb990219"},"content":"                break;","lastModifiedDate":"2024-01-27"},{"lineNumber":54,"author":{"gitId":"Xb990219"},"content":"            case \"list\":","lastModifiedDate":"2024-01-27"},{"lineNumber":55,"author":{"gitId":"Xb990219"},"content":"                newToDoList.execute(input);","lastModifiedDate":"2024-01-28"},{"lineNumber":56,"author":{"gitId":"Xb990219"},"content":"                break;","lastModifiedDate":"2024-01-27"},{"lineNumber":57,"author":{"gitId":"Xb990219"},"content":"            default:","lastModifiedDate":"2024-01-27"},{"lineNumber":58,"author":{"gitId":"Xb990219"},"content":"                System.out.println(\"Invalid command\");","lastModifiedDate":"2024-01-28"},{"lineNumber":59,"author":{"gitId":"Xb990219"},"content":"            }","lastModifiedDate":"2024-01-27"},{"lineNumber":60,"author":{"gitId":"Xb990219"},"content":"        }","lastModifiedDate":"2024-01-27"},{"lineNumber":61,"author":{"gitId":"Xb990219"},"content":"    }","lastModifiedDate":"2024-01-21"},{"lineNumber":62,"author":{"gitId":"Xb990219"},"content":"}","lastModifiedDate":"2024-01-21"}],"authorContributionMap":{"Xb990219":62}},{"path":"src/main/java/todolist/DeadLinesTask.java","fileType":"java","lines":[{"lineNumber":1,"author":{"gitId":"Xb990219"},"content":"package todolist;","lastModifiedDate":"2024-02-11"},{"lineNumber":2,"author":{"gitId":"Xb990219"},"content":"","lastModifiedDate":"2024-02-03"},{"lineNumber":3,"author":{"gitId":"Xb990219"},"content":"public class DeadLinesTask extends Task {","lastModifiedDate":"2024-02-11"},{"lineNumber":4,"author":{"gitId":"Xb990219"},"content":"    private final String deadline;","lastModifiedDate":"2024-02-11"},{"lineNumber":5,"author":{"gitId":"Xb990219"},"content":"","lastModifiedDate":"2024-02-03"},{"lineNumber":6,"author":{"gitId":"Xb990219"},"content":"    /**","lastModifiedDate":"2024-02-03"},{"lineNumber":7,"author":{"gitId":"Xb990219"},"content":"     * Constructor for DeadLinesTask","lastModifiedDate":"2024-02-03"},{"lineNumber":8,"author":{"gitId":"Xb990219"},"content":"     * @param name the name of the task","lastModifiedDate":"2024-02-03"},{"lineNumber":9,"author":{"gitId":"Xb990219"},"content":"     * @param deadline the deadline of the task","lastModifiedDate":"2024-02-03"},{"lineNumber":10,"author":{"gitId":"Xb990219"},"content":"     */","lastModifiedDate":"2024-02-03"},{"lineNumber":11,"author":{"gitId":"Xb990219"},"content":"    public DeadLinesTask(String name, String deadline) {","lastModifiedDate":"2024-02-03"},{"lineNumber":12,"author":{"gitId":"Xb990219"},"content":"        super(name);","lastModifiedDate":"2024-02-03"},{"lineNumber":13,"author":{"gitId":"Xb990219"},"content":"        this.deadline \u003d deadline;","lastModifiedDate":"2024-02-03"},{"lineNumber":14,"author":{"gitId":"Xb990219"},"content":"    }","lastModifiedDate":"2024-02-03"},{"lineNumber":15,"author":{"gitId":"Xb990219"},"content":"","lastModifiedDate":"2024-02-03"},{"lineNumber":16,"author":{"gitId":"Xb990219"},"content":"    /**","lastModifiedDate":"2024-02-03"},{"lineNumber":17,"author":{"gitId":"Xb990219"},"content":"     * Get the full String representation of the task","lastModifiedDate":"2024-02-03"},{"lineNumber":18,"author":{"gitId":"Xb990219"},"content":"     * @return the full String of the task","lastModifiedDate":"2024-02-03"},{"lineNumber":19,"author":{"gitId":"Xb990219"},"content":"     */","lastModifiedDate":"2024-02-03"},{"lineNumber":20,"author":{"gitId":"Xb990219"},"content":"    @Override","lastModifiedDate":"2024-02-03"},{"lineNumber":21,"author":{"gitId":"Xb990219"},"content":"    public String toString() {","lastModifiedDate":"2024-02-03"},{"lineNumber":22,"author":{"gitId":"Xb990219"},"content":"        return \"[D]\" + super.toString() + \" (by: \" + this.deadline + \")\";","lastModifiedDate":"2024-02-03"},{"lineNumber":23,"author":{"gitId":"Xb990219"},"content":"    }","lastModifiedDate":"2024-02-03"},{"lineNumber":24,"author":{"gitId":"Xb990219"},"content":"","lastModifiedDate":"2024-02-03"},{"lineNumber":25,"author":{"gitId":"Xb990219"},"content":"}","lastModifiedDate":"2024-02-03"}],"authorContributionMap":{"Xb990219":25}},{"path":"src/main/java/todolist/ErrorMessages.java","fileType":"java","lines":[{"lineNumber":1,"author":{"gitId":"Xb990219"},"content":"package todolist;","lastModifiedDate":"2024-02-11"},{"lineNumber":2,"author":{"gitId":"Xb990219"},"content":"","lastModifiedDate":"2024-02-11"},{"lineNumber":3,"author":{"gitId":"Xb990219"},"content":"public class ErrorMessages {","lastModifiedDate":"2024-02-11"},{"lineNumber":4,"author":{"gitId":"Xb990219"},"content":"    public static final String ERROR_MESSAGE_TASK_DOES_NOT_EXIST \u003d \"Task does not exist\";","lastModifiedDate":"2024-02-11"},{"lineNumber":5,"author":{"gitId":"Xb990219"},"content":"    public static final String ERROR_MESSAGE_INVALID_COMMAND \u003d \"Invalid command, use [help] to show all the commands\";","lastModifiedDate":"2024-02-11"},{"lineNumber":6,"author":{"gitId":"Xb990219"},"content":"    public static final String MESSAGE_DIVIDER \u003d \"------------------------------------------\";","lastModifiedDate":"2024-02-11"},{"lineNumber":7,"author":{"gitId":"Xb990219"},"content":"","lastModifiedDate":"2024-02-11"},{"lineNumber":8,"author":{"gitId":"Xb990219"},"content":"    public static final String ERROR_MESSAGE_TASK_FORMAT_INCORRECT \u003d \"Incorrect task format, use [help] to show correct format\";","lastModifiedDate":"2024-02-11"},{"lineNumber":9,"author":{"gitId":"Xb990219"},"content":"","lastModifiedDate":"2024-02-11"},{"lineNumber":10,"author":{"gitId":"Xb990219"},"content":"    public static final String ERROR_MESSAGE_TODOTASK_FORMAT_INCORRECT \u003d \"TodoTask cannot be empty\";","lastModifiedDate":"2024-02-11"},{"lineNumber":11,"author":{"gitId":"Xb990219"},"content":"","lastModifiedDate":"2024-02-11"},{"lineNumber":12,"author":{"gitId":"Xb990219"},"content":"    public static void taskDoesNotExistErrorMessage() {","lastModifiedDate":"2024-02-11"},{"lineNumber":13,"author":{"gitId":"Xb990219"},"content":"        System.out.println(ERROR_MESSAGE_TASK_DOES_NOT_EXIST);","lastModifiedDate":"2024-02-11"},{"lineNumber":14,"author":{"gitId":"Xb990219"},"content":"    }","lastModifiedDate":"2024-02-11"},{"lineNumber":15,"author":{"gitId":"Xb990219"},"content":"","lastModifiedDate":"2024-02-11"},{"lineNumber":16,"author":{"gitId":"Xb990219"},"content":"    public static void invalidCommandErrorMessage() {","lastModifiedDate":"2024-02-11"},{"lineNumber":17,"author":{"gitId":"Xb990219"},"content":"        System.out.println(ERROR_MESSAGE_INVALID_COMMAND);","lastModifiedDate":"2024-02-11"},{"lineNumber":18,"author":{"gitId":"Xb990219"},"content":"    }","lastModifiedDate":"2024-02-11"},{"lineNumber":19,"author":{"gitId":"Xb990219"},"content":"","lastModifiedDate":"2024-02-11"},{"lineNumber":20,"author":{"gitId":"Xb990219"},"content":"    public static void taskFormatIncorrectErrorMessage() {","lastModifiedDate":"2024-02-11"},{"lineNumber":21,"author":{"gitId":"Xb990219"},"content":"        System.out.println(ERROR_MESSAGE_TASK_FORMAT_INCORRECT);","lastModifiedDate":"2024-02-11"},{"lineNumber":22,"author":{"gitId":"Xb990219"},"content":"    }","lastModifiedDate":"2024-02-11"},{"lineNumber":23,"author":{"gitId":"Xb990219"},"content":"","lastModifiedDate":"2024-02-11"},{"lineNumber":24,"author":{"gitId":"Xb990219"},"content":"    public static void todoTaskFormatIncorrectErrorMessage() {","lastModifiedDate":"2024-02-11"},{"lineNumber":25,"author":{"gitId":"Xb990219"},"content":"        System.out.println(ERROR_MESSAGE_TODOTASK_FORMAT_INCORRECT);","lastModifiedDate":"2024-02-11"},{"lineNumber":26,"author":{"gitId":"Xb990219"},"content":"    }","lastModifiedDate":"2024-02-11"},{"lineNumber":27,"author":{"gitId":"Xb990219"},"content":"","lastModifiedDate":"2024-02-11"},{"lineNumber":28,"author":{"gitId":"Xb990219"},"content":"","lastModifiedDate":"2024-02-11"},{"lineNumber":29,"author":{"gitId":"Xb990219"},"content":"","lastModifiedDate":"2024-02-11"},{"lineNumber":30,"author":{"gitId":"Xb990219"},"content":"","lastModifiedDate":"2024-02-11"},{"lineNumber":31,"author":{"gitId":"Xb990219"},"content":"}","lastModifiedDate":"2024-02-11"}],"authorContributionMap":{"Xb990219":31}},{"path":"src/main/java/todolist/EventsTask.java","fileType":"java","lines":[{"lineNumber":1,"author":{"gitId":"Xb990219"},"content":"package todolist;","lastModifiedDate":"2024-02-11"},{"lineNumber":2,"author":{"gitId":"Xb990219"},"content":"","lastModifiedDate":"2024-02-03"},{"lineNumber":3,"author":{"gitId":"Xb990219"},"content":"public class EventsTask extends Task {","lastModifiedDate":"2024-02-11"},{"lineNumber":4,"author":{"gitId":"Xb990219"},"content":"    private final String startDate;","lastModifiedDate":"2024-02-03"},{"lineNumber":5,"author":{"gitId":"Xb990219"},"content":"    private final String endDate;","lastModifiedDate":"2024-02-03"},{"lineNumber":6,"author":{"gitId":"Xb990219"},"content":"","lastModifiedDate":"2024-02-03"},{"lineNumber":7,"author":{"gitId":"Xb990219"},"content":"    /**","lastModifiedDate":"2024-02-03"},{"lineNumber":8,"author":{"gitId":"Xb990219"},"content":"     * Constructor for EventsTask","lastModifiedDate":"2024-02-03"},{"lineNumber":9,"author":{"gitId":"Xb990219"},"content":"     * @param name the name of the task","lastModifiedDate":"2024-02-03"},{"lineNumber":10,"author":{"gitId":"Xb990219"},"content":"     * @param startDate the start date of the task","lastModifiedDate":"2024-02-03"},{"lineNumber":11,"author":{"gitId":"Xb990219"},"content":"     * @param endDate the end date of the task","lastModifiedDate":"2024-02-03"},{"lineNumber":12,"author":{"gitId":"Xb990219"},"content":"     */","lastModifiedDate":"2024-02-03"},{"lineNumber":13,"author":{"gitId":"Xb990219"},"content":"    public EventsTask(String name, String startDate, String endDate) {","lastModifiedDate":"2024-02-03"},{"lineNumber":14,"author":{"gitId":"Xb990219"},"content":"        super(name);","lastModifiedDate":"2024-02-03"},{"lineNumber":15,"author":{"gitId":"Xb990219"},"content":"        this.startDate \u003d startDate;","lastModifiedDate":"2024-02-03"},{"lineNumber":16,"author":{"gitId":"Xb990219"},"content":"        this.endDate \u003d endDate;","lastModifiedDate":"2024-02-03"},{"lineNumber":17,"author":{"gitId":"Xb990219"},"content":"    }","lastModifiedDate":"2024-02-03"},{"lineNumber":18,"author":{"gitId":"Xb990219"},"content":"","lastModifiedDate":"2024-02-03"},{"lineNumber":19,"author":{"gitId":"Xb990219"},"content":"    /**","lastModifiedDate":"2024-02-03"},{"lineNumber":20,"author":{"gitId":"Xb990219"},"content":"     * Get the full String representation of the task","lastModifiedDate":"2024-02-03"},{"lineNumber":21,"author":{"gitId":"Xb990219"},"content":"     * @return the full String of the task","lastModifiedDate":"2024-02-03"},{"lineNumber":22,"author":{"gitId":"Xb990219"},"content":"     */","lastModifiedDate":"2024-02-03"},{"lineNumber":23,"author":{"gitId":"Xb990219"},"content":"    @Override","lastModifiedDate":"2024-02-03"},{"lineNumber":24,"author":{"gitId":"Xb990219"},"content":"    public String toString() {","lastModifiedDate":"2024-02-03"},{"lineNumber":25,"author":{"gitId":"Xb990219"},"content":"        return \"[E]\" + super.toString() + \" (from: \" + this.startDate + \" to: \" + this.endDate + \")\";","lastModifiedDate":"2024-02-03"},{"lineNumber":26,"author":{"gitId":"Xb990219"},"content":"    }","lastModifiedDate":"2024-02-03"},{"lineNumber":27,"author":{"gitId":"Xb990219"},"content":"}","lastModifiedDate":"2024-02-03"}],"authorContributionMap":{"Xb990219":27}},{"path":"src/main/java/todolist/Keyword.java","fileType":"java","lines":[{"lineNumber":1,"author":{"gitId":"Xb990219"},"content":"package todolist;","lastModifiedDate":"2024-02-11"},{"lineNumber":2,"author":{"gitId":"Xb990219"},"content":"","lastModifiedDate":"2024-02-11"},{"lineNumber":3,"author":{"gitId":"Xb990219"},"content":"public enum Keyword {","lastModifiedDate":"2024-02-11"},{"lineNumber":4,"author":{"gitId":"Xb990219"},"content":"    mark,","lastModifiedDate":"2024-02-11"},{"lineNumber":5,"author":{"gitId":"Xb990219"},"content":"    unmark,","lastModifiedDate":"2024-02-11"},{"lineNumber":6,"author":{"gitId":"Xb990219"},"content":"    todo,","lastModifiedDate":"2024-02-11"},{"lineNumber":7,"author":{"gitId":"Xb990219"},"content":"    deadline,","lastModifiedDate":"2024-02-11"},{"lineNumber":8,"author":{"gitId":"Xb990219"},"content":"    event,","lastModifiedDate":"2024-02-11"},{"lineNumber":9,"author":{"gitId":"Xb990219"},"content":"    none,","lastModifiedDate":"2024-02-11"},{"lineNumber":10,"author":{"gitId":"Xb990219"},"content":"    todoError,","lastModifiedDate":"2024-02-11"},{"lineNumber":11,"author":{"gitId":"Xb990219"},"content":"}","lastModifiedDate":"2024-02-11"}],"authorContributionMap":{"Xb990219":11}},{"path":"src/main/java/todolist/KeywordPatternMatcher.java","fileType":"java","lines":[{"lineNumber":1,"author":{"gitId":"Xb990219"},"content":"package todolist;","lastModifiedDate":"2024-02-11"},{"lineNumber":2,"author":{"gitId":"Xb990219"},"content":"","lastModifiedDate":"2024-02-11"},{"lineNumber":3,"author":{"gitId":"Xb990219"},"content":"import java.security.Key;","lastModifiedDate":"2024-02-11"},{"lineNumber":4,"author":{"gitId":"Xb990219"},"content":"import java.util.regex.Matcher;","lastModifiedDate":"2024-02-11"},{"lineNumber":5,"author":{"gitId":"Xb990219"},"content":"import java.util.regex.Pattern;","lastModifiedDate":"2024-02-11"},{"lineNumber":6,"author":{"gitId":"Xb990219"},"content":"","lastModifiedDate":"2024-02-11"},{"lineNumber":7,"author":{"gitId":"Xb990219"},"content":"public class KeywordPatternMatcher {","lastModifiedDate":"2024-02-11"},{"lineNumber":8,"author":{"gitId":"Xb990219"},"content":"","lastModifiedDate":"2024-02-11"},{"lineNumber":9,"author":{"gitId":"Xb990219"},"content":"    private final String inputText;","lastModifiedDate":"2024-02-11"},{"lineNumber":10,"author":{"gitId":"Xb990219"},"content":"    private final Keyword keywordType;","lastModifiedDate":"2024-02-11"},{"lineNumber":11,"author":{"gitId":"Xb990219"},"content":"","lastModifiedDate":"2024-02-11"},{"lineNumber":12,"author":{"gitId":"Xb990219"},"content":"    private static final String MARK_FEATURE_PATTERN \u003d \"^mark \\\\d+$\"; //mark","lastModifiedDate":"2024-02-11"},{"lineNumber":13,"author":{"gitId":"Xb990219"},"content":"    private static final String UNMARK_FEATURE_PATTERN \u003d \"^unmark \\\\d+$\"; //unmark","lastModifiedDate":"2024-02-11"},{"lineNumber":14,"author":{"gitId":"Xb990219"},"content":"    private static final String TODOTASK_FEATURE_PATTERN \u003d \"^todo .+\"; //todoItem","lastModifiedDate":"2024-02-11"},{"lineNumber":15,"author":{"gitId":"Xb990219"},"content":"    private static final String DEADLINESTASK_FEATURE_PATTERN \u003d \"^deadline .*\"; //todoItem","lastModifiedDate":"2024-02-11"},{"lineNumber":16,"author":{"gitId":"Xb990219"},"content":"    private static final String EVENTSTASK_PATTERN \u003d \"^event .*\"; //todoItem","lastModifiedDate":"2024-02-11"},{"lineNumber":17,"author":{"gitId":"Xb990219"},"content":"","lastModifiedDate":"2024-02-11"},{"lineNumber":18,"author":{"gitId":"Xb990219"},"content":"    private static final String TODOTASK_FEATURE_PATTERN_INCORRECT \u003d \"^todo .*\";","lastModifiedDate":"2024-02-11"},{"lineNumber":19,"author":{"gitId":"Xb990219"},"content":"","lastModifiedDate":"2024-02-11"},{"lineNumber":20,"author":{"gitId":"Xb990219"},"content":"","lastModifiedDate":"2024-02-11"},{"lineNumber":21,"author":{"gitId":"Xb990219"},"content":"    private static final int SPACE_OFFSET \u003d 1; //keyword \" \" offset","lastModifiedDate":"2024-02-11"},{"lineNumber":22,"author":{"gitId":"Xb990219"},"content":"    private static final int BY_OFFSET \u003d 4; //keyword \"/by\" offset","lastModifiedDate":"2024-02-11"},{"lineNumber":23,"author":{"gitId":"Xb990219"},"content":"    private static final int FROM_OFFSET \u003d 6; //keyword \"/from\" offset","lastModifiedDate":"2024-02-11"},{"lineNumber":24,"author":{"gitId":"Xb990219"},"content":"    private static final int TO_OFFSET \u003d 4; //keyword \"/to\" offset","lastModifiedDate":"2024-02-11"},{"lineNumber":25,"author":{"gitId":"Xb990219"},"content":"","lastModifiedDate":"2024-02-11"},{"lineNumber":26,"author":{"gitId":"Xb990219"},"content":"    KeywordPatternMatcher(String input) {","lastModifiedDate":"2024-02-11"},{"lineNumber":27,"author":{"gitId":"Xb990219"},"content":"        this.inputText \u003d input;","lastModifiedDate":"2024-02-11"},{"lineNumber":28,"author":{"gitId":"Xb990219"},"content":"        this.keywordType \u003d checkKeywordType();","lastModifiedDate":"2024-02-11"},{"lineNumber":29,"author":{"gitId":"Xb990219"},"content":"    }","lastModifiedDate":"2024-02-11"},{"lineNumber":30,"author":{"gitId":"Xb990219"},"content":"","lastModifiedDate":"2024-02-11"},{"lineNumber":31,"author":{"gitId":"Xb990219"},"content":"    public Keyword getKeywordType() {","lastModifiedDate":"2024-02-11"},{"lineNumber":32,"author":{"gitId":"Xb990219"},"content":"        return keywordType;","lastModifiedDate":"2024-02-11"},{"lineNumber":33,"author":{"gitId":"Xb990219"},"content":"    }","lastModifiedDate":"2024-02-11"},{"lineNumber":34,"author":{"gitId":"Xb990219"},"content":"","lastModifiedDate":"2024-02-11"},{"lineNumber":35,"author":{"gitId":"Xb990219"},"content":"    private int getSpaceCharacterPosition(String inputText) {","lastModifiedDate":"2024-02-11"},{"lineNumber":36,"author":{"gitId":"Xb990219"},"content":"        return inputText.indexOf(\" \");","lastModifiedDate":"2024-02-11"},{"lineNumber":37,"author":{"gitId":"Xb990219"},"content":"    }","lastModifiedDate":"2024-02-11"},{"lineNumber":38,"author":{"gitId":"Xb990219"},"content":"","lastModifiedDate":"2024-02-11"},{"lineNumber":39,"author":{"gitId":"Xb990219"},"content":"    public Keyword checkKeywordType() {","lastModifiedDate":"2024-02-11"},{"lineNumber":40,"author":{"gitId":"Xb990219"},"content":"        if (matchesPattern(this.inputText, MARK_FEATURE_PATTERN)) {","lastModifiedDate":"2024-02-11"},{"lineNumber":41,"author":{"gitId":"Xb990219"},"content":"            return Keyword.mark;","lastModifiedDate":"2024-02-11"},{"lineNumber":42,"author":{"gitId":"Xb990219"},"content":"        } else if (matchesPattern(this.inputText, UNMARK_FEATURE_PATTERN)) {","lastModifiedDate":"2024-02-11"},{"lineNumber":43,"author":{"gitId":"Xb990219"},"content":"            return Keyword.unmark;","lastModifiedDate":"2024-02-11"},{"lineNumber":44,"author":{"gitId":"Xb990219"},"content":"        } else if (matchesPattern(this.inputText, TODOTASK_FEATURE_PATTERN)) {","lastModifiedDate":"2024-02-11"},{"lineNumber":45,"author":{"gitId":"Xb990219"},"content":"            return Keyword.todo;","lastModifiedDate":"2024-02-11"},{"lineNumber":46,"author":{"gitId":"Xb990219"},"content":"        } else if (matchesPattern(this.inputText, DEADLINESTASK_FEATURE_PATTERN)) {","lastModifiedDate":"2024-02-11"},{"lineNumber":47,"author":{"gitId":"Xb990219"},"content":"            return Keyword.deadline;","lastModifiedDate":"2024-02-11"},{"lineNumber":48,"author":{"gitId":"Xb990219"},"content":"        } else if (matchesPattern(this.inputText, EVENTSTASK_PATTERN)) {","lastModifiedDate":"2024-02-11"},{"lineNumber":49,"author":{"gitId":"Xb990219"},"content":"            return Keyword.event;","lastModifiedDate":"2024-02-11"},{"lineNumber":50,"author":{"gitId":"Xb990219"},"content":"        } else if (matchesPattern(this.inputText, TODOTASK_FEATURE_PATTERN_INCORRECT)) {","lastModifiedDate":"2024-02-11"},{"lineNumber":51,"author":{"gitId":"Xb990219"},"content":"            return Keyword.todoError;","lastModifiedDate":"2024-02-11"},{"lineNumber":52,"author":{"gitId":"Xb990219"},"content":"        } else {","lastModifiedDate":"2024-02-11"},{"lineNumber":53,"author":{"gitId":"Xb990219"},"content":"            return Keyword.none;","lastModifiedDate":"2024-02-11"},{"lineNumber":54,"author":{"gitId":"Xb990219"},"content":"        }","lastModifiedDate":"2024-02-11"},{"lineNumber":55,"author":{"gitId":"Xb990219"},"content":"    }","lastModifiedDate":"2024-02-11"},{"lineNumber":56,"author":{"gitId":"Xb990219"},"content":"","lastModifiedDate":"2024-02-11"},{"lineNumber":57,"author":{"gitId":"Xb990219"},"content":"    public int findMarkOrUnmarkIndex() {","lastModifiedDate":"2024-02-11"},{"lineNumber":58,"author":{"gitId":"Xb990219"},"content":"        int spacePosition \u003d getSpaceCharacterPosition(this.inputText);","lastModifiedDate":"2024-02-11"},{"lineNumber":59,"author":{"gitId":"Xb990219"},"content":"        return Integer.parseInt(this.inputText.substring(spacePosition + SPACE_OFFSET));","lastModifiedDate":"2024-02-11"},{"lineNumber":60,"author":{"gitId":"Xb990219"},"content":"    }","lastModifiedDate":"2024-02-11"},{"lineNumber":61,"author":{"gitId":"Xb990219"},"content":"","lastModifiedDate":"2024-02-11"},{"lineNumber":62,"author":{"gitId":"Xb990219"},"content":"    public Task processKeywordInput() {","lastModifiedDate":"2024-02-11"},{"lineNumber":63,"author":{"gitId":"Xb990219"},"content":"        int spacePosition \u003d getSpaceCharacterPosition(this.inputText);","lastModifiedDate":"2024-02-11"},{"lineNumber":64,"author":{"gitId":"Xb990219"},"content":"        try {","lastModifiedDate":"2024-02-11"},{"lineNumber":65,"author":{"gitId":"Xb990219"},"content":"            if (this.keywordType \u003d\u003d Keyword.todo) {","lastModifiedDate":"2024-02-11"},{"lineNumber":66,"author":{"gitId":"Xb990219"},"content":"                return new ToDoTask(this.inputText.substring(spacePosition + SPACE_OFFSET));","lastModifiedDate":"2024-02-11"},{"lineNumber":67,"author":{"gitId":"Xb990219"},"content":"            } else if (this.keywordType \u003d\u003d Keyword.deadline) {","lastModifiedDate":"2024-02-11"},{"lineNumber":68,"author":{"gitId":"Xb990219"},"content":"                int keywordPosition \u003d this.inputText.indexOf(\"/by\");","lastModifiedDate":"2024-02-11"},{"lineNumber":69,"author":{"gitId":"Xb990219"},"content":"                return new DeadLinesTask(this.inputText.substring(spacePosition + SPACE_OFFSET, keywordPosition - 1),","lastModifiedDate":"2024-02-11"},{"lineNumber":70,"author":{"gitId":"Xb990219"},"content":"                        this.inputText.substring(keywordPosition + BY_OFFSET));","lastModifiedDate":"2024-02-11"},{"lineNumber":71,"author":{"gitId":"Xb990219"},"content":"            } else {","lastModifiedDate":"2024-02-11"},{"lineNumber":72,"author":{"gitId":"Xb990219"},"content":"                int keywordPosition1 \u003d this.inputText.indexOf(\"/from\"); // check /from keyword position","lastModifiedDate":"2024-02-11"},{"lineNumber":73,"author":{"gitId":"Xb990219"},"content":"                int keywordPosition2 \u003d this.inputText.indexOf(\"/to\"); // check /to keyword position","lastModifiedDate":"2024-02-11"},{"lineNumber":74,"author":{"gitId":"Xb990219"},"content":"                return new EventsTask(this.inputText.substring(spacePosition + SPACE_OFFSET, keywordPosition1 - 1),","lastModifiedDate":"2024-02-11"},{"lineNumber":75,"author":{"gitId":"Xb990219"},"content":"                        this.inputText.substring(keywordPosition1 + FROM_OFFSET, keywordPosition2 - 1),","lastModifiedDate":"2024-02-11"},{"lineNumber":76,"author":{"gitId":"Xb990219"},"content":"                        this.inputText.substring(keywordPosition2 + TO_OFFSET));","lastModifiedDate":"2024-02-11"},{"lineNumber":77,"author":{"gitId":"Xb990219"},"content":"            }","lastModifiedDate":"2024-02-11"},{"lineNumber":78,"author":{"gitId":"Xb990219"},"content":"        } catch (StringIndexOutOfBoundsException e) {","lastModifiedDate":"2024-02-11"},{"lineNumber":79,"author":{"gitId":"Xb990219"},"content":"            return null;","lastModifiedDate":"2024-02-11"},{"lineNumber":80,"author":{"gitId":"Xb990219"},"content":"        }","lastModifiedDate":"2024-02-11"},{"lineNumber":81,"author":{"gitId":"Xb990219"},"content":"    }","lastModifiedDate":"2024-02-11"},{"lineNumber":82,"author":{"gitId":"Xb990219"},"content":"","lastModifiedDate":"2024-02-11"},{"lineNumber":83,"author":{"gitId":"Xb990219"},"content":"    private static boolean matchesPattern(String input, String pattern) {","lastModifiedDate":"2024-02-11"},{"lineNumber":84,"author":{"gitId":"Xb990219"},"content":"        Pattern regex \u003d Pattern.compile(pattern);","lastModifiedDate":"2024-02-11"},{"lineNumber":85,"author":{"gitId":"Xb990219"},"content":"        Matcher matcher \u003d regex.matcher(input);","lastModifiedDate":"2024-02-11"},{"lineNumber":86,"author":{"gitId":"Xb990219"},"content":"        return matcher.matches();","lastModifiedDate":"2024-02-11"},{"lineNumber":87,"author":{"gitId":"Xb990219"},"content":"    }","lastModifiedDate":"2024-02-11"},{"lineNumber":88,"author":{"gitId":"Xb990219"},"content":"","lastModifiedDate":"2024-02-11"},{"lineNumber":89,"author":{"gitId":"Xb990219"},"content":"    public static void messageDivider() {","lastModifiedDate":"2024-02-11"},{"lineNumber":90,"author":{"gitId":"Xb990219"},"content":"        System.out.println(\"------------------------------------------\");","lastModifiedDate":"2024-02-11"},{"lineNumber":91,"author":{"gitId":"Xb990219"},"content":"    }","lastModifiedDate":"2024-02-11"},{"lineNumber":92,"author":{"gitId":"Xb990219"},"content":"","lastModifiedDate":"2024-02-11"},{"lineNumber":93,"author":{"gitId":"Xb990219"},"content":"}","lastModifiedDate":"2024-02-11"}],"authorContributionMap":{"Xb990219":93}},{"path":"src/main/java/todolist/Task.java","fileType":"java","lines":[{"lineNumber":1,"author":{"gitId":"Xb990219"},"content":"package todolist;","lastModifiedDate":"2024-02-11"},{"lineNumber":2,"author":{"gitId":"Xb990219"},"content":"","lastModifiedDate":"2024-02-03"},{"lineNumber":3,"author":{"gitId":"Xb990219"},"content":"public abstract class Task {","lastModifiedDate":"2024-02-11"},{"lineNumber":4,"author":{"gitId":"Xb990219"},"content":"    protected final String name;","lastModifiedDate":"2024-02-03"},{"lineNumber":5,"author":{"gitId":"Xb990219"},"content":"    protected boolean isDone;","lastModifiedDate":"2024-02-03"},{"lineNumber":6,"author":{"gitId":"Xb990219"},"content":"","lastModifiedDate":"2024-02-03"},{"lineNumber":7,"author":{"gitId":"Xb990219"},"content":"    /**","lastModifiedDate":"2024-02-03"},{"lineNumber":8,"author":{"gitId":"Xb990219"},"content":"     * Constructor for Task","lastModifiedDate":"2024-02-11"},{"lineNumber":9,"author":{"gitId":"Xb990219"},"content":"     * @param name the name of the Task","lastModifiedDate":"2024-02-11"},{"lineNumber":10,"author":{"gitId":"Xb990219"},"content":"     */","lastModifiedDate":"2024-02-03"},{"lineNumber":11,"author":{"gitId":"Xb990219"},"content":"    public Task(String name) {","lastModifiedDate":"2024-02-11"},{"lineNumber":12,"author":{"gitId":"Xb990219"},"content":"        this.name \u003d name;","lastModifiedDate":"2024-02-03"},{"lineNumber":13,"author":{"gitId":"Xb990219"},"content":"        this.isDone \u003d false;","lastModifiedDate":"2024-02-03"},{"lineNumber":14,"author":{"gitId":"Xb990219"},"content":"    }","lastModifiedDate":"2024-02-03"},{"lineNumber":15,"author":{"gitId":"Xb990219"},"content":"","lastModifiedDate":"2024-02-03"},{"lineNumber":16,"author":{"gitId":"Xb990219"},"content":"    /**","lastModifiedDate":"2024-02-03"},{"lineNumber":17,"author":{"gitId":"Xb990219"},"content":"     * Get the name of the Task","lastModifiedDate":"2024-02-11"},{"lineNumber":18,"author":{"gitId":"Xb990219"},"content":"     * @return the name of the Task","lastModifiedDate":"2024-02-11"},{"lineNumber":19,"author":{"gitId":"Xb990219"},"content":"     */","lastModifiedDate":"2024-02-03"},{"lineNumber":20,"author":{"gitId":"Xb990219"},"content":"    public String getName() {","lastModifiedDate":"2024-02-03"},{"lineNumber":21,"author":{"gitId":"Xb990219"},"content":"        return this.name;","lastModifiedDate":"2024-02-03"},{"lineNumber":22,"author":{"gitId":"Xb990219"},"content":"    }","lastModifiedDate":"2024-02-03"},{"lineNumber":23,"author":{"gitId":"Xb990219"},"content":"","lastModifiedDate":"2024-02-03"},{"lineNumber":24,"author":{"gitId":"Xb990219"},"content":"    /**","lastModifiedDate":"2024-02-03"},{"lineNumber":25,"author":{"gitId":"Xb990219"},"content":"     * Mark a task as done","lastModifiedDate":"2024-02-03"},{"lineNumber":26,"author":{"gitId":"Xb990219"},"content":"     */","lastModifiedDate":"2024-02-03"},{"lineNumber":27,"author":{"gitId":"Xb990219"},"content":"    public void mark() {","lastModifiedDate":"2024-02-03"},{"lineNumber":28,"author":{"gitId":"Xb990219"},"content":"        this.isDone \u003d true;","lastModifiedDate":"2024-02-03"},{"lineNumber":29,"author":{"gitId":"Xb990219"},"content":"    }","lastModifiedDate":"2024-02-03"},{"lineNumber":30,"author":{"gitId":"Xb990219"},"content":"","lastModifiedDate":"2024-02-03"},{"lineNumber":31,"author":{"gitId":"Xb990219"},"content":"    /**","lastModifiedDate":"2024-02-03"},{"lineNumber":32,"author":{"gitId":"Xb990219"},"content":"     * Mark a task as undone","lastModifiedDate":"2024-02-03"},{"lineNumber":33,"author":{"gitId":"Xb990219"},"content":"     */","lastModifiedDate":"2024-02-03"},{"lineNumber":34,"author":{"gitId":"Xb990219"},"content":"    public void unmark() {","lastModifiedDate":"2024-02-03"},{"lineNumber":35,"author":{"gitId":"Xb990219"},"content":"        this.isDone \u003d false;","lastModifiedDate":"2024-02-03"},{"lineNumber":36,"author":{"gitId":"Xb990219"},"content":"    }","lastModifiedDate":"2024-02-03"},{"lineNumber":37,"author":{"gitId":"Xb990219"},"content":"","lastModifiedDate":"2024-02-03"},{"lineNumber":38,"author":{"gitId":"Xb990219"},"content":"    /**","lastModifiedDate":"2024-02-03"},{"lineNumber":39,"author":{"gitId":"Xb990219"},"content":"     * Get the full String representation of the task","lastModifiedDate":"2024-02-03"},{"lineNumber":40,"author":{"gitId":"Xb990219"},"content":"     * @return the full String of the task","lastModifiedDate":"2024-02-03"},{"lineNumber":41,"author":{"gitId":"Xb990219"},"content":"     */","lastModifiedDate":"2024-02-03"},{"lineNumber":42,"author":{"gitId":"Xb990219"},"content":"    @Override","lastModifiedDate":"2024-02-03"},{"lineNumber":43,"author":{"gitId":"Xb990219"},"content":"    public String toString() {","lastModifiedDate":"2024-02-03"},{"lineNumber":44,"author":{"gitId":"Xb990219"},"content":"        return isDone ? \"[X] \" + this.name : \"[ ] \" + this.name;","lastModifiedDate":"2024-02-03"},{"lineNumber":45,"author":{"gitId":"Xb990219"},"content":"    }","lastModifiedDate":"2024-02-03"},{"lineNumber":46,"author":{"gitId":"Xb990219"},"content":"","lastModifiedDate":"2024-02-03"},{"lineNumber":47,"author":{"gitId":"Xb990219"},"content":"}","lastModifiedDate":"2024-02-03"}],"authorContributionMap":{"Xb990219":47}},{"path":"src/main/java/todolist/ToDoList.java","fileType":"java","lines":[{"lineNumber":1,"author":{"gitId":"Xb990219"},"content":"package todolist;","lastModifiedDate":"2024-02-11"},{"lineNumber":2,"author":{"gitId":"Xb990219"},"content":"import java.util.Scanner;","lastModifiedDate":"2024-01-28"},{"lineNumber":3,"author":{"gitId":"Xb990219"},"content":"import java.util.ArrayList;","lastModifiedDate":"2024-01-27"},{"lineNumber":4,"author":{"gitId":"Xb990219"},"content":"","lastModifiedDate":"2024-01-27"},{"lineNumber":5,"author":{"gitId":"Xb990219"},"content":"public class ToDoList {","lastModifiedDate":"2024-01-27"},{"lineNumber":6,"author":{"gitId":"Xb990219"},"content":"    private final ArrayList\u003cTask\u003e toDoListArray;","lastModifiedDate":"2024-02-11"},{"lineNumber":7,"author":{"gitId":"Xb990219"},"content":"    //Keywords","lastModifiedDate":"2024-02-03"},{"lineNumber":8,"author":{"gitId":"Xb990219"},"content":"","lastModifiedDate":"2024-01-27"},{"lineNumber":9,"author":{"gitId":"Xb990219"},"content":"    /**","lastModifiedDate":"2024-02-03"},{"lineNumber":10,"author":{"gitId":"Xb990219"},"content":"     * Constructor for ToDoList","lastModifiedDate":"2024-02-03"},{"lineNumber":11,"author":{"gitId":"Xb990219"},"content":"     */","lastModifiedDate":"2024-02-03"},{"lineNumber":12,"author":{"gitId":"Xb990219"},"content":"    public ToDoList() {","lastModifiedDate":"2024-01-27"},{"lineNumber":13,"author":{"gitId":"Xb990219"},"content":"        this.toDoListArray \u003d new ArrayList\u003cTask\u003e();","lastModifiedDate":"2024-02-11"},{"lineNumber":14,"author":{"gitId":"Xb990219"},"content":"    }","lastModifiedDate":"2024-01-27"},{"lineNumber":15,"author":{"gitId":"Xb990219"},"content":"","lastModifiedDate":"2024-01-27"},{"lineNumber":16,"author":{"gitId":"Xb990219"},"content":"    /**","lastModifiedDate":"2024-02-03"},{"lineNumber":17,"author":{"gitId":"Xb990219"},"content":"     * Mark a task in the ToDoList","lastModifiedDate":"2024-02-03"},{"lineNumber":18,"author":{"gitId":"Xb990219"},"content":"     * @param index the index of the task to be marked","lastModifiedDate":"2024-02-03"},{"lineNumber":19,"author":{"gitId":"Xb990219"},"content":"     */","lastModifiedDate":"2024-02-03"},{"lineNumber":20,"author":{"gitId":"Xb990219"},"content":"    private void markTask(int index) {","lastModifiedDate":"2024-01-28"},{"lineNumber":21,"author":{"gitId":"Xb990219"},"content":"        try {","lastModifiedDate":"2024-02-11"},{"lineNumber":22,"author":{"gitId":"Xb990219"},"content":"            this.toDoListArray.get(index - 1).mark();","lastModifiedDate":"2024-01-28"},{"lineNumber":23,"author":{"gitId":"Xb990219"},"content":"            System.out.println(\"Nice! I\u0027ve marked this task as done:\");","lastModifiedDate":"2024-01-28"},{"lineNumber":24,"author":{"gitId":"Xb990219"},"content":"            System.out.println(\"  \" + this.toDoListArray.get(index - 1).toString());","lastModifiedDate":"2024-01-28"},{"lineNumber":25,"author":{"gitId":"Xb990219"},"content":"        } catch (IndexOutOfBoundsException e) {","lastModifiedDate":"2024-02-11"},{"lineNumber":26,"author":{"gitId":"Xb990219"},"content":"            ErrorMessages.taskDoesNotExistErrorMessage();","lastModifiedDate":"2024-02-11"},{"lineNumber":27,"author":{"gitId":"Xb990219"},"content":"        }","lastModifiedDate":"2024-02-11"},{"lineNumber":28,"author":{"gitId":"Xb990219"},"content":"    }","lastModifiedDate":"2024-01-28"},{"lineNumber":29,"author":{"gitId":"Xb990219"},"content":"","lastModifiedDate":"2024-01-28"},{"lineNumber":30,"author":{"gitId":"Xb990219"},"content":"    /**","lastModifiedDate":"2024-02-03"},{"lineNumber":31,"author":{"gitId":"Xb990219"},"content":"     * Unmark a task in the ToDoList","lastModifiedDate":"2024-02-03"},{"lineNumber":32,"author":{"gitId":"Xb990219"},"content":"     * @param index the index of the task to be unmarked","lastModifiedDate":"2024-02-03"},{"lineNumber":33,"author":{"gitId":"Xb990219"},"content":"     */","lastModifiedDate":"2024-02-03"},{"lineNumber":34,"author":{"gitId":"Xb990219"},"content":"    private void unMarkTask(int index) {","lastModifiedDate":"2024-01-28"},{"lineNumber":35,"author":{"gitId":"Xb990219"},"content":"        try {","lastModifiedDate":"2024-02-11"},{"lineNumber":36,"author":{"gitId":"Xb990219"},"content":"            this.toDoListArray.get(index - 1).unmark();","lastModifiedDate":"2024-01-28"},{"lineNumber":37,"author":{"gitId":"Xb990219"},"content":"            System.out.println(\"OK, I\u0027ve marked this task as not done yet:\");","lastModifiedDate":"2024-01-28"},{"lineNumber":38,"author":{"gitId":"Xb990219"},"content":"            System.out.println(\"  \" + this.toDoListArray.get(index - 1).toString());","lastModifiedDate":"2024-01-28"},{"lineNumber":39,"author":{"gitId":"Xb990219"},"content":"        } catch (IndexOutOfBoundsException e) {","lastModifiedDate":"2024-02-11"},{"lineNumber":40,"author":{"gitId":"Xb990219"},"content":"            ErrorMessages.taskDoesNotExistErrorMessage();","lastModifiedDate":"2024-02-11"},{"lineNumber":41,"author":{"gitId":"Xb990219"},"content":"        }","lastModifiedDate":"2024-02-11"},{"lineNumber":42,"author":{"gitId":"Xb990219"},"content":"","lastModifiedDate":"2024-02-11"},{"lineNumber":43,"author":{"gitId":"Xb990219"},"content":"    }","lastModifiedDate":"2024-01-28"},{"lineNumber":44,"author":{"gitId":"Xb990219"},"content":"","lastModifiedDate":"2024-01-28"},{"lineNumber":45,"author":{"gitId":"Xb990219"},"content":"    /**","lastModifiedDate":"2024-02-03"},{"lineNumber":46,"author":{"gitId":"Xb990219"},"content":"     * Execute the ToDoList feature","lastModifiedDate":"2024-02-03"},{"lineNumber":47,"author":{"gitId":"Xb990219"},"content":"     * @param input the scanner to read user input","lastModifiedDate":"2024-02-03"},{"lineNumber":48,"author":{"gitId":"Xb990219"},"content":"     */","lastModifiedDate":"2024-02-03"},{"lineNumber":49,"author":{"gitId":"Xb990219"},"content":"    public void execute(Scanner input) {","lastModifiedDate":"2024-01-28"},{"lineNumber":50,"author":{"gitId":"Xb990219"},"content":"        featureIntroMessage();","lastModifiedDate":"2024-01-28"},{"lineNumber":51,"author":{"gitId":"Xb990219"},"content":"        while (true) {","lastModifiedDate":"2024-02-11"},{"lineNumber":52,"author":{"gitId":"Xb990219"},"content":"            String inputText \u003d input.nextLine();","lastModifiedDate":"2024-01-28"},{"lineNumber":53,"author":{"gitId":"Xb990219"},"content":"            KeywordPatternMatcher keywordFinder \u003d new KeywordPatternMatcher(inputText);","lastModifiedDate":"2024-02-11"},{"lineNumber":54,"author":{"gitId":"Xb990219"},"content":"            if (keywordFinder.getKeywordType() \u003d\u003d Keyword.none) {","lastModifiedDate":"2024-02-11"},{"lineNumber":55,"author":{"gitId":"Xb990219"},"content":"                switch (inputText) {","lastModifiedDate":"2024-01-28"},{"lineNumber":56,"author":{"gitId":"Xb990219"},"content":"                case \"list\":","lastModifiedDate":"2024-01-28"},{"lineNumber":57,"author":{"gitId":"Xb990219"},"content":"                    printToDoList();","lastModifiedDate":"2024-01-28"},{"lineNumber":58,"author":{"gitId":"Xb990219"},"content":"                    break;","lastModifiedDate":"2024-01-28"},{"lineNumber":59,"author":{"gitId":"Xb990219"},"content":"","lastModifiedDate":"2024-01-28"},{"lineNumber":60,"author":{"gitId":"Xb990219"},"content":"                case \"help\":","lastModifiedDate":"2024-01-28"},{"lineNumber":61,"author":{"gitId":"Xb990219"},"content":"                    featureIntroMessage();","lastModifiedDate":"2024-01-28"},{"lineNumber":62,"author":{"gitId":"Xb990219"},"content":"                    break;","lastModifiedDate":"2024-01-28"},{"lineNumber":63,"author":{"gitId":"Xb990219"},"content":"","lastModifiedDate":"2024-01-28"},{"lineNumber":64,"author":{"gitId":"Xb990219"},"content":"                case \"quit\":","lastModifiedDate":"2024-01-28"},{"lineNumber":65,"author":{"gitId":"Xb990219"},"content":"                    return;","lastModifiedDate":"2024-01-28"},{"lineNumber":66,"author":{"gitId":"Xb990219"},"content":"","lastModifiedDate":"2024-01-28"},{"lineNumber":67,"author":{"gitId":"Xb990219"},"content":"                default:","lastModifiedDate":"2024-01-28"},{"lineNumber":68,"author":{"gitId":"Xb990219"},"content":"                    ErrorMessages.invalidCommandErrorMessage();","lastModifiedDate":"2024-02-11"},{"lineNumber":69,"author":{"gitId":"Xb990219"},"content":"                    break;","lastModifiedDate":"2024-01-28"},{"lineNumber":70,"author":{"gitId":"Xb990219"},"content":"                }","lastModifiedDate":"2024-01-28"},{"lineNumber":71,"author":{"gitId":"Xb990219"},"content":"            } else {","lastModifiedDate":"2024-02-11"},{"lineNumber":72,"author":{"gitId":"Xb990219"},"content":"                switch (keywordFinder.getKeywordType()) {","lastModifiedDate":"2024-02-11"},{"lineNumber":73,"author":{"gitId":"Xb990219"},"content":"                case mark:","lastModifiedDate":"2024-02-11"},{"lineNumber":74,"author":{"gitId":"Xb990219"},"content":"                    markTask(keywordFinder.findMarkOrUnmarkIndex());","lastModifiedDate":"2024-02-11"},{"lineNumber":75,"author":{"gitId":"Xb990219"},"content":"                    break;","lastModifiedDate":"2024-02-11"},{"lineNumber":76,"author":{"gitId":"Xb990219"},"content":"                case unmark:","lastModifiedDate":"2024-02-11"},{"lineNumber":77,"author":{"gitId":"Xb990219"},"content":"                    unMarkTask(keywordFinder.findMarkOrUnmarkIndex());","lastModifiedDate":"2024-02-11"},{"lineNumber":78,"author":{"gitId":"Xb990219"},"content":"                    break;","lastModifiedDate":"2024-02-11"},{"lineNumber":79,"author":{"gitId":"Xb990219"},"content":"                case todoError:","lastModifiedDate":"2024-02-11"},{"lineNumber":80,"author":{"gitId":"Xb990219"},"content":"                    ErrorMessages.todoTaskFormatIncorrectErrorMessage();","lastModifiedDate":"2024-02-11"},{"lineNumber":81,"author":{"gitId":"Xb990219"},"content":"                    break;","lastModifiedDate":"2024-02-11"},{"lineNumber":82,"author":{"gitId":"Xb990219"},"content":"                default:","lastModifiedDate":"2024-02-11"},{"lineNumber":83,"author":{"gitId":"Xb990219"},"content":"                    if (keywordFinder.processKeywordInput() \u003d\u003d null) {","lastModifiedDate":"2024-02-11"},{"lineNumber":84,"author":{"gitId":"Xb990219"},"content":"                        ErrorMessages.taskFormatIncorrectErrorMessage();","lastModifiedDate":"2024-02-11"},{"lineNumber":85,"author":{"gitId":"Xb990219"},"content":"                    } else {","lastModifiedDate":"2024-02-11"},{"lineNumber":86,"author":{"gitId":"Xb990219"},"content":"                        addTask(keywordFinder.processKeywordInput());","lastModifiedDate":"2024-02-11"},{"lineNumber":87,"author":{"gitId":"Xb990219"},"content":"                    }","lastModifiedDate":"2024-02-11"},{"lineNumber":88,"author":{"gitId":"Xb990219"},"content":"                    break;","lastModifiedDate":"2024-02-11"},{"lineNumber":89,"author":{"gitId":"Xb990219"},"content":"                }","lastModifiedDate":"2024-01-28"},{"lineNumber":90,"author":{"gitId":"Xb990219"},"content":"            }","lastModifiedDate":"2024-02-03"},{"lineNumber":91,"author":{"gitId":"Xb990219"},"content":"            messageDivider();","lastModifiedDate":"2024-02-11"},{"lineNumber":92,"author":{"gitId":"Xb990219"},"content":"        }","lastModifiedDate":"2024-01-28"},{"lineNumber":93,"author":{"gitId":"Xb990219"},"content":"    }","lastModifiedDate":"2024-01-28"},{"lineNumber":94,"author":{"gitId":"Xb990219"},"content":"","lastModifiedDate":"2024-01-28"},{"lineNumber":95,"author":{"gitId":"Xb990219"},"content":"    /**","lastModifiedDate":"2024-02-03"},{"lineNumber":96,"author":{"gitId":"Xb990219"},"content":"     * Print the ToDoList","lastModifiedDate":"2024-02-03"},{"lineNumber":97,"author":{"gitId":"Xb990219"},"content":"     */","lastModifiedDate":"2024-02-03"},{"lineNumber":98,"author":{"gitId":"Xb990219"},"content":"    public void printToDoList() {","lastModifiedDate":"2024-01-28"},{"lineNumber":99,"author":{"gitId":"Xb990219"},"content":"        System.out.println(\"Here are the tasks in your list:\");","lastModifiedDate":"2024-01-28"},{"lineNumber":100,"author":{"gitId":"Xb990219"},"content":"        System.out.println(toString());","lastModifiedDate":"2024-01-28"},{"lineNumber":101,"author":{"gitId":"Xb990219"},"content":"    }","lastModifiedDate":"2024-01-28"},{"lineNumber":102,"author":{"gitId":"Xb990219"},"content":"","lastModifiedDate":"2024-01-28"},{"lineNumber":103,"author":{"gitId":"Xb990219"},"content":"    /**","lastModifiedDate":"2024-02-03"},{"lineNumber":104,"author":{"gitId":"Xb990219"},"content":"     * Add a Task to the ToDoList","lastModifiedDate":"2024-02-11"},{"lineNumber":105,"author":{"gitId":"Xb990219"},"content":"     * @param task the Task to be added","lastModifiedDate":"2024-02-11"},{"lineNumber":106,"author":{"gitId":"Xb990219"},"content":"     */","lastModifiedDate":"2024-02-03"},{"lineNumber":107,"author":{"gitId":"Xb990219"},"content":"    public void addTask(Task task) {","lastModifiedDate":"2024-02-11"},{"lineNumber":108,"author":{"gitId":"Xb990219"},"content":"        this.toDoListArray.add(task);","lastModifiedDate":"2024-02-11"},{"lineNumber":109,"author":{"gitId":"Xb990219"},"content":"        System.out.println(\"added: \" + task.getName());","lastModifiedDate":"2024-02-11"},{"lineNumber":110,"author":{"gitId":"Xb990219"},"content":"        System.out.println(\"Now you have \" + this.toDoListArray.size() + \" task(s) in the list\");","lastModifiedDate":"2024-02-03"},{"lineNumber":111,"author":{"gitId":"Xb990219"},"content":"    }","lastModifiedDate":"2024-01-27"},{"lineNumber":112,"author":{"gitId":"Xb990219"},"content":"","lastModifiedDate":"2024-01-27"},{"lineNumber":113,"author":{"gitId":"Xb990219"},"content":"    /**","lastModifiedDate":"2024-02-03"},{"lineNumber":114,"author":{"gitId":"Xb990219"},"content":"     * Get the string representation of the ToDoList","lastModifiedDate":"2024-02-03"},{"lineNumber":115,"author":{"gitId":"Xb990219"},"content":"     * @return the string representation of the ToDoList","lastModifiedDate":"2024-02-03"},{"lineNumber":116,"author":{"gitId":"Xb990219"},"content":"     */","lastModifiedDate":"2024-02-03"},{"lineNumber":117,"author":{"gitId":"Xb990219"},"content":"    @Override","lastModifiedDate":"2024-01-27"},{"lineNumber":118,"author":{"gitId":"Xb990219"},"content":"    public String toString() {","lastModifiedDate":"2024-01-27"},{"lineNumber":119,"author":{"gitId":"Xb990219"},"content":"        if (this.toDoListArray.isEmpty()) {","lastModifiedDate":"2024-01-27"},{"lineNumber":120,"author":{"gitId":"Xb990219"},"content":"            return \"Empty ToDoList\";","lastModifiedDate":"2024-01-27"},{"lineNumber":121,"author":{"gitId":"Xb990219"},"content":"        }","lastModifiedDate":"2024-01-27"},{"lineNumber":122,"author":{"gitId":"Xb990219"},"content":"        String output \u003d \"\";","lastModifiedDate":"2024-01-27"},{"lineNumber":123,"author":{"gitId":"Xb990219"},"content":"        int count \u003d 1;","lastModifiedDate":"2024-01-27"},{"lineNumber":124,"author":{"gitId":"Xb990219"},"content":"        for (Task item : this.toDoListArray) {","lastModifiedDate":"2024-02-11"},{"lineNumber":125,"author":{"gitId":"Xb990219"},"content":"            output +\u003d count + \".\" + item.toString() + \"\\n\";","lastModifiedDate":"2024-01-27"},{"lineNumber":126,"author":{"gitId":"Xb990219"},"content":"            count++;","lastModifiedDate":"2024-01-27"},{"lineNumber":127,"author":{"gitId":"Xb990219"},"content":"        }","lastModifiedDate":"2024-01-27"},{"lineNumber":128,"author":{"gitId":"Xb990219"},"content":"        return output.substring(0, output.length()-1);","lastModifiedDate":"2024-01-28"},{"lineNumber":129,"author":{"gitId":"Xb990219"},"content":"    }","lastModifiedDate":"2024-01-28"},{"lineNumber":130,"author":{"gitId":"Xb990219"},"content":"","lastModifiedDate":"2024-01-28"},{"lineNumber":131,"author":{"gitId":"Xb990219"},"content":"    /**","lastModifiedDate":"2024-02-03"},{"lineNumber":132,"author":{"gitId":"Xb990219"},"content":"     * Print the feature intro message","lastModifiedDate":"2024-02-03"},{"lineNumber":133,"author":{"gitId":"Xb990219"},"content":"     */","lastModifiedDate":"2024-02-03"},{"lineNumber":134,"author":{"gitId":"Xb990219"},"content":"    public static void featureIntroMessage() {","lastModifiedDate":"2024-01-28"},{"lineNumber":135,"author":{"gitId":"Xb990219"},"content":"        System.out.println(\"[list] Show your Todolist tasks\");","lastModifiedDate":"2024-01-28"},{"lineNumber":136,"author":{"gitId":"Xb990219"},"content":"        System.out.println(\"[mark X] Mark number X task as Done\");","lastModifiedDate":"2024-01-28"},{"lineNumber":137,"author":{"gitId":"Xb990219"},"content":"        System.out.println(\"[unmark X] Mark number X task as UnDone\");","lastModifiedDate":"2024-01-28"},{"lineNumber":138,"author":{"gitId":"Xb990219"},"content":"        System.out.println(\"[todo XXX] Add a todo task\");","lastModifiedDate":"2024-02-03"},{"lineNumber":139,"author":{"gitId":"Xb990219"},"content":"        System.out.println(\"[deadline XXX /by XXX] Add a deadline task\");","lastModifiedDate":"2024-02-03"},{"lineNumber":140,"author":{"gitId":"Xb990219"},"content":"        System.out.println(\"[event XXX /from XXX /to XXX] Add a Event task\");","lastModifiedDate":"2024-02-03"},{"lineNumber":141,"author":{"gitId":"Xb990219"},"content":"        System.out.println(\"[help] Show commands\");","lastModifiedDate":"2024-01-28"},{"lineNumber":142,"author":{"gitId":"Xb990219"},"content":"        System.out.println(\"[quit] Return to main menu\");","lastModifiedDate":"2024-02-03"},{"lineNumber":143,"author":{"gitId":"Xb990219"},"content":"        System.out.println(\"Where XXX Stands for any string (except space character)\");","lastModifiedDate":"2024-02-11"},{"lineNumber":144,"author":{"gitId":"Xb990219"},"content":"        messageDivider();","lastModifiedDate":"2024-01-28"},{"lineNumber":145,"author":{"gitId":"Xb990219"},"content":"        System.out.println(\"Please enter a command:\");","lastModifiedDate":"2024-01-28"},{"lineNumber":146,"author":{"gitId":"Xb990219"},"content":"    }","lastModifiedDate":"2024-01-28"},{"lineNumber":147,"author":{"gitId":"Xb990219"},"content":"","lastModifiedDate":"2024-01-28"},{"lineNumber":148,"author":{"gitId":"Xb990219"},"content":"    /**","lastModifiedDate":"2024-02-03"},{"lineNumber":149,"author":{"gitId":"Xb990219"},"content":"     * Print the message divider","lastModifiedDate":"2024-02-03"},{"lineNumber":150,"author":{"gitId":"Xb990219"},"content":"     */","lastModifiedDate":"2024-02-03"},{"lineNumber":151,"author":{"gitId":"Xb990219"},"content":"    public static void messageDivider() {","lastModifiedDate":"2024-01-28"},{"lineNumber":152,"author":{"gitId":"Xb990219"},"content":"        System.out.println(\"------------------------------------------\");","lastModifiedDate":"2024-01-28"},{"lineNumber":153,"author":{"gitId":"Xb990219"},"content":"    }","lastModifiedDate":"2024-01-28"},{"lineNumber":154,"author":{"gitId":"Xb990219"},"content":"}","lastModifiedDate":"2024-01-27"}],"authorContributionMap":{"Xb990219":154}},{"path":"src/main/java/todolist/ToDoTask.java","fileType":"java","lines":[{"lineNumber":1,"author":{"gitId":"Xb990219"},"content":"package todolist;","lastModifiedDate":"2024-02-11"},{"lineNumber":2,"author":{"gitId":"Xb990219"},"content":"","lastModifiedDate":"2024-02-03"},{"lineNumber":3,"author":{"gitId":"Xb990219"},"content":"public class ToDoTask extends Task {","lastModifiedDate":"2024-02-11"},{"lineNumber":4,"author":{"gitId":"Xb990219"},"content":"","lastModifiedDate":"2024-02-03"},{"lineNumber":5,"author":{"gitId":"Xb990219"},"content":"    /**","lastModifiedDate":"2024-02-03"},{"lineNumber":6,"author":{"gitId":"Xb990219"},"content":"     * Constructor for ToDoTask","lastModifiedDate":"2024-02-03"},{"lineNumber":7,"author":{"gitId":"Xb990219"},"content":"     * @param name the name of the task","lastModifiedDate":"2024-02-03"},{"lineNumber":8,"author":{"gitId":"Xb990219"},"content":"     */","lastModifiedDate":"2024-02-03"},{"lineNumber":9,"author":{"gitId":"Xb990219"},"content":"    public ToDoTask(String name) {","lastModifiedDate":"2024-02-03"},{"lineNumber":10,"author":{"gitId":"Xb990219"},"content":"        super(name);","lastModifiedDate":"2024-02-03"},{"lineNumber":11,"author":{"gitId":"Xb990219"},"content":"    }","lastModifiedDate":"2024-02-03"},{"lineNumber":12,"author":{"gitId":"Xb990219"},"content":"","lastModifiedDate":"2024-02-03"},{"lineNumber":13,"author":{"gitId":"Xb990219"},"content":"    /**","lastModifiedDate":"2024-02-03"},{"lineNumber":14,"author":{"gitId":"Xb990219"},"content":"     * Get the full String representation of the task","lastModifiedDate":"2024-02-03"},{"lineNumber":15,"author":{"gitId":"Xb990219"},"content":"     * @return the full String of the task","lastModifiedDate":"2024-02-03"},{"lineNumber":16,"author":{"gitId":"Xb990219"},"content":"     */","lastModifiedDate":"2024-02-03"},{"lineNumber":17,"author":{"gitId":"Xb990219"},"content":"    @Override","lastModifiedDate":"2024-02-03"},{"lineNumber":18,"author":{"gitId":"Xb990219"},"content":"    public String toString() {","lastModifiedDate":"2024-02-03"},{"lineNumber":19,"author":{"gitId":"Xb990219"},"content":"        return \"[T]\" + super.toString();","lastModifiedDate":"2024-02-03"},{"lineNumber":20,"author":{"gitId":"Xb990219"},"content":"    }","lastModifiedDate":"2024-02-03"},{"lineNumber":21,"author":{"gitId":"Xb990219"},"content":"}","lastModifiedDate":"2024-02-03"}],"authorContributionMap":{"Xb990219":21}}]
