{"authorDailyContributionsMap":{"1simjustin":[{"date":"2024-02-06","commitResults":[{"hash":"f088b7a0f80aa1aa33fbb970f398f5f50e309170","isMergeCommit":false,"messageTitle":"Rename, add greet and exit","messageBody":"","fileTypesAndContributionMap":{"java":{"insertions":22,"deletions":6}}},{"hash":"475522efc359f7d38da28be76f3756d1523a40f1","isMergeCommit":true,"messageTitle":"Merge pull request #1 from 1simjustin/increment/level-0","messageBody":"Rename, add greet and exit","tags":["Level-0"],"fileTypesAndContributionMap":{}},{"hash":"28b421db23947cc6d72bc682fa5186b943383ac0","isMergeCommit":false,"messageTitle":"Add function for logo and line string","messageBody":"","fileTypesAndContributionMap":{"java":{"insertions":14,"deletions":6}}},{"hash":"07eb5ee0310a7f1c039203d97c99ef7546cea435","isMergeCommit":false,"messageTitle":"Add init and exit functions","messageBody":"","fileTypesAndContributionMap":{"java":{"insertions":18,"deletions":12}}},{"hash":"3b003232536cd5b5cdbeeaf8abcf6a465a028202","isMergeCommit":false,"messageTitle":"Add echo and exit","messageBody":"","fileTypesAndContributionMap":{"java":{"insertions":59,"deletions":4}}},{"hash":"dc12a6d4130a7781cec76a5f360c081b4d397a36","isMergeCommit":true,"messageTitle":"Merge pull request #2 from 1simjustin/increment/level-1","messageBody":"Increment/level 1","tags":["Level-1"],"fileTypesAndContributionMap":{}},{"hash":"3e3551497f7f7451c91f1e349e4eb6167338d5f4","isMergeCommit":false,"messageTitle":"Add marker for user input","messageBody":"","fileTypesAndContributionMap":{"java":{"insertions":2,"deletions":1}}},{"hash":"cc0239a7cd3587eaab6d43e678f77cb51c9ad5cd","isMergeCommit":false,"messageTitle":"Add List class","messageBody":"","fileTypesAndContributionMap":{"java":{"insertions":29,"deletions":0}}},{"hash":"25c2fe7902addbd9ea8cfc5f01278029cf6f86da","isMergeCommit":false,"messageTitle":"Add add to list function","messageBody":"","fileTypesAndContributionMap":{"java":{"insertions":18,"deletions":3}}},{"hash":"25c03ba01c7cef3f467e261fa2c66b4ee0b7a0fb","isMergeCommit":true,"messageTitle":"Merge pull request #3 from 1simjustin/increment/level-2","messageBody":"Increment/level 2","tags":["Level-2"],"fileTypesAndContributionMap":{}},{"hash":"0a1b2ffc9ed54dc32ed2388fc01c3f7c9cbe96b5","isMergeCommit":false,"messageTitle":"Completed increment level 3 + Added Task class + Updated List class to use Task objects + Added mark and unmark functionalities for input","messageBody":"","fileTypesAndContributionMap":{"java":{"insertions":83,"deletions":11}}},{"hash":"0f1d027a45c8e0362cef76e903f6ec79f599e6f9","isMergeCommit":false,"messageTitle":"Add error catching for task index","messageBody":"","fileTypesAndContributionMap":{"java":{"insertions":8,"deletions":3}}},{"hash":"740090218924d5e5bdb28b668703d8ec83432376","isMergeCommit":true,"messageTitle":"Merge pull request #4 from 1simjustin/increment/level-2","messageBody":"Increment/level 3","tags":["Level-3","A-CodingStandard"],"fileTypesAndContributionMap":{}},{"hash":"a19e78c06d86a83600ba62a14b6cdb87bef654c7","isMergeCommit":false,"messageTitle":"Add function for input parsing + Rewrote some bot lines","messageBody":"","fileTypesAndContributionMap":{"java":{"insertions":37,"deletions":16}}},{"hash":"86e750371a89da4c69f7f59fef3e2dd858fa70f3","isMergeCommit":false,"messageTitle":"Add Task types + Created Todo, Deadline, Event tasks using inheritance + Add keyword parsing to create new task types","messageBody":"","fileTypesAndContributionMap":{"java":{"insertions":172,"deletions":18}}},{"hash":"15463fe5d996fe06d8487558bc9c41b0cb132e1e","isMergeCommit":false,"messageTitle":"Add input function supporting leading string","messageBody":"","fileTypesAndContributionMap":{"java":{"insertions":23,"deletions":5}}},{"hash":"ba4b196a6779cb3059ce0541bcc5319f9a33232f","isMergeCommit":false,"messageTitle":"Add support for todo, deadline, event + No error handling","messageBody":"","fileTypesAndContributionMap":{"java":{"insertions":36,"deletions":13}}},{"hash":"2fdc2e2ee32e0e12357b2bf06ddb9bf9b970bb06","isMergeCommit":false,"messageTitle":"Improve readability for addItem method","messageBody":"","fileTypesAndContributionMap":{"java":{"insertions":52,"deletions":44}}},{"hash":"804e482ac0d215a16159721171d2a91516db542e","isMergeCommit":false,"messageTitle":"Improve flavour text","messageBody":"","fileTypesAndContributionMap":{"java":{"insertions":4,"deletions":2}}},{"hash":"d751b9351c5d9bbea0d8e49fa4246380ff9ea54b","isMergeCommit":true,"messageTitle":"Merge pull request #5 from 1simjustin/increment/level-4","messageBody":"Increment/level 4","tags":["Level-4","A-Inheritance"],"fileTypesAndContributionMap":{}},{"hash":"ab5eb1823efc832dc9f8f3b540649b08593fe416","isMergeCommit":false,"messageTitle":"Improve method names","messageBody":"","fileTypesAndContributionMap":{"java":{"insertions":23,"deletions":17}}},{"hash":"adc2229ea5212663f0106e59e9cb581ddc780b33","isMergeCommit":false,"messageTitle":"Shift input parsing into its own method","messageBody":"","fileTypesAndContributionMap":{"java":{"insertions":52,"deletions":40}}},{"hash":"47f8903c1fb94cee8891c94b600426d14493377f","isMergeCommit":false,"messageTitle":"Fix bug for loop exit","messageBody":"","fileTypesAndContributionMap":{"java":{"insertions":5,"deletions":4}}},{"hash":"7774e3bb2c50f308f89f667a5e789f83aad3daf6","isMergeCommit":true,"messageTitle":"Merge pull request #6 from 1simjustin/refactor/code-quality","messageBody":"Refactor/code quality","tags":["A-CodeQuality"],"fileTypesAndContributionMap":{}}]},{"date":"2024-02-07","commitResults":[{"hash":"3875b8f3b534123b0322dbdbbdff4a915ca1ffd4","isMergeCommit":false,"messageTitle":"Add error handling for invalid addItem","messageBody":"","fileTypesAndContributionMap":{"java":{"insertions":26,"deletions":0}}},{"hash":"87e2b2c1763a3626ba21218d39160747781cd9a2","isMergeCommit":false,"messageTitle":"Update error catching using try-catch","messageBody":"","fileTypesAndContributionMap":{"txt":{"insertions":4,"deletions":0},"java":{"insertions":41,"deletions":50}}},{"hash":"0e08fd0b194edf6bf124ac5b0d5e42c652915315","isMergeCommit":false,"messageTitle":"Add text ui testing input and expected output","messageBody":"","fileTypesAndContributionMap":{"txt":{"insertions":17,"deletions":1},"java":{"insertions":5,"deletions":0}}},{"hash":"724d386ac08f46b4311f7dfa6db9056ba90651d7","isMergeCommit":false,"messageTitle":"Add edge case, empty command","messageBody":"","fileTypesAndContributionMap":{"java":{"insertions":8,"deletions":1}}},{"hash":"871188513083c3e7652b18e597e4f1b5fb1ab4d4","isMergeCommit":true,"messageTitle":"Merge pull request #7 from 1simjustin/addition/text-ui-testing","messageBody":"Addition/text-ui-testing","tags":["A-TextUiTesting"],"fileTypesAndContributionMap":{}}]},{"date":"2024-02-08","commitResults":[{"hash":"44e5abc92da1e76f616acbec25d8405de1f778a5","isMergeCommit":false,"messageTitle":"Refactor coding style + Change file name for List class + Use String.format method for toString output + Add TODO for enum to handle type in addItem method","messageBody":"","fileTypesAndContributionMap":{"java":{"insertions":23,"deletions":16}}}]},{"date":"2024-02-09","commitResults":[{"hash":"6c7e35256efa68a82aa182a376899e195547692a","isMergeCommit":false,"messageTitle":"Add enum for parsing of task types","messageBody":"","fileTypesAndContributionMap":{"java":{"insertions":23,"deletions":15}}},{"hash":"5b19db4488ea99ed55d223993031d064d9d4ff38","isMergeCommit":false,"messageTitle":"Fix compile error","messageBody":"","fileTypesAndContributionMap":{"java":{"insertions":1,"deletions":1}}},{"hash":"eed353fe2be0ef9762c679dabff07416ea771714","isMergeCommit":true,"messageTitle":"Merge pull request #8 from 1simjustin/refactor/improve-coding-style","messageBody":"Refactor/improve-coding-style","fileTypesAndContributionMap":{}},{"hash":"086f7d3358bf3ebdec94107cad91940d758ad1c3","isMergeCommit":false,"messageTitle":"Change addItem call + Combine call across different task types + Update task type abbrievation to be based on TaskType enum","messageBody":"","fileTypesAndContributionMap":{"java":{"insertions":18,"deletions":12}}}]},{"date":"2024-02-13","commitResults":[{"hash":"465f774b4f213ee5d747c88a3b723d944c8e17c6","isMergeCommit":false,"messageTitle":"Add more autotesting","messageBody":"","fileTypesAndContributionMap":{"txt":{"insertions":1,"deletions":0},"java":{"insertions":2,"deletions":0}}},{"hash":"c7c4d8b9fdc60a6e291b4eb145e890a402c8a643","isMergeCommit":true,"messageTitle":"Merge pull request #9 from 1simjustin/refactor/improve-coding-style","messageBody":"Refactor/improve coding style","fileTypesAndContributionMap":{}}]}]},"authorFileTypeContributionMap":{"1simjustin":{"java":510,"md":0,"fxml":0,"sh":0,"bat":0,"gradle":0,"txt":21}},"authorContributionVariance":{"1simjustin":27847.379},"authorDisplayNameMap":{"1simjustin":"CS2113-T15-1 SIM ..STIN"}}
