{"authorDailyContributionsMap":{"JeffinsonDarmawan":[{"date":"2024-02-02","commitResults":[{"hash":"7c7ff19542c0313c8e76e6275b71341283d8ff0a","isMergeCommit":false,"messageTitle":"modified Duke.java","messageBody":"","tags":["Level-0"],"fileTypesAndContributionMap":{"java":{"insertions":7,"deletions":6}}},{"hash":"0833f6111dbead957f08fdfcf14c04e394480ae8","isMergeCommit":false,"messageTitle":"changed chat bot name to Spock","messageBody":"","fileTypesAndContributionMap":{"java":{"insertions":2,"deletions":2},"bat":{"insertions":1,"deletions":1},"md":{"insertions":2,"deletions":2}}},{"hash":"e3a8d836d88610fbd0e962c034fcd9c1428b7ea4","isMergeCommit":false,"messageTitle":"Level 1","messageBody":"","tags":["Level-1"],"fileTypesAndContributionMap":{"java":{"insertions":14,"deletions":2}}},{"hash":"d9c93b04ff800ab112c9a697ce67c8ebc08f508d","isMergeCommit":false,"messageTitle":"Level 2","messageBody":"","fileTypesAndContributionMap":{"java":{"insertions":27,"deletions":3}}}]},{"date":"2024-02-04","commitResults":[{"hash":"52c056eaca8cd8e230d004f38aea2e3da650d390","isMergeCommit":false,"messageTitle":"Level 2","messageBody":"","tags":["Level-2"],"fileTypesAndContributionMap":{"java":{"insertions":48,"deletions":9}}},{"hash":"5eb755396a1a9ed419b89b4e22bc910fd655474e","isMergeCommit":false,"messageTitle":"Level 3","messageBody":"with some future TODO for improvements\n","tags":["Level-3"],"fileTypesAndContributionMap":{"java":{"insertions":0,"deletions":2}}}]},{"date":"2024-02-08","commitResults":[{"hash":"010407af0fbae8fd21da4384aec9a5168c8a9a89","isMergeCommit":false,"messageTitle":"Level 3","messageBody":"with some future TODO for improvements\n","fileTypesAndContributionMap":{"java":{"insertions":151,"deletions":64},"bat":{"insertions":1,"deletions":1},"md":{"insertions":2,"deletions":2}}}]},{"date":"2024-02-09","commitResults":[{"hash":"903b6b040708a75fa74b7be8567c0270f4dffe28","isMergeCommit":false,"messageTitle":"Level 4","messageBody":"Added subclasses Todo, Deadline and Event\n","tags":["Level-4"],"fileTypesAndContributionMap":{"java":{"insertions":48,"deletions":38}}}]},{"date":"2024-02-16","commitResults":[{"hash":"b8a13b10ad58b6944764774b2a251d73174b355a","isMergeCommit":false,"messageTitle":"Level 5","messageBody":"Handling Errors using custom exception\n","tags":["Level-5","A-Exceptions"],"fileTypesAndContributionMap":{"txt":{"insertions":2,"deletions":0},"java":{"insertions":84,"deletions":66}}}]},{"date":"2024-02-23","commitResults":[{"hash":"cb8ea45ebccb1d40cc2c426244113873b323f517","isMergeCommit":false,"messageTitle":"Level 6","messageBody":"Added a feature on deleting tasks\n","tags":["Level-6"],"fileTypesAndContributionMap":{"java":{"insertions":14,"deletions":5}}}]},{"date":"2024-03-04","commitResults":[{"hash":"0f8e858d987d2c0604d59df7840eef4e0f2a17ae","isMergeCommit":false,"messageTitle":" 1. Level-7: Save, added the ability to save the list to the hard disk  2. Rectified the overuse and inappropriate use of static variables and methods  3. Code refactoring by creating more classes and shortening existing methods to improve readibility and consistency","messageBody":"","tags":["Level-7"],"fileTypesAndContributionMap":{"java":{"insertions":306,"deletions":91}}}]},{"date":"2024-03-05","commitResults":[{"hash":"c8b1e56007e3b601afa9b32e216dcb7d10ac0992","isMergeCommit":false,"messageTitle":"Committing some leftover changes","messageBody":"","fileTypesAndContributionMap":{"java":{"insertions":82,"deletions":306}}},{"hash":"3ed64000330fdc2efab6f40e8ebd47f1898cca22","isMergeCommit":false,"messageTitle":"Level-5 Exception Handling","messageBody":"","fileTypesAndContributionMap":{"java":{"insertions":2,"deletions":2}}},{"hash":"6e2157145b03a58972a343a03f9719102a2f97c9","isMergeCommit":false,"messageTitle":"Leftover changes","messageBody":"","fileTypesAndContributionMap":{"java":{"insertions":306,"deletions":83}}},{"hash":"e834b4f314d92c6a049f63f8c0052a49ab792b54","isMergeCommit":false,"messageTitle":"Exception Handling","messageBody":"","tags":["branch-level-9","A-Jar"],"fileTypesAndContributionMap":{"java":{"insertions":2,"deletions":2}}}]},{"date":"2024-03-06","commitResults":[{"hash":"80e085ec2a7cb369dd3f80c44bb8507f5c711e0a","isMergeCommit":false,"messageTitle":"Level-9 find","messageBody":"","tags":["Level-9"],"fileTypesAndContributionMap":{"java":{"insertions":35,"deletions":10}}},{"hash":"7182389496cdef35fe347cd030e34c4b33df98e2","isMergeCommit":true,"messageTitle":"Merge branch \u0027master\u0027 into branch-level-9","messageBody":"","fileTypesAndContributionMap":{}},{"hash":"0759eded7925408813b4e9454b322a52d2f42670","isMergeCommit":false,"messageTitle":"debugged minor errors","messageBody":"","fileTypesAndContributionMap":{"java":{"insertions":2,"deletions":2}}},{"hash":"7ade6d97538b1b12b93c1961b6f041f0547bbdb2","isMergeCommit":true,"messageTitle":"Merge branch \u0027master\u0027 into branch-level-9","messageBody":"# Conflicts:\n#\tsrc/main/java/TaskList.java\n","fileTypesAndContributionMap":{}},{"hash":"0542e83c49e63425f2b6eed1a11099bb02f2f564","isMergeCommit":true,"messageTitle":"Merge pull request #1 from JeffinsonDarmawan/branch-level-9","messageBody":"Branch level 9","fileTypesAndContributionMap":{}}]}]},"authorFileTypeContributionMap":{"JeffinsonDarmawan":{"java":451,"md":2,"fxml":0,"sh":0,"bat":1,"gradle":0,"txt":2}},"authorContributionVariance":{"JeffinsonDarmawan":16539.072},"authorDisplayNameMap":{"JeffinsonDarmawan":"CS2113-T11-3 JEFF..AWAN"}}
