{"authorDailyContributionsMap":{"B1G-SAM":[{"date":"2024-01-24","commitResults":[{"hash":"cf0f0946687c3626ae05bc002c83e886e4474574","isMergeCommit":false,"messageTitle":"Add increment level 0","messageBody":"","tags":["Level-0"],"fileTypesAndContributionMap":{"java":{"insertions":7,"deletions":5}}}]},{"date":"2024-01-30","commitResults":[{"hash":"ac76741c5c9b467ccf8d26becd8620174273b784","isMergeCommit":false,"messageTitle":"Change name","messageBody":"","fileTypesAndContributionMap":{"java":{"insertions":4,"deletions":6}}},{"hash":"12880cf1d802c5c2b4c545cd40d05951f8598265","isMergeCommit":false,"messageTitle":"add Increment 1","messageBody":"","tags":["Level-1"],"fileTypesAndContributionMap":{"java":{"insertions":19,"deletions":3}}}]},{"date":"2024-02-02","commitResults":[{"hash":"6df61f04cad5f4ec917da8c578d38c04c032f12a","isMergeCommit":false,"messageTitle":"add increment 2","messageBody":"","tags":["Level-2"],"fileTypesAndContributionMap":{"java":{"insertions":23,"deletions":7}}},{"hash":"dff35ca6d260abed0adf7b36ae2061db6eede7f8","isMergeCommit":false,"messageTitle":"add increment 3","messageBody":"","tags":["Level-3"],"fileTypesAndContributionMap":{"java":{"insertions":42,"deletions":5}}}]},{"date":"2024-02-06","commitResults":[{"hash":"37ce68b700a002fffacf6023c55022999243ca09","isMergeCommit":false,"messageTitle":"Refactor project code and add deadline and event functions","messageBody":"","tags":["Level-4","A-CodingStandard"],"fileTypesAndContributionMap":{"java":{"insertions":172,"deletions":23}}},{"hash":"4b524a096eedd8df1a3507293c977a497809ddf0","isMergeCommit":false,"messageTitle":"Add functionality to add dates for event and deadline","messageBody":"","fileTypesAndContributionMap":{"java":{"insertions":47,"deletions":12}}}]},{"date":"2024-02-07","commitResults":[{"hash":"6f54037ab6cd69a80a9cfedc8a775fac2346529b","isMergeCommit":false,"messageTitle":"Change name of main file","messageBody":"","fileTypesAndContributionMap":{"java":{"insertions":1,"deletions":1}}}]},{"date":"2024-02-09","commitResults":[{"hash":"67908043378659a0a1e2ca0879a2126cff16b451","isMergeCommit":true,"messageTitle":"Merge branch \u0027master\u0027 of https://github.com/B1G-SAM/ip","messageBody":"# Conflicts:\n#\tsrc/main/java/Duke.java\n","tags":["A-CodeQuality"],"fileTypesAndContributionMap":{}}]},{"date":"2024-02-11","commitResults":[{"hash":"5dba714b6d8363b6f7b5b2a22278390dc8e67024","isMergeCommit":false,"messageTitle":"fix description extractor method","messageBody":"","fileTypesAndContributionMap":{"java":{"insertions":0,"deletions":12}}},{"hash":"b753a21272ba79d9ef232a7f3f22320eb38e9bb6","isMergeCommit":false,"messageTitle":"fix the description extractor properly","messageBody":"","fileTypesAndContributionMap":{"java":{"insertions":12,"deletions":16}}}]},{"date":"2024-02-13","commitResults":[{"hash":"80c21e797b709167b57ca792c5eb248925a74bac","isMergeCommit":false,"messageTitle":"Add exception handling","messageBody":"","tags":["A-Exceptions"],"fileTypesAndContributionMap":{"java":{"insertions":70,"deletions":45}}}]},{"date":"2024-02-18","commitResults":[{"hash":"adfc282e35060048b5d956a30c2324cf9a0c1cfc","isMergeCommit":false,"messageTitle":"Refactor list class to implement arraylist and add delete function","messageBody":"","tags":["Level-6"],"fileTypesAndContributionMap":{"java":{"insertions":22,"deletions":10}}},{"hash":"a3ab90a7e9c339cde9767ad3a511836491d0e55d","isMergeCommit":false,"messageTitle":"fix branch issues in increment 6","messageBody":"","tags":["A-Collections"],"fileTypesAndContributionMap":{"java":{"insertions":17,"deletions":10}}},{"hash":"d87260b66da9278829941cce6b2296e967696f01","isMergeCommit":false,"messageTitle":"fix buggy main file","messageBody":"","fileTypesAndContributionMap":{"java":{"insertions":56,"deletions":47}}},{"hash":"d1f4a77710569163f131c3c30721362c554af2e9","isMergeCommit":true,"messageTitle":"Merge branch \u0027branch-Level-5\u0027 into branch-level-6","messageBody":"","fileTypesAndContributionMap":{}},{"hash":"34a0d8b4bdbaf1c92b14c0d48c37fb9465d0a1f9","isMergeCommit":false,"messageTitle":"Jar commit","messageBody":"","tags":["A-Jar"],"fileTypesAndContributionMap":{"java":{"insertions":4,"deletions":4}}}]},{"date":"2024-02-19","commitResults":[{"hash":"f453af402be8a5212907dd7e6d9028ea77d92732","isMergeCommit":false,"messageTitle":"Add saving functionality","messageBody":"","fileTypesAndContributionMap":{"txt":{"insertions":1,"deletions":0},"java":{"insertions":142,"deletions":10}}}]},{"date":"2024-02-26","commitResults":[{"hash":"cf5f63f4f4bc701e527d9753b270a64683665c3b","isMergeCommit":false,"messageTitle":"Add Ui class and change names of existing classes","messageBody":"","fileTypesAndContributionMap":{"txt":{"insertions":0,"deletions":1},"java":{"insertions":5,"deletions":3}}},{"hash":"78381a062f6757e64c11d274720dbacefeb95c8a","isMergeCommit":false,"messageTitle":"Add Ui functionality and refactor Storage class","messageBody":"","tags":["A-MoreOOP"],"fileTypesAndContributionMap":{"java":{"insertions":124,"deletions":56}}},{"hash":"8147b27234e2fa06b18d1302114c1f0608e34c3e","isMergeCommit":false,"messageTitle":"Hardcode file path","messageBody":"","fileTypesAndContributionMap":{"java":{"insertions":2,"deletions":2}}}]},{"date":"2024-02-28","commitResults":[{"hash":"9d1ff197ef0fd3b9eb290289bf31455a17d17a5c","isMergeCommit":false,"messageTitle":"Merge branch \u0027branch-Level-5\u0027 into branch-level-6","messageBody":"","tags":["Level-5"],"fileTypesAndContributionMap":{"java":{"insertions":29,"deletions":8}}},{"hash":"b97ef557e039edccebbc52cb254030b44abcf242","isMergeCommit":true,"messageTitle":"Merge branch \u0027Branch-Level-6a\u0027","messageBody":"","fileTypesAndContributionMap":{}},{"hash":"4c85b9e3c590f10c15f39de2dbab223ecc1b0ca6","isMergeCommit":false,"messageTitle":"Rename saving functionality","messageBody":"","tags":["Level-7"],"fileTypesAndContributionMap":{"txt":{"insertions":0,"deletions":1},"java":{"insertions":4,"deletions":4}}},{"hash":"947c918572e6949d32255c4ec563cd51040028e0","isMergeCommit":true,"messageTitle":"Merge branch \u0027branch-Level-7\u0027","messageBody":"","fileTypesAndContributionMap":{}}]},{"date":"2024-02-29","commitResults":[{"hash":"7ccc456763caae2fc83ed0b3fda487d2a9950803","isMergeCommit":false,"messageTitle":"Add Logic class","messageBody":"","fileTypesAndContributionMap":{"txt":{"insertions":0,"deletions":0},"java":{"insertions":117,"deletions":72}}},{"hash":"0398d6b3838aef1793a11cd0b6703820075f7d68","isMergeCommit":false,"messageTitle":"Re-add TaskList and Ui classes","messageBody":"","fileTypesAndContributionMap":{"java":{"insertions":97,"deletions":0}}},{"hash":"c5d5a59b4a6352a32dfa776462f18bde9360b976","isMergeCommit":true,"messageTitle":"Merge branch \u0027heads/A-MoreOOP\u0027","messageBody":"# Conflicts:\n#\tData/Jeff.txt\n#\tsrc/main/java/Jeff.java\n#\tsrc/main/java/Storage.java\n#\tsrc/main/java/TaskList.java\n#\tsrc/main/java/Ui.java\n","fileTypesAndContributionMap":{}}]},{"date":"2024-03-01","commitResults":[{"hash":"f150b462be4c6a106a489f987dd28e280cc0ad6f","isMergeCommit":false,"messageTitle":"Add find functionality","messageBody":"","tags":["Level-9"],"fileTypesAndContributionMap":{"java":{"insertions":35,"deletions":2}}},{"hash":"0732a16f1a9d6702b5c91878a69df32112579728","isMergeCommit":false,"messageTitle":"Add JavaDoc comments","messageBody":"","tags":["A-JavaDoc"],"fileTypesAndContributionMap":{"java":{"insertions":252,"deletions":24}}},{"hash":"37a657167c89e8ced46cf2ca8c7461d87f51e5ca","isMergeCommit":false,"messageTitle":"Fix issue in Parser","messageBody":"","fileTypesAndContributionMap":{"java":{"insertions":12,"deletions":21}}},{"hash":"efda32c346569366678f06f1ed9c64c0cfff1117","isMergeCommit":false,"messageTitle":"Update README.md","messageBody":"","tags":["A-UserGuide"],"fileTypesAndContributionMap":{"md":{"insertions":102,"deletions":12}}},{"hash":"842030a958aba6c7e40333923ca0477ec85ffd07","isMergeCommit":false,"messageTitle":"Change print statement in Ui","messageBody":"","fileTypesAndContributionMap":{"java":{"insertions":1,"deletions":1}}},{"hash":"32c24c688a0f17ab059f5cb2f7becf8a9e57f8ad","isMergeCommit":false,"messageTitle":"Add Jeff\u0027s name to README.md","messageBody":"","fileTypesAndContributionMap":{"md":{"insertions":1,"deletions":1}}},{"hash":"fea4e1eb3ad8a8acd0931550831294010e98b14c","isMergeCommit":true,"messageTitle":"Merge pull request #1 from B1G-SAM/branch-A-JavaDoc","messageBody":"Add java doc","fileTypesAndContributionMap":{}},{"hash":"c2499c6cb876a9aa757c7988d4c35bf92cf34089","isMergeCommit":true,"messageTitle":"Merge branch \u0027master\u0027 into branch-Level-9","messageBody":"","fileTypesAndContributionMap":{}},{"hash":"67b7b785047f9ae8e07dee9f802d9324be5f30bd","isMergeCommit":true,"messageTitle":"Merge pull request #2 from B1G-SAM/branch-Level-9","messageBody":"Add find functionality","fileTypesAndContributionMap":{}},{"hash":"ba914ab620dcf3291441cfea6927f5b38fe501d5","isMergeCommit":false,"messageTitle":"Remove redundant code and add more comments","messageBody":"","fileTypesAndContributionMap":{"java":{"insertions":24,"deletions":8}}}]}]},"authorFileTypeContributionMap":{"B1G-SAM":{"java":813,"md":103,"fxml":0,"sh":0,"bat":0,"gradle":0,"txt":0}},"authorContributionVariance":{"B1G-SAM":9862.373},"authorDisplayNameMap":{"B1G-SAM":"CS2113-W12-3 SAMU..HUNG"}}
