[{"path":"src/main/java/Commands.java","fileType":"java","lines":[{"lineNumber":1,"author":{"gitId":"Zhengwinter"},"content":"public enum Commands {","lastModifiedDate":"2024-02-08"},{"lineNumber":2,"author":{"gitId":"Zhengwinter"},"content":"    BYE,LIST,MARK,UNMARK,INVALID,TODO,DEADLINE,EVENT","lastModifiedDate":"2024-02-09"},{"lineNumber":3,"author":{"gitId":"Zhengwinter"},"content":"}","lastModifiedDate":"2024-02-08"}],"authorContributionMap":{"Zhengwinter":3}},{"path":"src/main/java/Deadline.java","fileType":"java","lines":[{"lineNumber":1,"author":{"gitId":"Zhengwinter"},"content":"public class Deadline extends Task {","lastModifiedDate":"2024-02-09"},{"lineNumber":2,"author":{"gitId":"Zhengwinter"},"content":"    protected String deadline;","lastModifiedDate":"2024-02-09"},{"lineNumber":3,"author":{"gitId":"Zhengwinter"},"content":"    public Deadline (int order,boolean marked, String deadlineName, String deadline) {","lastModifiedDate":"2024-02-09"},{"lineNumber":4,"author":{"gitId":"Zhengwinter"},"content":"        super(order,marked,deadlineName);","lastModifiedDate":"2024-02-09"},{"lineNumber":5,"author":{"gitId":"Zhengwinter"},"content":"        this.deadline \u003d deadline;","lastModifiedDate":"2024-02-09"},{"lineNumber":6,"author":{"gitId":"Zhengwinter"},"content":"    }","lastModifiedDate":"2024-02-09"},{"lineNumber":7,"author":{"gitId":"Zhengwinter"},"content":"    @Override","lastModifiedDate":"2024-02-09"},{"lineNumber":8,"author":{"gitId":"Zhengwinter"},"content":"    public String getEndTime(){","lastModifiedDate":"2024-02-09"},{"lineNumber":9,"author":{"gitId":"Zhengwinter"},"content":"        return deadline;","lastModifiedDate":"2024-02-09"},{"lineNumber":10,"author":{"gitId":"Zhengwinter"},"content":"    }","lastModifiedDate":"2024-02-09"},{"lineNumber":11,"author":{"gitId":"Zhengwinter"},"content":"","lastModifiedDate":"2024-02-09"},{"lineNumber":12,"author":{"gitId":"Zhengwinter"},"content":"    @Override","lastModifiedDate":"2024-02-09"},{"lineNumber":13,"author":{"gitId":"Zhengwinter"},"content":"    public String getType() {","lastModifiedDate":"2024-02-09"},{"lineNumber":14,"author":{"gitId":"Zhengwinter"},"content":"        return \"D\";","lastModifiedDate":"2024-02-09"},{"lineNumber":15,"author":{"gitId":"Zhengwinter"},"content":"    }","lastModifiedDate":"2024-02-09"},{"lineNumber":16,"author":{"gitId":"Zhengwinter"},"content":"","lastModifiedDate":"2024-02-09"},{"lineNumber":17,"author":{"gitId":"Zhengwinter"},"content":"    @Override","lastModifiedDate":"2024-02-09"},{"lineNumber":18,"author":{"gitId":"Zhengwinter"},"content":"    public String displayCurrentTask () {","lastModifiedDate":"2024-02-09"},{"lineNumber":19,"author":{"gitId":"Zhengwinter"},"content":"        String typeCheckbox \u003d \"[D]\";","lastModifiedDate":"2024-02-09"},{"lineNumber":20,"author":{"gitId":"Zhengwinter"},"content":"        return typeCheckbox + \" \" + this.doneCheckbox + this.taskName;","lastModifiedDate":"2024-02-09"},{"lineNumber":21,"author":{"gitId":"Zhengwinter"},"content":"    }","lastModifiedDate":"2024-02-09"},{"lineNumber":22,"author":{"gitId":"Zhengwinter"},"content":"","lastModifiedDate":"2024-02-09"},{"lineNumber":23,"author":{"gitId":"Zhengwinter"},"content":"}","lastModifiedDate":"2024-02-09"}],"authorContributionMap":{"Zhengwinter":23}},{"path":"src/main/java/Event.java","fileType":"java","lines":[{"lineNumber":1,"author":{"gitId":"Zhengwinter"},"content":"public class Event extends Task {","lastModifiedDate":"2024-02-09"},{"lineNumber":2,"author":{"gitId":"Zhengwinter"},"content":"    protected String startTime;","lastModifiedDate":"2024-02-09"},{"lineNumber":3,"author":{"gitId":"Zhengwinter"},"content":"    protected String endTime;","lastModifiedDate":"2024-02-09"},{"lineNumber":4,"author":{"gitId":"Zhengwinter"},"content":"","lastModifiedDate":"2024-02-09"},{"lineNumber":5,"author":{"gitId":"Zhengwinter"},"content":"    public Event (int order,boolean marked, String eventName, String startTime, String endTime) {","lastModifiedDate":"2024-02-09"},{"lineNumber":6,"author":{"gitId":"Zhengwinter"},"content":"        super(order,marked,eventName);","lastModifiedDate":"2024-02-09"},{"lineNumber":7,"author":{"gitId":"Zhengwinter"},"content":"        this.startTime \u003d startTime;","lastModifiedDate":"2024-02-09"},{"lineNumber":8,"author":{"gitId":"Zhengwinter"},"content":"        this.endTime \u003d endTime;","lastModifiedDate":"2024-02-09"},{"lineNumber":9,"author":{"gitId":"Zhengwinter"},"content":"    }","lastModifiedDate":"2024-02-09"},{"lineNumber":10,"author":{"gitId":"Zhengwinter"},"content":"","lastModifiedDate":"2024-02-09"},{"lineNumber":11,"author":{"gitId":"Zhengwinter"},"content":"    @Override","lastModifiedDate":"2024-02-09"},{"lineNumber":12,"author":{"gitId":"Zhengwinter"},"content":"    public String getEndTime() {","lastModifiedDate":"2024-02-09"},{"lineNumber":13,"author":{"gitId":"Zhengwinter"},"content":"        return endTime;","lastModifiedDate":"2024-02-09"},{"lineNumber":14,"author":{"gitId":"Zhengwinter"},"content":"    }","lastModifiedDate":"2024-02-09"},{"lineNumber":15,"author":{"gitId":"Zhengwinter"},"content":"    @Override","lastModifiedDate":"2024-02-09"},{"lineNumber":16,"author":{"gitId":"Zhengwinter"},"content":"    public String getStartTime() {","lastModifiedDate":"2024-02-09"},{"lineNumber":17,"author":{"gitId":"Zhengwinter"},"content":"        return startTime;","lastModifiedDate":"2024-02-09"},{"lineNumber":18,"author":{"gitId":"Zhengwinter"},"content":"    }","lastModifiedDate":"2024-02-09"},{"lineNumber":19,"author":{"gitId":"Zhengwinter"},"content":"    @Override","lastModifiedDate":"2024-02-09"},{"lineNumber":20,"author":{"gitId":"Zhengwinter"},"content":"    public String getType() {","lastModifiedDate":"2024-02-09"},{"lineNumber":21,"author":{"gitId":"Zhengwinter"},"content":"        return \"E\";","lastModifiedDate":"2024-02-09"},{"lineNumber":22,"author":{"gitId":"Zhengwinter"},"content":"    }","lastModifiedDate":"2024-02-09"},{"lineNumber":23,"author":{"gitId":"Zhengwinter"},"content":"","lastModifiedDate":"2024-02-09"},{"lineNumber":24,"author":{"gitId":"Zhengwinter"},"content":"    @Override","lastModifiedDate":"2024-02-09"},{"lineNumber":25,"author":{"gitId":"Zhengwinter"},"content":"    public String displayCurrentTask () {","lastModifiedDate":"2024-02-09"},{"lineNumber":26,"author":{"gitId":"Zhengwinter"},"content":"        String typeCheckbox \u003d \"[E]\";","lastModifiedDate":"2024-02-09"},{"lineNumber":27,"author":{"gitId":"Zhengwinter"},"content":"        return typeCheckbox + \" \" + this.doneCheckbox + this.taskName;","lastModifiedDate":"2024-02-09"},{"lineNumber":28,"author":{"gitId":"Zhengwinter"},"content":"    }","lastModifiedDate":"2024-02-09"},{"lineNumber":29,"author":{"gitId":"Zhengwinter"},"content":"}","lastModifiedDate":"2024-02-09"}],"authorContributionMap":{"Zhengwinter":29}},{"path":"src/main/java/Manager.java","fileType":"java","lines":[{"lineNumber":1,"author":{"gitId":"Zhengwinter"},"content":"import java.util.Scanner;","lastModifiedDate":"2024-02-09"},{"lineNumber":2,"author":{"gitId":"Zhengwinter"},"content":"","lastModifiedDate":"2024-02-09"},{"lineNumber":3,"author":{"gitId":"Zhengwinter"},"content":"public class Manager {","lastModifiedDate":"2024-02-09"},{"lineNumber":4,"author":{"gitId":"Zhengwinter"},"content":"    private static int taskIndex \u003d 0;","lastModifiedDate":"2024-02-09"},{"lineNumber":5,"author":{"gitId":"Zhengwinter"},"content":"    private static final Task[] taskList \u003d new Task[100];","lastModifiedDate":"2024-02-09"},{"lineNumber":6,"author":{"gitId":"Zhengwinter"},"content":"","lastModifiedDate":"2024-02-09"},{"lineNumber":7,"author":{"gitId":"Zhengwinter"},"content":"    public static void acceptInput () {","lastModifiedDate":"2024-02-09"},{"lineNumber":8,"author":{"gitId":"Zhengwinter"},"content":"        Scanner input \u003d new Scanner(System.in);","lastModifiedDate":"2024-02-09"},{"lineNumber":9,"author":{"gitId":"Zhengwinter"},"content":"        String inputString \u003d \" \";","lastModifiedDate":"2024-02-09"},{"lineNumber":10,"author":{"gitId":"Zhengwinter"},"content":"        Commands action;","lastModifiedDate":"2024-02-09"},{"lineNumber":11,"author":{"gitId":"Zhengwinter"},"content":"        boolean flag \u003d true;","lastModifiedDate":"2024-02-09"},{"lineNumber":12,"author":{"gitId":"Zhengwinter"},"content":"","lastModifiedDate":"2024-02-09"},{"lineNumber":13,"author":{"gitId":"Zhengwinter"},"content":"        do {","lastModifiedDate":"2024-02-09"},{"lineNumber":14,"author":{"gitId":"Zhengwinter"},"content":"            inputString \u003d input.nextLine();","lastModifiedDate":"2024-02-09"},{"lineNumber":15,"author":{"gitId":"Zhengwinter"},"content":"            action \u003d classifyCommand(inputString);","lastModifiedDate":"2024-02-09"},{"lineNumber":16,"author":{"gitId":"Zhengwinter"},"content":"","lastModifiedDate":"2024-02-09"},{"lineNumber":17,"author":{"gitId":"Zhengwinter"},"content":"            int spaceIndex \u003d inputString.indexOf(\" \");","lastModifiedDate":"2024-02-09"},{"lineNumber":18,"author":{"gitId":"Zhengwinter"},"content":"            int slashIndex \u003d inputString.indexOf(\"/\");","lastModifiedDate":"2024-02-09"},{"lineNumber":19,"author":{"gitId":"Zhengwinter"},"content":"","lastModifiedDate":"2024-02-09"},{"lineNumber":20,"author":{"gitId":"Zhengwinter"},"content":"            if (slashIndex \u003d\u003d -1) {","lastModifiedDate":"2024-02-09"},{"lineNumber":21,"author":{"gitId":"Zhengwinter"},"content":"                slashIndex \u003d inputString.length();","lastModifiedDate":"2024-02-09"},{"lineNumber":22,"author":{"gitId":"Zhengwinter"},"content":"            }","lastModifiedDate":"2024-02-09"},{"lineNumber":23,"author":{"gitId":"Zhengwinter"},"content":"","lastModifiedDate":"2024-02-09"},{"lineNumber":24,"author":{"gitId":"Zhengwinter"},"content":"            switch (action) {","lastModifiedDate":"2024-02-09"},{"lineNumber":25,"author":{"gitId":"Zhengwinter"},"content":"            case TODO:","lastModifiedDate":"2024-02-09"},{"lineNumber":26,"author":{"gitId":"Zhengwinter"},"content":"            case DEADLINE:","lastModifiedDate":"2024-02-09"},{"lineNumber":27,"author":{"gitId":"Zhengwinter"},"content":"            case EVENT:","lastModifiedDate":"2024-02-09"},{"lineNumber":28,"author":{"gitId":"Zhengwinter"},"content":"                addTasks(action,inputString.substring(spaceIndex,slashIndex),inputString,slashIndex);","lastModifiedDate":"2024-02-09"},{"lineNumber":29,"author":{"gitId":"Zhengwinter"},"content":"                continue;","lastModifiedDate":"2024-02-09"},{"lineNumber":30,"author":{"gitId":"Zhengwinter"},"content":"            case BYE:","lastModifiedDate":"2024-02-09"},{"lineNumber":31,"author":{"gitId":"Zhengwinter"},"content":"                sayBye();","lastModifiedDate":"2024-02-09"},{"lineNumber":32,"author":{"gitId":"Zhengwinter"},"content":"                flag \u003d false;","lastModifiedDate":"2024-02-09"},{"lineNumber":33,"author":{"gitId":"Zhengwinter"},"content":"                break;","lastModifiedDate":"2024-02-09"},{"lineNumber":34,"author":{"gitId":"Zhengwinter"},"content":"            case LIST:","lastModifiedDate":"2024-02-09"},{"lineNumber":35,"author":{"gitId":"Zhengwinter"},"content":"                displayList(taskList, taskIndex);","lastModifiedDate":"2024-02-09"},{"lineNumber":36,"author":{"gitId":"Zhengwinter"},"content":"                continue;","lastModifiedDate":"2024-02-09"},{"lineNumber":37,"author":{"gitId":"Zhengwinter"},"content":"            case MARK:","lastModifiedDate":"2024-02-09"},{"lineNumber":38,"author":{"gitId":"Zhengwinter"},"content":"                taskList[Integer.parseInt(inputString.substring(5)) - 1].mark();","lastModifiedDate":"2024-02-09"},{"lineNumber":39,"author":{"gitId":"Zhengwinter"},"content":"                continue;","lastModifiedDate":"2024-02-09"},{"lineNumber":40,"author":{"gitId":"Zhengwinter"},"content":"            case UNMARK:","lastModifiedDate":"2024-02-09"},{"lineNumber":41,"author":{"gitId":"Zhengwinter"},"content":"                taskList[Integer.parseInt(inputString.substring(7)) - 1].unmark();","lastModifiedDate":"2024-02-09"},{"lineNumber":42,"author":{"gitId":"Zhengwinter"},"content":"                continue;","lastModifiedDate":"2024-02-09"},{"lineNumber":43,"author":{"gitId":"Zhengwinter"},"content":"            case INVALID:","lastModifiedDate":"2024-02-09"},{"lineNumber":44,"author":{"gitId":"Zhengwinter"},"content":"                System.out.println(\"Your command was invalid.\");","lastModifiedDate":"2024-02-09"},{"lineNumber":45,"author":{"gitId":"Zhengwinter"},"content":"            }","lastModifiedDate":"2024-02-09"},{"lineNumber":46,"author":{"gitId":"Zhengwinter"},"content":"","lastModifiedDate":"2024-02-09"},{"lineNumber":47,"author":{"gitId":"Zhengwinter"},"content":"        } while (flag);","lastModifiedDate":"2024-02-09"},{"lineNumber":48,"author":{"gitId":"Zhengwinter"},"content":"","lastModifiedDate":"2024-02-09"},{"lineNumber":49,"author":{"gitId":"Zhengwinter"},"content":"    }","lastModifiedDate":"2024-02-09"},{"lineNumber":50,"author":{"gitId":"Zhengwinter"},"content":"    private static void addTasks(Commands taskType, String taskName, String inputString, int slashIndex) {","lastModifiedDate":"2024-02-09"},{"lineNumber":51,"author":{"gitId":"Zhengwinter"},"content":"        String line \u003d \"-----------------------------------\\n\";","lastModifiedDate":"2024-02-09"},{"lineNumber":52,"author":{"gitId":"Zhengwinter"},"content":"        String indent \u003d \"   \";","lastModifiedDate":"2024-02-09"},{"lineNumber":53,"author":{"gitId":"Zhengwinter"},"content":"        switch (taskType) {","lastModifiedDate":"2024-02-09"},{"lineNumber":54,"author":{"gitId":"Zhengwinter"},"content":"        case TODO:","lastModifiedDate":"2024-02-09"},{"lineNumber":55,"author":{"gitId":"Zhengwinter"},"content":"            ToDo newToDo \u003d new ToDo(taskIndex, false, taskName);","lastModifiedDate":"2024-02-09"},{"lineNumber":56,"author":{"gitId":"Zhengwinter"},"content":"            taskList[taskIndex] \u003d newToDo;","lastModifiedDate":"2024-02-09"},{"lineNumber":57,"author":{"gitId":"Zhengwinter"},"content":"            taskIndex++;","lastModifiedDate":"2024-02-09"},{"lineNumber":58,"author":{"gitId":"Zhengwinter"},"content":"            break;","lastModifiedDate":"2024-02-09"},{"lineNumber":59,"author":{"gitId":"Zhengwinter"},"content":"        case DEADLINE:","lastModifiedDate":"2024-02-09"},{"lineNumber":60,"author":{"gitId":"Zhengwinter"},"content":"            String deadline \u003d inputString.substring(slashIndex+3);","lastModifiedDate":"2024-02-09"},{"lineNumber":61,"author":{"gitId":"Zhengwinter"},"content":"            Deadline newDeadline \u003d new Deadline(taskIndex,false,taskName,deadline);","lastModifiedDate":"2024-02-09"},{"lineNumber":62,"author":{"gitId":"Zhengwinter"},"content":"            taskList[taskIndex] \u003d newDeadline;","lastModifiedDate":"2024-02-09"},{"lineNumber":63,"author":{"gitId":"Zhengwinter"},"content":"            taskIndex++;","lastModifiedDate":"2024-02-09"},{"lineNumber":64,"author":{"gitId":"Zhengwinter"},"content":"            break;","lastModifiedDate":"2024-02-09"},{"lineNumber":65,"author":{"gitId":"Zhengwinter"},"content":"        case EVENT:","lastModifiedDate":"2024-02-09"},{"lineNumber":66,"author":{"gitId":"Zhengwinter"},"content":"            String startAndEnd \u003d inputString.substring(slashIndex+5);","lastModifiedDate":"2024-02-09"},{"lineNumber":67,"author":{"gitId":"Zhengwinter"},"content":"            String startTime \u003d startAndEnd.substring(0,startAndEnd.indexOf(\"/\"));","lastModifiedDate":"2024-02-09"},{"lineNumber":68,"author":{"gitId":"Zhengwinter"},"content":"            String endTime \u003d startAndEnd.substring(startAndEnd.indexOf(\"/\")+3);","lastModifiedDate":"2024-02-09"},{"lineNumber":69,"author":{"gitId":"Zhengwinter"},"content":"            Event newEvent \u003d new Event(taskIndex,false,taskName,startTime,endTime);","lastModifiedDate":"2024-02-09"},{"lineNumber":70,"author":{"gitId":"Zhengwinter"},"content":"            taskList[taskIndex] \u003d newEvent;","lastModifiedDate":"2024-02-09"},{"lineNumber":71,"author":{"gitId":"Zhengwinter"},"content":"            taskIndex++;","lastModifiedDate":"2024-02-09"},{"lineNumber":72,"author":{"gitId":"Zhengwinter"},"content":"            break;","lastModifiedDate":"2024-02-09"},{"lineNumber":73,"author":{"gitId":"Zhengwinter"},"content":"        }","lastModifiedDate":"2024-02-09"},{"lineNumber":74,"author":{"gitId":"Zhengwinter"},"content":"","lastModifiedDate":"2024-02-09"},{"lineNumber":75,"author":{"gitId":"Zhengwinter"},"content":"","lastModifiedDate":"2024-02-09"},{"lineNumber":76,"author":{"gitId":"Zhengwinter"},"content":"        System.out.print(line);","lastModifiedDate":"2024-02-09"},{"lineNumber":77,"author":{"gitId":"Zhengwinter"},"content":"        System.out.print(indent);","lastModifiedDate":"2024-02-09"},{"lineNumber":78,"author":{"gitId":"Zhengwinter"},"content":"        System.out.println(\"OK, I\u0027ve added: \" + taskName);","lastModifiedDate":"2024-02-09"},{"lineNumber":79,"author":{"gitId":"Zhengwinter"},"content":"        if (taskList[taskIndex-1].getType().equals(\"D\")) {","lastModifiedDate":"2024-02-09"},{"lineNumber":80,"author":{"gitId":"Zhengwinter"},"content":"            System.out.println(indent + taskList[taskIndex-1].displayCurrentTask() + \" (by: \" + taskList[taskIndex-1].getEndTime() +\")\");","lastModifiedDate":"2024-02-09"},{"lineNumber":81,"author":{"gitId":"Zhengwinter"},"content":"","lastModifiedDate":"2024-02-09"},{"lineNumber":82,"author":{"gitId":"Zhengwinter"},"content":"        }else if (taskList[taskIndex-1].getType().equals(\"E\")){","lastModifiedDate":"2024-02-09"},{"lineNumber":83,"author":{"gitId":"Zhengwinter"},"content":"            System.out.println(indent + taskList[taskIndex-1].displayCurrentTask() + \" (from: \" + taskList[taskIndex-1].getStartTime()","lastModifiedDate":"2024-02-09"},{"lineNumber":84,"author":{"gitId":"Zhengwinter"},"content":"                    + \" to: \" + taskList[taskIndex-1].getEndTime() + \")\");","lastModifiedDate":"2024-02-09"},{"lineNumber":85,"author":{"gitId":"Zhengwinter"},"content":"","lastModifiedDate":"2024-02-09"},{"lineNumber":86,"author":{"gitId":"Zhengwinter"},"content":"        }else {","lastModifiedDate":"2024-02-09"},{"lineNumber":87,"author":{"gitId":"Zhengwinter"},"content":"            System.out.println(indent + taskList[taskIndex-1].displayCurrentTask());","lastModifiedDate":"2024-02-09"},{"lineNumber":88,"author":{"gitId":"Zhengwinter"},"content":"        }","lastModifiedDate":"2024-02-09"},{"lineNumber":89,"author":{"gitId":"Zhengwinter"},"content":"","lastModifiedDate":"2024-02-09"},{"lineNumber":90,"author":{"gitId":"Zhengwinter"},"content":"        System.out.println(indent + \"Now, you have \" + taskIndex+ \" tasks in your list.\");","lastModifiedDate":"2024-02-09"},{"lineNumber":91,"author":{"gitId":"Zhengwinter"},"content":"        System.out.print(line);","lastModifiedDate":"2024-02-09"},{"lineNumber":92,"author":{"gitId":"Zhengwinter"},"content":"    }","lastModifiedDate":"2024-02-09"},{"lineNumber":93,"author":{"gitId":"Zhengwinter"},"content":"    private static Commands classifyCommand(String inputString) {","lastModifiedDate":"2024-02-09"},{"lineNumber":94,"author":{"gitId":"Zhengwinter"},"content":"","lastModifiedDate":"2024-02-09"},{"lineNumber":95,"author":{"gitId":"Zhengwinter"},"content":"        Commands command;","lastModifiedDate":"2024-02-09"},{"lineNumber":96,"author":{"gitId":"Zhengwinter"},"content":"        switch (inputString) {","lastModifiedDate":"2024-02-09"},{"lineNumber":97,"author":{"gitId":"Zhengwinter"},"content":"        // Cases include farewell and list commands","lastModifiedDate":"2024-02-09"},{"lineNumber":98,"author":{"gitId":"Zhengwinter"},"content":"        case \"bye\":","lastModifiedDate":"2024-02-09"},{"lineNumber":99,"author":{"gitId":"Zhengwinter"},"content":"        case \"Bye\":","lastModifiedDate":"2024-02-09"},{"lineNumber":100,"author":{"gitId":"Zhengwinter"},"content":"        case \"BYE\":","lastModifiedDate":"2024-02-09"},{"lineNumber":101,"author":{"gitId":"Zhengwinter"},"content":"            command \u003d Commands.BYE;","lastModifiedDate":"2024-02-09"},{"lineNumber":102,"author":{"gitId":"Zhengwinter"},"content":"            return command;","lastModifiedDate":"2024-02-09"},{"lineNumber":103,"author":{"gitId":"Zhengwinter"},"content":"        case \"list\":","lastModifiedDate":"2024-02-09"},{"lineNumber":104,"author":{"gitId":"Zhengwinter"},"content":"        case \"List\":","lastModifiedDate":"2024-02-09"},{"lineNumber":105,"author":{"gitId":"Zhengwinter"},"content":"        case \"LIST\":","lastModifiedDate":"2024-02-09"},{"lineNumber":106,"author":{"gitId":"Zhengwinter"},"content":"            command \u003d Commands.LIST;","lastModifiedDate":"2024-02-09"},{"lineNumber":107,"author":{"gitId":"Zhengwinter"},"content":"            return command;","lastModifiedDate":"2024-02-09"},{"lineNumber":108,"author":{"gitId":"Zhengwinter"},"content":"        }","lastModifiedDate":"2024-02-09"},{"lineNumber":109,"author":{"gitId":"Zhengwinter"},"content":"        switch (inputString.substring(0, inputString.indexOf(\" \"))) {","lastModifiedDate":"2024-02-09"},{"lineNumber":110,"author":{"gitId":"Zhengwinter"},"content":"        case \"todo\":","lastModifiedDate":"2024-02-09"},{"lineNumber":111,"author":{"gitId":"Zhengwinter"},"content":"            command \u003d Commands.TODO;","lastModifiedDate":"2024-02-09"},{"lineNumber":112,"author":{"gitId":"Zhengwinter"},"content":"            return command;","lastModifiedDate":"2024-02-09"},{"lineNumber":113,"author":{"gitId":"Zhengwinter"},"content":"        case \"deadline\":","lastModifiedDate":"2024-02-09"},{"lineNumber":114,"author":{"gitId":"Zhengwinter"},"content":"            command \u003d Commands.DEADLINE;","lastModifiedDate":"2024-02-09"},{"lineNumber":115,"author":{"gitId":"Zhengwinter"},"content":"            return command;","lastModifiedDate":"2024-02-09"},{"lineNumber":116,"author":{"gitId":"Zhengwinter"},"content":"        case \"event\":","lastModifiedDate":"2024-02-09"},{"lineNumber":117,"author":{"gitId":"Zhengwinter"},"content":"            command \u003d Commands.EVENT;","lastModifiedDate":"2024-02-09"},{"lineNumber":118,"author":{"gitId":"Zhengwinter"},"content":"            return command;","lastModifiedDate":"2024-02-09"},{"lineNumber":119,"author":{"gitId":"Zhengwinter"},"content":"        // Cases for marking tasks","lastModifiedDate":"2024-02-09"},{"lineNumber":120,"author":{"gitId":"Zhengwinter"},"content":"        case \"mark\":","lastModifiedDate":"2024-02-09"},{"lineNumber":121,"author":{"gitId":"Zhengwinter"},"content":"            command \u003d Commands.MARK;","lastModifiedDate":"2024-02-09"},{"lineNumber":122,"author":{"gitId":"Zhengwinter"},"content":"            return command;","lastModifiedDate":"2024-02-09"},{"lineNumber":123,"author":{"gitId":"Zhengwinter"},"content":"        case \"unmark\":","lastModifiedDate":"2024-02-09"},{"lineNumber":124,"author":{"gitId":"Zhengwinter"},"content":"            command \u003d Commands.UNMARK;","lastModifiedDate":"2024-02-09"},{"lineNumber":125,"author":{"gitId":"Zhengwinter"},"content":"            return command;","lastModifiedDate":"2024-02-09"},{"lineNumber":126,"author":{"gitId":"Zhengwinter"},"content":"        }","lastModifiedDate":"2024-02-09"},{"lineNumber":127,"author":{"gitId":"Zhengwinter"},"content":"       return Commands.INVALID;","lastModifiedDate":"2024-02-09"},{"lineNumber":128,"author":{"gitId":"Zhengwinter"},"content":"","lastModifiedDate":"2024-02-09"},{"lineNumber":129,"author":{"gitId":"Zhengwinter"},"content":"    }","lastModifiedDate":"2024-02-09"},{"lineNumber":130,"author":{"gitId":"Zhengwinter"},"content":"","lastModifiedDate":"2024-02-09"},{"lineNumber":131,"author":{"gitId":"Zhengwinter"},"content":"    // Method for displaying list","lastModifiedDate":"2024-02-09"},{"lineNumber":132,"author":{"gitId":"Zhengwinter"},"content":"    private static void displayList(Task[] taskList, int taskIndex) {","lastModifiedDate":"2024-02-09"},{"lineNumber":133,"author":{"gitId":"Zhengwinter"},"content":"        String line \u003d \"-----------------------------------\\n\";","lastModifiedDate":"2024-02-09"},{"lineNumber":134,"author":{"gitId":"Zhengwinter"},"content":"        String indent \u003d \"   \";","lastModifiedDate":"2024-02-09"},{"lineNumber":135,"author":{"gitId":"Zhengwinter"},"content":"        for (int i \u003d 0; i \u003c taskIndex; i++) {","lastModifiedDate":"2024-02-09"},{"lineNumber":136,"author":{"gitId":"Zhengwinter"},"content":"            System.out.print(indent);","lastModifiedDate":"2024-02-09"},{"lineNumber":137,"author":{"gitId":"Zhengwinter"},"content":"            if (taskList[i].getType().equals(\"D\")) {","lastModifiedDate":"2024-02-09"},{"lineNumber":138,"author":{"gitId":"Zhengwinter"},"content":"                System.out.println(taskList[i].getOrder()+1 + \". [D] \" + taskList[i].doneCheckbox + \" \"","lastModifiedDate":"2024-02-09"},{"lineNumber":139,"author":{"gitId":"Zhengwinter"},"content":"                        + taskList[i].getTaskName() + \" (by: \" + taskList[i].getEndTime() +\")\");","lastModifiedDate":"2024-02-09"},{"lineNumber":140,"author":{"gitId":"Zhengwinter"},"content":"            }else if (taskList[i].getType().equals(\"E\")){","lastModifiedDate":"2024-02-09"},{"lineNumber":141,"author":{"gitId":"Zhengwinter"},"content":"                System.out.println(taskList[i].getOrder()+1 + \". [E] \" + taskList[i].doneCheckbox + \" \"","lastModifiedDate":"2024-02-09"},{"lineNumber":142,"author":{"gitId":"Zhengwinter"},"content":"                        + taskList[i].getTaskName() + \" (from: \" + taskList[i].getStartTime()","lastModifiedDate":"2024-02-09"},{"lineNumber":143,"author":{"gitId":"Zhengwinter"},"content":"                        + \" to: \" + taskList[i].getEndTime() + \")\");","lastModifiedDate":"2024-02-09"},{"lineNumber":144,"author":{"gitId":"Zhengwinter"},"content":"            }else {","lastModifiedDate":"2024-02-09"},{"lineNumber":145,"author":{"gitId":"Zhengwinter"},"content":"                System.out.println(taskList[i].getOrder()+1 + \". [T]\" + taskList[i].doneCheckbox + \" \"","lastModifiedDate":"2024-02-09"},{"lineNumber":146,"author":{"gitId":"Zhengwinter"},"content":"                        + taskList[i].getTaskName());","lastModifiedDate":"2024-02-09"},{"lineNumber":147,"author":{"gitId":"Zhengwinter"},"content":"            }","lastModifiedDate":"2024-02-09"},{"lineNumber":148,"author":{"gitId":"Zhengwinter"},"content":"        }","lastModifiedDate":"2024-02-09"},{"lineNumber":149,"author":{"gitId":"Zhengwinter"},"content":"        System.out.print(line);","lastModifiedDate":"2024-02-09"},{"lineNumber":150,"author":{"gitId":"Zhengwinter"},"content":"    }","lastModifiedDate":"2024-02-09"},{"lineNumber":151,"author":{"gitId":"Zhengwinter"},"content":"","lastModifiedDate":"2024-02-09"},{"lineNumber":152,"author":{"gitId":"Zhengwinter"},"content":"","lastModifiedDate":"2024-02-09"},{"lineNumber":153,"author":{"gitId":"Zhengwinter"},"content":"    // Method for farewell message","lastModifiedDate":"2024-02-09"},{"lineNumber":154,"author":{"gitId":"Zhengwinter"},"content":"    private static void sayBye() {","lastModifiedDate":"2024-02-09"},{"lineNumber":155,"author":{"gitId":"Zhengwinter"},"content":"        String line \u003d \"-----------------------------------\\n\";","lastModifiedDate":"2024-02-09"},{"lineNumber":156,"author":{"gitId":"Zhengwinter"},"content":"        String farewell \u003d \"Farewell. Hope to see you again soon!\";","lastModifiedDate":"2024-02-09"},{"lineNumber":157,"author":{"gitId":"Zhengwinter"},"content":"        System.out.print(line);","lastModifiedDate":"2024-02-09"},{"lineNumber":158,"author":{"gitId":"Zhengwinter"},"content":"        System.out.println(farewell);","lastModifiedDate":"2024-02-09"},{"lineNumber":159,"author":{"gitId":"Zhengwinter"},"content":"        System.out.print(line);","lastModifiedDate":"2024-02-09"},{"lineNumber":160,"author":{"gitId":"Zhengwinter"},"content":"    }","lastModifiedDate":"2024-02-09"},{"lineNumber":161,"author":{"gitId":"Zhengwinter"},"content":"","lastModifiedDate":"2024-02-09"},{"lineNumber":162,"author":{"gitId":"Zhengwinter"},"content":"    // Method for echo, not used after Level-1","lastModifiedDate":"2024-02-09"},{"lineNumber":163,"author":{"gitId":"Zhengwinter"},"content":"    private static void echo() {","lastModifiedDate":"2024-02-09"},{"lineNumber":164,"author":{"gitId":"Zhengwinter"},"content":"        String line \u003d \"-----------------------------------\\n\";","lastModifiedDate":"2024-02-09"},{"lineNumber":165,"author":{"gitId":"Zhengwinter"},"content":"        String indent \u003d \"   \";","lastModifiedDate":"2024-02-09"},{"lineNumber":166,"author":{"gitId":"Zhengwinter"},"content":"        String echoLine;","lastModifiedDate":"2024-02-09"},{"lineNumber":167,"author":{"gitId":"Zhengwinter"},"content":"        Scanner input \u003d new Scanner(System.in);","lastModifiedDate":"2024-02-09"},{"lineNumber":168,"author":{"gitId":"Zhengwinter"},"content":"        echoLine \u003d input.nextLine();","lastModifiedDate":"2024-02-09"},{"lineNumber":169,"author":{"gitId":"Zhengwinter"},"content":"        while (true) {","lastModifiedDate":"2024-02-09"},{"lineNumber":170,"author":{"gitId":"Zhengwinter"},"content":"            if(echoLine.equals(\"bye\") || echoLine.equals(\"Bye\") || echoLine.equals(\"BYE\")) {","lastModifiedDate":"2024-02-09"},{"lineNumber":171,"author":{"gitId":"Zhengwinter"},"content":"                break;","lastModifiedDate":"2024-02-09"},{"lineNumber":172,"author":{"gitId":"Zhengwinter"},"content":"            }","lastModifiedDate":"2024-02-09"},{"lineNumber":173,"author":{"gitId":"Zhengwinter"},"content":"            System.out.print(line);","lastModifiedDate":"2024-02-09"},{"lineNumber":174,"author":{"gitId":"Zhengwinter"},"content":"            System.out.print(indent);","lastModifiedDate":"2024-02-09"},{"lineNumber":175,"author":{"gitId":"Zhengwinter"},"content":"            System.out.println(echoLine);","lastModifiedDate":"2024-02-09"},{"lineNumber":176,"author":{"gitId":"Zhengwinter"},"content":"            System.out.print(line);","lastModifiedDate":"2024-02-09"},{"lineNumber":177,"author":{"gitId":"Zhengwinter"},"content":"            echoLine \u003d input.nextLine();","lastModifiedDate":"2024-02-09"},{"lineNumber":178,"author":{"gitId":"Zhengwinter"},"content":"        }","lastModifiedDate":"2024-02-09"},{"lineNumber":179,"author":{"gitId":"Zhengwinter"},"content":"","lastModifiedDate":"2024-02-09"},{"lineNumber":180,"author":{"gitId":"Zhengwinter"},"content":"    }","lastModifiedDate":"2024-02-09"},{"lineNumber":181,"author":{"gitId":"Zhengwinter"},"content":"","lastModifiedDate":"2024-02-09"},{"lineNumber":182,"author":{"gitId":"Zhengwinter"},"content":"}","lastModifiedDate":"2024-02-08"}],"authorContributionMap":{"Zhengwinter":182}},{"path":"src/main/java/Task.java","fileType":"java","lines":[{"lineNumber":1,"author":{"gitId":"Zhengwinter"},"content":"public class Task {","lastModifiedDate":"2024-02-09"},{"lineNumber":2,"author":{"gitId":"Zhengwinter"},"content":"    boolean marked;","lastModifiedDate":"2024-02-09"},{"lineNumber":3,"author":{"gitId":"Zhengwinter"},"content":"    int order;","lastModifiedDate":"2024-02-09"},{"lineNumber":4,"author":{"gitId":"Zhengwinter"},"content":"    String taskName;","lastModifiedDate":"2024-02-09"},{"lineNumber":5,"author":{"gitId":"Zhengwinter"},"content":"","lastModifiedDate":"2024-02-09"},{"lineNumber":6,"author":{"gitId":"Zhengwinter"},"content":"    String doneCheckbox \u003d\"[ ]\";","lastModifiedDate":"2024-02-09"},{"lineNumber":7,"author":{"gitId":"Zhengwinter"},"content":"","lastModifiedDate":"2024-02-09"},{"lineNumber":8,"author":{"gitId":"Zhengwinter"},"content":"    Task(int order, boolean marked, String taskName) {","lastModifiedDate":"2024-02-09"},{"lineNumber":9,"author":{"gitId":"Zhengwinter"},"content":"        this.order \u003d order;","lastModifiedDate":"2024-02-09"},{"lineNumber":10,"author":{"gitId":"Zhengwinter"},"content":"        this.marked \u003d marked;","lastModifiedDate":"2024-02-09"},{"lineNumber":11,"author":{"gitId":"Zhengwinter"},"content":"        this.taskName \u003d taskName;","lastModifiedDate":"2024-02-09"},{"lineNumber":12,"author":{"gitId":"Zhengwinter"},"content":"    }","lastModifiedDate":"2024-02-09"},{"lineNumber":13,"author":{"gitId":"Zhengwinter"},"content":"","lastModifiedDate":"2024-02-09"},{"lineNumber":14,"author":{"gitId":"Zhengwinter"},"content":"    // Method for marking a task complete","lastModifiedDate":"2024-02-09"},{"lineNumber":15,"author":{"gitId":"Zhengwinter"},"content":"    public void mark() {","lastModifiedDate":"2024-02-09"},{"lineNumber":16,"author":{"gitId":"Zhengwinter"},"content":"        String line \u003d \"-----------------------------------\\n\";","lastModifiedDate":"2024-02-09"},{"lineNumber":17,"author":{"gitId":"Zhengwinter"},"content":"        String indent \u003d \"   \";","lastModifiedDate":"2024-02-09"},{"lineNumber":18,"author":{"gitId":"Zhengwinter"},"content":"        this.marked \u003d true;","lastModifiedDate":"2024-02-09"},{"lineNumber":19,"author":{"gitId":"Zhengwinter"},"content":"        this.doneCheckbox \u003d \"[X]\";","lastModifiedDate":"2024-02-09"},{"lineNumber":20,"author":{"gitId":"Zhengwinter"},"content":"        System.out.println(\"Woohoo! I\u0027ve marked this task as done:\");","lastModifiedDate":"2024-02-09"},{"lineNumber":21,"author":{"gitId":"Zhengwinter"},"content":"        System.out.print(indent);","lastModifiedDate":"2024-02-09"},{"lineNumber":22,"author":{"gitId":"Zhengwinter"},"content":"        System.out.println(this.doneCheckbox + this.taskName);","lastModifiedDate":"2024-02-09"},{"lineNumber":23,"author":{"gitId":"Zhengwinter"},"content":"        System.out.print(line);","lastModifiedDate":"2024-02-09"},{"lineNumber":24,"author":{"gitId":"Zhengwinter"},"content":"    }","lastModifiedDate":"2024-02-09"},{"lineNumber":25,"author":{"gitId":"Zhengwinter"},"content":"    // Method for unmarking a class","lastModifiedDate":"2024-02-09"},{"lineNumber":26,"author":{"gitId":"Zhengwinter"},"content":"    public void unmark() {","lastModifiedDate":"2024-02-09"},{"lineNumber":27,"author":{"gitId":"Zhengwinter"},"content":"        String line \u003d \"-----------------------------------\\n\";","lastModifiedDate":"2024-02-09"},{"lineNumber":28,"author":{"gitId":"Zhengwinter"},"content":"        String indent \u003d \"   \";","lastModifiedDate":"2024-02-09"},{"lineNumber":29,"author":{"gitId":"Zhengwinter"},"content":"        this.marked \u003d false;","lastModifiedDate":"2024-02-09"},{"lineNumber":30,"author":{"gitId":"Zhengwinter"},"content":"        this.doneCheckbox \u003d \"[ ]\";","lastModifiedDate":"2024-02-09"},{"lineNumber":31,"author":{"gitId":"Zhengwinter"},"content":"        System.out.println(\"Alright! I\u0027ve marked this task as incomplete:\");","lastModifiedDate":"2024-02-09"},{"lineNumber":32,"author":{"gitId":"Zhengwinter"},"content":"        System.out.print(indent);","lastModifiedDate":"2024-02-09"},{"lineNumber":33,"author":{"gitId":"Zhengwinter"},"content":"        System.out.println(this.doneCheckbox+ \" \" + this.taskName);","lastModifiedDate":"2024-02-09"},{"lineNumber":34,"author":{"gitId":"Zhengwinter"},"content":"        System.out.print(line);","lastModifiedDate":"2024-02-09"},{"lineNumber":35,"author":{"gitId":"Zhengwinter"},"content":"    }","lastModifiedDate":"2024-02-09"},{"lineNumber":36,"author":{"gitId":"Zhengwinter"},"content":"    // Getter method for order","lastModifiedDate":"2024-02-09"},{"lineNumber":37,"author":{"gitId":"Zhengwinter"},"content":"    public int getOrder() {","lastModifiedDate":"2024-02-09"},{"lineNumber":38,"author":{"gitId":"Zhengwinter"},"content":"        return order;","lastModifiedDate":"2024-02-09"},{"lineNumber":39,"author":{"gitId":"Zhengwinter"},"content":"    }","lastModifiedDate":"2024-02-09"},{"lineNumber":40,"author":{"gitId":"Zhengwinter"},"content":"    // Getter method for taskName","lastModifiedDate":"2024-02-09"},{"lineNumber":41,"author":{"gitId":"Zhengwinter"},"content":"    public String getTaskName() {","lastModifiedDate":"2024-02-09"},{"lineNumber":42,"author":{"gitId":"Zhengwinter"},"content":"        return taskName;","lastModifiedDate":"2024-02-09"},{"lineNumber":43,"author":{"gitId":"Zhengwinter"},"content":"    }","lastModifiedDate":"2024-02-09"},{"lineNumber":44,"author":{"gitId":"Zhengwinter"},"content":"    // Getter method for marked","lastModifiedDate":"2024-02-09"},{"lineNumber":45,"author":{"gitId":"Zhengwinter"},"content":"    public boolean isMarked() {","lastModifiedDate":"2024-02-09"},{"lineNumber":46,"author":{"gitId":"Zhengwinter"},"content":"        return marked;","lastModifiedDate":"2024-02-09"},{"lineNumber":47,"author":{"gitId":"Zhengwinter"},"content":"    }","lastModifiedDate":"2024-02-09"},{"lineNumber":48,"author":{"gitId":"Zhengwinter"},"content":"","lastModifiedDate":"2024-02-09"},{"lineNumber":49,"author":{"gitId":"Zhengwinter"},"content":"    public String getType() {","lastModifiedDate":"2024-02-09"},{"lineNumber":50,"author":{"gitId":"Zhengwinter"},"content":"        return \"\";","lastModifiedDate":"2024-02-09"},{"lineNumber":51,"author":{"gitId":"Zhengwinter"},"content":"    }","lastModifiedDate":"2024-02-09"},{"lineNumber":52,"author":{"gitId":"Zhengwinter"},"content":"","lastModifiedDate":"2024-02-09"},{"lineNumber":53,"author":{"gitId":"Zhengwinter"},"content":"    public String displayCurrentTask () {","lastModifiedDate":"2024-02-09"},{"lineNumber":54,"author":{"gitId":"Zhengwinter"},"content":"        String checkboxes \u003d \"[ ] [ ]\";","lastModifiedDate":"2024-02-09"},{"lineNumber":55,"author":{"gitId":"Zhengwinter"},"content":"        return checkboxes + taskName;","lastModifiedDate":"2024-02-09"},{"lineNumber":56,"author":{"gitId":"Zhengwinter"},"content":"    }","lastModifiedDate":"2024-02-09"},{"lineNumber":57,"author":{"gitId":"Zhengwinter"},"content":"","lastModifiedDate":"2024-02-09"},{"lineNumber":58,"author":{"gitId":"Zhengwinter"},"content":"    public String getEndTime() {","lastModifiedDate":"2024-02-09"},{"lineNumber":59,"author":{"gitId":"Zhengwinter"},"content":"        return \"\";","lastModifiedDate":"2024-02-09"},{"lineNumber":60,"author":{"gitId":"Zhengwinter"},"content":"    }","lastModifiedDate":"2024-02-09"},{"lineNumber":61,"author":{"gitId":"Zhengwinter"},"content":"","lastModifiedDate":"2024-02-09"},{"lineNumber":62,"author":{"gitId":"Zhengwinter"},"content":"    public String getStartTime() {","lastModifiedDate":"2024-02-09"},{"lineNumber":63,"author":{"gitId":"Zhengwinter"},"content":"        return \"\";","lastModifiedDate":"2024-02-09"},{"lineNumber":64,"author":{"gitId":"Zhengwinter"},"content":"    }","lastModifiedDate":"2024-02-09"},{"lineNumber":65,"author":{"gitId":"Zhengwinter"},"content":"}","lastModifiedDate":"2024-02-08"}],"authorContributionMap":{"Zhengwinter":65}},{"path":"src/main/java/ToDo.java","fileType":"java","lines":[{"lineNumber":1,"author":{"gitId":"Zhengwinter"},"content":"public class ToDo extends Task {","lastModifiedDate":"2024-02-09"},{"lineNumber":2,"author":{"gitId":"Zhengwinter"},"content":"    public ToDo (int order,boolean marked, String toDoName) {","lastModifiedDate":"2024-02-09"},{"lineNumber":3,"author":{"gitId":"Zhengwinter"},"content":"        super(order,marked,toDoName);","lastModifiedDate":"2024-02-09"},{"lineNumber":4,"author":{"gitId":"Zhengwinter"},"content":"    }","lastModifiedDate":"2024-02-09"},{"lineNumber":5,"author":{"gitId":"Zhengwinter"},"content":"","lastModifiedDate":"2024-02-09"},{"lineNumber":6,"author":{"gitId":"Zhengwinter"},"content":"    @Override","lastModifiedDate":"2024-02-09"},{"lineNumber":7,"author":{"gitId":"Zhengwinter"},"content":"    public String getType() {","lastModifiedDate":"2024-02-09"},{"lineNumber":8,"author":{"gitId":"Zhengwinter"},"content":"        return \"T\";","lastModifiedDate":"2024-02-09"},{"lineNumber":9,"author":{"gitId":"Zhengwinter"},"content":"    }","lastModifiedDate":"2024-02-09"},{"lineNumber":10,"author":{"gitId":"Zhengwinter"},"content":"","lastModifiedDate":"2024-02-09"},{"lineNumber":11,"author":{"gitId":"Zhengwinter"},"content":"    @Override","lastModifiedDate":"2024-02-09"},{"lineNumber":12,"author":{"gitId":"Zhengwinter"},"content":"    public String displayCurrentTask () {","lastModifiedDate":"2024-02-09"},{"lineNumber":13,"author":{"gitId":"Zhengwinter"},"content":"        String typeCheckbox \u003d \"[T]\";","lastModifiedDate":"2024-02-09"},{"lineNumber":14,"author":{"gitId":"Zhengwinter"},"content":"        return typeCheckbox + \" \" + this.doneCheckbox + this.taskName;","lastModifiedDate":"2024-02-09"},{"lineNumber":15,"author":{"gitId":"Zhengwinter"},"content":"    }","lastModifiedDate":"2024-02-09"},{"lineNumber":16,"author":{"gitId":"Zhengwinter"},"content":"","lastModifiedDate":"2024-02-09"},{"lineNumber":17,"author":{"gitId":"Zhengwinter"},"content":"}","lastModifiedDate":"2024-02-09"}],"authorContributionMap":{"Zhengwinter":17}},{"path":"src/main/java/Winter.java","fileType":"java","lines":[{"lineNumber":1,"author":{"gitId":"Zhengwinter"},"content":"import java.util.Scanner;","lastModifiedDate":"2024-01-31"},{"lineNumber":2,"author":{"gitId":"Zhengwinter"},"content":"public class Winter {","lastModifiedDate":"2024-01-24"},{"lineNumber":3,"author":{"gitId":"Zhengwinter"},"content":"    public static void main(String[] args) {","lastModifiedDate":"2024-01-24"},{"lineNumber":4,"author":{"gitId":"Zhengwinter"},"content":"        String logo \u003d \"  __      __.__        __                \\n\" +","lastModifiedDate":"2024-01-24"},{"lineNumber":5,"author":{"gitId":"Zhengwinter"},"content":"                \"/  \\\\    /  \\\\__| _____/  |_  ___________ \\n\" +","lastModifiedDate":"2024-01-24"},{"lineNumber":6,"author":{"gitId":"Zhengwinter"},"content":"                \"\\\\   \\\\/\\\\/   /  |/    \\\\   __\\\\/ __ \\\\_  __ \\\\\\n\" +","lastModifiedDate":"2024-01-24"},{"lineNumber":7,"author":{"gitId":"Zhengwinter"},"content":"                \" \\\\        /|  |   |  \\\\  | \\\\  ___/|  | \\\\/\\n\" +","lastModifiedDate":"2024-01-24"},{"lineNumber":8,"author":{"gitId":"Zhengwinter"},"content":"                \"  \\\\__/\\\\  / |__|___|  /__|  \\\\___  \u003e__|   \\n\" +","lastModifiedDate":"2024-01-24"},{"lineNumber":9,"author":{"gitId":"Zhengwinter"},"content":"                \"       \\\\/          \\\\/          \\\\/    \";","lastModifiedDate":"2024-01-24"},{"lineNumber":10,"author":{"gitId":"Zhengwinter"},"content":"        System.out.println(\"Hello from\\n\" + logo);","lastModifiedDate":"2024-01-24"},{"lineNumber":11,"author":{"gitId":"Zhengwinter"},"content":"        sayHi();","lastModifiedDate":"2024-01-31"},{"lineNumber":12,"author":{"gitId":"Zhengwinter"},"content":"        //echo();","lastModifiedDate":"2024-01-31"},{"lineNumber":13,"author":{"gitId":"Zhengwinter"},"content":"        Manager.acceptInput();","lastModifiedDate":"2024-02-09"},{"lineNumber":14,"author":{"gitId":"Zhengwinter"},"content":"","lastModifiedDate":"2024-01-31"},{"lineNumber":15,"author":{"gitId":"Zhengwinter"},"content":"    }","lastModifiedDate":"2024-01-24"},{"lineNumber":16,"author":{"gitId":"Zhengwinter"},"content":"    // Method for greeting message","lastModifiedDate":"2024-02-01"},{"lineNumber":17,"author":{"gitId":"Zhengwinter"},"content":"    private static void sayHi() {","lastModifiedDate":"2024-01-31"},{"lineNumber":18,"author":{"gitId":"Zhengwinter"},"content":"        String line \u003d \"-----------------------------------\\n\";","lastModifiedDate":"2024-01-24"},{"lineNumber":19,"author":{"gitId":"Zhengwinter"},"content":"        String greet \u003d \"Hello! I\u0027m Winter!\\nWhat can I do for you?\";","lastModifiedDate":"2024-01-31"},{"lineNumber":20,"author":{"gitId":"Zhengwinter"},"content":"        System.out.print(line);","lastModifiedDate":"2024-01-24"},{"lineNumber":21,"author":{"gitId":"Zhengwinter"},"content":"        System.out.println(greet);","lastModifiedDate":"2024-01-24"},{"lineNumber":22,"author":{"gitId":"Zhengwinter"},"content":"        System.out.print(line);","lastModifiedDate":"2024-01-24"},{"lineNumber":23,"author":{"gitId":"Zhengwinter"},"content":"    }","lastModifiedDate":"2024-01-31"},{"lineNumber":24,"author":{"gitId":"Zhengwinter"},"content":"","lastModifiedDate":"2024-02-01"},{"lineNumber":25,"author":{"gitId":"Zhengwinter"},"content":"}","lastModifiedDate":"2024-02-01"}],"authorContributionMap":{"Zhengwinter":25}},{"path":"text-ui-test/input.txt","fileType":"txt","lines":[{"lineNumber":1,"author":{"gitId":"Zhengwinter"},"content":"todo read book","lastModifiedDate":"2024-02-09"},{"lineNumber":2,"author":{"gitId":"Zhengwinter"},"content":"mark 1","lastModifiedDate":"2024-02-09"},{"lineNumber":3,"author":{"gitId":"Zhengwinter"},"content":"deadline return book /by June 6th","lastModifiedDate":"2024-02-09"},{"lineNumber":4,"author":{"gitId":"Zhengwinter"},"content":"event project meeting /from Aug 6th 2pm /to 4pm","lastModifiedDate":"2024-02-09"},{"lineNumber":5,"author":{"gitId":"Zhengwinter"},"content":"todo join sports club","lastModifiedDate":"2024-02-09"},{"lineNumber":6,"author":{"gitId":"Zhengwinter"},"content":"todo borrow book","lastModifiedDate":"2024-02-09"},{"lineNumber":7,"author":{"gitId":"Zhengwinter"},"content":"mark 4","lastModifiedDate":"2024-02-09"},{"lineNumber":8,"author":{"gitId":"Zhengwinter"},"content":"list","lastModifiedDate":"2024-02-09"},{"lineNumber":9,"author":{"gitId":"Zhengwinter"},"content":"bye","lastModifiedDate":"2024-02-09"}],"authorContributionMap":{"Zhengwinter":9}},{"path":"text-ui-test/runtest.bat","fileType":"bat","lines":[{"lineNumber":1,"author":{"gitId":"-"},"content":"@ECHO OFF","lastModifiedDate":"2020-05-25"},{"lineNumber":2,"author":{"gitId":"-"},"content":"","lastModifiedDate":"2020-05-25"},{"lineNumber":3,"author":{"gitId":"-"},"content":"REM create bin directory if it doesn\u0027t exist","lastModifiedDate":"2020-05-25"},{"lineNumber":4,"author":{"gitId":"-"},"content":"if not exist ..\\bin mkdir ..\\bin","lastModifiedDate":"2020-05-25"},{"lineNumber":5,"author":{"gitId":"-"},"content":"","lastModifiedDate":"2020-05-25"},{"lineNumber":6,"author":{"gitId":"-"},"content":"REM delete output from previous run","lastModifiedDate":"2020-05-25"},{"lineNumber":7,"author":{"gitId":"-"},"content":"if exist ACTUAL.TXT del ACTUAL.TXT","lastModifiedDate":"2020-08-25"},{"lineNumber":8,"author":{"gitId":"-"},"content":"","lastModifiedDate":"2020-05-25"},{"lineNumber":9,"author":{"gitId":"-"},"content":"REM compile the code into the bin folder","lastModifiedDate":"2020-05-25"},{"lineNumber":10,"author":{"gitId":"-"},"content":"javac  -cp ..\\src\\main\\java -Xlint:none -d ..\\bin ..\\src\\main\\java\\*.java","lastModifiedDate":"2020-08-25"},{"lineNumber":11,"author":{"gitId":"-"},"content":"IF ERRORLEVEL 1 (","lastModifiedDate":"2020-05-25"},{"lineNumber":12,"author":{"gitId":"-"},"content":"    echo ********** BUILD FAILURE **********","lastModifiedDate":"2020-05-25"},{"lineNumber":13,"author":{"gitId":"-"},"content":"    exit /b 1","lastModifiedDate":"2020-05-25"},{"lineNumber":14,"author":{"gitId":"-"},"content":")","lastModifiedDate":"2020-05-25"},{"lineNumber":15,"author":{"gitId":"-"},"content":"REM no error here, errorlevel \u003d\u003d 0","lastModifiedDate":"2020-05-25"},{"lineNumber":16,"author":{"gitId":"-"},"content":"","lastModifiedDate":"2020-05-25"},{"lineNumber":17,"author":{"gitId":"-"},"content":"REM run the program, feed commands from input.txt file and redirect the output to the ACTUAL.TXT","lastModifiedDate":"2020-05-25"},{"lineNumber":18,"author":{"gitId":"Zhengwinter"},"content":"java -classpath ..\\bin Winter \u003c input.txt \u003e ACTUAL.TXT","lastModifiedDate":"2024-02-09"},{"lineNumber":19,"author":{"gitId":"-"},"content":"","lastModifiedDate":"2020-05-25"},{"lineNumber":20,"author":{"gitId":"-"},"content":"REM compare the output to the expected output","lastModifiedDate":"2020-05-25"},{"lineNumber":21,"author":{"gitId":"-"},"content":"FC ACTUAL.TXT EXPECTED.TXT","lastModifiedDate":"2020-05-25"},{"lineNumber":22,"author":{"gitId":"Zhengwinter"},"content":"FC ACTUAL.TXT EXPECTED.TXT \u003e nul","lastModifiedDate":"2024-02-09"},{"lineNumber":23,"author":{"gitId":"Zhengwinter"},"content":"IF errorlevel 0 (","lastModifiedDate":"2024-02-09"},{"lineNumber":24,"author":{"gitId":"Zhengwinter"},"content":"    echo Test result: PASSED","lastModifiedDate":"2024-02-09"},{"lineNumber":25,"author":{"gitId":"Zhengwinter"},"content":"    exit /b 0","lastModifiedDate":"2024-02-09"},{"lineNumber":26,"author":{"gitId":"Zhengwinter"},"content":") else (","lastModifiedDate":"2024-02-09"},{"lineNumber":27,"author":{"gitId":"Zhengwinter"},"content":"    echo Test result: FAILED","lastModifiedDate":"2024-02-09"},{"lineNumber":28,"author":{"gitId":"Zhengwinter"},"content":"    exit /b 1","lastModifiedDate":"2024-02-09"},{"lineNumber":29,"author":{"gitId":"Zhengwinter"},"content":")","lastModifiedDate":"2024-02-09"},{"lineNumber":30,"author":{"gitId":"Zhengwinter"},"content":"","lastModifiedDate":"2024-02-09"}],"authorContributionMap":{"Zhengwinter":10,"-":20}},{"path":"text-ui-test/runtest.sh","fileType":"sh","lines":[{"lineNumber":1,"author":{"gitId":"-"},"content":"#!/usr/bin/env bash","lastModifiedDate":"2020-05-25"},{"lineNumber":2,"author":{"gitId":"-"},"content":"","lastModifiedDate":"2020-05-25"},{"lineNumber":3,"author":{"gitId":"-"},"content":"# create bin directory if it doesn\u0027t exist","lastModifiedDate":"2020-05-25"},{"lineNumber":4,"author":{"gitId":"-"},"content":"if [ ! -d \"../bin\" ]","lastModifiedDate":"2020-05-25"},{"lineNumber":5,"author":{"gitId":"-"},"content":"then","lastModifiedDate":"2020-05-25"},{"lineNumber":6,"author":{"gitId":"-"},"content":"    mkdir ../bin","lastModifiedDate":"2020-05-25"},{"lineNumber":7,"author":{"gitId":"-"},"content":"fi","lastModifiedDate":"2020-05-25"},{"lineNumber":8,"author":{"gitId":"-"},"content":"","lastModifiedDate":"2020-05-25"},{"lineNumber":9,"author":{"gitId":"-"},"content":"# delete output from previous run","lastModifiedDate":"2020-05-25"},{"lineNumber":10,"author":{"gitId":"-"},"content":"if [ -e \"./ACTUAL.TXT\" ]","lastModifiedDate":"2020-05-25"},{"lineNumber":11,"author":{"gitId":"-"},"content":"then","lastModifiedDate":"2020-05-25"},{"lineNumber":12,"author":{"gitId":"-"},"content":"    rm ACTUAL.TXT","lastModifiedDate":"2020-05-25"},{"lineNumber":13,"author":{"gitId":"-"},"content":"fi","lastModifiedDate":"2020-05-25"},{"lineNumber":14,"author":{"gitId":"-"},"content":"","lastModifiedDate":"2020-05-25"},{"lineNumber":15,"author":{"gitId":"Zhengwinter"},"content":"","lastModifiedDate":"2024-02-09"},{"lineNumber":16,"author":{"gitId":"-"},"content":"# compile the code into the bin folder, terminates if error occurred","lastModifiedDate":"2020-05-25"},{"lineNumber":17,"author":{"gitId":"-"},"content":"if ! javac -cp ../src/main/java -Xlint:none -d ../bin ../src/main/java/*.java","lastModifiedDate":"2020-08-25"},{"lineNumber":18,"author":{"gitId":"-"},"content":"then","lastModifiedDate":"2020-05-25"},{"lineNumber":19,"author":{"gitId":"-"},"content":"    echo \"********** BUILD FAILURE **********\"","lastModifiedDate":"2020-05-25"},{"lineNumber":20,"author":{"gitId":"-"},"content":"    exit 1","lastModifiedDate":"2020-05-25"},{"lineNumber":21,"author":{"gitId":"-"},"content":"fi","lastModifiedDate":"2020-05-25"},{"lineNumber":22,"author":{"gitId":"-"},"content":"","lastModifiedDate":"2020-05-25"},{"lineNumber":23,"author":{"gitId":"-"},"content":"# run the program, feed commands from input.txt file and redirect the output to the ACTUAL.TXT","lastModifiedDate":"2020-05-25"},{"lineNumber":24,"author":{"gitId":"Zhengwinter"},"content":"java -classpath ../bin Winter \u003c input.txt \u003e ACTUAL.TXT","lastModifiedDate":"2024-02-09"},{"lineNumber":25,"author":{"gitId":"-"},"content":"","lastModifiedDate":"2020-05-25"},{"lineNumber":26,"author":{"gitId":"-"},"content":"# convert to UNIX format","lastModifiedDate":"2020-05-25"},{"lineNumber":27,"author":{"gitId":"-"},"content":"cp EXPECTED.TXT EXPECTED-UNIX.TXT","lastModifiedDate":"2020-05-25"},{"lineNumber":28,"author":{"gitId":"-"},"content":"dos2unix ACTUAL.TXT EXPECTED-UNIX.TXT","lastModifiedDate":"2020-05-25"},{"lineNumber":29,"author":{"gitId":"-"},"content":"","lastModifiedDate":"2020-05-25"},{"lineNumber":30,"author":{"gitId":"-"},"content":"# compare the output to the expected output","lastModifiedDate":"2020-05-25"},{"lineNumber":31,"author":{"gitId":"-"},"content":"diff ACTUAL.TXT EXPECTED-UNIX.TXT","lastModifiedDate":"2020-05-25"},{"lineNumber":32,"author":{"gitId":"-"},"content":"if [ $? -eq 0 ]","lastModifiedDate":"2020-05-25"},{"lineNumber":33,"author":{"gitId":"-"},"content":"then","lastModifiedDate":"2020-05-25"},{"lineNumber":34,"author":{"gitId":"-"},"content":"    echo \"Test result: PASSED\"","lastModifiedDate":"2020-05-25"},{"lineNumber":35,"author":{"gitId":"-"},"content":"    exit 0","lastModifiedDate":"2020-05-25"},{"lineNumber":36,"author":{"gitId":"-"},"content":"else","lastModifiedDate":"2020-05-25"},{"lineNumber":37,"author":{"gitId":"-"},"content":"    echo \"Test result: FAILED\"","lastModifiedDate":"2020-05-25"},{"lineNumber":38,"author":{"gitId":"-"},"content":"    exit 1","lastModifiedDate":"2020-05-25"},{"lineNumber":39,"author":{"gitId":"-"},"content":"fi","lastModifiedDate":"2020-05-25"}],"authorContributionMap":{"Zhengwinter":2,"-":37}}]
