{"authorDailyContributionsMap":{"Zhengwinter":[{"date":"2024-01-24","commitResults":[{"hash":"cfe649ddb4235f75e31b0d5a213a6331e0e1744e","isMergeCommit":false,"messageTitle":"Level 0: Renamed, added greet, exit","messageBody":"","tags":["Level-0"],"fileTypesAndContributionMap":{"java":{"insertions":26,"deletions":10}}}]},{"date":"2024-01-31","commitResults":[{"hash":"f06616ff116b05c4dd2014ffc75233daa79850fc","isMergeCommit":false,"messageTitle":"Implement echo, restructure hi and bye","messageBody":"","tags":["Level-1"],"fileTypesAndContributionMap":{"java":{"insertions":32,"deletions":5}}},{"hash":"e4f25351d195e1ab2178de955a5f096072677099","isMergeCommit":false,"messageTitle":"Implement add task","messageBody":"Used String array to implement the task list, used continue statement to execute the list command\n","tags":["Level-2"],"fileTypesAndContributionMap":{"java":{"insertions":35,"deletions":5}}}]},{"date":"2024-02-01","commitResults":[{"hash":"cb2d17f9cfc7b755368992e6a0a258d4ba16044f","isMergeCommit":false,"messageTitle":"Restructure Task as a class, implement task marking","messageBody":"","tags":["Level-3"],"fileTypesAndContributionMap":{"java":{"insertions":83,"deletions":9}}},{"hash":"c42d0f18454ee2c796b585ca41b0aa9f74b16ba7","isMergeCommit":false,"messageTitle":"Revert \"Restructure Task as a class, implement task marking\"","messageBody":"This reverts commit cb2d17f9cfc7b755368992e6a0a258d4ba16044f.\n","fileTypesAndContributionMap":{"java":{"insertions":9,"deletions":83}}},{"hash":"22e2bbcb0cc998a897f17aaf10abd72a2bcbd015","isMergeCommit":false,"messageTitle":"Explain methods and Task class","messageBody":"Made some changes according to Java coding standard\n","tags":["A-CodingStandard"],"fileTypesAndContributionMap":{"java":{"insertions":16,"deletions":7}}},{"hash":"b82f67eb20efa770d83c44640d6f1a7e80bf32cf","isMergeCommit":true,"messageTitle":"Merge branch \u0027master\u0027 of https://github.com/Zhengwinter/ip","messageBody":"# Conflicts:\n#\tsrc/main/java/Winter.java\n","fileTypesAndContributionMap":{}},{"hash":"47c36a21571127373d51d92d49b2fe33b527388e","isMergeCommit":false,"messageTitle":"Correct code version","messageBody":"","fileTypesAndContributionMap":{"java":{"insertions":16,"deletions":23}}}]},{"date":"2024-02-08","commitResults":[{"hash":"7aa8201f7a10cecc95a95b80b9ed52f10bd72d46","isMergeCommit":false,"messageTitle":"Refactor code","messageBody":"Restructure code using concepts of abstraction. Applied enumeration to handle invalid inputs from the user\n","tags":["A-CodeQuality"],"fileTypesAndContributionMap":{"java":{"insertions":7,"deletions":0}}}]},{"date":"2024-02-09","commitResults":[{"hash":"0c7b8ca51bd1f4fded10c037f1a49617ac50549c","isMergeCommit":false,"messageTitle":"Implement ToDo, Deadline and Event classes","messageBody":"Used inheritance to from the Task superclass to implement the 3 types of classes. Further restructured code and attempted to minimize repetition\n","tags":["Level-4"],"fileTypesAndContributionMap":{"java":{"insertions":6,"deletions":0}}},{"hash":"ffb14d199db0346c7923ef3a54497360c7a4685c","isMergeCommit":false,"messageTitle":"Add automated Text UI testing","messageBody":"Include both .bat and .sh file for Window/Mac or Linux users respectively.\n","tags":["A-TextUITesting"],"fileTypesAndContributionMap":{"java":{"insertions":314,"deletions":144}}},{"hash":"7d0975e85d59d3beca1d276612048575d0cadd1f","isMergeCommit":false,"messageTitle":"Implement automated testing","messageBody":"Modify shellscript files for testing and added test cases\n","fileTypesAndContributionMap":{"txt":{"insertions":9,"deletions":0},"bat":{"insertions":10,"deletions":1},"sh":{"insertions":2,"deletions":1}}}]},{"date":"2024-02-16","commitResults":[{"hash":"51c2bc4d702649d8af5e068fcf4872bb816e338a","isMergeCommit":false,"messageTitle":"Handle exceptions, refactor code","messageBody":"Implemented try catch and throw for checked exceptions regarding the inputs. Refactored code according to peer reviews.\n","fileTypesAndContributionMap":{"java":{"insertions":10,"deletions":0}}},{"hash":"274fa825526dd68625bd217bee3f432bf7821b36","isMergeCommit":false,"messageTitle":"Handle exceptions, refactor code","messageBody":"Implemented try catch and throw for checked exceptions regarding the inputs. Refactored code according to peer reviews.\n","fileTypesAndContributionMap":{"java":{"insertions":140,"deletions":46}}},{"hash":"e06eb5ca896b1e4c6de4d4986d742ba71d36ac2a","isMergeCommit":false,"messageTitle":"Syntax fixes","messageBody":"Minor syntax fixes\n","fileTypesAndContributionMap":{"java":{"insertions":3,"deletions":3}}},{"hash":"30ec36531b315943c4acb79aabfe29b59d96a4b5","isMergeCommit":true,"messageTitle":"Merge branch \u0027master\u0027 into branch-Level-5","messageBody":"\"Add exception handling, and bug fixes\"\n","fileTypesAndContributionMap":{}},{"hash":"cbaace69df36d07d3ea2ca01e848daa51c82e7f1","isMergeCommit":false,"messageTitle":"Merge branch","messageBody":"","tags":["Level-5","A-Exceptions"],"fileTypesAndContributionMap":{"java":{"insertions":6,"deletions":9}}},{"hash":"1665feaf2913c0fcda6251b63e5da645ebfc788f","isMergeCommit":false,"messageTitle":"Divide classes into packages","messageBody":"Divided classes into tasks, exceptions packages and put those together with the Winter, Manager and Command enum into a package named winter\n","tags":["A-Packages"],"fileTypesAndContributionMap":{"java":{"insertions":31,"deletions":4},"bat":{"insertions":1,"deletions":1}}},{"hash":"3835620286b39ceaa64d48b1c7f0d96943bef039","isMergeCommit":false,"messageTitle":"Fix test script path","messageBody":"","fileTypesAndContributionMap":{"bat":{"insertions":1,"deletions":1},"sh":{"insertions":1,"deletions":1}}},{"hash":"6b3e2baad0068d32124fdd02f66f788dee0b51c6","isMergeCommit":false,"messageTitle":"Fix minor output display issue","messageBody":"","fileTypesAndContributionMap":{"java":{"insertions":1,"deletions":1}}},{"hash":"9f3464385283f1656fb9efaee485b48afcc36575","isMergeCommit":false,"messageTitle":"Refactor code, fix bugs","messageBody":"Refactored code to use overloading for the toString method, fixed a erroneouos boolean flag\n","fileTypesAndContributionMap":{"java":{"insertions":46,"deletions":37}}},{"hash":"c1d6cdb964c0e75f775e61f282f13dd5ef31b877","isMergeCommit":true,"messageTitle":"Merge branch-Level-5 to master","messageBody":"","fileTypesAndContributionMap":{}}]},{"date":"2024-02-23","commitResults":[{"hash":"40523fa7cfc4e903f2f691e6e30d3f93f50e65cf","isMergeCommit":false,"messageTitle":"Implement delete and restructure code","messageBody":"Used collections for taskList, implemented delete function\n","tags":["Level-6"],"fileTypesAndContributionMap":{"java":{"insertions":79,"deletions":48}}},{"hash":"93e7a57e2508fdbe80bc3103ec28b4fac1f6cdb5","isMergeCommit":false,"messageTitle":"Implement save function","messageBody":"","tags":["Level-7"],"fileTypesAndContributionMap":{"txt":{"insertions":7,"deletions":0},"java":{"insertions":109,"deletions":15}}},{"hash":"a93e98280367390d86f8563a1642f7c64481cf03","isMergeCommit":true,"messageTitle":"Fix merge conflicts and integrate the branches","messageBody":"","tags":["A-Jar"],"fileTypesAndContributionMap":{}},{"hash":"1db846d739e702d59975dcded902bcb52883c163","isMergeCommit":false,"messageTitle":"Remove error message","messageBody":"","tags":["A-Collections"],"fileTypesAndContributionMap":{"txt":{"insertions":1,"deletions":2},"java":{"insertions":0,"deletions":1}}}]},{"date":"2024-02-29","commitResults":[{"hash":"2870f52b866394da08fa7d3cf22c605abb237f4a","isMergeCommit":false,"messageTitle":"Update tag A-Collections","messageBody":"","fileTypesAndContributionMap":{"txt":{"insertions":0,"deletions":1}}}]},{"date":"2024-03-05","commitResults":[{"hash":"668cc4e6d3df6362324d61ab15e6fe052cb38e16","isMergeCommit":false,"messageTitle":"Refactor code, extract classes","messageBody":"Broke down the command into child classes, restructured code by applying OOP concepts\n","tags":["A-MoreOOP"],"fileTypesAndContributionMap":{"txt":{"insertions":9,"deletions":0},"java":{"insertions":887,"deletions":480}}}]}]},"authorFileTypeContributionMap":{"Zhengwinter":{"java":1055,"md":0,"fxml":0,"sh":3,"bat":11,"gradle":0,"txt":18}},"authorContributionVariance":{"Zhengwinter":47098.395},"authorDisplayNameMap":{"Zhengwinter":"CS2113-F14-2 ZHEN..NTAO"}}
