{"authorDailyContributionsMap":{"avrilgk":[{"date":"2024-01-27","commitResults":[{"hash":"d3479c4a7dbca5a46df646a91370194885cd60fc","isMergeCommit":false,"messageTitle":"Change from Duke to Zap","messageBody":"","fileTypesAndContributionMap":{"java":{"insertions":10,"deletions":0}}},{"hash":"5efd5d8883428055f92edbd969095fdf07f0d44e","isMergeCommit":false,"messageTitle":"Change from Duke to Zap","messageBody":"","fileTypesAndContributionMap":{"java":{"insertions":0,"deletions":10}}},{"hash":"2902534c21046ee3f534fd6154ee276ad0e7b4e9","isMergeCommit":false,"messageTitle":"Change from Duke to Zap","messageBody":"","fileTypesAndContributionMap":{"java":{"insertions":1,"deletions":0}}},{"hash":"67f4605bab2b5ef4f01cf8f09880912ad7cdadb0","isMergeCommit":false,"messageTitle":"Greet and Exit","messageBody":"","tags":["Level-0"],"fileTypesAndContributionMap":{"java":{"insertions":17,"deletions":2}}}]},{"date":"2024-01-28","commitResults":[{"hash":"ff818ab93ab031786bf5ddb92b9f5bce42bca7c2","isMergeCommit":false,"messageTitle":"Level 1: Echo","messageBody":"","tags":["Level-1"],"fileTypesAndContributionMap":{"java":{"insertions":31,"deletions":5}}},{"hash":"760829813bc885842265bfe4e08f905456804506","isMergeCommit":false,"messageTitle":"Level 1: Echo","messageBody":"","fileTypesAndContributionMap":{"java":{"insertions":8,"deletions":5}}},{"hash":"c9be9f00bbf48a56efa5d44bf5b4ae2e6f39f848","isMergeCommit":false,"messageTitle":"Level 1: Echo","messageBody":"","fileTypesAndContributionMap":{"java":{"insertions":1,"deletions":0}}}]},{"date":"2024-01-29","commitResults":[{"hash":"8e80cf13a0ad7ec3eacf058c462d689e6b1c1526","isMergeCommit":false,"messageTitle":"Level 2: Add, Lists","messageBody":"","tags":["Level-2"],"fileTypesAndContributionMap":{"java":{"insertions":31,"deletions":3}}}]},{"date":"2024-01-30","commitResults":[{"hash":"fc1fd1b342fb2c1b740733d7c59a6ff2420571f5","isMergeCommit":false,"messageTitle":"Level 3: Mark as Done","messageBody":"","tags":["Level-3"],"fileTypesAndContributionMap":{"java":{"insertions":90,"deletions":13}}}]},{"date":"2024-02-05","commitResults":[{"hash":"7a7d5bc68c31bf9f24d45055f31a70f8548dc95d","isMergeCommit":false,"messageTitle":"Documentation","messageBody":"","tags":["A-CodingStandard"],"fileTypesAndContributionMap":{"java":{"insertions":25,"deletions":4}}},{"hash":"742fc735760cd75f8a46b5dab404cf546cbf38e6","isMergeCommit":false,"messageTitle":"add DeadlineTask.java","messageBody":"","fileTypesAndContributionMap":{"java":{"insertions":17,"deletions":0}}},{"hash":"23d29e620308be3f07e39577842766ec59f1d88a","isMergeCommit":false,"messageTitle":"add DeadlineTask.java","messageBody":"","fileTypesAndContributionMap":{"java":{"insertions":0,"deletions":5}}},{"hash":"bf9dc6769ea0699be578a2201f6b71384ed11c17","isMergeCommit":false,"messageTitle":"add EvenTask.java","messageBody":"","fileTypesAndContributionMap":{"java":{"insertions":16,"deletions":0}}},{"hash":"773a5bb0a108f993f38816a459af323ead77e8a2","isMergeCommit":false,"messageTitle":"add EventTask.java","messageBody":"","fileTypesAndContributionMap":{"java":{"insertions":0,"deletions":1}}},{"hash":"c0928a3853dafdf94289b0f7be8ff0ab531ace76","isMergeCommit":false,"messageTitle":"add Task.java","messageBody":"","fileTypesAndContributionMap":{"java":{"insertions":26,"deletions":0}}},{"hash":"45fff103a386f5a69d211085a424b34a071e2de7","isMergeCommit":false,"messageTitle":"add Task.java","messageBody":"","fileTypesAndContributionMap":{"java":{"insertions":0,"deletions":4}}},{"hash":"e89e28c75c86eae596f4467307d18837980f8a20","isMergeCommit":false,"messageTitle":"add TodoTask.java","messageBody":"","fileTypesAndContributionMap":{"java":{"insertions":10,"deletions":0}}},{"hash":"6121c1afabe07077890d07f2e83a3704ad5ab1f6","isMergeCommit":false,"messageTitle":"update Zap.java","messageBody":"","tags":["Level-4","A-CodeQuality"],"fileTypesAndContributionMap":{"java":{"insertions":86,"deletions":30}}},{"hash":"eaef14b3e66eabffa3ca4ff45842ef054ce8973a","isMergeCommit":false,"messageTitle":"update Zap.java","messageBody":"","fileTypesAndContributionMap":{"java":{"insertions":0,"deletions":2}}}]},{"date":"2024-02-14","commitResults":[{"hash":"3c65bf6200a2c193df4251f287d3fb1b71e11c34","isMergeCommit":false,"messageTitle":"error handling","messageBody":"","fileTypesAndContributionMap":{"java":{"insertions":14,"deletions":10}}},{"hash":"612d61b82acb73d4c092c5d18b5ef42f096e0f5d","isMergeCommit":false,"messageTitle":"error handling","messageBody":"","tags":["Level-5"],"fileTypesAndContributionMap":{"java":{"insertions":0,"deletions":16}}}]},{"date":"2024-02-22","commitResults":[{"hash":"a7a141d2c103d4294b150f8326ba6ed84b0faf79","isMergeCommit":false,"messageTitle":"delete task","messageBody":"","tags":["Level-6","A-Jar"],"fileTypesAndContributionMap":{"java":{"insertions":31,"deletions":3}}}]},{"date":"2024-03-05","commitResults":[{"hash":"cd1cb5eca8c91d99812912b6677d94d3e9306d08","isMergeCommit":false,"messageTitle":"Extract Ui class","messageBody":"","fileTypesAndContributionMap":{"java":{"insertions":43,"deletions":25}}},{"hash":"423d6a5ce315b3d9a78f1d12169343dee848d0c2","isMergeCommit":false,"messageTitle":"update Ui class","messageBody":"","fileTypesAndContributionMap":{"java":{"insertions":25,"deletions":29}}}]},{"date":"2024-03-06","commitResults":[{"hash":"bb732b13d704b78f42c0ea280c73f24fd633dae5","isMergeCommit":false,"messageTitle":"update Storage class","messageBody":"","fileTypesAndContributionMap":{"java":{"insertions":85,"deletions":0}}},{"hash":"cf4272e492637f4605a2ebbae471b429e6731365","isMergeCommit":false,"messageTitle":"add Parser","messageBody":"","fileTypesAndContributionMap":{"java":{"insertions":69,"deletions":64}}},{"hash":"bbc4bdbe1a3d77797969f457b85a224c797cf4d2","isMergeCommit":false,"messageTitle":"updated Storage","messageBody":"","fileTypesAndContributionMap":{"java":{"insertions":10,"deletions":6}}},{"hash":"03eaecd741524bb79115ac636fe8890f5634e921","isMergeCommit":false,"messageTitle":"add TaskList","messageBody":"","tags":["A-MoreOOP"],"fileTypesAndContributionMap":{"java":{"insertions":206,"deletions":189}}},{"hash":"57bc6b18d47a326cdf9757c3af6ea91c605feaac","isMergeCommit":false,"messageTitle":"update TaskList","messageBody":"","fileTypesAndContributionMap":{"java":{"insertions":1,"deletions":1}}},{"hash":"a5e0f80f131325ed914698dfc160c965b7c421cf","isMergeCommit":false,"messageTitle":"update TaskList","messageBody":"","fileTypesAndContributionMap":{"java":{"insertions":0,"deletions":7}}},{"hash":"60a706aaaee7bfcf01c7f5147b257c63054dd0b9","isMergeCommit":false,"messageTitle":"update TaskList","messageBody":"","tags":["A-Collections"],"fileTypesAndContributionMap":{"java":{"insertions":6,"deletions":1}}},{"hash":"2aa1e86835312a2c13b2cafd54c2e20f6d285ca7","isMergeCommit":false,"messageTitle":"add date and time","messageBody":"","tags":["Level-8"],"fileTypesAndContributionMap":{"java":{"insertions":87,"deletions":24}}},{"hash":"e48d7549bee9247fc015819a2e1f3a9bac00a153","isMergeCommit":false,"messageTitle":"add find task","messageBody":"","fileTypesAndContributionMap":{"java":{"insertions":24,"deletions":1}}},{"hash":"d6642de08de8ac88e74d5e4db58c640f7c31b7bc","isMergeCommit":false,"messageTitle":"add find task","messageBody":"","tags":["Level-9"],"fileTypesAndContributionMap":{"java":{"insertions":1,"deletions":1}}},{"hash":"46ff5804f508c90b0bf0312284d84c73880aa12b","isMergeCommit":false,"messageTitle":"edit find task","messageBody":"","fileTypesAndContributionMap":{"java":{"insertions":11,"deletions":5}}},{"hash":"ce11888f299c864d9f4d4e326d6c7da0d94c19ed","isMergeCommit":false,"messageTitle":"add documenation","messageBody":"","fileTypesAndContributionMap":{"java":{"insertions":89,"deletions":5}}},{"hash":"73d5de8636c84e9cf372ea2ed7b1a83bba34c973","isMergeCommit":false,"messageTitle":"add documentation","messageBody":"","fileTypesAndContributionMap":{"java":{"insertions":0,"deletions":1}}},{"hash":"05875f0bb828358521a6986eac29231b5b4dd8b9","isMergeCommit":false,"messageTitle":"add documentation","messageBody":"","fileTypesAndContributionMap":{"java":{"insertions":1,"deletions":1}}}]},{"date":"2024-03-07","commitResults":[{"hash":"55b4e8c097a70f2b58bd81145964e9ac74f15a7f","isMergeCommit":false,"messageTitle":"add documentation","messageBody":"","tags":["A-JavaDoc"],"fileTypesAndContributionMap":{"java":{"insertions":64,"deletions":4}}},{"hash":"c72b8abd3a9a5c97189ac14575fcb294f11148b4","isMergeCommit":false,"messageTitle":"README.md","messageBody":"","tags":["A-UserGuide"],"fileTypesAndContributionMap":{"java":{"insertions":2,"deletions":2},"md":{"insertions":112,"deletions":14}}},{"hash":"2d7e80a780df264d81be1c567b0f1c453e5c0182","isMergeCommit":true,"messageTitle":"Merge pull request #1 from avrilgk/branch-A-JavaDoc","messageBody":"[Guok Qi-En Avril] iP","fileTypesAndContributionMap":{}},{"hash":"2709ae83aa3b7bf82a13b3b94d759e61c002c261","isMergeCommit":false,"messageTitle":"update UI","messageBody":"","fileTypesAndContributionMap":{"java":{"insertions":6,"deletions":6}}},{"hash":"dd462860ae5a2f8cab6ece1ee540f69b65f89d98","isMergeCommit":false,"messageTitle":"update UI","messageBody":"","fileTypesAndContributionMap":{"java":{"insertions":38,"deletions":25}}},{"hash":"146e5567b390390b595abd37ec569dd002e44dbc","isMergeCommit":false,"messageTitle":"update UI","messageBody":"","fileTypesAndContributionMap":{"java":{"insertions":15,"deletions":22}}},{"hash":"b665a4753e49dfc046c7e72d10007bf727ad6952","isMergeCommit":false,"messageTitle":"update UI","messageBody":"","fileTypesAndContributionMap":{"java":{"insertions":1,"deletions":1}}},{"hash":"9d900825c09ebda02eeaab3323fd8e3f952952e1","isMergeCommit":false,"messageTitle":"update findTask","messageBody":"","fileTypesAndContributionMap":{"java":{"insertions":11,"deletions":9}}},{"hash":"e002d64040044404e470f75b2b20f661aea93913","isMergeCommit":false,"messageTitle":"update README","messageBody":"","fileTypesAndContributionMap":{"md":{"insertions":1,"deletions":1}}},{"hash":"23382293f365ed6e5d874e8f2339e2ac37efdf8c","isMergeCommit":false,"messageTitle":"update exceptions","messageBody":"","tags":["A-Exceptions"],"fileTypesAndContributionMap":{"java":{"insertions":40,"deletions":16}}},{"hash":"8d9249d2890e65adf18a5dca0ebd1b46893d2aac","isMergeCommit":true,"messageTitle":"Merge pull request #2 from avrilgk/branch-A-JavaDoc","messageBody":"[Guok Qi-En Avril] iP","tags":["A-Release","A"],"fileTypesAndContributionMap":{}}]}]},"authorFileTypeContributionMap":{"avrilgk":{"java":701,"md":106,"fxml":0,"sh":0,"bat":0,"gradle":0,"txt":0}},"authorContributionVariance":{"avrilgk":19654.781},"authorDisplayNameMap":{"avrilgk":"CS2113-T15-3 GUOK..VRIL"}}
