[{"path":"README.md","fileType":"md","lines":[{"lineNumber":1,"author":{"gitId":"e0958902"},"content":"# Lotes project template","lastModifiedDate":"2024-01-28"},{"lineNumber":2,"author":{"gitId":"-"},"content":"","lastModifiedDate":"2020-05-25"},{"lineNumber":3,"author":{"gitId":"e0958902"},"content":"This is a project template for a greenfield Java project. It\u0027s named after the Java mascot _Lotes_. Given below are instructions on how to use it.","lastModifiedDate":"2024-01-29"},{"lineNumber":4,"author":{"gitId":"-"},"content":"","lastModifiedDate":"2020-05-25"},{"lineNumber":5,"author":{"gitId":"-"},"content":"## Setting up in Intellij","lastModifiedDate":"2020-05-25"},{"lineNumber":6,"author":{"gitId":"-"},"content":"","lastModifiedDate":"2020-05-25"},{"lineNumber":7,"author":{"gitId":"-"},"content":"Prerequisites: JDK 11, update Intellij to the most recent version.","lastModifiedDate":"2020-05-25"},{"lineNumber":8,"author":{"gitId":"-"},"content":"","lastModifiedDate":"2020-05-25"},{"lineNumber":9,"author":{"gitId":"-"},"content":"1. Open Intellij (if you are not in the welcome screen, click `File` \u003e `Close Project` to close the existing project first)","lastModifiedDate":"2021-01-17"},{"lineNumber":10,"author":{"gitId":"-"},"content":"1. Open the project into Intellij as follows:","lastModifiedDate":"2021-01-17"},{"lineNumber":11,"author":{"gitId":"-"},"content":"   1. Click `Open`.","lastModifiedDate":"2021-01-17"},{"lineNumber":12,"author":{"gitId":"-"},"content":"   1. Select the project directory, and click `OK`.","lastModifiedDate":"2021-01-17"},{"lineNumber":13,"author":{"gitId":"-"},"content":"   1. If there are any further prompts, accept the defaults.","lastModifiedDate":"2020-05-25"},{"lineNumber":14,"author":{"gitId":"-"},"content":"1. Configure the project to use **JDK 11** (not other versions) as explained in [here](https://www.jetbrains.com/help/idea/sdk.html#set-up-jdk).\u003cbr\u003e","lastModifiedDate":"2021-07-29"},{"lineNumber":15,"author":{"gitId":"-"},"content":"   In the same dialog, set the **Project language level** field to the `SDK default` option.","lastModifiedDate":"2021-07-29"},{"lineNumber":16,"author":{"gitId":"e0958902"},"content":"3. After that, locate the `src/main/java/Lotes.java` file, right-click it, and choose `Run Lotes.main()` (if the code editor is showing compile errors, try restarting the IDE). If the setup is correct, you should see something like the below as the output:","lastModifiedDate":"2024-01-28"},{"lineNumber":17,"author":{"gitId":"-"},"content":"   ```","lastModifiedDate":"2020-05-25"},{"lineNumber":18,"author":{"gitId":"-"},"content":"   Hello from","lastModifiedDate":"2024-01-29"},{"lineNumber":19,"author":{"gitId":"e0958902"},"content":"   #        ####  ##### ######  ####","lastModifiedDate":"2024-01-29"},{"lineNumber":20,"author":{"gitId":"e0958902"},"content":"   #       #    #   #   #      #","lastModifiedDate":"2024-01-29"},{"lineNumber":21,"author":{"gitId":"e0958902"},"content":"   #       #    #   #   #####   ####","lastModifiedDate":"2024-01-29"},{"lineNumber":22,"author":{"gitId":"e0958902"},"content":"   #       #    #   #   #           #","lastModifiedDate":"2024-01-29"},{"lineNumber":23,"author":{"gitId":"e0958902"},"content":"   #######  ####    #   ######  ####","lastModifiedDate":"2024-01-29"},{"lineNumber":24,"author":{"gitId":"-"},"content":"   ```","lastModifiedDate":"2024-01-29"}],"authorContributionMap":{"e0958902":8,"-":16}},{"path":"src/main/java/Deadline.java","fileType":"java","lines":[{"lineNumber":1,"author":{"gitId":"e0958902"},"content":"public class Deadline extends Task {","lastModifiedDate":"2024-02-09"},{"lineNumber":2,"author":{"gitId":"e0958902"},"content":"","lastModifiedDate":"2024-02-09"},{"lineNumber":3,"author":{"gitId":"e0958902"},"content":"    protected String by;","lastModifiedDate":"2024-02-09"},{"lineNumber":4,"author":{"gitId":"e0958902"},"content":"","lastModifiedDate":"2024-02-09"},{"lineNumber":5,"author":{"gitId":"e0958902"},"content":"    public Deadline(String description,  String by) {","lastModifiedDate":"2024-02-09"},{"lineNumber":6,"author":{"gitId":"e0958902"},"content":"        super(description);","lastModifiedDate":"2024-02-09"},{"lineNumber":7,"author":{"gitId":"e0958902"},"content":"        this.by \u003d by;","lastModifiedDate":"2024-02-09"},{"lineNumber":8,"author":{"gitId":"e0958902"},"content":"    }","lastModifiedDate":"2024-02-09"},{"lineNumber":9,"author":{"gitId":"e0958902"},"content":"","lastModifiedDate":"2024-02-09"},{"lineNumber":10,"author":{"gitId":"e0958902"},"content":"    public String toString() {","lastModifiedDate":"2024-02-09"},{"lineNumber":11,"author":{"gitId":"e0958902"},"content":"        return String.format(\"[D]%s %s\", this.getStatusIcon(), this.description);","lastModifiedDate":"2024-02-09"},{"lineNumber":12,"author":{"gitId":"e0958902"},"content":"    }","lastModifiedDate":"2024-02-09"},{"lineNumber":13,"author":{"gitId":"e0958902"},"content":"}","lastModifiedDate":"2024-02-09"}],"authorContributionMap":{"e0958902":13}},{"path":"src/main/java/Event.java","fileType":"java","lines":[{"lineNumber":1,"author":{"gitId":"e0958902"},"content":"public class Event extends Task {","lastModifiedDate":"2024-02-09"},{"lineNumber":2,"author":{"gitId":"e0958902"},"content":"    protected String from;","lastModifiedDate":"2024-02-09"},{"lineNumber":3,"author":{"gitId":"e0958902"},"content":"    protected String to;","lastModifiedDate":"2024-02-09"},{"lineNumber":4,"author":{"gitId":"e0958902"},"content":"","lastModifiedDate":"2024-02-09"},{"lineNumber":5,"author":{"gitId":"e0958902"},"content":"    public Event(String description, String from, String to) {","lastModifiedDate":"2024-02-09"},{"lineNumber":6,"author":{"gitId":"e0958902"},"content":"        super(description);","lastModifiedDate":"2024-02-09"},{"lineNumber":7,"author":{"gitId":"e0958902"},"content":"        this.from \u003d from;","lastModifiedDate":"2024-02-09"},{"lineNumber":8,"author":{"gitId":"e0958902"},"content":"        this.to \u003d to;","lastModifiedDate":"2024-02-09"},{"lineNumber":9,"author":{"gitId":"e0958902"},"content":"    }","lastModifiedDate":"2024-02-09"},{"lineNumber":10,"author":{"gitId":"e0958902"},"content":"","lastModifiedDate":"2024-02-09"},{"lineNumber":11,"author":{"gitId":"e0958902"},"content":"    public String toString() {","lastModifiedDate":"2024-02-09"},{"lineNumber":12,"author":{"gitId":"e0958902"},"content":"        return String.format(\"[E]%s %s\", this.getStatusIcon(), this.description);","lastModifiedDate":"2024-02-09"},{"lineNumber":13,"author":{"gitId":"e0958902"},"content":"    }","lastModifiedDate":"2024-02-09"},{"lineNumber":14,"author":{"gitId":"e0958902"},"content":"}","lastModifiedDate":"2024-02-09"}],"authorContributionMap":{"e0958902":14}},{"path":"src/main/java/Lotes.java","fileType":"java","lines":[{"lineNumber":1,"author":{"gitId":"e0958902"},"content":"import java.util.Scanner;","lastModifiedDate":"2024-01-28"},{"lineNumber":2,"author":{"gitId":"e0958902"},"content":"public class Lotes {","lastModifiedDate":"2024-01-28"},{"lineNumber":3,"author":{"gitId":"e0958902"},"content":"","lastModifiedDate":"2024-01-31"},{"lineNumber":4,"author":{"gitId":"e0958902"},"content":"    public static void main(String[] args) {","lastModifiedDate":"2024-01-31"},{"lineNumber":5,"author":{"gitId":"e0958902"},"content":"        TaskList taskList \u003d new TaskList();","lastModifiedDate":"2024-02-09"},{"lineNumber":6,"author":{"gitId":"e0958902"},"content":"","lastModifiedDate":"2024-01-31"},{"lineNumber":7,"author":{"gitId":"e0958902"},"content":"        System.out.println(taskList.horizontalLine + taskList.lineSeparator","lastModifiedDate":"2024-02-09"},{"lineNumber":8,"author":{"gitId":"e0958902"},"content":"                + \"    Hello! I\u0027m\" + taskList.logo + taskList.lineSeparator","lastModifiedDate":"2024-02-09"},{"lineNumber":9,"author":{"gitId":"e0958902"},"content":"                + \"    What can I do for you?\" + taskList.lineSeparator","lastModifiedDate":"2024-02-09"},{"lineNumber":10,"author":{"gitId":"e0958902"},"content":"                + taskList.horizontalLine);","lastModifiedDate":"2024-02-09"},{"lineNumber":11,"author":{"gitId":"e0958902"},"content":"","lastModifiedDate":"2024-01-31"},{"lineNumber":12,"author":{"gitId":"e0958902"},"content":"        Scanner inputCommand \u003d new Scanner(System.in); // Prompt for continuous user input.","lastModifiedDate":"2024-01-31"},{"lineNumber":13,"author":{"gitId":"e0958902"},"content":"","lastModifiedDate":"2024-01-31"},{"lineNumber":14,"author":{"gitId":"e0958902"},"content":"        while (true) {","lastModifiedDate":"2024-01-31"},{"lineNumber":15,"author":{"gitId":"e0958902"},"content":"            String userInput \u003d inputCommand.nextLine();","lastModifiedDate":"2024-01-31"},{"lineNumber":16,"author":{"gitId":"e0958902"},"content":"","lastModifiedDate":"2024-01-31"},{"lineNumber":17,"author":{"gitId":"e0958902"},"content":"            if (userInput.equals(\"bye\")) {","lastModifiedDate":"2024-01-31"},{"lineNumber":18,"author":{"gitId":"e0958902"},"content":"                System.out.println(taskList.horizontalLine + taskList.lineSeparator","lastModifiedDate":"2024-02-09"},{"lineNumber":19,"author":{"gitId":"e0958902"},"content":"                        + \"    Bye. Hope to see you again soon!\\n\" + taskList.horizontalLine);","lastModifiedDate":"2024-02-09"},{"lineNumber":20,"author":{"gitId":"e0958902"},"content":"                break; // Exit the program","lastModifiedDate":"2024-01-31"},{"lineNumber":21,"author":{"gitId":"e0958902"},"content":"            } else if (userInput.equals(\"list\")) {","lastModifiedDate":"2024-01-31"},{"lineNumber":22,"author":{"gitId":"e0958902"},"content":"                taskList.printTasksList();","lastModifiedDate":"2024-02-09"},{"lineNumber":23,"author":{"gitId":"e0958902"},"content":"","lastModifiedDate":"2024-02-09"},{"lineNumber":24,"author":{"gitId":"e0958902"},"content":"            } else if (userInput.startsWith(\"mark \")) {","lastModifiedDate":"2024-01-31"},{"lineNumber":25,"author":{"gitId":"e0958902"},"content":"                taskList.markTask(userInput);","lastModifiedDate":"2024-02-09"},{"lineNumber":26,"author":{"gitId":"e0958902"},"content":"","lastModifiedDate":"2024-02-09"},{"lineNumber":27,"author":{"gitId":"e0958902"},"content":"            } else if (userInput.startsWith(\"unmark \")) {","lastModifiedDate":"2024-01-31"},{"lineNumber":28,"author":{"gitId":"e0958902"},"content":"                taskList.unMarkTask(userInput);","lastModifiedDate":"2024-02-09"},{"lineNumber":29,"author":{"gitId":"e0958902"},"content":"","lastModifiedDate":"2024-02-09"},{"lineNumber":30,"author":{"gitId":"e0958902"},"content":"            } else if (userInput.startsWith(\"todo \")) {","lastModifiedDate":"2024-02-09"},{"lineNumber":31,"author":{"gitId":"e0958902"},"content":"                taskList.addToDo(userInput);","lastModifiedDate":"2024-02-09"},{"lineNumber":32,"author":{"gitId":"e0958902"},"content":"","lastModifiedDate":"2024-02-09"},{"lineNumber":33,"author":{"gitId":"e0958902"},"content":"            } else if (userInput.startsWith(\"deadline \")) {","lastModifiedDate":"2024-02-09"},{"lineNumber":34,"author":{"gitId":"e0958902"},"content":"                taskList.addDeadline(userInput);","lastModifiedDate":"2024-02-09"},{"lineNumber":35,"author":{"gitId":"e0958902"},"content":"","lastModifiedDate":"2024-02-09"},{"lineNumber":36,"author":{"gitId":"e0958902"},"content":"            } else if (userInput.startsWith(\"event \")) {","lastModifiedDate":"2024-02-09"},{"lineNumber":37,"author":{"gitId":"e0958902"},"content":"                    taskList.addEvent(userInput);","lastModifiedDate":"2024-02-09"},{"lineNumber":38,"author":{"gitId":"e0958902"},"content":"","lastModifiedDate":"2024-02-09"},{"lineNumber":39,"author":{"gitId":"e0958902"},"content":"//            } else if (!userInput.isEmpty()) {","lastModifiedDate":"2024-02-09"},{"lineNumber":40,"author":{"gitId":"e0958902"},"content":"//                taskList.addTask(userInput); // Automatically add user input to tasks","lastModifiedDate":"2024-02-09"},{"lineNumber":41,"author":{"gitId":"e0958902"},"content":"                //taskList.addNewTask(userInput);","lastModifiedDate":"2024-02-09"},{"lineNumber":42,"author":{"gitId":"e0958902"},"content":"","lastModifiedDate":"2024-02-09"},{"lineNumber":43,"author":{"gitId":"e0958902"},"content":"            } else if (userInput.startsWith(\"deadline \")) {","lastModifiedDate":"2024-02-09"},{"lineNumber":44,"author":{"gitId":"e0958902"},"content":"                taskList.addDeadline(userInput);","lastModifiedDate":"2024-02-09"},{"lineNumber":45,"author":{"gitId":"e0958902"},"content":"            } else {","lastModifiedDate":"2024-01-31"},{"lineNumber":46,"author":{"gitId":"e0958902"},"content":"                System.out.println(\"Enter something to add to your task list\");","lastModifiedDate":"2024-01-31"},{"lineNumber":47,"author":{"gitId":"e0958902"},"content":"","lastModifiedDate":"2024-02-09"},{"lineNumber":48,"author":{"gitId":"e0958902"},"content":"            }","lastModifiedDate":"2024-01-28"},{"lineNumber":49,"author":{"gitId":"e0958902"},"content":"        }","lastModifiedDate":"2024-01-28"},{"lineNumber":50,"author":{"gitId":"-"},"content":"    }","lastModifiedDate":"2019-07-29"},{"lineNumber":51,"author":{"gitId":"-"},"content":"}","lastModifiedDate":"2019-07-29"}],"authorContributionMap":{"e0958902":49,"-":2}},{"path":"src/main/java/Task.java","fileType":"java","lines":[{"lineNumber":1,"author":{"gitId":"e0958902"},"content":"public class Task {","lastModifiedDate":"2024-01-29"},{"lineNumber":2,"author":{"gitId":"e0958902"},"content":"    protected String description;","lastModifiedDate":"2024-01-30"},{"lineNumber":3,"author":{"gitId":"e0958902"},"content":"    protected boolean isDone;","lastModifiedDate":"2024-01-30"},{"lineNumber":4,"author":{"gitId":"e0958902"},"content":"","lastModifiedDate":"2024-01-31"},{"lineNumber":5,"author":{"gitId":"e0958902"},"content":"    public Task(String description) {","lastModifiedDate":"2024-01-30"},{"lineNumber":6,"author":{"gitId":"e0958902"},"content":"        this.description \u003d description;","lastModifiedDate":"2024-01-30"},{"lineNumber":7,"author":{"gitId":"e0958902"},"content":"        this.isDone \u003d false;","lastModifiedDate":"2024-01-31"},{"lineNumber":8,"author":{"gitId":"e0958902"},"content":"    }","lastModifiedDate":"2024-01-30"},{"lineNumber":9,"author":{"gitId":"e0958902"},"content":"","lastModifiedDate":"2024-01-31"},{"lineNumber":10,"author":{"gitId":"e0958902"},"content":"    public String getDescription() {","lastModifiedDate":"2024-01-30"},{"lineNumber":11,"author":{"gitId":"e0958902"},"content":"        return description;","lastModifiedDate":"2024-01-30"},{"lineNumber":12,"author":{"gitId":"e0958902"},"content":"    }","lastModifiedDate":"2024-01-30"},{"lineNumber":13,"author":{"gitId":"e0958902"},"content":"","lastModifiedDate":"2024-01-31"},{"lineNumber":14,"author":{"gitId":"e0958902"},"content":"    public String getStatusIcon() {","lastModifiedDate":"2024-01-30"},{"lineNumber":15,"author":{"gitId":"e0958902"},"content":"        return (isDone ?","lastModifiedDate":"2024-02-09"},{"lineNumber":16,"author":{"gitId":"e0958902"},"content":"                \"[X]\" :","lastModifiedDate":"2024-02-09"},{"lineNumber":17,"author":{"gitId":"e0958902"},"content":"                \"[ ]\"); // returns X if task isDone is true","lastModifiedDate":"2024-02-09"},{"lineNumber":18,"author":{"gitId":"e0958902"},"content":"    }","lastModifiedDate":"2024-01-30"},{"lineNumber":19,"author":{"gitId":"e0958902"},"content":"","lastModifiedDate":"2024-01-31"},{"lineNumber":20,"author":{"gitId":"e0958902"},"content":"    public void setDone(boolean isDoneStatus) {","lastModifiedDate":"2024-01-31"},{"lineNumber":21,"author":{"gitId":"e0958902"},"content":"        isDone \u003d isDoneStatus;","lastModifiedDate":"2024-01-31"},{"lineNumber":22,"author":{"gitId":"e0958902"},"content":"    }","lastModifiedDate":"2024-01-30"},{"lineNumber":23,"author":{"gitId":"e0958902"},"content":"}","lastModifiedDate":"2024-01-29"}],"authorContributionMap":{"e0958902":23}},{"path":"src/main/java/TaskList.java","fileType":"java","lines":[{"lineNumber":1,"author":{"gitId":"e0958902"},"content":"import java.util.ArrayList;","lastModifiedDate":"2024-02-09"},{"lineNumber":2,"author":{"gitId":"e0958902"},"content":"","lastModifiedDate":"2024-02-09"},{"lineNumber":3,"author":{"gitId":"e0958902"},"content":"public class TaskList {","lastModifiedDate":"2024-02-09"},{"lineNumber":4,"author":{"gitId":"e0958902"},"content":"    ArrayList\u003cTask\u003e taskList \u003d new ArrayList\u003c\u003e();","lastModifiedDate":"2024-02-09"},{"lineNumber":5,"author":{"gitId":"e0958902"},"content":"//    private static Task[] tasks \u003d new Task[100];","lastModifiedDate":"2024-02-09"},{"lineNumber":6,"author":{"gitId":"e0958902"},"content":"//    private static int taskCount \u003d 0;","lastModifiedDate":"2024-02-09"},{"lineNumber":7,"author":{"gitId":"e0958902"},"content":"","lastModifiedDate":"2024-02-09"},{"lineNumber":8,"author":{"gitId":"e0958902"},"content":"    public static final String lineSeparator \u003d System.lineSeparator();","lastModifiedDate":"2024-02-09"},{"lineNumber":9,"author":{"gitId":"e0958902"},"content":"    public static final String horizontalLine \u003d \"    _________________________\"","lastModifiedDate":"2024-02-09"},{"lineNumber":10,"author":{"gitId":"e0958902"},"content":"                                                + \"___________________________\";","lastModifiedDate":"2024-02-09"},{"lineNumber":11,"author":{"gitId":"e0958902"},"content":"    public static final String logo \u003d \"  #        ####  ##### ######  ####\" + lineSeparator","lastModifiedDate":"2024-02-09"},{"lineNumber":12,"author":{"gitId":"e0958902"},"content":"                      + \"                #       #    #   #   #      #\" + lineSeparator","lastModifiedDate":"2024-02-09"},{"lineNumber":13,"author":{"gitId":"e0958902"},"content":"                      + \"                #       #    #   #   #####   ####\" + lineSeparator","lastModifiedDate":"2024-02-09"},{"lineNumber":14,"author":{"gitId":"e0958902"},"content":"                      + \"                #       #    #   #   #           #\" + lineSeparator","lastModifiedDate":"2024-02-09"},{"lineNumber":15,"author":{"gitId":"e0958902"},"content":"                      + \"                #######  ####    #   ######  ####\";","lastModifiedDate":"2024-02-09"},{"lineNumber":16,"author":{"gitId":"e0958902"},"content":"","lastModifiedDate":"2024-02-09"},{"lineNumber":17,"author":{"gitId":"e0958902"},"content":"    public void printTasksList() {","lastModifiedDate":"2024-02-09"},{"lineNumber":18,"author":{"gitId":"e0958902"},"content":"        System.out.println(horizontalLine);","lastModifiedDate":"2024-02-09"},{"lineNumber":19,"author":{"gitId":"e0958902"},"content":"","lastModifiedDate":"2024-02-09"},{"lineNumber":20,"author":{"gitId":"e0958902"},"content":"        if (taskList.isEmpty()) {","lastModifiedDate":"2024-02-09"},{"lineNumber":21,"author":{"gitId":"e0958902"},"content":"            System.out.println(\"     List is empty, please enter some text to add to list.\");","lastModifiedDate":"2024-02-09"},{"lineNumber":22,"author":{"gitId":"e0958902"},"content":"        } else {","lastModifiedDate":"2024-02-09"},{"lineNumber":23,"author":{"gitId":"e0958902"},"content":"            System.out.println(\"     Here are the tasks in your list:\");","lastModifiedDate":"2024-02-09"},{"lineNumber":24,"author":{"gitId":"e0958902"},"content":"","lastModifiedDate":"2024-02-09"},{"lineNumber":25,"author":{"gitId":"e0958902"},"content":"            int taskListArrayIndex \u003d 0;","lastModifiedDate":"2024-02-09"},{"lineNumber":26,"author":{"gitId":"e0958902"},"content":"            for (Task task : taskList) {","lastModifiedDate":"2024-02-09"},{"lineNumber":27,"author":{"gitId":"e0958902"},"content":"                taskListArrayIndex++;","lastModifiedDate":"2024-02-09"},{"lineNumber":28,"author":{"gitId":"e0958902"},"content":"                String taskFormatter \u003d String.format(\"     %d. %s\", taskListArrayIndex, task);","lastModifiedDate":"2024-02-09"},{"lineNumber":29,"author":{"gitId":"e0958902"},"content":"                System.out.println(taskFormatter);","lastModifiedDate":"2024-02-09"},{"lineNumber":30,"author":{"gitId":"e0958902"},"content":"            }","lastModifiedDate":"2024-02-09"},{"lineNumber":31,"author":{"gitId":"e0958902"},"content":"        }","lastModifiedDate":"2024-02-09"},{"lineNumber":32,"author":{"gitId":"e0958902"},"content":"        System.out.println(horizontalLine);","lastModifiedDate":"2024-02-09"},{"lineNumber":33,"author":{"gitId":"e0958902"},"content":"    }","lastModifiedDate":"2024-02-09"},{"lineNumber":34,"author":{"gitId":"e0958902"},"content":"","lastModifiedDate":"2024-02-09"},{"lineNumber":35,"author":{"gitId":"e0958902"},"content":"    public void markTask(String userInput) {","lastModifiedDate":"2024-02-09"},{"lineNumber":36,"author":{"gitId":"e0958902"},"content":"        try {","lastModifiedDate":"2024-02-09"},{"lineNumber":37,"author":{"gitId":"e0958902"},"content":"            int taskListIndex \u003d Integer.parseInt(userInput.substring(5))","lastModifiedDate":"2024-02-09"},{"lineNumber":38,"author":{"gitId":"e0958902"},"content":"                    - 1;","lastModifiedDate":"2024-02-09"},{"lineNumber":39,"author":{"gitId":"e0958902"},"content":"","lastModifiedDate":"2024-02-09"},{"lineNumber":40,"author":{"gitId":"e0958902"},"content":"            taskList.get(taskListIndex).setDone(true);","lastModifiedDate":"2024-02-09"},{"lineNumber":41,"author":{"gitId":"e0958902"},"content":"","lastModifiedDate":"2024-02-09"},{"lineNumber":42,"author":{"gitId":"e0958902"},"content":"            System.out.println(horizontalLine + lineSeparator","lastModifiedDate":"2024-02-09"},{"lineNumber":43,"author":{"gitId":"e0958902"},"content":"                    + \"     Nice! I\u0027ve marked this task as done:\"","lastModifiedDate":"2024-02-09"},{"lineNumber":44,"author":{"gitId":"e0958902"},"content":"                    + lineSeparator + \"     \" + taskList.get(taskListIndex)","lastModifiedDate":"2024-02-09"},{"lineNumber":45,"author":{"gitId":"e0958902"},"content":"                    + lineSeparator + horizontalLine);","lastModifiedDate":"2024-02-09"},{"lineNumber":46,"author":{"gitId":"e0958902"},"content":"","lastModifiedDate":"2024-02-09"},{"lineNumber":47,"author":{"gitId":"e0958902"},"content":"        } catch (IndexOutOfBoundsException | NumberFormatException s) {","lastModifiedDate":"2024-02-09"},{"lineNumber":48,"author":{"gitId":"e0958902"},"content":"            System.out.println(\"     Invalid integer input\");","lastModifiedDate":"2024-02-09"},{"lineNumber":49,"author":{"gitId":"e0958902"},"content":"            printTasksList();","lastModifiedDate":"2024-02-09"},{"lineNumber":50,"author":{"gitId":"e0958902"},"content":"        }","lastModifiedDate":"2024-02-09"},{"lineNumber":51,"author":{"gitId":"e0958902"},"content":"    }","lastModifiedDate":"2024-02-09"},{"lineNumber":52,"author":{"gitId":"e0958902"},"content":"","lastModifiedDate":"2024-02-09"},{"lineNumber":53,"author":{"gitId":"e0958902"},"content":"    public void unMarkTask(String userInput) {","lastModifiedDate":"2024-02-09"},{"lineNumber":54,"author":{"gitId":"e0958902"},"content":"        try {","lastModifiedDate":"2024-02-09"},{"lineNumber":55,"author":{"gitId":"e0958902"},"content":"            int taskListIndex \u003d (Integer.parseInt(userInput.substring(7))","lastModifiedDate":"2024-02-09"},{"lineNumber":56,"author":{"gitId":"e0958902"},"content":"                    - 1);","lastModifiedDate":"2024-02-09"},{"lineNumber":57,"author":{"gitId":"e0958902"},"content":"","lastModifiedDate":"2024-02-09"},{"lineNumber":58,"author":{"gitId":"e0958902"},"content":"            taskList.get(taskListIndex).setDone(false);","lastModifiedDate":"2024-02-09"},{"lineNumber":59,"author":{"gitId":"e0958902"},"content":"","lastModifiedDate":"2024-02-09"},{"lineNumber":60,"author":{"gitId":"e0958902"},"content":"            System.out.println(horizontalLine + lineSeparator","lastModifiedDate":"2024-02-09"},{"lineNumber":61,"author":{"gitId":"e0958902"},"content":"                    + \"     OK, I\u0027ve marked this task as not done yet:\"","lastModifiedDate":"2024-02-09"},{"lineNumber":62,"author":{"gitId":"e0958902"},"content":"                    + lineSeparator + \"     \" + taskList.get(taskListIndex)","lastModifiedDate":"2024-02-09"},{"lineNumber":63,"author":{"gitId":"e0958902"},"content":"                    + lineSeparator + horizontalLine);","lastModifiedDate":"2024-02-09"},{"lineNumber":64,"author":{"gitId":"e0958902"},"content":"","lastModifiedDate":"2024-02-09"},{"lineNumber":65,"author":{"gitId":"e0958902"},"content":"        } catch (IndexOutOfBoundsException | NumberFormatException s) {","lastModifiedDate":"2024-02-09"},{"lineNumber":66,"author":{"gitId":"e0958902"},"content":"            System.out.println(\"     Invalid integer input\");","lastModifiedDate":"2024-02-09"},{"lineNumber":67,"author":{"gitId":"e0958902"},"content":"            printTasksList();","lastModifiedDate":"2024-02-09"},{"lineNumber":68,"author":{"gitId":"e0958902"},"content":"        }","lastModifiedDate":"2024-02-09"},{"lineNumber":69,"author":{"gitId":"e0958902"},"content":"    }","lastModifiedDate":"2024-02-09"},{"lineNumber":70,"author":{"gitId":"e0958902"},"content":"","lastModifiedDate":"2024-02-09"},{"lineNumber":71,"author":{"gitId":"e0958902"},"content":"    public void addTask(String description) {","lastModifiedDate":"2024-02-09"},{"lineNumber":72,"author":{"gitId":"e0958902"},"content":"        Task newTask \u003d new Task(description);","lastModifiedDate":"2024-02-09"},{"lineNumber":73,"author":{"gitId":"e0958902"},"content":"        taskList.add(newTask);","lastModifiedDate":"2024-02-09"},{"lineNumber":74,"author":{"gitId":"e0958902"},"content":"","lastModifiedDate":"2024-02-09"},{"lineNumber":75,"author":{"gitId":"e0958902"},"content":"        System.out.println(horizontalLine + lineSeparator","lastModifiedDate":"2024-02-09"},{"lineNumber":76,"author":{"gitId":"e0958902"},"content":"                + \"     added: \" + description + lineSeparator","lastModifiedDate":"2024-02-09"},{"lineNumber":77,"author":{"gitId":"e0958902"},"content":"                + horizontalLine);","lastModifiedDate":"2024-02-09"},{"lineNumber":78,"author":{"gitId":"e0958902"},"content":"    }","lastModifiedDate":"2024-02-09"},{"lineNumber":79,"author":{"gitId":"e0958902"},"content":"","lastModifiedDate":"2024-02-09"},{"lineNumber":80,"author":{"gitId":"e0958902"},"content":"//    public void addNewTask(String description) {","lastModifiedDate":"2024-02-09"},{"lineNumber":81,"author":{"gitId":"e0958902"},"content":"//        tasks[taskCount] \u003d new Task(description);","lastModifiedDate":"2024-02-09"},{"lineNumber":82,"author":{"gitId":"e0958902"},"content":"//        taskCount++;","lastModifiedDate":"2024-02-09"},{"lineNumber":83,"author":{"gitId":"e0958902"},"content":"//","lastModifiedDate":"2024-02-09"},{"lineNumber":84,"author":{"gitId":"e0958902"},"content":"//        System.out.println(horizontalLine + lineSeparator","lastModifiedDate":"2024-02-09"},{"lineNumber":85,"author":{"gitId":"e0958902"},"content":"//                + \"     added: \" + description + lineSeparator","lastModifiedDate":"2024-02-09"},{"lineNumber":86,"author":{"gitId":"e0958902"},"content":"//                + horizontalLine);","lastModifiedDate":"2024-02-09"},{"lineNumber":87,"author":{"gitId":"e0958902"},"content":"//    }","lastModifiedDate":"2024-02-09"},{"lineNumber":88,"author":{"gitId":"e0958902"},"content":"","lastModifiedDate":"2024-02-09"},{"lineNumber":89,"author":{"gitId":"e0958902"},"content":"    public void addToDo(String description) {","lastModifiedDate":"2024-02-09"},{"lineNumber":90,"author":{"gitId":"e0958902"},"content":"        String toDoDescription \u003d description.substring(5);","lastModifiedDate":"2024-02-09"},{"lineNumber":91,"author":{"gitId":"e0958902"},"content":"        Task newTask \u003d new ToDo(toDoDescription);","lastModifiedDate":"2024-02-09"},{"lineNumber":92,"author":{"gitId":"e0958902"},"content":"        taskList.add(newTask);","lastModifiedDate":"2024-02-09"},{"lineNumber":93,"author":{"gitId":"e0958902"},"content":"","lastModifiedDate":"2024-02-09"},{"lineNumber":94,"author":{"gitId":"e0958902"},"content":"        System.out.println(horizontalLine + lineSeparator","lastModifiedDate":"2024-02-09"},{"lineNumber":95,"author":{"gitId":"e0958902"},"content":"                + \"     Got it. I\u0027ve added this task: \" + lineSeparator","lastModifiedDate":"2024-02-09"},{"lineNumber":96,"author":{"gitId":"e0958902"},"content":"                + \"       \" + newTask + lineSeparator","lastModifiedDate":"2024-02-09"},{"lineNumber":97,"author":{"gitId":"e0958902"},"content":"                + \"     Now you have \" + taskList.size() + \" tasks in the list\" + lineSeparator","lastModifiedDate":"2024-02-09"},{"lineNumber":98,"author":{"gitId":"e0958902"},"content":"                + horizontalLine);","lastModifiedDate":"2024-02-09"},{"lineNumber":99,"author":{"gitId":"e0958902"},"content":"    }","lastModifiedDate":"2024-02-09"},{"lineNumber":100,"author":{"gitId":"e0958902"},"content":"","lastModifiedDate":"2024-02-09"},{"lineNumber":101,"author":{"gitId":"e0958902"},"content":"    public void addDeadline(String description) {","lastModifiedDate":"2024-02-09"},{"lineNumber":102,"author":{"gitId":"e0958902"},"content":"        String deadlineDescription \u003d description.substring(9);","lastModifiedDate":"2024-02-09"},{"lineNumber":103,"author":{"gitId":"e0958902"},"content":"","lastModifiedDate":"2024-02-09"},{"lineNumber":104,"author":{"gitId":"e0958902"},"content":"        String[] descriptionArguments \u003d deadlineDescription.split(\"/by\");","lastModifiedDate":"2024-02-09"},{"lineNumber":105,"author":{"gitId":"e0958902"},"content":"        String formattedDescription \u003d String.format(\"%s (by: %s)\", descriptionArguments[0].trim(),","lastModifiedDate":"2024-02-09"},{"lineNumber":106,"author":{"gitId":"e0958902"},"content":"                descriptionArguments[1].trim());","lastModifiedDate":"2024-02-09"},{"lineNumber":107,"author":{"gitId":"e0958902"},"content":"        //System.out.println(formattedDescription);","lastModifiedDate":"2024-02-09"},{"lineNumber":108,"author":{"gitId":"e0958902"},"content":"        Task newTask \u003d new Deadline(formattedDescription, descriptionArguments[0]);","lastModifiedDate":"2024-02-09"},{"lineNumber":109,"author":{"gitId":"e0958902"},"content":"        taskList.add(newTask);","lastModifiedDate":"2024-02-09"},{"lineNumber":110,"author":{"gitId":"e0958902"},"content":"","lastModifiedDate":"2024-02-09"},{"lineNumber":111,"author":{"gitId":"e0958902"},"content":"        System.out.println(horizontalLine + lineSeparator","lastModifiedDate":"2024-02-09"},{"lineNumber":112,"author":{"gitId":"e0958902"},"content":"                + \"     Got it. I\u0027ve added this task: \" + lineSeparator","lastModifiedDate":"2024-02-09"},{"lineNumber":113,"author":{"gitId":"e0958902"},"content":"                + \"       \" + newTask + lineSeparator","lastModifiedDate":"2024-02-09"},{"lineNumber":114,"author":{"gitId":"e0958902"},"content":"                + \"     Now you have \" + taskList.size() + \" tasks in the list\" + lineSeparator","lastModifiedDate":"2024-02-09"},{"lineNumber":115,"author":{"gitId":"e0958902"},"content":"                + horizontalLine);","lastModifiedDate":"2024-02-09"},{"lineNumber":116,"author":{"gitId":"e0958902"},"content":"    }","lastModifiedDate":"2024-02-09"},{"lineNumber":117,"author":{"gitId":"e0958902"},"content":"","lastModifiedDate":"2024-02-09"},{"lineNumber":118,"author":{"gitId":"e0958902"},"content":"    public void addEvent(String description) {","lastModifiedDate":"2024-02-09"},{"lineNumber":119,"author":{"gitId":"e0958902"},"content":"        String deadlineDescription \u003d description.substring(6);","lastModifiedDate":"2024-02-09"},{"lineNumber":120,"author":{"gitId":"e0958902"},"content":"","lastModifiedDate":"2024-02-09"},{"lineNumber":121,"author":{"gitId":"e0958902"},"content":"        String[] descriptionArguments \u003d deadlineDescription.split(\"/from\");","lastModifiedDate":"2024-02-09"},{"lineNumber":122,"author":{"gitId":"e0958902"},"content":"        String[] fromAndToArguments \u003d descriptionArguments[1].split(\"/to\");","lastModifiedDate":"2024-02-09"},{"lineNumber":123,"author":{"gitId":"e0958902"},"content":"//        System.out.println(fromAndToArguments[0]); //from","lastModifiedDate":"2024-02-09"},{"lineNumber":124,"author":{"gitId":"e0958902"},"content":"//        System.out.println(fromAndToArguments[1]); //to","lastModifiedDate":"2024-02-09"},{"lineNumber":125,"author":{"gitId":"e0958902"},"content":"","lastModifiedDate":"2024-02-09"},{"lineNumber":126,"author":{"gitId":"e0958902"},"content":"        String formattedDescription \u003d String.format(\"%s(from: %s to: %s)\", descriptionArguments[0],","lastModifiedDate":"2024-02-09"},{"lineNumber":127,"author":{"gitId":"e0958902"},"content":"                fromAndToArguments[0].trim(), fromAndToArguments[1].trim());","lastModifiedDate":"2024-02-09"},{"lineNumber":128,"author":{"gitId":"e0958902"},"content":"//        System.out.println(formattedDescription);","lastModifiedDate":"2024-02-09"},{"lineNumber":129,"author":{"gitId":"e0958902"},"content":"","lastModifiedDate":"2024-02-09"},{"lineNumber":130,"author":{"gitId":"e0958902"},"content":"        Task newTask \u003d new Event(formattedDescription, descriptionArguments[0].trim(),","lastModifiedDate":"2024-02-09"},{"lineNumber":131,"author":{"gitId":"e0958902"},"content":"                descriptionArguments[1].trim());","lastModifiedDate":"2024-02-09"},{"lineNumber":132,"author":{"gitId":"e0958902"},"content":"        taskList.add(newTask);","lastModifiedDate":"2024-02-09"},{"lineNumber":133,"author":{"gitId":"e0958902"},"content":"","lastModifiedDate":"2024-02-09"},{"lineNumber":134,"author":{"gitId":"e0958902"},"content":"        System.out.println(horizontalLine + lineSeparator","lastModifiedDate":"2024-02-09"},{"lineNumber":135,"author":{"gitId":"e0958902"},"content":"                + \"     Got it. I\u0027ve added this task: \" + lineSeparator","lastModifiedDate":"2024-02-09"},{"lineNumber":136,"author":{"gitId":"e0958902"},"content":"                + \"       \" + newTask + lineSeparator","lastModifiedDate":"2024-02-09"},{"lineNumber":137,"author":{"gitId":"e0958902"},"content":"                + \"     Now you have \" + taskList.size() + \" tasks in the list\" + lineSeparator","lastModifiedDate":"2024-02-09"},{"lineNumber":138,"author":{"gitId":"e0958902"},"content":"                + horizontalLine);","lastModifiedDate":"2024-02-09"},{"lineNumber":139,"author":{"gitId":"e0958902"},"content":"    }","lastModifiedDate":"2024-02-09"},{"lineNumber":140,"author":{"gitId":"e0958902"},"content":"}","lastModifiedDate":"2024-02-09"}],"authorContributionMap":{"e0958902":140}},{"path":"src/main/java/ToDo.java","fileType":"java","lines":[{"lineNumber":1,"author":{"gitId":"e0958902"},"content":"public class ToDo extends Task {","lastModifiedDate":"2024-02-09"},{"lineNumber":2,"author":{"gitId":"e0958902"},"content":"    public ToDo(String description) {","lastModifiedDate":"2024-02-09"},{"lineNumber":3,"author":{"gitId":"e0958902"},"content":"        super(description);","lastModifiedDate":"2024-02-09"},{"lineNumber":4,"author":{"gitId":"e0958902"},"content":"    }","lastModifiedDate":"2024-02-09"},{"lineNumber":5,"author":{"gitId":"e0958902"},"content":"","lastModifiedDate":"2024-02-09"},{"lineNumber":6,"author":{"gitId":"e0958902"},"content":"    public String toString() {","lastModifiedDate":"2024-02-09"},{"lineNumber":7,"author":{"gitId":"e0958902"},"content":"        return String.format(\"[T]%s %s\", this.getStatusIcon(), this.description);","lastModifiedDate":"2024-02-09"},{"lineNumber":8,"author":{"gitId":"e0958902"},"content":"    }","lastModifiedDate":"2024-02-09"},{"lineNumber":9,"author":{"gitId":"e0958902"},"content":"}","lastModifiedDate":"2024-02-09"}],"authorContributionMap":{"e0958902":9}}]
