{"authorDailyContributionsMap":{"tiffanyliu0220":[{"date":"2024-02-07","commitResults":[{"hash":"5067e11925d54bf76ec8358238163219d7f8a890","isMergeCommit":false,"messageTitle":"Week 2 Level-0: Rename, Greet, Exit","messageBody":"","tags":["Level-0"],"fileTypesAndContributionMap":{"java":{"insertions":13,"deletions":10}}}]},{"date":"2024-02-08","commitResults":[{"hash":"c688996cba7bb026d75f3ad7c3d11531b260f433","isMergeCommit":false,"messageTitle":"Week 3 Level-1, 2, 3","messageBody":"","tags":["Level-3","Level-2","Level-1","A-CodingStandard"],"fileTypesAndContributionMap":{"java":{"insertions":100,"deletions":4}}},{"hash":"1bfdf54c9c6e29c5832803c92142cf57acfef371","isMergeCommit":false,"messageTitle":"Week 3 Level-1, 2, 3","messageBody":"","fileTypesAndContributionMap":{"java":{"insertions":1,"deletions":1}}}]},{"date":"2024-03-04","commitResults":[{"hash":"9c1c488714f86f7f064e6ae43b586e903e2776f9","isMergeCommit":false,"messageTitle":"Week 4 Level 4","messageBody":"","tags":["Level-4"],"fileTypesAndContributionMap":{"java":{"insertions":112,"deletions":52}}}]},{"date":"2024-03-07","commitResults":[{"hash":"4dd35ac8785e6429c7539e5f2c8e7ba1b6a110b1","isMergeCommit":false,"messageTitle":"Level-5","messageBody":"","fileTypesAndContributionMap":{"java":{"insertions":137,"deletions":73}}},{"hash":"ebc535d60de986e6e7f30b8a47b0e68011aeea11","isMergeCommit":true,"messageTitle":"Merge branch \u0027branch-Level-5\u0027","messageBody":"","tags":["Level-5"],"fileTypesAndContributionMap":{}}]}]},"authorFileTypeContributionMap":{"tiffanyliu0220":{"java":233,"md":0,"fxml":0,"sh":0,"bat":0,"gradle":0,"txt":0}},"authorContributionVariance":{"tiffanyliu0220":1583.6238},"authorDisplayNameMap":{"tiffanyliu0220":"CS2113-T11-2 LIU ..G YU"}}
