{"authorDailyContributionsMap":{"Mmaxx15":[{"date":"2024-01-24","commitResults":[{"hash":"5f3fc9fd22f609f2f97a96822bc1f816412562c8","isMergeCommit":false,"messageTitle":"Rename Duke to Dobby","messageBody":"","fileTypesAndContributionMap":{"java":{"insertions":20,"deletions":10},"bat":{"insertions":1,"deletions":1},"md":{"insertions":2,"deletions":2}}},{"hash":"b4bfad0f5c50acc7fb9524b7400008ab63a2284c","isMergeCommit":false,"messageTitle":"Rename Duke to Dobby","messageBody":"","fileTypesAndContributionMap":{"java":{"insertions":1,"deletions":1}}},{"hash":"a6dc7e3a232face767b80b570e8139a0c62daa06","isMergeCommit":false,"messageTitle":"Rename Duke to Dobby","messageBody":"","fileTypesAndContributionMap":{"java":{"insertions":1,"deletions":6}}},{"hash":"c6ed2d74504743c5045e2a91396d106a702345d8","isMergeCommit":false,"messageTitle":"Rename Duke to Dobby","messageBody":"","fileTypesAndContributionMap":{"java":{"insertions":1,"deletions":1}}},{"hash":"9efcb2c4d5067a608e20d3b5f0aaee08fc0e3f7b","isMergeCommit":false,"messageTitle":"spacing","messageBody":"","fileTypesAndContributionMap":{"java":{"insertions":7,"deletions":7}}}]},{"date":"2024-01-28","commitResults":[{"hash":"93b732d445fb08992ead23bc4d46629bfbd3dfe7","isMergeCommit":false,"messageTitle":"fixed indentation","messageBody":"","tags":["Level-0"],"fileTypesAndContributionMap":{"java":{"insertions":8,"deletions":8}}}]},{"date":"2024-01-29","commitResults":[{"hash":"1971b1bb5e66ccdf98f4e2a079cccee2b7983a0e","isMergeCommit":false,"messageTitle":"added Echo function to Dobby","messageBody":"","tags":["Level-1"],"fileTypesAndContributionMap":{"java":{"insertions":21,"deletions":2}}},{"hash":"11ea41564e64af71e85b67ff2e79903db3c7f46a","isMergeCommit":false,"messageTitle":"Add ability to add tasks","messageBody":"","fileTypesAndContributionMap":{"java":{"insertions":36,"deletions":16}}},{"hash":"9d348974b7d11ae05595326c77b11b9ebef97524","isMergeCommit":false,"messageTitle":"Added ability to list tasks","messageBody":"","tags":["Level-2"],"fileTypesAndContributionMap":{"java":{"insertions":22,"deletions":2}}}]},{"date":"2024-01-31","commitResults":[{"hash":"ff31894fc3625014c29b1561551605a447bb2dae","isMergeCommit":false,"messageTitle":"Added ability to mark tasks","messageBody":"","tags":["Level-3"],"fileTypesAndContributionMap":{"java":{"insertions":75,"deletions":9}}}]},{"date":"2024-02-01","commitResults":[{"hash":"0213a8d1e4339d561546e878bd3e8f4b163fa0fd","isMergeCommit":false,"messageTitle":"modified markTask and unmarkTask","messageBody":"","fileTypesAndContributionMap":{"java":{"insertions":56,"deletions":47}}}]},{"date":"2024-02-05","commitResults":[{"hash":"cc4e01f7ae460c867787c0609b72ca08ada0b356","isMergeCommit":false,"messageTitle":"edited to fit coding standards and gave bby more character","messageBody":"","tags":["A-CodingStandard"],"fileTypesAndContributionMap":{"java":{"insertions":3,"deletions":3}}}]},{"date":"2024-02-06","commitResults":[{"hash":"f9db4f5954748bfdf1e026f263e85a3345e37407","isMergeCommit":false,"messageTitle":"refactored task.java into task.java and taskList.java","messageBody":"","fileTypesAndContributionMap":{"java":{"insertions":176,"deletions":112}}},{"hash":"17eea7bdc3818310f9ee326c96af7bce6f0efe26","isMergeCommit":false,"messageTitle":"Created Deadline and Events classes for Level-4","messageBody":"","fileTypesAndContributionMap":{"java":{"insertions":2,"deletions":2}}},{"hash":"41feeeb284787f778310638f58f937007d841820","isMergeCommit":false,"messageTitle":"moved functions related to marking and unmarking tasks into new class called Todo.java","messageBody":"","fileTypesAndContributionMap":{"java":{"insertions":82,"deletions":110}}},{"hash":"11eb6117ac6717ccd3b50d6bb30414bf6e678bfb","isMergeCommit":false,"messageTitle":"Revert \"moved functions related to marking and unmarking tasks into new class called Todo.java\"","messageBody":"This reverts commit 41feeeb284787f778310638f58f937007d841820.\n","fileTypesAndContributionMap":{"java":{"insertions":110,"deletions":82}}},{"hash":"67fbd7b0d6f8c5e113afb0b9747ce41a178fa8d1","isMergeCommit":false,"messageTitle":"reformatted again and added deadline class","messageBody":"","fileTypesAndContributionMap":{"java":{"insertions":52,"deletions":23}}}]},{"date":"2024-02-10","commitResults":[{"hash":"6dcc2b57ac9d28ab1c004ed900017ae316db7759","isMergeCommit":false,"messageTitle":"Completed Events","messageBody":"","tags":["Level-4"],"fileTypesAndContributionMap":{"java":{"insertions":35,"deletions":1}}}]},{"date":"2024-02-13","commitResults":[{"hash":"2bb43088c8a176d2bab0208752d008ff7d1769b9","isMergeCommit":false,"messageTitle":"added ability to check if unmark index is invalid","messageBody":"","fileTypesAndContributionMap":{"java":{"insertions":1,"deletions":2}}},{"hash":"4876d1acb8da457060d0a442192482c8647ccb2b","isMergeCommit":false,"messageTitle":"fixed indentation","messageBody":"","fileTypesAndContributionMap":{"java":{"insertions":85,"deletions":86}}},{"hash":"d90ef593b29efb4f2c8419624ff1c86c0930acdb","isMergeCommit":false,"messageTitle":"Coding standards for \"Events\" invalid command","messageBody":"","fileTypesAndContributionMap":{"java":{"insertions":2,"deletions":1}}}]},{"date":"2024-02-18","commitResults":[{"hash":"0101b724a8ca831922380261662450e4b90b5305","isMergeCommit":false,"messageTitle":"Manage exception for invalid input when marking and unmarking tasks","messageBody":"","fileTypesAndContributionMap":{"java":{"insertions":49,"deletions":43}}},{"hash":"a2c5680cacc5f68aee716bf6ef1c33e0ee565e68","isMergeCommit":false,"messageTitle":"extracted mark and unmark task as methods for readability","messageBody":"","fileTypesAndContributionMap":{"java":{"insertions":18,"deletions":10}}},{"hash":"3025c0f769671419ca24795f555906da3db75fc6","isMergeCommit":false,"messageTitle":"extracted addDeadlineTask and addEvent as methods for readability","messageBody":"","tags":["A-CodeQuality"],"fileTypesAndContributionMap":{"java":{"insertions":31,"deletions":19}}},{"hash":"822c74a0ea20e205cc60441287829a8614fea0c8","isMergeCommit":false,"messageTitle":"renamed markTask and unmarkTask due to duplicate names","messageBody":"","fileTypesAndContributionMap":{"java":{"insertions":8,"deletions":4}}},{"hash":"b9978f49b0f2a7a0d58a7523000e2cf3fd8e9427","isMergeCommit":false,"messageTitle":"handle exception when tasklist is full","messageBody":"","tags":["A-Exceptions"],"fileTypesAndContributionMap":{"java":{"insertions":55,"deletions":8}}},{"hash":"8d54e69d27a9d30a9107955506cecdc2c62efd57","isMergeCommit":false,"messageTitle":"removed todo class","messageBody":"","tags":["Level-5"],"fileTypesAndContributionMap":{"java":{"insertions":0,"deletions":11}}}]},{"date":"2024-02-20","commitResults":[{"hash":"96bc7a5a37eb88a657aa0c1c7473f9750bf73456","isMergeCommit":true,"messageTitle":"Merge branch \u0027branch-Level-5\u0027","messageBody":"","fileTypesAndContributionMap":{}}]},{"date":"2024-02-21","commitResults":[{"hash":"360d34a046e413d9021d02eb40600433999bcf2d","isMergeCommit":false,"messageTitle":"Implemented ArrayList for storing tasks","messageBody":"","tags":["A-Collections"],"fileTypesAndContributionMap":{"java":{"insertions":13,"deletions":12}}}]},{"date":"2024-02-22","commitResults":[{"hash":"2fb623140a192442fe812bfbce3e71c849de0164","isMergeCommit":false,"messageTitle":"added function to delete tasks and changed fixed array to dynamic array","messageBody":"","tags":["Level-6"],"fileTypesAndContributionMap":{"java":{"insertions":15,"deletions":0}}}]},{"date":"2024-02-23","commitResults":[{"hash":"1405bd28c2e2bd3d07e8c0a9df9e0ad5ac54c9db","isMergeCommit":false,"messageTitle":"Added method to save tasks into a text file which updates everytime a task is added,marked or unmarked","messageBody":"","fileTypesAndContributionMap":{"java":{"insertions":43,"deletions":0}}},{"hash":"cf244058e3c24de707de9865017df4e65cff2899","isMergeCommit":false,"messageTitle":"Added ability to load file from data/text.txt description of events and deadline are in format of user inputs","messageBody":"however current iteration prints \"add \u003ctask\u003e\" when running of dobby as methods addTask/addEvent/addDeadlineTasks from class TaskList is used\n","fileTypesAndContributionMap":{"java":{"insertions":96,"deletions":9}}},{"hash":"4519b4bea525a6aa5d1aaeccf16d1f72d2b91f56","isMergeCommit":false,"messageTitle":"modifed methods addTask,addEvent and addDeadlineTasks by adding additional boolean input which checks if the method is called from user input of when loading file from text.txt","messageBody":"","fileTypesAndContributionMap":{"java":{"insertions":24,"deletions":18}}},{"hash":"140c7e9a7ddd64cd4361399adb8e2836b44281df","isMergeCommit":false,"messageTitle":"removed spacing","messageBody":"","tags":["Level-7"],"fileTypesAndContributionMap":{"java":{"insertions":1,"deletions":3}}},{"hash":"6e355f165463737324adf2d2252f72e7339425c0","isMergeCommit":true,"messageTitle":"mergerged branch-level-6 to master and merged branch-Level-7 to master managed conflicts during merger","messageBody":"delete method does not append text.txt\n","fileTypesAndContributionMap":{}},{"hash":"5f9ce14a302ad989d2fe971fbb43f9a454a48c65","isMergeCommit":false,"messageTitle":"Delete now modifies changed the text.txt file","messageBody":"","fileTypesAndContributionMap":{"java":{"insertions":3,"deletions":2}}},{"hash":"f934944b40574d7a4e65bd38a879899c94829181","isMergeCommit":false,"messageTitle":"fixed typo in dobby name","messageBody":"","fileTypesAndContributionMap":{"java":{"insertions":1,"deletions":1}}},{"hash":"6deb26d75054b7b7a07907e9800be6e8063dd632","isMergeCommit":false,"messageTitle":"Update README.md","messageBody":"","fileTypesAndContributionMap":{"md":{"insertions":9,"deletions":21}}},{"hash":"87c5368204a7c10dadab5ccc5c223b23f0da223d","isMergeCommit":false,"messageTitle":"Update README.md","messageBody":"","tags":["A-Jar"],"fileTypesAndContributionMap":{"md":{"insertions":3,"deletions":3}}}]},{"date":"2024-02-28","commitResults":[{"hash":"99749a2ee936d133fc9fe32f95b821b71ce80f4d","isMergeCommit":false,"messageTitle":"made Ui class to display text user sees","messageBody":"","fileTypesAndContributionMap":{"java":{"insertions":30,"deletions":10}}},{"hash":"2e2bb551a57e0ecf32ee42f65f279cd38623dad9","isMergeCommit":false,"messageTitle":"removeed commented code","messageBody":"","fileTypesAndContributionMap":{"java":{"insertions":1,"deletions":10}}},{"hash":"bc6dbe7e0adfe60d72fe012cc1f2f8c54798e45b","isMergeCommit":false,"messageTitle":"Un-hardcoded the file path to make it usable on other devices","messageBody":"","fileTypesAndContributionMap":{"java":{"insertions":1,"deletions":3}}},{"hash":"25b6111db69abcc0415450bc76e2b86f3a804fe1","isMergeCommit":false,"messageTitle":"extracted repeat print lines for codequality","messageBody":"","fileTypesAndContributionMap":{"java":{"insertions":2,"deletions":2}}},{"hash":"63fc98edc75adf8c20a6002dbd97731e59ffc46f","isMergeCommit":false,"messageTitle":"extracted out ProcessCommands class to handle user commands, leaving TaskList class to deal with task related operations","messageBody":"","tags":["A-MoreOOP"],"fileTypesAndContributionMap":{"java":{"insertions":73,"deletions":72}}},{"hash":"13a85a72eaf60bbdd9c3c4839d20e71e98e733d5","isMergeCommit":false,"messageTitle":"added method to find tasks","messageBody":"","tags":["Level-9"],"fileTypesAndContributionMap":{"java":{"insertions":54,"deletions":29}}},{"hash":"99173267a02ab35bc5242e581b87f24be4aa9a97","isMergeCommit":false,"messageTitle":"Added method comments","messageBody":"","fileTypesAndContributionMap":{"java":{"insertions":7,"deletions":0}}},{"hash":"f7dd2a5937cf10fee624e3a075a4515a4107f4df","isMergeCommit":false,"messageTitle":"added comments for methods in ProcessCommands class","messageBody":"","fileTypesAndContributionMap":{"java":{"insertions":13,"deletions":1}}},{"hash":"14e895cac1bc2e839ff8ac3a706965a3a9b2fc4d","isMergeCommit":true,"messageTitle":"Merge pull request #1 from Mmaxx15/branch-Level-9","messageBody":"Branch level 9","fileTypesAndContributionMap":{}},{"hash":"59ce0c3d62694f00618b17de54827922f429830f","isMergeCommit":true,"messageTitle":"Merge pull request #2 from Mmaxx15/A-JavaDoc","messageBody":"A-JavaDoc","fileTypesAndContributionMap":{}},{"hash":"562eb6c13c20dc4ce95eb65a9f2066857149bdfd","isMergeCommit":false,"messageTitle":"Update README.md","messageBody":"","fileTypesAndContributionMap":{"md":{"insertions":9,"deletions":5}}},{"hash":"48fdbdb586c30abb94fdeea9fdb1892694f30bf5","isMergeCommit":false,"messageTitle":"Update README.md","messageBody":"","fileTypesAndContributionMap":{"md":{"insertions":4,"deletions":8}}},{"hash":"a9075e91dd32b487168906448d8d540926220f70","isMergeCommit":false,"messageTitle":"Update README.md","messageBody":"","fileTypesAndContributionMap":{"md":{"insertions":63,"deletions":2}}},{"hash":"174659648f6e16b3f20e83e2fbf2f7bb66e48e43","isMergeCommit":false,"messageTitle":"Update README.md","messageBody":"","fileTypesAndContributionMap":{"md":{"insertions":14,"deletions":7}}},{"hash":"fabdba2499920082700637ea723b31e20422c342","isMergeCommit":false,"messageTitle":"Update README.md","messageBody":"","fileTypesAndContributionMap":{"md":{"insertions":3,"deletions":3}}},{"hash":"e50b61cbcf8c147d09dd8b740028b8891daffd24","isMergeCommit":false,"messageTitle":"Update README.md","messageBody":"","fileTypesAndContributionMap":{"md":{"insertions":3,"deletions":3}}},{"hash":"acaee9a66a79a35d789415037902c21856a638cc","isMergeCommit":false,"messageTitle":"Update README.md","messageBody":"","fileTypesAndContributionMap":{"md":{"insertions":2,"deletions":2}}},{"hash":"9d090a34db05a9c5abae6a3296c19f033cae4521","isMergeCommit":false,"messageTitle":"Update README.md","messageBody":"","fileTypesAndContributionMap":{"md":{"insertions":8,"deletions":0}}},{"hash":"9c037143b328490734e3ed205946186de9d32c50","isMergeCommit":false,"messageTitle":"Update README.md","messageBody":"","fileTypesAndContributionMap":{"md":{"insertions":8,"deletions":8}}},{"hash":"6ed52a7000fdfa41c3935923d792a9aa9f831ead","isMergeCommit":false,"messageTitle":"Update README.md","messageBody":"","fileTypesAndContributionMap":{"md":{"insertions":0,"deletions":8}}},{"hash":"55260c332d69dbdf790ad83b00c3d99c9dca41bb","isMergeCommit":false,"messageTitle":"Update README.md","messageBody":"","fileTypesAndContributionMap":{"md":{"insertions":2,"deletions":0}}},{"hash":"902a5fb3583dc096ce6fd5d3fc074bcf200cbde6","isMergeCommit":false,"messageTitle":"Update README.md","messageBody":"","fileTypesAndContributionMap":{"md":{"insertions":1,"deletions":1}}},{"hash":"4e6f802d6432dc41b58608c205bfd0c926575eed","isMergeCommit":false,"messageTitle":"Update README.md","messageBody":"","fileTypesAndContributionMap":{"md":{"insertions":1,"deletions":1}}},{"hash":"30abbf76bece19a8641cfc4cb48451a69c81ae3c","isMergeCommit":false,"messageTitle":"Update README.md","messageBody":"","fileTypesAndContributionMap":{"md":{"insertions":3,"deletions":1}}},{"hash":"ff54c0f9543b902390b11eae2be841e05a00bf1a","isMergeCommit":false,"messageTitle":"Update README.md","messageBody":"","fileTypesAndContributionMap":{"md":{"insertions":3,"deletions":1}}},{"hash":"f320a87621b80600a5763add2960aa033a9333d4","isMergeCommit":false,"messageTitle":"Update README.md","messageBody":"","fileTypesAndContributionMap":{"md":{"insertions":9,"deletions":1}}},{"hash":"5a435bea82309d242baf6defa446ea936fc9ec72","isMergeCommit":false,"messageTitle":"Update README.md","messageBody":"","fileTypesAndContributionMap":{"md":{"insertions":1,"deletions":0}}},{"hash":"f3da727fb027581b6d7bb140a6c50b41cbb186d9","isMergeCommit":false,"messageTitle":"Update README.md","messageBody":"","fileTypesAndContributionMap":{"md":{"insertions":11,"deletions":1}}},{"hash":"f5f8c08276abed509b4fba5084008b53a0313abf","isMergeCommit":false,"messageTitle":"Update README.md","messageBody":"","fileTypesAndContributionMap":{"md":{"insertions":1,"deletions":1}}},{"hash":"5aba4b027374cb714cc4e9ff6fc1e39c9236be4b","isMergeCommit":false,"messageTitle":"Update README.md","messageBody":"","fileTypesAndContributionMap":{"md":{"insertions":1,"deletions":1}}},{"hash":"04e60a62315b698817a07f72a6edf6c2c611b406","isMergeCommit":false,"messageTitle":"Update README.md","messageBody":"","fileTypesAndContributionMap":{"md":{"insertions":1,"deletions":1}}},{"hash":"961c8882cd43fa5ced8504e9c1405e69beb3d923","isMergeCommit":false,"messageTitle":"Unhardcoded the file path so it works on any computer with java 11","messageBody":"","fileTypesAndContributionMap":{"java":{"insertions":16,"deletions":1}}},{"hash":"4ecc89aeed676de10a955b609ad084d142646908","isMergeCommit":false,"messageTitle":"Update README.md","messageBody":"","fileTypesAndContributionMap":{"md":{"insertions":116,"deletions":6}}},{"hash":"a151ddf5eb376193b9ee4320737a9fa17f61280c","isMergeCommit":false,"messageTitle":"Update README.md","messageBody":"","fileTypesAndContributionMap":{"md":{"insertions":12,"deletions":0}}},{"hash":"9493408e2a44e661243984eee82ca45168dc3f2a","isMergeCommit":false,"messageTitle":"resolved error of cant find path","messageBody":"","fileTypesAndContributionMap":{"java":{"insertions":18,"deletions":12}}},{"hash":"0cdf7d467d63f58fc8ff43eca591cbef712f0342","isMergeCommit":false,"messageTitle":"editted comments","messageBody":"","fileTypesAndContributionMap":{"java":{"insertions":0,"deletions":1}}},{"hash":"f8154e9dce31c3ebe5498702fc54edafaaf75ef2","isMergeCommit":false,"messageTitle":"extracted methods from loadtasksfromfile to reduce arrow-head","messageBody":"","fileTypesAndContributionMap":{"java":{"insertions":51,"deletions":35}}},{"hash":"ed0ab494e0c0c392de19c0c700bd55682267faac","isMergeCommit":false,"messageTitle":"Update README.md","messageBody":"","fileTypesAndContributionMap":{"md":{"insertions":6,"deletions":0}}},{"hash":"d061fd0637b885c1bf8c2fbb0cfaa38cafe786f6","isMergeCommit":false,"messageTitle":"Update README.md","messageBody":"","fileTypesAndContributionMap":{"md":{"insertions":18,"deletions":1}}},{"hash":"7cf6fa982375d223837509a3e0cd720ac2273262","isMergeCommit":false,"messageTitle":"comments for methods in filemanager class","messageBody":"","tags":["A-JavaDoc"],"fileTypesAndContributionMap":{"java":{"insertions":15,"deletions":1}}},{"hash":"327640c99c1313e76d75630e705e39a2947a42ef","isMergeCommit":false,"messageTitle":"give pronous in comment. OK Intellij","messageBody":"","fileTypesAndContributionMap":{"java":{"insertions":1,"deletions":1}}},{"hash":"cefcff548f0def7b73b568346f9d016fd2fd9bce","isMergeCommit":false,"messageTitle":"Revert \"give pronous in comment. OK Intellij\"","messageBody":"This reverts commit ab6485a4c644a14109aa97b25230ab18d467b98f.\n","fileTypesAndContributionMap":{"java":{"insertions":1,"deletions":1}}},{"hash":"7e091be5aa0106a7d48eb9290f93b2f3ae6ea2d2","isMergeCommit":false,"messageTitle":"Revert \"Revert \"give pronous in comment. OK Intellij\"\"","messageBody":"This reverts commit cefcff548f0def7b73b568346f9d016fd2fd9bce.\n","fileTypesAndContributionMap":{"java":{"insertions":1,"deletions":1}}},{"hash":"bb668ae5870807baae62f1ae582e6f161f43de24","isMergeCommit":false,"messageTitle":"tidy up code","messageBody":"","fileTypesAndContributionMap":{"java":{"insertions":0,"deletions":1}}}]}]},"authorFileTypeContributionMap":{"Mmaxx15":{"java":597,"md":258,"fxml":0,"sh":0,"bat":1,"gradle":0,"txt":0}},"authorContributionVariance":{"Mmaxx15":30675.732},"authorDisplayNameMap":{"Mmaxx15":"CS2113-W13-3 LEON.. MAX"}}
