{"authorDailyContributionsMap":{"cheeseong2001":[{"date":"2024-01-22","commitResults":[{"hash":"7dd460a39bb2364bfc6f628efe9afbda9687b9f8","isMergeCommit":false,"messageTitle":"Increment Level-0 Rename Duke to CheeseBot Add Greeting Add Exit","messageBody":"","tags":["Level-0"],"fileTypesAndContributionMap":{"java":{"insertions":13,"deletions":10}}}]},{"date":"2024-01-29","commitResults":[{"hash":"cfd6685f5657f2424fb932fb8ca0f7c248c58e66","isMergeCommit":false,"messageTitle":"Add echo","messageBody":"","tags":["Level-1"],"fileTypesAndContributionMap":{"java":{"insertions":21,"deletions":7}}},{"hash":"6c05e8bb6827e160f2701b163f97148ae8e86c68","isMergeCommit":false,"messageTitle":"Add \"add\" and \"list\" features","messageBody":"","tags":["Level-2"],"fileTypesAndContributionMap":{"java":{"insertions":26,"deletions":5}}},{"hash":"59bb4c12ecabc26fcccc4482538352a66600d3ff","isMergeCommit":false,"messageTitle":"Add Task class","messageBody":"","fileTypesAndContributionMap":{"java":{"insertions":29,"deletions":0}}},{"hash":"cdef24ffac6d6b175363e314b3ade855d98ce9e9","isMergeCommit":false,"messageTitle":"Add \"mark\" and \"unmark\" features","messageBody":"","tags":["Level-3"],"fileTypesAndContributionMap":{"java":{"insertions":100,"deletions":14}}}]},{"date":"2024-01-30","commitResults":[{"hash":"ccd97f7345e564e0e2b407dbbf4d51a7c01721c1","isMergeCommit":false,"messageTitle":"Update accordingly to coding standards","messageBody":"","tags":["A-CodingStandard"],"fileTypesAndContributionMap":{"java":{"insertions":34,"deletions":30}}}]}]},"authorFileTypeContributionMap":{"cheeseong2001":{"java":167,"md":0,"fxml":0,"sh":0,"bat":0,"gradle":0,"txt":0}},"authorContributionVariance":{"cheeseong2001":3205.7432},"authorDisplayNameMap":{"cheeseong2001":"LUAN..EONG"}}
