[{"path":"src/main/java/Duke.java","fileType":"java","lines":[{"lineNumber":1,"author":{"gitId":"ThawTunZan"},"content":"import Exceptions.*;","lastModifiedDate":"2024-02-21"},{"lineNumber":2,"author":{"gitId":"ThawTunZan"},"content":"import FileManagerPackage.FileManager;","lastModifiedDate":"2024-02-21"},{"lineNumber":3,"author":{"gitId":"ThawTunZan"},"content":"import PrintMessages.Messages;","lastModifiedDate":"2024-02-21"},{"lineNumber":4,"author":{"gitId":"ThawTunZan"},"content":"import Tasks.*;","lastModifiedDate":"2024-02-21"},{"lineNumber":5,"author":{"gitId":"ThawTunZan"},"content":"import commands.*;","lastModifiedDate":"2024-02-21"},{"lineNumber":6,"author":{"gitId":"ThawTunZan"},"content":"","lastModifiedDate":"2024-02-21"},{"lineNumber":7,"author":{"gitId":"ThawTunZan"},"content":"import java.util.ArrayList;","lastModifiedDate":"2024-02-20"},{"lineNumber":8,"author":{"gitId":"ThawTunZan"},"content":"import java.util.Scanner;","lastModifiedDate":"2024-02-02"},{"lineNumber":9,"author":{"gitId":"ThawTunZan"},"content":"import java.io.File;","lastModifiedDate":"2024-02-20"},{"lineNumber":10,"author":{"gitId":"ThawTunZan"},"content":"import java.io.FileNotFoundException;","lastModifiedDate":"2024-02-20"},{"lineNumber":11,"author":{"gitId":"ThawTunZan"},"content":"import java.io.IOException;","lastModifiedDate":"2024-02-20"},{"lineNumber":12,"author":{"gitId":"ThawTunZan"},"content":"","lastModifiedDate":"2024-02-20"},{"lineNumber":13,"author":{"gitId":"-"},"content":"public class Duke {","lastModifiedDate":"2019-07-29"},{"lineNumber":14,"author":{"gitId":"-"},"content":"    public static void main(String[] args) {","lastModifiedDate":"2019-07-29"},{"lineNumber":15,"author":{"gitId":"ThawTunZan"},"content":"        Messages.printsGreeting();","lastModifiedDate":"2024-02-21"},{"lineNumber":16,"author":{"gitId":"ThawTunZan"},"content":"        startProgramme();","lastModifiedDate":"2024-02-21"},{"lineNumber":17,"author":{"gitId":"ThawTunZan"},"content":"    }","lastModifiedDate":"2024-02-02"},{"lineNumber":18,"author":{"gitId":"ThawTunZan"},"content":"","lastModifiedDate":"2024-02-05"},{"lineNumber":19,"author":{"gitId":"ThawTunZan"},"content":"    private static void startProgramme() {","lastModifiedDate":"2024-02-21"},{"lineNumber":20,"author":{"gitId":"ThawTunZan"},"content":"        try {","lastModifiedDate":"2024-02-21"},{"lineNumber":21,"author":{"gitId":"ThawTunZan"},"content":"            ArrayList\u003cTask\u003e list \u003d new ArrayList\u003c\u003e();","lastModifiedDate":"2024-02-21"},{"lineNumber":22,"author":{"gitId":"ThawTunZan"},"content":"            Scanner input \u003d new Scanner(System.in);","lastModifiedDate":"2024-02-21"},{"lineNumber":23,"author":{"gitId":"ThawTunZan"},"content":"","lastModifiedDate":"2024-02-02"},{"lineNumber":24,"author":{"gitId":"ThawTunZan"},"content":"            File f \u003d FileManager.getFile();","lastModifiedDate":"2024-02-21"},{"lineNumber":25,"author":{"gitId":"ThawTunZan"},"content":"            Scanner s \u003d new Scanner(f);","lastModifiedDate":"2024-02-20"},{"lineNumber":26,"author":{"gitId":"ThawTunZan"},"content":"            FileManager.readFile(s, list);","lastModifiedDate":"2024-02-21"},{"lineNumber":27,"author":{"gitId":"ThawTunZan"},"content":"","lastModifiedDate":"2024-02-20"},{"lineNumber":28,"author":{"gitId":"ThawTunZan"},"content":"            startListening(input, list);","lastModifiedDate":"2024-02-21"},{"lineNumber":29,"author":{"gitId":"ThawTunZan"},"content":"        } catch (ThawException e) {","lastModifiedDate":"2024-02-21"},{"lineNumber":30,"author":{"gitId":"ThawTunZan"},"content":"            handleError(e);","lastModifiedDate":"2024-02-21"},{"lineNumber":31,"author":{"gitId":"ThawTunZan"},"content":"        } catch (IOException e) {","lastModifiedDate":"2024-02-21"},{"lineNumber":32,"author":{"gitId":"ThawTunZan"},"content":"            System.out.println(\"     An error occurred while reading file: \" + e.getMessage());","lastModifiedDate":"2024-02-21"},{"lineNumber":33,"author":{"gitId":"ThawTunZan"},"content":"        }","lastModifiedDate":"2024-02-20"},{"lineNumber":34,"author":{"gitId":"ThawTunZan"},"content":"    }","lastModifiedDate":"2024-02-20"},{"lineNumber":35,"author":{"gitId":"ThawTunZan"},"content":"","lastModifiedDate":"2024-02-20"},{"lineNumber":36,"author":{"gitId":"ThawTunZan"},"content":"    private static void startListening(Scanner input, ArrayList\u003cTask\u003e list) throws ThawException {","lastModifiedDate":"2024-02-21"},{"lineNumber":37,"author":{"gitId":"ThawTunZan"},"content":"        boolean canExit \u003d false;","lastModifiedDate":"2024-02-02"},{"lineNumber":38,"author":{"gitId":"ThawTunZan"},"content":"        while (!canExit) {","lastModifiedDate":"2024-02-02"},{"lineNumber":39,"author":{"gitId":"ThawTunZan"},"content":"            String usersInput \u003d input.nextLine();","lastModifiedDate":"2024-02-02"},{"lineNumber":40,"author":{"gitId":"ThawTunZan"},"content":"","lastModifiedDate":"2024-02-05"},{"lineNumber":41,"author":{"gitId":"ThawTunZan"},"content":"            if (usersInput.strip().equals(\"bye\")) {","lastModifiedDate":"2024-02-21"},{"lineNumber":42,"author":{"gitId":"ThawTunZan"},"content":"                canExit \u003d true;","lastModifiedDate":"2024-02-02"},{"lineNumber":43,"author":{"gitId":"ThawTunZan"},"content":"                Messages.printGoodByeMessage();","lastModifiedDate":"2024-02-21"},{"lineNumber":44,"author":{"gitId":"ThawTunZan"},"content":"            } else if (usersInput.strip().equals(\"list\")) {","lastModifiedDate":"2024-02-21"},{"lineNumber":45,"author":{"gitId":"ThawTunZan"},"content":"                Messages.printList(list);","lastModifiedDate":"2024-02-21"},{"lineNumber":46,"author":{"gitId":"ThawTunZan"},"content":"            } else {","lastModifiedDate":"2024-02-21"},{"lineNumber":47,"author":{"gitId":"ThawTunZan"},"content":"               editTask(usersInput.strip(), list);","lastModifiedDate":"2024-02-21"},{"lineNumber":48,"author":{"gitId":"ThawTunZan"},"content":"            }","lastModifiedDate":"2024-02-11"},{"lineNumber":49,"author":{"gitId":"ThawTunZan"},"content":"        }","lastModifiedDate":"2024-02-11"},{"lineNumber":50,"author":{"gitId":"ThawTunZan"},"content":"    }","lastModifiedDate":"2024-02-11"},{"lineNumber":51,"author":{"gitId":"ThawTunZan"},"content":"","lastModifiedDate":"2024-02-14"},{"lineNumber":52,"author":{"gitId":"ThawTunZan"},"content":"    private static void editTask(String usersInput, ArrayList\u003cTask\u003e task) {","lastModifiedDate":"2024-02-21"},{"lineNumber":53,"author":{"gitId":"ThawTunZan"},"content":"        try {","lastModifiedDate":"2024-02-21"},{"lineNumber":54,"author":{"gitId":"ThawTunZan"},"content":"            if (usersInput.startsWith(\"mark\")) {","lastModifiedDate":"2024-02-21"},{"lineNumber":55,"author":{"gitId":"ThawTunZan"},"content":"                MarkTask.markTask(task, usersInput);","lastModifiedDate":"2024-02-21"},{"lineNumber":56,"author":{"gitId":"ThawTunZan"},"content":"            } else if (usersInput.startsWith(\"unmark\")) {","lastModifiedDate":"2024-02-21"},{"lineNumber":57,"author":{"gitId":"ThawTunZan"},"content":"                UnmarkTask.unmarkTask(task, usersInput);","lastModifiedDate":"2024-02-21"},{"lineNumber":58,"author":{"gitId":"ThawTunZan"},"content":"            } else if (usersInput.startsWith(\"delete\")) {","lastModifiedDate":"2024-02-21"},{"lineNumber":59,"author":{"gitId":"ThawTunZan"},"content":"                DeleteTask.deleteTask(task, usersInput);","lastModifiedDate":"2024-02-21"},{"lineNumber":60,"author":{"gitId":"ThawTunZan"},"content":"            } else if (usersInput.startsWith(\"todo\") || usersInput.startsWith(\"deadline\") || usersInput.startsWith(\"event\")) {","lastModifiedDate":"2024-02-21"},{"lineNumber":61,"author":{"gitId":"ThawTunZan"},"content":"                AddTask.addTask(usersInput, task);","lastModifiedDate":"2024-02-21"},{"lineNumber":62,"author":{"gitId":"ThawTunZan"},"content":"                Messages.printAcknowledgementMessage(task);","lastModifiedDate":"2024-02-21"},{"lineNumber":63,"author":{"gitId":"ThawTunZan"},"content":"            } else {","lastModifiedDate":"2024-02-21"},{"lineNumber":64,"author":{"gitId":"ThawTunZan"},"content":"                throw new ThawException(\"Invalid command\");","lastModifiedDate":"2024-02-21"},{"lineNumber":65,"author":{"gitId":"ThawTunZan"},"content":"            }","lastModifiedDate":"2024-02-02"},{"lineNumber":66,"author":{"gitId":"ThawTunZan"},"content":"        } catch (ThawException e) {","lastModifiedDate":"2024-02-21"},{"lineNumber":67,"author":{"gitId":"ThawTunZan"},"content":"            handleError(e);","lastModifiedDate":"2024-02-21"},{"lineNumber":68,"author":{"gitId":"ThawTunZan"},"content":"        }","lastModifiedDate":"2024-02-21"},{"lineNumber":69,"author":{"gitId":"ThawTunZan"},"content":"        FileManager.saveData(task);","lastModifiedDate":"2024-02-21"},{"lineNumber":70,"author":{"gitId":"ThawTunZan"},"content":"    }","lastModifiedDate":"2024-02-05"},{"lineNumber":71,"author":{"gitId":"ThawTunZan"},"content":"","lastModifiedDate":"2024-02-05"},{"lineNumber":72,"author":{"gitId":"ThawTunZan"},"content":"    private static void handleError(ThawException e) {","lastModifiedDate":"2024-02-21"},{"lineNumber":73,"author":{"gitId":"ThawTunZan"},"content":"        if (e.getMessage().startsWith(\"Empty command\")) {","lastModifiedDate":"2024-02-21"},{"lineNumber":74,"author":{"gitId":"ThawTunZan"},"content":"            System.out.println(\"OOPS!!! The description of a \" + e.getMessage().substring(14) +\" cannot be empty.\");","lastModifiedDate":"2024-02-21"},{"lineNumber":75,"author":{"gitId":"ThawTunZan"},"content":"        } else if (e.getMessage().equals(\"Invalid command\")) {","lastModifiedDate":"2024-02-21"},{"lineNumber":76,"author":{"gitId":"ThawTunZan"},"content":"            System.out.println(\"OOPS!!! I\u0027m sorry, but I don\u0027t know what that means :-(\");","lastModifiedDate":"2024-02-21"},{"lineNumber":77,"author":{"gitId":"ThawTunZan"},"content":"        }","lastModifiedDate":"2024-02-05"},{"lineNumber":78,"author":{"gitId":"-"},"content":"    }","lastModifiedDate":"2024-02-02"},{"lineNumber":79,"author":{"gitId":"-"},"content":"}","lastModifiedDate":"2019-07-29"}],"authorContributionMap":{"ThawTunZan":75,"-":4}},{"path":"src/main/java/Exceptions/ThawException.java","fileType":"java","lines":[{"lineNumber":1,"author":{"gitId":"ThawTunZan"},"content":"package Exceptions;","lastModifiedDate":"2024-02-21"},{"lineNumber":2,"author":{"gitId":"ThawTunZan"},"content":"","lastModifiedDate":"2024-02-21"},{"lineNumber":3,"author":{"gitId":"ThawTunZan"},"content":"public class ThawException extends Exception {","lastModifiedDate":"2024-02-11"},{"lineNumber":4,"author":{"gitId":"ThawTunZan"},"content":"    public ThawException(String message) {","lastModifiedDate":"2024-02-11"},{"lineNumber":5,"author":{"gitId":"ThawTunZan"},"content":"        super(message);","lastModifiedDate":"2024-02-11"},{"lineNumber":6,"author":{"gitId":"ThawTunZan"},"content":"    }","lastModifiedDate":"2024-02-11"},{"lineNumber":7,"author":{"gitId":"ThawTunZan"},"content":"}","lastModifiedDate":"2024-02-11"}],"authorContributionMap":{"ThawTunZan":7}},{"path":"src/main/java/FileManagerPackage/FileManager.java","fileType":"java","lines":[{"lineNumber":1,"author":{"gitId":"ThawTunZan"},"content":"package FileManagerPackage;","lastModifiedDate":"2024-02-21"},{"lineNumber":2,"author":{"gitId":"ThawTunZan"},"content":"","lastModifiedDate":"2024-02-21"},{"lineNumber":3,"author":{"gitId":"ThawTunZan"},"content":"import Tasks.Deadline;","lastModifiedDate":"2024-02-21"},{"lineNumber":4,"author":{"gitId":"ThawTunZan"},"content":"import Tasks.Event;","lastModifiedDate":"2024-02-21"},{"lineNumber":5,"author":{"gitId":"ThawTunZan"},"content":"import Tasks.Task;","lastModifiedDate":"2024-02-21"},{"lineNumber":6,"author":{"gitId":"ThawTunZan"},"content":"import Tasks.Todo;","lastModifiedDate":"2024-02-21"},{"lineNumber":7,"author":{"gitId":"ThawTunZan"},"content":"","lastModifiedDate":"2024-02-21"},{"lineNumber":8,"author":{"gitId":"ThawTunZan"},"content":"import java.io.File;","lastModifiedDate":"2024-02-21"},{"lineNumber":9,"author":{"gitId":"ThawTunZan"},"content":"import java.io.FileWriter;","lastModifiedDate":"2024-02-21"},{"lineNumber":10,"author":{"gitId":"ThawTunZan"},"content":"import java.io.IOException;","lastModifiedDate":"2024-02-21"},{"lineNumber":11,"author":{"gitId":"ThawTunZan"},"content":"import java.nio.file.Paths;","lastModifiedDate":"2024-02-21"},{"lineNumber":12,"author":{"gitId":"ThawTunZan"},"content":"import java.util.ArrayList;","lastModifiedDate":"2024-02-21"},{"lineNumber":13,"author":{"gitId":"ThawTunZan"},"content":"import java.util.Scanner;","lastModifiedDate":"2024-02-21"},{"lineNumber":14,"author":{"gitId":"ThawTunZan"},"content":"","lastModifiedDate":"2024-02-21"},{"lineNumber":15,"author":{"gitId":"ThawTunZan"},"content":"public class FileManager {","lastModifiedDate":"2024-02-21"},{"lineNumber":16,"author":{"gitId":"ThawTunZan"},"content":"    public static void readFile(Scanner s, ArrayList\u003cTask\u003e list) {","lastModifiedDate":"2024-02-21"},{"lineNumber":17,"author":{"gitId":"ThawTunZan"},"content":"        int currentIteration \u003d 0;","lastModifiedDate":"2024-02-21"},{"lineNumber":18,"author":{"gitId":"ThawTunZan"},"content":"        while (s.hasNext()) {","lastModifiedDate":"2024-02-21"},{"lineNumber":19,"author":{"gitId":"ThawTunZan"},"content":"            String[] currentLine \u003d s.nextLine().split(\"\\\\s*\\\\|\\\\s*\");","lastModifiedDate":"2024-02-21"},{"lineNumber":20,"author":{"gitId":"ThawTunZan"},"content":"            if (currentLine[0].equals(\"D\")) {","lastModifiedDate":"2024-02-21"},{"lineNumber":21,"author":{"gitId":"ThawTunZan"},"content":"                list.add(new Deadline(currentLine[2], currentLine[3]));","lastModifiedDate":"2024-02-21"},{"lineNumber":22,"author":{"gitId":"ThawTunZan"},"content":"            } else if (currentLine[0].equals(\"T\")) {","lastModifiedDate":"2024-02-21"},{"lineNumber":23,"author":{"gitId":"ThawTunZan"},"content":"                list.add(new Todo(currentLine[2], currentLine[2]));","lastModifiedDate":"2024-02-21"},{"lineNumber":24,"author":{"gitId":"ThawTunZan"},"content":"            } else if (currentLine[0].equals(\"E\")) {","lastModifiedDate":"2024-02-21"},{"lineNumber":25,"author":{"gitId":"ThawTunZan"},"content":"                String[] duration \u003d currentLine[3].split(\"\\\\s*\\\\-\\\\s*\");","lastModifiedDate":"2024-02-21"},{"lineNumber":26,"author":{"gitId":"ThawTunZan"},"content":"                list.add(new Event(currentLine[2],","lastModifiedDate":"2024-02-21"},{"lineNumber":27,"author":{"gitId":"ThawTunZan"},"content":"                        \"from: \" + duration[0] + \" to: \" + duration[1]));","lastModifiedDate":"2024-02-21"},{"lineNumber":28,"author":{"gitId":"ThawTunZan"},"content":"            }","lastModifiedDate":"2024-02-21"},{"lineNumber":29,"author":{"gitId":"ThawTunZan"},"content":"","lastModifiedDate":"2024-02-21"},{"lineNumber":30,"author":{"gitId":"ThawTunZan"},"content":"            if (currentLine[1].equals(\"1\")) {","lastModifiedDate":"2024-02-21"},{"lineNumber":31,"author":{"gitId":"ThawTunZan"},"content":"                list.get(currentIteration).setDone(true);","lastModifiedDate":"2024-02-21"},{"lineNumber":32,"author":{"gitId":"ThawTunZan"},"content":"            }","lastModifiedDate":"2024-02-21"},{"lineNumber":33,"author":{"gitId":"ThawTunZan"},"content":"            currentIteration++;","lastModifiedDate":"2024-02-21"},{"lineNumber":34,"author":{"gitId":"ThawTunZan"},"content":"        }","lastModifiedDate":"2024-02-21"},{"lineNumber":35,"author":{"gitId":"ThawTunZan"},"content":"    }","lastModifiedDate":"2024-02-21"},{"lineNumber":36,"author":{"gitId":"ThawTunZan"},"content":"","lastModifiedDate":"2024-02-21"},{"lineNumber":37,"author":{"gitId":"ThawTunZan"},"content":"    private static void checkIfDirExist(File f, String filePath) {","lastModifiedDate":"2024-02-21"},{"lineNumber":38,"author":{"gitId":"ThawTunZan"},"content":"        if (!f.exists()) {","lastModifiedDate":"2024-02-21"},{"lineNumber":39,"author":{"gitId":"ThawTunZan"},"content":"            File file \u003d new File(filePath);","lastModifiedDate":"2024-02-21"},{"lineNumber":40,"author":{"gitId":"ThawTunZan"},"content":"            File parentDir \u003d file.getParentFile();","lastModifiedDate":"2024-02-21"},{"lineNumber":41,"author":{"gitId":"ThawTunZan"},"content":"            if (!parentDir.exists()) {","lastModifiedDate":"2024-02-21"},{"lineNumber":42,"author":{"gitId":"ThawTunZan"},"content":"                parentDir.mkdirs();","lastModifiedDate":"2024-02-21"},{"lineNumber":43,"author":{"gitId":"ThawTunZan"},"content":"            }","lastModifiedDate":"2024-02-21"},{"lineNumber":44,"author":{"gitId":"ThawTunZan"},"content":"            try {","lastModifiedDate":"2024-02-21"},{"lineNumber":45,"author":{"gitId":"ThawTunZan"},"content":"                FileWriter fileWriter \u003d new FileWriter(filePath);","lastModifiedDate":"2024-02-21"},{"lineNumber":46,"author":{"gitId":"ThawTunZan"},"content":"                fileWriter.close();","lastModifiedDate":"2024-02-21"},{"lineNumber":47,"author":{"gitId":"ThawTunZan"},"content":"            } catch (IOException e) {","lastModifiedDate":"2024-02-21"},{"lineNumber":48,"author":{"gitId":"ThawTunZan"},"content":"                System.out.println(\"     An error occurred while creating file: \" + e.getMessage());","lastModifiedDate":"2024-02-21"},{"lineNumber":49,"author":{"gitId":"ThawTunZan"},"content":"            }","lastModifiedDate":"2024-02-21"},{"lineNumber":50,"author":{"gitId":"ThawTunZan"},"content":"        }","lastModifiedDate":"2024-02-21"},{"lineNumber":51,"author":{"gitId":"ThawTunZan"},"content":"    }","lastModifiedDate":"2024-02-21"},{"lineNumber":52,"author":{"gitId":"ThawTunZan"},"content":"","lastModifiedDate":"2024-02-21"},{"lineNumber":53,"author":{"gitId":"ThawTunZan"},"content":"    public static File getFile() {","lastModifiedDate":"2024-02-21"},{"lineNumber":54,"author":{"gitId":"ThawTunZan"},"content":"        String filePath \u003d Paths.get(System.getProperty(\"user.dir\"), \"data\", \"ThawBot.txt\").toString();","lastModifiedDate":"2024-02-21"},{"lineNumber":55,"author":{"gitId":"ThawTunZan"},"content":"        File f \u003d new File(filePath);","lastModifiedDate":"2024-02-21"},{"lineNumber":56,"author":{"gitId":"ThawTunZan"},"content":"        checkIfDirExist(f, filePath);","lastModifiedDate":"2024-02-21"},{"lineNumber":57,"author":{"gitId":"ThawTunZan"},"content":"        return f;","lastModifiedDate":"2024-02-21"},{"lineNumber":58,"author":{"gitId":"ThawTunZan"},"content":"    }","lastModifiedDate":"2024-02-21"},{"lineNumber":59,"author":{"gitId":"ThawTunZan"},"content":"","lastModifiedDate":"2024-02-21"},{"lineNumber":60,"author":{"gitId":"ThawTunZan"},"content":"    public static void saveData(ArrayList\u003cTask\u003e list) {","lastModifiedDate":"2024-02-21"},{"lineNumber":61,"author":{"gitId":"ThawTunZan"},"content":"        try {","lastModifiedDate":"2024-02-21"},{"lineNumber":62,"author":{"gitId":"ThawTunZan"},"content":"            final String filePath \u003d \"data/ThawBot.txt\";","lastModifiedDate":"2024-02-21"},{"lineNumber":63,"author":{"gitId":"ThawTunZan"},"content":"            FileWriter fw \u003d new FileWriter(filePath);","lastModifiedDate":"2024-02-21"},{"lineNumber":64,"author":{"gitId":"ThawTunZan"},"content":"            String textToAdd \u003d \"\";","lastModifiedDate":"2024-02-21"},{"lineNumber":65,"author":{"gitId":"ThawTunZan"},"content":"            for (int i \u003d 0; i \u003c list.size(); i++) {","lastModifiedDate":"2024-02-21"},{"lineNumber":66,"author":{"gitId":"ThawTunZan"},"content":"                textToAdd +\u003d list.get(i).printFileFormat() + System.lineSeparator();","lastModifiedDate":"2024-02-21"},{"lineNumber":67,"author":{"gitId":"ThawTunZan"},"content":"            }","lastModifiedDate":"2024-02-21"},{"lineNumber":68,"author":{"gitId":"ThawTunZan"},"content":"            fw.write(textToAdd);","lastModifiedDate":"2024-02-21"},{"lineNumber":69,"author":{"gitId":"ThawTunZan"},"content":"            fw.close();","lastModifiedDate":"2024-02-21"},{"lineNumber":70,"author":{"gitId":"ThawTunZan"},"content":"        } catch (IOException e) {","lastModifiedDate":"2024-02-21"},{"lineNumber":71,"author":{"gitId":"ThawTunZan"},"content":"            System.out.println(\"     An error occurred while reading file: \" + e.getMessage());","lastModifiedDate":"2024-02-21"},{"lineNumber":72,"author":{"gitId":"ThawTunZan"},"content":"        }","lastModifiedDate":"2024-02-21"},{"lineNumber":73,"author":{"gitId":"ThawTunZan"},"content":"    }","lastModifiedDate":"2024-02-21"},{"lineNumber":74,"author":{"gitId":"ThawTunZan"},"content":"}","lastModifiedDate":"2024-02-21"}],"authorContributionMap":{"ThawTunZan":74}},{"path":"src/main/java/PrintMessages/Messages.java","fileType":"java","lines":[{"lineNumber":1,"author":{"gitId":"ThawTunZan"},"content":"package PrintMessages;","lastModifiedDate":"2024-02-21"},{"lineNumber":2,"author":{"gitId":"ThawTunZan"},"content":"","lastModifiedDate":"2024-02-21"},{"lineNumber":3,"author":{"gitId":"ThawTunZan"},"content":"import Tasks.Task;","lastModifiedDate":"2024-02-21"},{"lineNumber":4,"author":{"gitId":"ThawTunZan"},"content":"","lastModifiedDate":"2024-02-21"},{"lineNumber":5,"author":{"gitId":"ThawTunZan"},"content":"import java.util.ArrayList;","lastModifiedDate":"2024-02-21"},{"lineNumber":6,"author":{"gitId":"ThawTunZan"},"content":"","lastModifiedDate":"2024-02-21"},{"lineNumber":7,"author":{"gitId":"ThawTunZan"},"content":"public class Messages {","lastModifiedDate":"2024-02-21"},{"lineNumber":8,"author":{"gitId":"ThawTunZan"},"content":"    public static void printsGreeting() {","lastModifiedDate":"2024-02-21"},{"lineNumber":9,"author":{"gitId":"ThawTunZan"},"content":"        String greetingMessage \u003d \"Hello! I\u0027m ThawBot!\\nWhat can I do for you?\\n\";","lastModifiedDate":"2024-02-21"},{"lineNumber":10,"author":{"gitId":"ThawTunZan"},"content":"        System.out.println(greetingMessage);","lastModifiedDate":"2024-02-21"},{"lineNumber":11,"author":{"gitId":"ThawTunZan"},"content":"    }","lastModifiedDate":"2024-02-21"},{"lineNumber":12,"author":{"gitId":"ThawTunZan"},"content":"","lastModifiedDate":"2024-02-21"},{"lineNumber":13,"author":{"gitId":"ThawTunZan"},"content":"    public static void printGoodByeMessage() {","lastModifiedDate":"2024-02-21"},{"lineNumber":14,"author":{"gitId":"ThawTunZan"},"content":"        String goodbyeMessage \u003d \"Bye. Hope to see you again soon!\";","lastModifiedDate":"2024-02-21"},{"lineNumber":15,"author":{"gitId":"ThawTunZan"},"content":"        System.out.println(goodbyeMessage);","lastModifiedDate":"2024-02-21"},{"lineNumber":16,"author":{"gitId":"ThawTunZan"},"content":"    }","lastModifiedDate":"2024-02-21"},{"lineNumber":17,"author":{"gitId":"ThawTunZan"},"content":"","lastModifiedDate":"2024-02-21"},{"lineNumber":18,"author":{"gitId":"ThawTunZan"},"content":"    public static void printList(ArrayList\u003cTask\u003e task) {","lastModifiedDate":"2024-02-21"},{"lineNumber":19,"author":{"gitId":"ThawTunZan"},"content":"        for (int i \u003d 0; i \u003c task.size(); i ++) {","lastModifiedDate":"2024-02-21"},{"lineNumber":20,"author":{"gitId":"ThawTunZan"},"content":"            System.out.println((i + 1) + \". \" + task.get(i).getStatusIcon());","lastModifiedDate":"2024-02-21"},{"lineNumber":21,"author":{"gitId":"ThawTunZan"},"content":"        }","lastModifiedDate":"2024-02-21"},{"lineNumber":22,"author":{"gitId":"ThawTunZan"},"content":"    }","lastModifiedDate":"2024-02-21"},{"lineNumber":23,"author":{"gitId":"ThawTunZan"},"content":"","lastModifiedDate":"2024-02-21"},{"lineNumber":24,"author":{"gitId":"ThawTunZan"},"content":"    public static void printAcknowledgementMessage(ArrayList\u003cTask\u003e task) {","lastModifiedDate":"2024-02-21"},{"lineNumber":25,"author":{"gitId":"ThawTunZan"},"content":"        System.out.println(\"Got it. I\u0027ve added this task:\");","lastModifiedDate":"2024-02-21"},{"lineNumber":26,"author":{"gitId":"ThawTunZan"},"content":"        System.out.println(task.get(task.size() - 1).getStatusIcon());","lastModifiedDate":"2024-02-21"},{"lineNumber":27,"author":{"gitId":"ThawTunZan"},"content":"        System.out.print(\"Now you have \" + task.size() + \" task in the list.\");","lastModifiedDate":"2024-02-21"},{"lineNumber":28,"author":{"gitId":"ThawTunZan"},"content":"    }","lastModifiedDate":"2024-02-21"},{"lineNumber":29,"author":{"gitId":"ThawTunZan"},"content":"}","lastModifiedDate":"2024-02-21"}],"authorContributionMap":{"ThawTunZan":29}},{"path":"src/main/java/Tasks/Deadline.java","fileType":"java","lines":[{"lineNumber":1,"author":{"gitId":"ThawTunZan"},"content":"package Tasks;","lastModifiedDate":"2024-02-21"},{"lineNumber":2,"author":{"gitId":"ThawTunZan"},"content":"","lastModifiedDate":"2024-02-21"},{"lineNumber":3,"author":{"gitId":"ThawTunZan"},"content":"","lastModifiedDate":"2024-02-21"},{"lineNumber":4,"author":{"gitId":"ThawTunZan"},"content":"public class Deadline extends Task {","lastModifiedDate":"2024-02-05"},{"lineNumber":5,"author":{"gitId":"ThawTunZan"},"content":"","lastModifiedDate":"2024-02-05"},{"lineNumber":6,"author":{"gitId":"ThawTunZan"},"content":"    protected String by;","lastModifiedDate":"2024-02-05"},{"lineNumber":7,"author":{"gitId":"ThawTunZan"},"content":"","lastModifiedDate":"2024-02-05"},{"lineNumber":8,"author":{"gitId":"ThawTunZan"},"content":"    public Deadline(String description, String by) {","lastModifiedDate":"2024-02-05"},{"lineNumber":9,"author":{"gitId":"ThawTunZan"},"content":"        super(description);","lastModifiedDate":"2024-02-05"},{"lineNumber":10,"author":{"gitId":"ThawTunZan"},"content":"        this.by \u003d by;","lastModifiedDate":"2024-02-05"},{"lineNumber":11,"author":{"gitId":"ThawTunZan"},"content":"    }","lastModifiedDate":"2024-02-05"},{"lineNumber":12,"author":{"gitId":"ThawTunZan"},"content":"","lastModifiedDate":"2024-02-05"},{"lineNumber":13,"author":{"gitId":"ThawTunZan"},"content":"    @Override","lastModifiedDate":"2024-02-05"},{"lineNumber":14,"author":{"gitId":"ThawTunZan"},"content":"    public String getStatusIcon() {","lastModifiedDate":"2024-02-05"},{"lineNumber":15,"author":{"gitId":"ThawTunZan"},"content":"        return (isDone ? \"[D][X] \" + super.description + \" (by: \" + by + \")\": \"[D][ ] \" + super.description + \" (by: \" + by + \")\"); // mark done task with X","lastModifiedDate":"2024-02-05"},{"lineNumber":16,"author":{"gitId":"ThawTunZan"},"content":"    }","lastModifiedDate":"2024-02-05"},{"lineNumber":17,"author":{"gitId":"ThawTunZan"},"content":"","lastModifiedDate":"2024-02-20"},{"lineNumber":18,"author":{"gitId":"ThawTunZan"},"content":"    @Override","lastModifiedDate":"2024-02-20"},{"lineNumber":19,"author":{"gitId":"ThawTunZan"},"content":"    public String printFileFormat() {","lastModifiedDate":"2024-02-20"},{"lineNumber":20,"author":{"gitId":"ThawTunZan"},"content":"        return super.printFileFormat() + \" | \" + this.by;","lastModifiedDate":"2024-02-20"},{"lineNumber":21,"author":{"gitId":"ThawTunZan"},"content":"    }","lastModifiedDate":"2024-02-20"},{"lineNumber":22,"author":{"gitId":"ThawTunZan"},"content":"}","lastModifiedDate":"2024-02-05"}],"authorContributionMap":{"ThawTunZan":22}},{"path":"src/main/java/Tasks/Event.java","fileType":"java","lines":[{"lineNumber":1,"author":{"gitId":"ThawTunZan"},"content":"package Tasks;","lastModifiedDate":"2024-02-21"},{"lineNumber":2,"author":{"gitId":"ThawTunZan"},"content":"","lastModifiedDate":"2024-02-21"},{"lineNumber":3,"author":{"gitId":"ThawTunZan"},"content":"import Tasks.Task;","lastModifiedDate":"2024-02-21"},{"lineNumber":4,"author":{"gitId":"ThawTunZan"},"content":"","lastModifiedDate":"2024-02-21"},{"lineNumber":5,"author":{"gitId":"ThawTunZan"},"content":"public class Event extends Task {","lastModifiedDate":"2024-02-05"},{"lineNumber":6,"author":{"gitId":"ThawTunZan"},"content":"    protected String event;","lastModifiedDate":"2024-02-05"},{"lineNumber":7,"author":{"gitId":"ThawTunZan"},"content":"","lastModifiedDate":"2024-02-05"},{"lineNumber":8,"author":{"gitId":"ThawTunZan"},"content":"    public Event(String description, String event) {","lastModifiedDate":"2024-02-05"},{"lineNumber":9,"author":{"gitId":"ThawTunZan"},"content":"        super(description);","lastModifiedDate":"2024-02-05"},{"lineNumber":10,"author":{"gitId":"ThawTunZan"},"content":"        this.event \u003d event;","lastModifiedDate":"2024-02-05"},{"lineNumber":11,"author":{"gitId":"ThawTunZan"},"content":"    }","lastModifiedDate":"2024-02-05"},{"lineNumber":12,"author":{"gitId":"ThawTunZan"},"content":"","lastModifiedDate":"2024-02-05"},{"lineNumber":13,"author":{"gitId":"ThawTunZan"},"content":"    @Override","lastModifiedDate":"2024-02-05"},{"lineNumber":14,"author":{"gitId":"ThawTunZan"},"content":"    public String getStatusIcon() {","lastModifiedDate":"2024-02-05"},{"lineNumber":15,"author":{"gitId":"ThawTunZan"},"content":"        return (isDone ? \"[E][X] \" + super.description + \" (\" + event + \")\": \"[E][ ] \" + super.description + \" (\" + event + \")\"); // mark done task with X","lastModifiedDate":"2024-02-05"},{"lineNumber":16,"author":{"gitId":"ThawTunZan"},"content":"    }","lastModifiedDate":"2024-02-05"},{"lineNumber":17,"author":{"gitId":"ThawTunZan"},"content":"","lastModifiedDate":"2024-02-20"},{"lineNumber":18,"author":{"gitId":"ThawTunZan"},"content":"    @Override","lastModifiedDate":"2024-02-20"},{"lineNumber":19,"author":{"gitId":"ThawTunZan"},"content":"    public String printFileFormat() {","lastModifiedDate":"2024-02-20"},{"lineNumber":20,"author":{"gitId":"ThawTunZan"},"content":"        String toBePrinted \u003d this.event;","lastModifiedDate":"2024-02-20"},{"lineNumber":21,"author":{"gitId":"ThawTunZan"},"content":"        toBePrinted \u003d toBePrinted.replace(\"to:\", \"-\");","lastModifiedDate":"2024-02-20"},{"lineNumber":22,"author":{"gitId":"ThawTunZan"},"content":"        toBePrinted \u003d toBePrinted.replace(\"from: \", \"\");","lastModifiedDate":"2024-02-20"},{"lineNumber":23,"author":{"gitId":"ThawTunZan"},"content":"        return super.printFileFormat() + \" | \" + toBePrinted;","lastModifiedDate":"2024-02-20"},{"lineNumber":24,"author":{"gitId":"ThawTunZan"},"content":"    }","lastModifiedDate":"2024-02-20"},{"lineNumber":25,"author":{"gitId":"ThawTunZan"},"content":"}","lastModifiedDate":"2024-02-05"}],"authorContributionMap":{"ThawTunZan":25}},{"path":"src/main/java/Tasks/Task.java","fileType":"java","lines":[{"lineNumber":1,"author":{"gitId":"ThawTunZan"},"content":"package Tasks;","lastModifiedDate":"2024-02-21"},{"lineNumber":2,"author":{"gitId":"ThawTunZan"},"content":"","lastModifiedDate":"2024-02-21"},{"lineNumber":3,"author":{"gitId":"ThawTunZan"},"content":"public class Task {","lastModifiedDate":"2024-02-02"},{"lineNumber":4,"author":{"gitId":"ThawTunZan"},"content":"    protected String description;","lastModifiedDate":"2024-02-02"},{"lineNumber":5,"author":{"gitId":"ThawTunZan"},"content":"    protected boolean isDone;","lastModifiedDate":"2024-02-02"},{"lineNumber":6,"author":{"gitId":"ThawTunZan"},"content":"","lastModifiedDate":"2024-02-02"},{"lineNumber":7,"author":{"gitId":"ThawTunZan"},"content":"    public boolean isDone() {","lastModifiedDate":"2024-02-21"},{"lineNumber":8,"author":{"gitId":"ThawTunZan"},"content":"        return isDone;","lastModifiedDate":"2024-02-21"},{"lineNumber":9,"author":{"gitId":"ThawTunZan"},"content":"    }","lastModifiedDate":"2024-02-21"},{"lineNumber":10,"author":{"gitId":"ThawTunZan"},"content":"","lastModifiedDate":"2024-02-21"},{"lineNumber":11,"author":{"gitId":"ThawTunZan"},"content":"    public void setDone(boolean done) {","lastModifiedDate":"2024-02-21"},{"lineNumber":12,"author":{"gitId":"ThawTunZan"},"content":"        isDone \u003d done;","lastModifiedDate":"2024-02-21"},{"lineNumber":13,"author":{"gitId":"ThawTunZan"},"content":"    }","lastModifiedDate":"2024-02-21"},{"lineNumber":14,"author":{"gitId":"ThawTunZan"},"content":"","lastModifiedDate":"2024-02-21"},{"lineNumber":15,"author":{"gitId":"ThawTunZan"},"content":"    public Task(String description) {","lastModifiedDate":"2024-02-02"},{"lineNumber":16,"author":{"gitId":"ThawTunZan"},"content":"        this.description \u003d description;","lastModifiedDate":"2024-02-02"},{"lineNumber":17,"author":{"gitId":"ThawTunZan"},"content":"        this.isDone \u003d false;","lastModifiedDate":"2024-02-02"},{"lineNumber":18,"author":{"gitId":"ThawTunZan"},"content":"    }","lastModifiedDate":"2024-02-02"},{"lineNumber":19,"author":{"gitId":"ThawTunZan"},"content":"","lastModifiedDate":"2024-02-02"},{"lineNumber":20,"author":{"gitId":"ThawTunZan"},"content":"    public String getStatusIcon() {","lastModifiedDate":"2024-02-02"},{"lineNumber":21,"author":{"gitId":"ThawTunZan"},"content":"        return (isDone ? \"[X]\" : \"[ ]\"); // mark done task with X","lastModifiedDate":"2024-02-02"},{"lineNumber":22,"author":{"gitId":"ThawTunZan"},"content":"    }","lastModifiedDate":"2024-02-02"},{"lineNumber":23,"author":{"gitId":"ThawTunZan"},"content":"","lastModifiedDate":"2024-02-20"},{"lineNumber":24,"author":{"gitId":"ThawTunZan"},"content":"    public String printFileFormat() {","lastModifiedDate":"2024-02-20"},{"lineNumber":25,"author":{"gitId":"ThawTunZan"},"content":"        return this.getClass().getSimpleName().charAt(0) + \" | \" + ((isDone)? 1 : 0) + \" | \" + description;","lastModifiedDate":"2024-02-20"},{"lineNumber":26,"author":{"gitId":"ThawTunZan"},"content":"    }","lastModifiedDate":"2024-02-20"},{"lineNumber":27,"author":{"gitId":"ThawTunZan"},"content":"}","lastModifiedDate":"2024-02-02"}],"authorContributionMap":{"ThawTunZan":27}},{"path":"src/main/java/Tasks/Todo.java","fileType":"java","lines":[{"lineNumber":1,"author":{"gitId":"ThawTunZan"},"content":"package Tasks;","lastModifiedDate":"2024-02-21"},{"lineNumber":2,"author":{"gitId":"ThawTunZan"},"content":"","lastModifiedDate":"2024-02-21"},{"lineNumber":3,"author":{"gitId":"ThawTunZan"},"content":"import Tasks.Task;","lastModifiedDate":"2024-02-21"},{"lineNumber":4,"author":{"gitId":"ThawTunZan"},"content":"","lastModifiedDate":"2024-02-21"},{"lineNumber":5,"author":{"gitId":"ThawTunZan"},"content":"public class Todo extends Task {","lastModifiedDate":"2024-02-05"},{"lineNumber":6,"author":{"gitId":"ThawTunZan"},"content":"    protected String toDoDescription;","lastModifiedDate":"2024-02-05"},{"lineNumber":7,"author":{"gitId":"ThawTunZan"},"content":"    public String duration;","lastModifiedDate":"2024-02-20"},{"lineNumber":8,"author":{"gitId":"ThawTunZan"},"content":"","lastModifiedDate":"2024-02-05"},{"lineNumber":9,"author":{"gitId":"ThawTunZan"},"content":"    public Todo(String description, String toDoDescription) {","lastModifiedDate":"2024-02-05"},{"lineNumber":10,"author":{"gitId":"ThawTunZan"},"content":"        super(description);","lastModifiedDate":"2024-02-05"},{"lineNumber":11,"author":{"gitId":"ThawTunZan"},"content":"        this.toDoDescription \u003d toDoDescription;","lastModifiedDate":"2024-02-05"},{"lineNumber":12,"author":{"gitId":"ThawTunZan"},"content":"        this.duration \u003d \"\";","lastModifiedDate":"2024-02-20"},{"lineNumber":13,"author":{"gitId":"ThawTunZan"},"content":"    }","lastModifiedDate":"2024-02-05"},{"lineNumber":14,"author":{"gitId":"ThawTunZan"},"content":"","lastModifiedDate":"2024-02-05"},{"lineNumber":15,"author":{"gitId":"ThawTunZan"},"content":"    @Override","lastModifiedDate":"2024-02-05"},{"lineNumber":16,"author":{"gitId":"ThawTunZan"},"content":"    public String getStatusIcon() {","lastModifiedDate":"2024-02-05"},{"lineNumber":17,"author":{"gitId":"ThawTunZan"},"content":"        return (isDone ? \"[T][X] \" + super.description: \"[T][ ] \" + super.description); // mark done task with X","lastModifiedDate":"2024-02-05"},{"lineNumber":18,"author":{"gitId":"ThawTunZan"},"content":"    }","lastModifiedDate":"2024-02-05"},{"lineNumber":19,"author":{"gitId":"ThawTunZan"},"content":"}","lastModifiedDate":"2024-02-05"}],"authorContributionMap":{"ThawTunZan":19}},{"path":"src/main/java/commands/AddTask.java","fileType":"java","lines":[{"lineNumber":1,"author":{"gitId":"ThawTunZan"},"content":"package commands;","lastModifiedDate":"2024-02-21"},{"lineNumber":2,"author":{"gitId":"ThawTunZan"},"content":"import java.util.ArrayList;","lastModifiedDate":"2024-02-21"},{"lineNumber":3,"author":{"gitId":"ThawTunZan"},"content":"","lastModifiedDate":"2024-02-21"},{"lineNumber":4,"author":{"gitId":"ThawTunZan"},"content":"import Exceptions.ThawException;","lastModifiedDate":"2024-02-21"},{"lineNumber":5,"author":{"gitId":"ThawTunZan"},"content":"import Tasks.*;","lastModifiedDate":"2024-02-21"},{"lineNumber":6,"author":{"gitId":"ThawTunZan"},"content":"","lastModifiedDate":"2024-02-21"},{"lineNumber":7,"author":{"gitId":"ThawTunZan"},"content":"public class AddTask extends EditTask {","lastModifiedDate":"2024-02-21"},{"lineNumber":8,"author":{"gitId":"ThawTunZan"},"content":"    public static void addTask(String usersInput, ArrayList\u003cTask\u003e list) throws ThawException {","lastModifiedDate":"2024-02-21"},{"lineNumber":9,"author":{"gitId":"ThawTunZan"},"content":"        if (!commandWithoutDescription(usersInput)) {","lastModifiedDate":"2024-02-21"},{"lineNumber":10,"author":{"gitId":"ThawTunZan"},"content":"            if (usersInput.startsWith(\"todo\")) {","lastModifiedDate":"2024-02-21"},{"lineNumber":11,"author":{"gitId":"ThawTunZan"},"content":"                list.add(new Todo(usersInput.substring(5), usersInput));","lastModifiedDate":"2024-02-21"},{"lineNumber":12,"author":{"gitId":"ThawTunZan"},"content":"            } else if (usersInput.startsWith(\"deadline\")) {","lastModifiedDate":"2024-02-21"},{"lineNumber":13,"author":{"gitId":"ThawTunZan"},"content":"                int startingIndex \u003d usersInput.indexOf(\"/by\");","lastModifiedDate":"2024-02-21"},{"lineNumber":14,"author":{"gitId":"ThawTunZan"},"content":"                list.add(new Deadline(usersInput.substring(9, startingIndex - 1),","lastModifiedDate":"2024-02-21"},{"lineNumber":15,"author":{"gitId":"ThawTunZan"},"content":"                        usersInput.substring(startingIndex + 4)));","lastModifiedDate":"2024-02-21"},{"lineNumber":16,"author":{"gitId":"ThawTunZan"},"content":"            } else if (usersInput.startsWith(\"event\")) {","lastModifiedDate":"2024-02-21"},{"lineNumber":17,"author":{"gitId":"ThawTunZan"},"content":"                int startIndex \u003d usersInput.indexOf(\"from\");","lastModifiedDate":"2024-02-21"},{"lineNumber":18,"author":{"gitId":"ThawTunZan"},"content":"                int endIndex \u003d usersInput.indexOf(\"to\");","lastModifiedDate":"2024-02-21"},{"lineNumber":19,"author":{"gitId":"ThawTunZan"},"content":"                list.add(new Event(usersInput.substring(6, startIndex - 2),","lastModifiedDate":"2024-02-21"},{"lineNumber":20,"author":{"gitId":"ThawTunZan"},"content":"                        \"from: \" + usersInput.substring(startIndex + 5, endIndex - 2) + \" to: \" + usersInput.substring(endIndex + 3)));","lastModifiedDate":"2024-02-21"},{"lineNumber":21,"author":{"gitId":"ThawTunZan"},"content":"            }","lastModifiedDate":"2024-02-21"},{"lineNumber":22,"author":{"gitId":"ThawTunZan"},"content":"        } else if (commandWithoutDescription(usersInput)){","lastModifiedDate":"2024-02-21"},{"lineNumber":23,"author":{"gitId":"ThawTunZan"},"content":"            throw new ThawException(\"Empty command \" + usersInput);","lastModifiedDate":"2024-02-21"},{"lineNumber":24,"author":{"gitId":"ThawTunZan"},"content":"        }","lastModifiedDate":"2024-02-21"},{"lineNumber":25,"author":{"gitId":"ThawTunZan"},"content":"    }","lastModifiedDate":"2024-02-21"},{"lineNumber":26,"author":{"gitId":"ThawTunZan"},"content":"}","lastModifiedDate":"2024-02-21"}],"authorContributionMap":{"ThawTunZan":26}},{"path":"src/main/java/commands/DeleteTask.java","fileType":"java","lines":[{"lineNumber":1,"author":{"gitId":"ThawTunZan"},"content":"package commands;","lastModifiedDate":"2024-02-21"},{"lineNumber":2,"author":{"gitId":"ThawTunZan"},"content":"import java.io.IOException;","lastModifiedDate":"2024-02-21"},{"lineNumber":3,"author":{"gitId":"ThawTunZan"},"content":"import java.util.ArrayList;","lastModifiedDate":"2024-02-21"},{"lineNumber":4,"author":{"gitId":"ThawTunZan"},"content":"","lastModifiedDate":"2024-02-21"},{"lineNumber":5,"author":{"gitId":"ThawTunZan"},"content":"import Exceptions.ThawException;","lastModifiedDate":"2024-02-21"},{"lineNumber":6,"author":{"gitId":"ThawTunZan"},"content":"import Tasks.*;","lastModifiedDate":"2024-02-21"},{"lineNumber":7,"author":{"gitId":"ThawTunZan"},"content":"","lastModifiedDate":"2024-02-21"},{"lineNumber":8,"author":{"gitId":"ThawTunZan"},"content":"public class DeleteTask extends EditTask {","lastModifiedDate":"2024-02-21"},{"lineNumber":9,"author":{"gitId":"ThawTunZan"},"content":"    public static void deleteTask(ArrayList\u003cTask\u003e task, String usersInput) throws ThawException {","lastModifiedDate":"2024-02-21"},{"lineNumber":10,"author":{"gitId":"ThawTunZan"},"content":"        if (!commandWithoutDescription(usersInput)) {","lastModifiedDate":"2024-02-21"},{"lineNumber":11,"author":{"gitId":"ThawTunZan"},"content":"            int taskIndex \u003d Integer.parseInt(usersInput.substring(7)) - 1;","lastModifiedDate":"2024-02-21"},{"lineNumber":12,"author":{"gitId":"ThawTunZan"},"content":"            System.out.println(\"Noted. I\u0027ve removed this task:\");","lastModifiedDate":"2024-02-21"},{"lineNumber":13,"author":{"gitId":"ThawTunZan"},"content":"            System.out.println(task.get(taskIndex).getStatusIcon());","lastModifiedDate":"2024-02-21"},{"lineNumber":14,"author":{"gitId":"ThawTunZan"},"content":"            System.out.println(\"Now you have \" + (task.size() - 1) + \" tasks in the list.\");","lastModifiedDate":"2024-02-21"},{"lineNumber":15,"author":{"gitId":"ThawTunZan"},"content":"            task.remove(taskIndex);","lastModifiedDate":"2024-02-21"},{"lineNumber":16,"author":{"gitId":"ThawTunZan"},"content":"        } else if (commandWithoutDescription(usersInput)){","lastModifiedDate":"2024-02-21"},{"lineNumber":17,"author":{"gitId":"ThawTunZan"},"content":"            throw new ThawException(\"Empty command \" + usersInput);","lastModifiedDate":"2024-02-21"},{"lineNumber":18,"author":{"gitId":"ThawTunZan"},"content":"        }","lastModifiedDate":"2024-02-21"},{"lineNumber":19,"author":{"gitId":"ThawTunZan"},"content":"    }","lastModifiedDate":"2024-02-21"},{"lineNumber":20,"author":{"gitId":"ThawTunZan"},"content":"}","lastModifiedDate":"2024-02-21"}],"authorContributionMap":{"ThawTunZan":20}},{"path":"src/main/java/commands/EditTask.java","fileType":"java","lines":[{"lineNumber":1,"author":{"gitId":"ThawTunZan"},"content":"package commands;","lastModifiedDate":"2024-02-21"},{"lineNumber":2,"author":{"gitId":"ThawTunZan"},"content":"","lastModifiedDate":"2024-02-21"},{"lineNumber":3,"author":{"gitId":"ThawTunZan"},"content":"public class EditTask {","lastModifiedDate":"2024-02-21"},{"lineNumber":4,"author":{"gitId":"ThawTunZan"},"content":"    public static boolean commandWithoutDescription(String usersInput) {","lastModifiedDate":"2024-02-21"},{"lineNumber":5,"author":{"gitId":"ThawTunZan"},"content":"        return  usersInput.equals(\"unmark\")   ||","lastModifiedDate":"2024-02-21"},{"lineNumber":6,"author":{"gitId":"ThawTunZan"},"content":"                usersInput.equals(\"mark\")     ||","lastModifiedDate":"2024-02-21"},{"lineNumber":7,"author":{"gitId":"ThawTunZan"},"content":"                usersInput.equals(\"delete\")   ||","lastModifiedDate":"2024-02-21"},{"lineNumber":8,"author":{"gitId":"ThawTunZan"},"content":"                usersInput.equals(\"todo\")     ||","lastModifiedDate":"2024-02-21"},{"lineNumber":9,"author":{"gitId":"ThawTunZan"},"content":"                usersInput.equals(\"deadline\") ||","lastModifiedDate":"2024-02-21"},{"lineNumber":10,"author":{"gitId":"ThawTunZan"},"content":"                usersInput.equals(\"event\");","lastModifiedDate":"2024-02-21"},{"lineNumber":11,"author":{"gitId":"ThawTunZan"},"content":"    }","lastModifiedDate":"2024-02-21"},{"lineNumber":12,"author":{"gitId":"ThawTunZan"},"content":"}","lastModifiedDate":"2024-02-21"}],"authorContributionMap":{"ThawTunZan":12}},{"path":"src/main/java/commands/MarkTask.java","fileType":"java","lines":[{"lineNumber":1,"author":{"gitId":"ThawTunZan"},"content":"package commands;","lastModifiedDate":"2024-02-21"},{"lineNumber":2,"author":{"gitId":"ThawTunZan"},"content":"import Exceptions.ThawException;","lastModifiedDate":"2024-02-21"},{"lineNumber":3,"author":{"gitId":"ThawTunZan"},"content":"import Tasks.Task;","lastModifiedDate":"2024-02-21"},{"lineNumber":4,"author":{"gitId":"ThawTunZan"},"content":"import java.util.ArrayList;","lastModifiedDate":"2024-02-21"},{"lineNumber":5,"author":{"gitId":"ThawTunZan"},"content":"","lastModifiedDate":"2024-02-21"},{"lineNumber":6,"author":{"gitId":"ThawTunZan"},"content":"public class MarkTask extends EditTask {","lastModifiedDate":"2024-02-21"},{"lineNumber":7,"author":{"gitId":"ThawTunZan"},"content":"    public static void markTask(ArrayList\u003cTask\u003e task, String usersInput) throws ThawException  {","lastModifiedDate":"2024-02-21"},{"lineNumber":8,"author":{"gitId":"ThawTunZan"},"content":"        if (!commandWithoutDescription(usersInput)) {","lastModifiedDate":"2024-02-21"},{"lineNumber":9,"author":{"gitId":"ThawTunZan"},"content":"            int taskIndex \u003d Integer.parseInt(usersInput.substring(5)) - 1;","lastModifiedDate":"2024-02-21"},{"lineNumber":10,"author":{"gitId":"ThawTunZan"},"content":"            System.out.println(\"Nice! I\u0027ve marked this task as done:\");","lastModifiedDate":"2024-02-21"},{"lineNumber":11,"author":{"gitId":"ThawTunZan"},"content":"            task.get(taskIndex).setDone(true);","lastModifiedDate":"2024-02-21"},{"lineNumber":12,"author":{"gitId":"ThawTunZan"},"content":"            System.out.println(task.get(taskIndex).getStatusIcon());","lastModifiedDate":"2024-02-21"},{"lineNumber":13,"author":{"gitId":"ThawTunZan"},"content":"        } else if (commandWithoutDescription(usersInput)){","lastModifiedDate":"2024-02-21"},{"lineNumber":14,"author":{"gitId":"ThawTunZan"},"content":"            throw new ThawException(\"Empty command \" + usersInput);","lastModifiedDate":"2024-02-21"},{"lineNumber":15,"author":{"gitId":"ThawTunZan"},"content":"        }","lastModifiedDate":"2024-02-21"},{"lineNumber":16,"author":{"gitId":"ThawTunZan"},"content":"    }","lastModifiedDate":"2024-02-21"},{"lineNumber":17,"author":{"gitId":"ThawTunZan"},"content":"}","lastModifiedDate":"2024-02-21"}],"authorContributionMap":{"ThawTunZan":17}},{"path":"src/main/java/commands/UnmarkTask.java","fileType":"java","lines":[{"lineNumber":1,"author":{"gitId":"ThawTunZan"},"content":"package commands;","lastModifiedDate":"2024-02-21"},{"lineNumber":2,"author":{"gitId":"ThawTunZan"},"content":"import Exceptions.ThawException;","lastModifiedDate":"2024-02-21"},{"lineNumber":3,"author":{"gitId":"ThawTunZan"},"content":"import Tasks.Task;","lastModifiedDate":"2024-02-21"},{"lineNumber":4,"author":{"gitId":"ThawTunZan"},"content":"import java.util.ArrayList;","lastModifiedDate":"2024-02-21"},{"lineNumber":5,"author":{"gitId":"ThawTunZan"},"content":"","lastModifiedDate":"2024-02-21"},{"lineNumber":6,"author":{"gitId":"ThawTunZan"},"content":"public class UnmarkTask extends EditTask {","lastModifiedDate":"2024-02-21"},{"lineNumber":7,"author":{"gitId":"ThawTunZan"},"content":"    public static void unmarkTask(ArrayList\u003cTask\u003e task, String usersInput) throws ThawException {","lastModifiedDate":"2024-02-21"},{"lineNumber":8,"author":{"gitId":"ThawTunZan"},"content":"        if (!commandWithoutDescription(usersInput)) {","lastModifiedDate":"2024-02-21"},{"lineNumber":9,"author":{"gitId":"ThawTunZan"},"content":"            int taskIndex \u003d Integer.parseInt(usersInput.substring(7)) - 1;","lastModifiedDate":"2024-02-21"},{"lineNumber":10,"author":{"gitId":"ThawTunZan"},"content":"            System.out.println(\"OK, I\u0027ve marked this task as not done yet:\");","lastModifiedDate":"2024-02-21"},{"lineNumber":11,"author":{"gitId":"ThawTunZan"},"content":"            task.get(taskIndex).setDone(true);","lastModifiedDate":"2024-02-21"},{"lineNumber":12,"author":{"gitId":"ThawTunZan"},"content":"            System.out.println(task.get(taskIndex).getStatusIcon());","lastModifiedDate":"2024-02-21"},{"lineNumber":13,"author":{"gitId":"ThawTunZan"},"content":"        } else if (commandWithoutDescription(usersInput)){","lastModifiedDate":"2024-02-21"},{"lineNumber":14,"author":{"gitId":"ThawTunZan"},"content":"            throw new ThawException(\"Empty command \" + usersInput);","lastModifiedDate":"2024-02-21"},{"lineNumber":15,"author":{"gitId":"ThawTunZan"},"content":"        }","lastModifiedDate":"2024-02-21"},{"lineNumber":16,"author":{"gitId":"ThawTunZan"},"content":"    }","lastModifiedDate":"2024-02-21"},{"lineNumber":17,"author":{"gitId":"ThawTunZan"},"content":"}","lastModifiedDate":"2024-02-21"}],"authorContributionMap":{"ThawTunZan":17}}]
