{"authorDailyContributionsMap":{"ThawTunZan":[{"date":"2024-01-23","commitResults":[{"hash":"54c09632dd80bf4d975207dbd49c42a02254f250","isMergeCommit":false,"messageTitle":"Duke.java: replace original greeting with ThawBot greeting","messageBody":"","tags":["Level-0"],"fileTypesAndContributionMap":{"java":{"insertions":3,"deletions":6}}}]},{"date":"2024-02-02","commitResults":[{"hash":"12db21fa02a345dd280669e6146005be66f9d363","isMergeCommit":false,"messageTitle":"Add Echo for level 1 Increment This commit does the following: *Adds a feature where the program repeat the user\u0027s input *Adds a feature that will allow the user to manually exit the program","messageBody":"","tags":["Level-1"],"fileTypesAndContributionMap":{"java":{"insertions":30,"deletions":3}}},{"hash":"0b3e55d32426c5184254a0b42188c7c0d914fb2a","isMergeCommit":false,"messageTitle":"Edit Echo by adding List for level 2 increment This commit does the following: *Adds a new command \"list\" that displays all the previously typed texts by the user *Adds a feature where every line of texts entered by user is stored","messageBody":"","tags":["Level-2"],"fileTypesAndContributionMap":{"java":{"insertions":10,"deletions":1}}},{"hash":"d6355464969af28aeaa697c567cfbb8c266b3d30","isMergeCommit":false,"messageTitle":"Add \"mark as done\" feature for level 3 increment Add Task class that replaces the original list of strings that contains the user inputs","messageBody":"","tags":["Level-3","A-CodingStandard"],"fileTypesAndContributionMap":{"java":{"insertions":30,"deletions":3}}}]},{"date":"2024-02-05","commitResults":[{"hash":"957420aafa1caf9ffb04d5fc2961d5c5a0845ab9","isMergeCommit":false,"messageTitle":"Level 4 Increment Add support for tracking three types of tasks: ToDos: tasks without any date/time attached to it e.g., visit new theme park Deadlines: tasks that need to be done before a specific date/time e.g., submit report by 11/10/2019 5pm Events: tasks that start at a specific date/time and ends at a specific date/time","messageBody":"","fileTypesAndContributionMap":{"java":{"insertions":99,"deletions":27}}}]},{"date":"2024-02-07","commitResults":[{"hash":"fa4495bf49bfd0c0907161114607afb94cd179b8","isMergeCommit":false,"messageTitle":"fix: bug#1 Bug is printing the type of task like todo, event and deadline when the bot respond to you after adding a task. E.g. \"[][] todo read book\" instead of \"\u0027[][] read book","messageBody":"","tags":["Level-4","A-CodingQuality"],"fileTypesAndContributionMap":{"java":{"insertions":3,"deletions":3}}}]},{"date":"2024-02-11","commitResults":[{"hash":"391d098ff03033b6594dced843889bd4add37a00","isMergeCommit":false,"messageTitle":"Add Level 5 increment This commit contains the error exception handling for invalid user inputs","messageBody":"","fileTypesAndContributionMap":{"java":{"insertions":27,"deletions":6}}}]},{"date":"2024-02-14","commitResults":[{"hash":"0a796f73118b5840b4e41ac5a19c46d37cf0bbe6","isMergeCommit":false,"messageTitle":"Reduce code length for most of the functions","messageBody":"","fileTypesAndContributionMap":{"java":{"insertions":52,"deletions":56}}}]},{"date":"2024-02-20","commitResults":[{"hash":"81038338ed5a656583b08f77451ff72497f62244","isMergeCommit":true,"messageTitle":"Merge branch \u0027branch-Level-5\u0027","messageBody":"","tags":["Level-5","A-Exceptions"],"fileTypesAndContributionMap":{}},{"hash":"479cf32e5757723286ca5314a06ca9b96537a173","isMergeCommit":false,"messageTitle":"Use Java Collection class ArrayList","messageBody":"","fileTypesAndContributionMap":{"java":{"insertions":22,"deletions":21}}},{"hash":"c71cb362e6f473cb6fcf7250a32c8a96d649b6ce","isMergeCommit":false,"messageTitle":"Add support for deleting tasks from the list","messageBody":"","fileTypesAndContributionMap":{"java":{"insertions":18,"deletions":9}}},{"hash":"e513c294a5b8407b1398a28d0eca773bb0aafb69","isMergeCommit":false,"messageTitle":"Add file loading when bot comes online","messageBody":"","fileTypesAndContributionMap":{"txt":{"insertions":4,"deletions":0},"java":{"insertions":15,"deletions":2}}},{"hash":"3ec90bc0acffe9358e56922b5fef205cb6a0e1b3","isMergeCommit":false,"messageTitle":"Implement loading from saved data","messageBody":"","fileTypesAndContributionMap":{"java":{"insertions":21,"deletions":4}}},{"hash":"6390d04a13ca441f96411cdeff2f37c7ce6d8376","isMergeCommit":false,"messageTitle":"Add level-7 increment Implement a save feature","messageBody":"","fileTypesAndContributionMap":{"txt":{"insertions":0,"deletions":4},"java":{"insertions":41,"deletions":1}}},{"hash":"3830c1e90d50e92b4b9981ff1fea857e4f7b33f2","isMergeCommit":true,"messageTitle":"Merge branch \u0027branch-Level-6\u0027","messageBody":"","fileTypesAndContributionMap":{}},{"hash":"a4e508e273584902c79e8d5631e76652c79b028b","isMergeCommit":false,"messageTitle":"Change ThawBot.txt","messageBody":"","fileTypesAndContributionMap":{"txt":{"insertions":1,"deletions":0}}},{"hash":"e99e357c9cfa75929fadf481acecd00d781f4ea6","isMergeCommit":false,"messageTitle":"Add ThawBot.txt for save load","messageBody":"","fileTypesAndContributionMap":{"txt":{"insertions":0,"deletions":0}}},{"hash":"89c821d6321ac39b209eed8b3390b929a9e29d3b","isMergeCommit":false,"messageTitle":"Remove content in ThawBot.txt","messageBody":"","fileTypesAndContributionMap":{"txt":{"insertions":0,"deletions":1}}},{"hash":"a0c1e197683651dde04a18a95442bec7b8b8cb74","isMergeCommit":true,"messageTitle":"Merge branch \u0027branch-Level-7\u0027","messageBody":"# Conflicts:\nConflicts between branch 7 and 6 with the use of ArrayList and Array\n#\tsrc/main/java/Duke.java\n","tags":["Level-7","Level-6","A-Jar","A-Collections"],"fileTypesAndContributionMap":{}}]}]},"authorFileTypeContributionMap":{"ThawTunZan":{"java":234,"md":0,"fxml":0,"sh":0,"bat":0,"gradle":0,"txt":2}},"authorContributionVariance":{"ThawTunZan":1614.6132},"authorDisplayNameMap":{"ThawTunZan":"CS2113-W14-3 THAW.. ZAN"}}
