{"authorDailyContributionsMap":{"mihirheda02":[{"date":"2024-02-02","commitResults":[{"hash":"a1c0417309cf30908977d319bdfcfffbaaafa1c3","isMergeCommit":false,"messageTitle":"changed name and added basic skeleteon greeting and goodbye","messageBody":"","tags":["Level-0"],"fileTypesAndContributionMap":{"java":{"insertions":13,"deletions":5}}},{"hash":"565e0cc470edb3e11fae5f5cff57fbb83435b8d0","isMergeCommit":false,"messageTitle":"added infinite loop for chatbot that breaks when user types bye","messageBody":"","tags":["Level-1"],"fileTypesAndContributionMap":{"java":{"insertions":23,"deletions":4}}},{"hash":"4cafdcb85ba9495de73521ca6e275da201c82a60","isMergeCommit":false,"messageTitle":"added feature to add todos to task list","messageBody":"","tags":["Level-2"],"fileTypesAndContributionMap":{"java":{"insertions":45,"deletions":2},"bat":{"insertions":1,"deletions":1},"sh":{"insertions":2,"deletions":2},"md":{"insertions":9,"deletions":7}}},{"hash":"182cdbcc383d4598ddbe31e25143be525c4f4824","isMergeCommit":false,"messageTitle":"added feature to mark and unmark tasks","messageBody":"","tags":["Level-3"],"fileTypesAndContributionMap":{"java":{"insertions":66,"deletions":0}}},{"hash":"060a9eda7e10e6705e259872f5308990970b86e0","isMergeCommit":false,"messageTitle":"Fix coding style following SE-EDU guide","messageBody":"","tags":["A-CodingStandard"],"fileTypesAndContributionMap":{"java":{"insertions":86,"deletions":66}}}]},{"date":"2024-02-05","commitResults":[{"hash":"e08c7a8b79aa5bb1e33463f1fafc7eb6b0d843d4","isMergeCommit":false,"messageTitle":"Split tasks into todos, events, and deadlines","messageBody":"","tags":["Level-4"],"fileTypesAndContributionMap":{"java":{"insertions":176,"deletions":30}}}]}]},"authorFileTypeContributionMap":{"mihirheda02":{"java":310,"md":9,"fxml":0,"sh":1,"bat":1,"gradle":0,"txt":0}},"authorContributionVariance":{"mihirheda02":7587.7656},"authorDisplayNameMap":{"mihirheda02":"CS2113-F14-1 HEDA..SHAN"}}
