[{"path":"build.gradle","fileType":"gradle","lines":[{"lineNumber":1,"author":{"gitId":"-"},"content":"plugins {","lastModifiedDate":"2020-05-25"},{"lineNumber":2,"author":{"gitId":"-"},"content":"    id \u0027java\u0027","lastModifiedDate":"2020-05-25"},{"lineNumber":3,"author":{"gitId":"-"},"content":"    id \u0027application\u0027","lastModifiedDate":"2020-05-25"},{"lineNumber":4,"author":{"gitId":"-"},"content":"    id \u0027com.github.johnrengelman.shadow\u0027 version \u00277.1.2\u0027","lastModifiedDate":"2023-08-05"},{"lineNumber":5,"author":{"gitId":"-"},"content":"}","lastModifiedDate":"2020-05-25"},{"lineNumber":6,"author":{"gitId":"-"},"content":"","lastModifiedDate":"2020-05-25"},{"lineNumber":7,"author":{"gitId":"-"},"content":"repositories {","lastModifiedDate":"2020-05-25"},{"lineNumber":8,"author":{"gitId":"-"},"content":"    mavenCentral()","lastModifiedDate":"2020-05-25"},{"lineNumber":9,"author":{"gitId":"-"},"content":"}","lastModifiedDate":"2020-05-25"},{"lineNumber":10,"author":{"gitId":"-"},"content":"","lastModifiedDate":"2020-05-25"},{"lineNumber":11,"author":{"gitId":"-"},"content":"dependencies {","lastModifiedDate":"2020-05-25"},{"lineNumber":12,"author":{"gitId":"-"},"content":"    testImplementation group: \u0027org.junit.jupiter\u0027, name: \u0027junit-jupiter-api\u0027, version: \u00275.10.0\u0027","lastModifiedDate":"2023-08-05"},{"lineNumber":13,"author":{"gitId":"-"},"content":"    testRuntimeOnly group: \u0027org.junit.jupiter\u0027, name: \u0027junit-jupiter-engine\u0027, version: \u00275.10.0\u0027","lastModifiedDate":"2023-08-05"},{"lineNumber":14,"author":{"gitId":"-"},"content":"}","lastModifiedDate":"2020-05-25"},{"lineNumber":15,"author":{"gitId":"-"},"content":"","lastModifiedDate":"2020-05-25"},{"lineNumber":16,"author":{"gitId":"-"},"content":"test {","lastModifiedDate":"2020-05-25"},{"lineNumber":17,"author":{"gitId":"-"},"content":"    useJUnitPlatform()","lastModifiedDate":"2020-05-25"},{"lineNumber":18,"author":{"gitId":"-"},"content":"","lastModifiedDate":"2020-05-25"},{"lineNumber":19,"author":{"gitId":"-"},"content":"    testLogging {","lastModifiedDate":"2020-05-25"},{"lineNumber":20,"author":{"gitId":"-"},"content":"        events \"passed\", \"skipped\", \"failed\"","lastModifiedDate":"2020-05-25"},{"lineNumber":21,"author":{"gitId":"-"},"content":"","lastModifiedDate":"2020-05-25"},{"lineNumber":22,"author":{"gitId":"-"},"content":"        showExceptions true","lastModifiedDate":"2020-05-25"},{"lineNumber":23,"author":{"gitId":"-"},"content":"        exceptionFormat \"full\"","lastModifiedDate":"2020-05-25"},{"lineNumber":24,"author":{"gitId":"-"},"content":"        showCauses true","lastModifiedDate":"2020-05-25"},{"lineNumber":25,"author":{"gitId":"-"},"content":"        showStackTraces true","lastModifiedDate":"2020-05-25"},{"lineNumber":26,"author":{"gitId":"-"},"content":"        showStandardStreams \u003d false","lastModifiedDate":"2020-05-25"},{"lineNumber":27,"author":{"gitId":"-"},"content":"    }","lastModifiedDate":"2020-05-25"},{"lineNumber":28,"author":{"gitId":"-"},"content":"}","lastModifiedDate":"2020-05-25"},{"lineNumber":29,"author":{"gitId":"-"},"content":"","lastModifiedDate":"2020-05-25"},{"lineNumber":30,"author":{"gitId":"-"},"content":"application {","lastModifiedDate":"2020-05-25"},{"lineNumber":31,"author":{"gitId":"wallywallywally"},"content":"    mainClass.set(\"Wallybot\")","lastModifiedDate":"2024-02-12"},{"lineNumber":32,"author":{"gitId":"-"},"content":"}","lastModifiedDate":"2020-05-25"},{"lineNumber":33,"author":{"gitId":"-"},"content":"","lastModifiedDate":"2020-05-25"},{"lineNumber":34,"author":{"gitId":"-"},"content":"shadowJar {","lastModifiedDate":"2020-05-25"},{"lineNumber":35,"author":{"gitId":"wallywallywally"},"content":"    archiveBaseName \u003d \"wallybot\"","lastModifiedDate":"2024-02-25"},{"lineNumber":36,"author":{"gitId":"-"},"content":"    archiveClassifier \u003d null","lastModifiedDate":"2020-05-25"},{"lineNumber":37,"author":{"gitId":"-"},"content":"    dependsOn(\"distZip\", \"distTar\")","lastModifiedDate":"2023-08-05"},{"lineNumber":38,"author":{"gitId":"-"},"content":"}","lastModifiedDate":"2020-05-25"},{"lineNumber":39,"author":{"gitId":"-"},"content":"","lastModifiedDate":"2020-05-25"},{"lineNumber":40,"author":{"gitId":"-"},"content":"run{","lastModifiedDate":"2020-05-25"},{"lineNumber":41,"author":{"gitId":"-"},"content":"    standardInput \u003d System.in","lastModifiedDate":"2020-05-25"},{"lineNumber":42,"author":{"gitId":"-"},"content":"}","lastModifiedDate":"2020-05-25"}],"authorContributionMap":{"wallywallywally":2,"-":40}},{"path":"src/main/java/Parser.java","fileType":"java","lines":[{"lineNumber":1,"author":{"gitId":"wallywallywally"},"content":"import tasks.Task;","lastModifiedDate":"2024-02-29"},{"lineNumber":2,"author":{"gitId":"wallywallywally"},"content":"","lastModifiedDate":"2024-02-29"},{"lineNumber":3,"author":{"gitId":"wallywallywally"},"content":"import exceptions.WallybotException;","lastModifiedDate":"2024-02-29"},{"lineNumber":4,"author":{"gitId":"wallywallywally"},"content":"import exceptions.InvalidCommandException;","lastModifiedDate":"2024-02-29"},{"lineNumber":5,"author":{"gitId":"wallywallywally"},"content":"","lastModifiedDate":"2024-02-29"},{"lineNumber":6,"author":{"gitId":"wallywallywally"},"content":"","lastModifiedDate":"2024-02-29"},{"lineNumber":7,"author":{"gitId":"wallywallywally"},"content":"/**","lastModifiedDate":"2024-02-29"},{"lineNumber":8,"author":{"gitId":"wallywallywally"},"content":" * Makes sense of the user\u0027s input.","lastModifiedDate":"2024-02-29"},{"lineNumber":9,"author":{"gitId":"wallywallywally"},"content":" */","lastModifiedDate":"2024-02-29"},{"lineNumber":10,"author":{"gitId":"wallywallywally"},"content":"public class Parser {","lastModifiedDate":"2024-02-29"},{"lineNumber":11,"author":{"gitId":"wallywallywally"},"content":"    /**","lastModifiedDate":"2024-02-29"},{"lineNumber":12,"author":{"gitId":"wallywallywally"},"content":"     * Execute given command","lastModifiedDate":"2024-02-29"},{"lineNumber":13,"author":{"gitId":"wallywallywally"},"content":"     */","lastModifiedDate":"2024-02-29"},{"lineNumber":14,"author":{"gitId":"wallywallywally"},"content":"    public void executeCommand(String command, String input, Tasklist tasks) throws WallybotException {","lastModifiedDate":"2024-02-29"},{"lineNumber":15,"author":{"gitId":"wallywallywally"},"content":"        switch (command) {","lastModifiedDate":"2024-02-29"},{"lineNumber":16,"author":{"gitId":"wallywallywally"},"content":"","lastModifiedDate":"2024-02-29"},{"lineNumber":17,"author":{"gitId":"wallywallywally"},"content":"        case \"todo\":","lastModifiedDate":"2024-02-29"},{"lineNumber":18,"author":{"gitId":"wallywallywally"},"content":"        case \"deadline\":","lastModifiedDate":"2024-02-29"},{"lineNumber":19,"author":{"gitId":"wallywallywally"},"content":"        case \"event\":","lastModifiedDate":"2024-02-29"},{"lineNumber":20,"author":{"gitId":"wallywallywally"},"content":"            createTask(command, input, tasks);","lastModifiedDate":"2024-02-29"},{"lineNumber":21,"author":{"gitId":"wallywallywally"},"content":"            break;","lastModifiedDate":"2024-02-29"},{"lineNumber":22,"author":{"gitId":"wallywallywally"},"content":"","lastModifiedDate":"2024-02-29"},{"lineNumber":23,"author":{"gitId":"wallywallywally"},"content":"        case \"mark\":","lastModifiedDate":"2024-02-29"},{"lineNumber":24,"author":{"gitId":"wallywallywally"},"content":"        case \"unmark\":","lastModifiedDate":"2024-02-29"},{"lineNumber":25,"author":{"gitId":"wallywallywally"},"content":"            // Mark or unmark task","lastModifiedDate":"2024-02-29"},{"lineNumber":26,"author":{"gitId":"wallywallywally"},"content":"            tasks.markDone(command.equals(\"mark\"), Integer.parseInt(input));","lastModifiedDate":"2024-02-29"},{"lineNumber":27,"author":{"gitId":"wallywallywally"},"content":"            break;","lastModifiedDate":"2024-02-29"},{"lineNumber":28,"author":{"gitId":"wallywallywally"},"content":"","lastModifiedDate":"2024-02-29"},{"lineNumber":29,"author":{"gitId":"wallywallywally"},"content":"        case \"delete\":","lastModifiedDate":"2024-02-29"},{"lineNumber":30,"author":{"gitId":"wallywallywally"},"content":"            // Delete a task","lastModifiedDate":"2024-02-29"},{"lineNumber":31,"author":{"gitId":"wallywallywally"},"content":"            tasks.deleteTask(Integer.parseInt(input));","lastModifiedDate":"2024-02-29"},{"lineNumber":32,"author":{"gitId":"wallywallywally"},"content":"            break;","lastModifiedDate":"2024-02-29"},{"lineNumber":33,"author":{"gitId":"wallywallywally"},"content":"","lastModifiedDate":"2024-02-29"},{"lineNumber":34,"author":{"gitId":"wallywallywally"},"content":"        case \"list\":","lastModifiedDate":"2024-02-29"},{"lineNumber":35,"author":{"gitId":"wallywallywally"},"content":"            // View all tasks","lastModifiedDate":"2024-02-29"},{"lineNumber":36,"author":{"gitId":"wallywallywally"},"content":"            tasks.viewTasks();","lastModifiedDate":"2024-02-29"},{"lineNumber":37,"author":{"gitId":"wallywallywally"},"content":"            break;","lastModifiedDate":"2024-02-29"},{"lineNumber":38,"author":{"gitId":"wallywallywally"},"content":"","lastModifiedDate":"2024-02-29"},{"lineNumber":39,"author":{"gitId":"wallywallywally"},"content":"        case \"bye\":","lastModifiedDate":"2024-02-29"},{"lineNumber":40,"author":{"gitId":"wallywallywally"},"content":"            // Exit chatbot","lastModifiedDate":"2024-02-29"},{"lineNumber":41,"author":{"gitId":"wallywallywally"},"content":"            Wallybot.exitWally();","lastModifiedDate":"2024-02-29"},{"lineNumber":42,"author":{"gitId":"wallywallywally"},"content":"            break;","lastModifiedDate":"2024-02-29"},{"lineNumber":43,"author":{"gitId":"wallywallywally"},"content":"","lastModifiedDate":"2024-02-29"},{"lineNumber":44,"author":{"gitId":"wallywallywally"},"content":"        default:","lastModifiedDate":"2024-02-29"},{"lineNumber":45,"author":{"gitId":"wallywallywally"},"content":"            // Invalid command","lastModifiedDate":"2024-02-29"},{"lineNumber":46,"author":{"gitId":"wallywallywally"},"content":"            throw new InvalidCommandException();","lastModifiedDate":"2024-02-29"},{"lineNumber":47,"author":{"gitId":"wallywallywally"},"content":"        }","lastModifiedDate":"2024-02-29"},{"lineNumber":48,"author":{"gitId":"wallywallywally"},"content":"    }","lastModifiedDate":"2024-02-29"},{"lineNumber":49,"author":{"gitId":"wallywallywally"},"content":"","lastModifiedDate":"2024-02-29"},{"lineNumber":50,"author":{"gitId":"wallywallywally"},"content":"    /**","lastModifiedDate":"2024-02-29"},{"lineNumber":51,"author":{"gitId":"wallywallywally"},"content":"     * Create subclass Todo/Deadline/Event of Task","lastModifiedDate":"2024-02-29"},{"lineNumber":52,"author":{"gitId":"wallywallywally"},"content":"     */","lastModifiedDate":"2024-02-29"},{"lineNumber":53,"author":{"gitId":"wallywallywally"},"content":"    public void createTask(String command, String input, Tasklist tasks) throws WallybotException {","lastModifiedDate":"2024-02-29"},{"lineNumber":54,"author":{"gitId":"wallywallywally"},"content":"        switch (command) {","lastModifiedDate":"2024-02-29"},{"lineNumber":55,"author":{"gitId":"wallywallywally"},"content":"        case \"todo\":","lastModifiedDate":"2024-02-29"},{"lineNumber":56,"author":{"gitId":"wallywallywally"},"content":"            // Add Todo","lastModifiedDate":"2024-02-29"},{"lineNumber":57,"author":{"gitId":"wallywallywally"},"content":"            Task todo \u003d tasks.createTodo(input);","lastModifiedDate":"2024-02-29"},{"lineNumber":58,"author":{"gitId":"wallywallywally"},"content":"            tasks.addTask(todo);","lastModifiedDate":"2024-02-29"},{"lineNumber":59,"author":{"gitId":"wallywallywally"},"content":"            break;","lastModifiedDate":"2024-02-29"},{"lineNumber":60,"author":{"gitId":"wallywallywally"},"content":"","lastModifiedDate":"2024-02-29"},{"lineNumber":61,"author":{"gitId":"wallywallywally"},"content":"        case \"deadline\":","lastModifiedDate":"2024-02-29"},{"lineNumber":62,"author":{"gitId":"wallywallywally"},"content":"            // Add Deadline","lastModifiedDate":"2024-02-29"},{"lineNumber":63,"author":{"gitId":"wallywallywally"},"content":"            Task deadline \u003d tasks.createDeadline(input);","lastModifiedDate":"2024-02-29"},{"lineNumber":64,"author":{"gitId":"wallywallywally"},"content":"            tasks.addTask(deadline);","lastModifiedDate":"2024-02-29"},{"lineNumber":65,"author":{"gitId":"wallywallywally"},"content":"            break;","lastModifiedDate":"2024-02-29"},{"lineNumber":66,"author":{"gitId":"wallywallywally"},"content":"","lastModifiedDate":"2024-02-29"},{"lineNumber":67,"author":{"gitId":"wallywallywally"},"content":"        case \"event\":","lastModifiedDate":"2024-02-29"},{"lineNumber":68,"author":{"gitId":"wallywallywally"},"content":"            // Add Event","lastModifiedDate":"2024-02-29"},{"lineNumber":69,"author":{"gitId":"wallywallywally"},"content":"            Task event \u003d tasks.createEvent(input);","lastModifiedDate":"2024-02-29"},{"lineNumber":70,"author":{"gitId":"wallywallywally"},"content":"            tasks.addTask(event);","lastModifiedDate":"2024-02-29"},{"lineNumber":71,"author":{"gitId":"wallywallywally"},"content":"            break;","lastModifiedDate":"2024-02-29"},{"lineNumber":72,"author":{"gitId":"wallywallywally"},"content":"        }","lastModifiedDate":"2024-02-29"},{"lineNumber":73,"author":{"gitId":"wallywallywally"},"content":"    }","lastModifiedDate":"2024-02-29"},{"lineNumber":74,"author":{"gitId":"wallywallywally"},"content":"","lastModifiedDate":"2024-02-29"},{"lineNumber":75,"author":{"gitId":"wallywallywally"},"content":"}","lastModifiedDate":"2024-02-29"}],"authorContributionMap":{"wallywallywally":75}},{"path":"src/main/java/Storage.java","fileType":"java","lines":[{"lineNumber":1,"author":{"gitId":"wallywallywally"},"content":"import tasks.Task;","lastModifiedDate":"2024-02-29"},{"lineNumber":2,"author":{"gitId":"wallywallywally"},"content":"import tasks.Todo;","lastModifiedDate":"2024-02-29"},{"lineNumber":3,"author":{"gitId":"wallywallywally"},"content":"import tasks.Deadline;","lastModifiedDate":"2024-02-29"},{"lineNumber":4,"author":{"gitId":"wallywallywally"},"content":"import tasks.Event;","lastModifiedDate":"2024-02-29"},{"lineNumber":5,"author":{"gitId":"wallywallywally"},"content":"","lastModifiedDate":"2024-02-29"},{"lineNumber":6,"author":{"gitId":"wallywallywally"},"content":"import java.io.File;","lastModifiedDate":"2024-02-29"},{"lineNumber":7,"author":{"gitId":"wallywallywally"},"content":"import java.io.FileNotFoundException;","lastModifiedDate":"2024-02-29"},{"lineNumber":8,"author":{"gitId":"wallywallywally"},"content":"import java.io.FileWriter;","lastModifiedDate":"2024-02-29"},{"lineNumber":9,"author":{"gitId":"wallywallywally"},"content":"import java.io.IOException;","lastModifiedDate":"2024-02-29"},{"lineNumber":10,"author":{"gitId":"wallywallywally"},"content":"import java.util.Scanner;","lastModifiedDate":"2024-02-29"},{"lineNumber":11,"author":{"gitId":"wallywallywally"},"content":"","lastModifiedDate":"2024-02-29"},{"lineNumber":12,"author":{"gitId":"wallywallywally"},"content":"","lastModifiedDate":"2024-02-29"},{"lineNumber":13,"author":{"gitId":"wallywallywally"},"content":"/**","lastModifiedDate":"2024-02-29"},{"lineNumber":14,"author":{"gitId":"wallywallywally"},"content":" * Deals with loading tasks from, and saving tasks into the specified filepath.","lastModifiedDate":"2024-02-29"},{"lineNumber":15,"author":{"gitId":"wallywallywally"},"content":" */","lastModifiedDate":"2024-02-29"},{"lineNumber":16,"author":{"gitId":"wallywallywally"},"content":"public class Storage {","lastModifiedDate":"2024-02-29"},{"lineNumber":17,"author":{"gitId":"wallywallywally"},"content":"    private String filepath;","lastModifiedDate":"2024-02-29"},{"lineNumber":18,"author":{"gitId":"wallywallywally"},"content":"","lastModifiedDate":"2024-02-29"},{"lineNumber":19,"author":{"gitId":"wallywallywally"},"content":"    /**","lastModifiedDate":"2024-02-29"},{"lineNumber":20,"author":{"gitId":"wallywallywally"},"content":"     * Initialise storage by reading data from specified filepath, otherwise create an empty file there.","lastModifiedDate":"2024-02-29"},{"lineNumber":21,"author":{"gitId":"wallywallywally"},"content":"     */","lastModifiedDate":"2024-02-29"},{"lineNumber":22,"author":{"gitId":"wallywallywally"},"content":"    public Storage(String filepath, Tasklist tasks) {","lastModifiedDate":"2024-02-29"},{"lineNumber":23,"author":{"gitId":"wallywallywally"},"content":"        this.filepath \u003d filepath;","lastModifiedDate":"2024-02-29"},{"lineNumber":24,"author":{"gitId":"wallywallywally"},"content":"","lastModifiedDate":"2024-02-29"},{"lineNumber":25,"author":{"gitId":"wallywallywally"},"content":"        try {","lastModifiedDate":"2024-02-29"},{"lineNumber":26,"author":{"gitId":"wallywallywally"},"content":"            readFile(tasks);","lastModifiedDate":"2024-02-29"},{"lineNumber":27,"author":{"gitId":"wallywallywally"},"content":"        } catch (FileNotFoundException e) {","lastModifiedDate":"2024-02-29"},{"lineNumber":28,"author":{"gitId":"wallywallywally"},"content":"            createFile();","lastModifiedDate":"2024-02-29"},{"lineNumber":29,"author":{"gitId":"wallywallywally"},"content":"        }","lastModifiedDate":"2024-02-29"},{"lineNumber":30,"author":{"gitId":"wallywallywally"},"content":"    }","lastModifiedDate":"2024-02-29"},{"lineNumber":31,"author":{"gitId":"wallywallywally"},"content":"","lastModifiedDate":"2024-02-29"},{"lineNumber":32,"author":{"gitId":"wallywallywally"},"content":"    /**","lastModifiedDate":"2024-02-29"},{"lineNumber":33,"author":{"gitId":"wallywallywally"},"content":"     * Create file for storing data at specified filepath.","lastModifiedDate":"2024-02-29"},{"lineNumber":34,"author":{"gitId":"wallywallywally"},"content":"     */","lastModifiedDate":"2024-02-29"},{"lineNumber":35,"author":{"gitId":"wallywallywally"},"content":"    public void createFile() {","lastModifiedDate":"2024-02-29"},{"lineNumber":36,"author":{"gitId":"wallywallywally"},"content":"        File data \u003d new File(filepath);","lastModifiedDate":"2024-02-29"},{"lineNumber":37,"author":{"gitId":"wallywallywally"},"content":"        try {","lastModifiedDate":"2024-02-29"},{"lineNumber":38,"author":{"gitId":"wallywallywally"},"content":"            if (data.createNewFile()) {","lastModifiedDate":"2024-02-29"},{"lineNumber":39,"author":{"gitId":"wallywallywally"},"content":"                System.out.println(\"File created for storing my data :))\");","lastModifiedDate":"2024-02-29"},{"lineNumber":40,"author":{"gitId":"wallywallywally"},"content":"                System.out.println(Ui.TEXTDIVIDER);","lastModifiedDate":"2024-02-29"},{"lineNumber":41,"author":{"gitId":"wallywallywally"},"content":"            }","lastModifiedDate":"2024-02-29"},{"lineNumber":42,"author":{"gitId":"wallywallywally"},"content":"","lastModifiedDate":"2024-02-29"},{"lineNumber":43,"author":{"gitId":"wallywallywally"},"content":"        } catch (IOException e) {","lastModifiedDate":"2024-02-29"},{"lineNumber":44,"author":{"gitId":"wallywallywally"},"content":"            System.out.println(\"Something went wrong...my data cannot be stored \u003e:(\");","lastModifiedDate":"2024-02-29"},{"lineNumber":45,"author":{"gitId":"wallywallywally"},"content":"        }","lastModifiedDate":"2024-02-29"},{"lineNumber":46,"author":{"gitId":"wallywallywally"},"content":"    }","lastModifiedDate":"2024-02-29"},{"lineNumber":47,"author":{"gitId":"wallywallywally"},"content":"","lastModifiedDate":"2024-02-29"},{"lineNumber":48,"author":{"gitId":"wallywallywally"},"content":"    /**","lastModifiedDate":"2024-02-29"},{"lineNumber":49,"author":{"gitId":"wallywallywally"},"content":"     * Read formatted data from specified filepath.","lastModifiedDate":"2024-02-29"},{"lineNumber":50,"author":{"gitId":"wallywallywally"},"content":"     */","lastModifiedDate":"2024-02-29"},{"lineNumber":51,"author":{"gitId":"wallywallywally"},"content":"    public void readFile(Tasklist tasks) throws FileNotFoundException {","lastModifiedDate":"2024-02-29"},{"lineNumber":52,"author":{"gitId":"wallywallywally"},"content":"        File data \u003d new File(filepath);","lastModifiedDate":"2024-02-29"},{"lineNumber":53,"author":{"gitId":"wallywallywally"},"content":"        Scanner reader \u003d new Scanner(data);","lastModifiedDate":"2024-02-29"},{"lineNumber":54,"author":{"gitId":"wallywallywally"},"content":"","lastModifiedDate":"2024-02-29"},{"lineNumber":55,"author":{"gitId":"wallywallywally"},"content":"        while (reader.hasNext()) {","lastModifiedDate":"2024-02-29"},{"lineNumber":56,"author":{"gitId":"wallywallywally"},"content":"            String entry \u003d reader.nextLine();","lastModifiedDate":"2024-02-29"},{"lineNumber":57,"author":{"gitId":"wallywallywally"},"content":"            final String DIVIDER \u003d \"/\";","lastModifiedDate":"2024-02-29"},{"lineNumber":58,"author":{"gitId":"wallywallywally"},"content":"            String[] details \u003d entry.split(DIVIDER);","lastModifiedDate":"2024-02-29"},{"lineNumber":59,"author":{"gitId":"wallywallywally"},"content":"","lastModifiedDate":"2024-02-29"},{"lineNumber":60,"author":{"gitId":"wallywallywally"},"content":"            // Format and create task","lastModifiedDate":"2024-02-29"},{"lineNumber":61,"author":{"gitId":"wallywallywally"},"content":"            Task task \u003d null;","lastModifiedDate":"2024-02-29"},{"lineNumber":62,"author":{"gitId":"wallywallywally"},"content":"            switch (details[0]) {","lastModifiedDate":"2024-02-29"},{"lineNumber":63,"author":{"gitId":"wallywallywally"},"content":"            case (\"T\"):","lastModifiedDate":"2024-02-29"},{"lineNumber":64,"author":{"gitId":"wallywallywally"},"content":"                task \u003d new Todo(details[2]);","lastModifiedDate":"2024-02-29"},{"lineNumber":65,"author":{"gitId":"wallywallywally"},"content":"                break;","lastModifiedDate":"2024-02-29"},{"lineNumber":66,"author":{"gitId":"wallywallywally"},"content":"            case (\"D\"):","lastModifiedDate":"2024-02-29"},{"lineNumber":67,"author":{"gitId":"wallywallywally"},"content":"                task \u003d new Deadline(details[2], details[3]);","lastModifiedDate":"2024-02-29"},{"lineNumber":68,"author":{"gitId":"wallywallywally"},"content":"                break;","lastModifiedDate":"2024-02-29"},{"lineNumber":69,"author":{"gitId":"wallywallywally"},"content":"            case (\"E\"):","lastModifiedDate":"2024-02-29"},{"lineNumber":70,"author":{"gitId":"wallywallywally"},"content":"                task \u003d new Event(details[2], details[3], details[4]);","lastModifiedDate":"2024-02-29"},{"lineNumber":71,"author":{"gitId":"wallywallywally"},"content":"                break;","lastModifiedDate":"2024-02-29"},{"lineNumber":72,"author":{"gitId":"wallywallywally"},"content":"            default:","lastModifiedDate":"2024-02-29"},{"lineNumber":73,"author":{"gitId":"wallywallywally"},"content":"                // Do nothing","lastModifiedDate":"2024-02-29"},{"lineNumber":74,"author":{"gitId":"wallywallywally"},"content":"            }","lastModifiedDate":"2024-02-29"},{"lineNumber":75,"author":{"gitId":"wallywallywally"},"content":"","lastModifiedDate":"2024-02-29"},{"lineNumber":76,"author":{"gitId":"wallywallywally"},"content":"            if (task !\u003d null) {","lastModifiedDate":"2024-02-29"},{"lineNumber":77,"author":{"gitId":"wallywallywally"},"content":"                task.setDone(details[1].equals(\"1\"));","lastModifiedDate":"2024-02-29"},{"lineNumber":78,"author":{"gitId":"wallywallywally"},"content":"                tasks.addExisting(task);","lastModifiedDate":"2024-02-29"},{"lineNumber":79,"author":{"gitId":"wallywallywally"},"content":"            }","lastModifiedDate":"2024-02-29"},{"lineNumber":80,"author":{"gitId":"wallywallywally"},"content":"        }","lastModifiedDate":"2024-02-29"},{"lineNumber":81,"author":{"gitId":"wallywallywally"},"content":"    }","lastModifiedDate":"2024-02-29"},{"lineNumber":82,"author":{"gitId":"wallywallywally"},"content":"","lastModifiedDate":"2024-02-29"},{"lineNumber":83,"author":{"gitId":"wallywallywally"},"content":"    /**","lastModifiedDate":"2024-02-29"},{"lineNumber":84,"author":{"gitId":"wallywallywally"},"content":"     * Write formatted data into specified file.","lastModifiedDate":"2024-02-29"},{"lineNumber":85,"author":{"gitId":"wallywallywally"},"content":"     */","lastModifiedDate":"2024-02-29"},{"lineNumber":86,"author":{"gitId":"wallywallywally"},"content":"    public void writeFile(String data) throws IOException {","lastModifiedDate":"2024-02-29"},{"lineNumber":87,"author":{"gitId":"wallywallywally"},"content":"        FileWriter writer \u003d new FileWriter(filepath);","lastModifiedDate":"2024-02-29"},{"lineNumber":88,"author":{"gitId":"wallywallywally"},"content":"        writer.write(data);","lastModifiedDate":"2024-02-29"},{"lineNumber":89,"author":{"gitId":"wallywallywally"},"content":"        writer.close();","lastModifiedDate":"2024-02-29"},{"lineNumber":90,"author":{"gitId":"wallywallywally"},"content":"    }","lastModifiedDate":"2024-02-29"},{"lineNumber":91,"author":{"gitId":"wallywallywally"},"content":"}","lastModifiedDate":"2024-02-29"}],"authorContributionMap":{"wallywallywally":91}},{"path":"src/main/java/Tasklist.java","fileType":"java","lines":[{"lineNumber":1,"author":{"gitId":"wallywallywally"},"content":"import java.util.ArrayList;","lastModifiedDate":"2024-02-13"},{"lineNumber":2,"author":{"gitId":"wallywallywally"},"content":"","lastModifiedDate":"2024-02-13"},{"lineNumber":3,"author":{"gitId":"wallywallywally"},"content":"import tasks.Task;","lastModifiedDate":"2024-02-12"},{"lineNumber":4,"author":{"gitId":"wallywallywally"},"content":"import tasks.Todo;","lastModifiedDate":"2024-02-13"},{"lineNumber":5,"author":{"gitId":"wallywallywally"},"content":"import tasks.Deadline;","lastModifiedDate":"2024-02-13"},{"lineNumber":6,"author":{"gitId":"wallywallywally"},"content":"import tasks.Event;","lastModifiedDate":"2024-02-13"},{"lineNumber":7,"author":{"gitId":"wallywallywally"},"content":"","lastModifiedDate":"2024-02-13"},{"lineNumber":8,"author":{"gitId":"wallywallywally"},"content":"import exceptions.descriptions.EmptyDescriptionException;","lastModifiedDate":"2024-02-13"},{"lineNumber":9,"author":{"gitId":"wallywallywally"},"content":"import exceptions.descriptions.IncompleteDescriptionException;","lastModifiedDate":"2024-02-13"},{"lineNumber":10,"author":{"gitId":"wallywallywally"},"content":"import exceptions.descriptions.WrongFormatDescriptionException;","lastModifiedDate":"2024-02-13"},{"lineNumber":11,"author":{"gitId":"wallywallywally"},"content":"","lastModifiedDate":"2024-02-12"},{"lineNumber":12,"author":{"gitId":"wallywallywally"},"content":"","lastModifiedDate":"2024-02-12"},{"lineNumber":13,"author":{"gitId":"wallywallywally"},"content":"/**","lastModifiedDate":"2024-02-08"},{"lineNumber":14,"author":{"gitId":"wallywallywally"},"content":" * Store and manage tasks.","lastModifiedDate":"2024-02-08"},{"lineNumber":15,"author":{"gitId":"wallywallywally"},"content":" */","lastModifiedDate":"2024-02-08"},{"lineNumber":16,"author":{"gitId":"wallywallywally"},"content":"public class Tasklist {","lastModifiedDate":"2024-02-07"},{"lineNumber":17,"author":{"gitId":"wallywallywally"},"content":"    // ARRAYLIST","lastModifiedDate":"2024-02-29"},{"lineNumber":18,"author":{"gitId":"wallywallywally"},"content":"    private ArrayList\u003cTask\u003e tasks;","lastModifiedDate":"2024-02-29"},{"lineNumber":19,"author":{"gitId":"wallywallywally"},"content":"","lastModifiedDate":"2024-02-07"},{"lineNumber":20,"author":{"gitId":"wallywallywally"},"content":"    // METHODS","lastModifiedDate":"2024-02-07"},{"lineNumber":21,"author":{"gitId":"wallywallywally"},"content":"    public Tasklist() {","lastModifiedDate":"2024-02-29"},{"lineNumber":22,"author":{"gitId":"wallywallywally"},"content":"        tasks \u003d new ArrayList\u003c\u003e();","lastModifiedDate":"2024-02-29"},{"lineNumber":23,"author":{"gitId":"wallywallywally"},"content":"    }","lastModifiedDate":"2024-02-29"},{"lineNumber":24,"author":{"gitId":"wallywallywally"},"content":"","lastModifiedDate":"2024-02-29"},{"lineNumber":25,"author":{"gitId":"wallywallywally"},"content":"    /**","lastModifiedDate":"2024-02-13"},{"lineNumber":26,"author":{"gitId":"wallywallywally"},"content":"     * Create Todo object.","lastModifiedDate":"2024-02-29"},{"lineNumber":27,"author":{"gitId":"wallywallywally"},"content":"     *","lastModifiedDate":"2024-02-13"},{"lineNumber":28,"author":{"gitId":"wallywallywally"},"content":"     * @param input: Todo details","lastModifiedDate":"2024-02-29"},{"lineNumber":29,"author":{"gitId":"wallywallywally"},"content":"     */","lastModifiedDate":"2024-02-13"},{"lineNumber":30,"author":{"gitId":"wallywallywally"},"content":"    public Todo createTodo(String input) throws EmptyDescriptionException {","lastModifiedDate":"2024-02-29"},{"lineNumber":31,"author":{"gitId":"wallywallywally"},"content":"        if (input.isEmpty()) {","lastModifiedDate":"2024-02-13"},{"lineNumber":32,"author":{"gitId":"wallywallywally"},"content":"            throw new EmptyDescriptionException();","lastModifiedDate":"2024-02-13"},{"lineNumber":33,"author":{"gitId":"wallywallywally"},"content":"        }","lastModifiedDate":"2024-02-13"},{"lineNumber":34,"author":{"gitId":"wallywallywally"},"content":"","lastModifiedDate":"2024-02-13"},{"lineNumber":35,"author":{"gitId":"wallywallywally"},"content":"        return new Todo(input);","lastModifiedDate":"2024-02-13"},{"lineNumber":36,"author":{"gitId":"wallywallywally"},"content":"    }","lastModifiedDate":"2024-02-13"},{"lineNumber":37,"author":{"gitId":"wallywallywally"},"content":"","lastModifiedDate":"2024-02-13"},{"lineNumber":38,"author":{"gitId":"wallywallywally"},"content":"    /**","lastModifiedDate":"2024-02-13"},{"lineNumber":39,"author":{"gitId":"wallywallywally"},"content":"     * Create Deadline object.","lastModifiedDate":"2024-02-29"},{"lineNumber":40,"author":{"gitId":"wallywallywally"},"content":"     *","lastModifiedDate":"2024-02-13"},{"lineNumber":41,"author":{"gitId":"wallywallywally"},"content":"     * @param input: Deadline details","lastModifiedDate":"2024-02-29"},{"lineNumber":42,"author":{"gitId":"wallywallywally"},"content":"     */","lastModifiedDate":"2024-02-13"},{"lineNumber":43,"author":{"gitId":"wallywallywally"},"content":"    public Deadline createDeadline(String input) throws EmptyDescriptionException, WrongFormatDescriptionException, IncompleteDescriptionException {","lastModifiedDate":"2024-02-29"},{"lineNumber":44,"author":{"gitId":"wallywallywally"},"content":"        final String BY \u003d \"/by\";","lastModifiedDate":"2024-02-25"},{"lineNumber":45,"author":{"gitId":"wallywallywally"},"content":"","lastModifiedDate":"2024-02-25"},{"lineNumber":46,"author":{"gitId":"wallywallywally"},"content":"        if (input.isEmpty()) {","lastModifiedDate":"2024-02-13"},{"lineNumber":47,"author":{"gitId":"wallywallywally"},"content":"            throw new EmptyDescriptionException();","lastModifiedDate":"2024-02-13"},{"lineNumber":48,"author":{"gitId":"wallywallywally"},"content":"        } else if (!input.contains(BY)) {","lastModifiedDate":"2024-02-25"},{"lineNumber":49,"author":{"gitId":"wallywallywally"},"content":"            throw new WrongFormatDescriptionException(\"Deadline\");","lastModifiedDate":"2024-02-13"},{"lineNumber":50,"author":{"gitId":"wallywallywally"},"content":"        }","lastModifiedDate":"2024-02-13"},{"lineNumber":51,"author":{"gitId":"wallywallywally"},"content":"","lastModifiedDate":"2024-02-13"},{"lineNumber":52,"author":{"gitId":"wallywallywally"},"content":"        String description \u003d input.substring(0, input.indexOf(BY)).strip();","lastModifiedDate":"2024-02-25"},{"lineNumber":53,"author":{"gitId":"wallywallywally"},"content":"        String by \u003d input.substring(input.indexOf(BY) + BY.length()).strip();","lastModifiedDate":"2024-02-25"},{"lineNumber":54,"author":{"gitId":"wallywallywally"},"content":"","lastModifiedDate":"2024-02-13"},{"lineNumber":55,"author":{"gitId":"wallywallywally"},"content":"        if (description.isEmpty() | by.isEmpty()) {","lastModifiedDate":"2024-02-13"},{"lineNumber":56,"author":{"gitId":"wallywallywally"},"content":"            throw new IncompleteDescriptionException();","lastModifiedDate":"2024-02-13"},{"lineNumber":57,"author":{"gitId":"wallywallywally"},"content":"        }","lastModifiedDate":"2024-02-13"},{"lineNumber":58,"author":{"gitId":"wallywallywally"},"content":"","lastModifiedDate":"2024-02-13"},{"lineNumber":59,"author":{"gitId":"wallywallywally"},"content":"        return new Deadline(description, by);","lastModifiedDate":"2024-02-13"},{"lineNumber":60,"author":{"gitId":"wallywallywally"},"content":"    }","lastModifiedDate":"2024-02-13"},{"lineNumber":61,"author":{"gitId":"wallywallywally"},"content":"","lastModifiedDate":"2024-02-13"},{"lineNumber":62,"author":{"gitId":"wallywallywally"},"content":"    /**","lastModifiedDate":"2024-02-13"},{"lineNumber":63,"author":{"gitId":"wallywallywally"},"content":"     * Create Event object.","lastModifiedDate":"2024-02-29"},{"lineNumber":64,"author":{"gitId":"wallywallywally"},"content":"     *","lastModifiedDate":"2024-02-13"},{"lineNumber":65,"author":{"gitId":"wallywallywally"},"content":"     * @param input: Event details","lastModifiedDate":"2024-02-29"},{"lineNumber":66,"author":{"gitId":"wallywallywally"},"content":"     */","lastModifiedDate":"2024-02-13"},{"lineNumber":67,"author":{"gitId":"wallywallywally"},"content":"    public Event createEvent(String input) throws EmptyDescriptionException, WrongFormatDescriptionException, IncompleteDescriptionException {","lastModifiedDate":"2024-02-29"},{"lineNumber":68,"author":{"gitId":"wallywallywally"},"content":"        final String FROM \u003d \"/from\";","lastModifiedDate":"2024-02-25"},{"lineNumber":69,"author":{"gitId":"wallywallywally"},"content":"        final String TO \u003d \"/to\";","lastModifiedDate":"2024-02-25"},{"lineNumber":70,"author":{"gitId":"wallywallywally"},"content":"","lastModifiedDate":"2024-02-25"},{"lineNumber":71,"author":{"gitId":"wallywallywally"},"content":"        if (input.isEmpty()) {","lastModifiedDate":"2024-02-13"},{"lineNumber":72,"author":{"gitId":"wallywallywally"},"content":"            throw new EmptyDescriptionException();","lastModifiedDate":"2024-02-13"},{"lineNumber":73,"author":{"gitId":"wallywallywally"},"content":"        } else if (!input.contains(FROM) | !input.contains(TO)) {","lastModifiedDate":"2024-02-25"},{"lineNumber":74,"author":{"gitId":"wallywallywally"},"content":"            throw new WrongFormatDescriptionException(\"Event\");","lastModifiedDate":"2024-02-13"},{"lineNumber":75,"author":{"gitId":"wallywallywally"},"content":"        }","lastModifiedDate":"2024-02-13"},{"lineNumber":76,"author":{"gitId":"wallywallywally"},"content":"","lastModifiedDate":"2024-02-13"},{"lineNumber":77,"author":{"gitId":"wallywallywally"},"content":"        String description \u003d input.substring(0, input.indexOf(FROM)).strip();","lastModifiedDate":"2024-02-25"},{"lineNumber":78,"author":{"gitId":"wallywallywally"},"content":"        String from \u003d input.substring(input.indexOf(FROM) + FROM.length(), input.indexOf(TO)).strip();","lastModifiedDate":"2024-02-25"},{"lineNumber":79,"author":{"gitId":"wallywallywally"},"content":"        String to \u003d input.substring(input.indexOf(TO) + TO.length()).strip();","lastModifiedDate":"2024-02-25"},{"lineNumber":80,"author":{"gitId":"wallywallywally"},"content":"","lastModifiedDate":"2024-02-13"},{"lineNumber":81,"author":{"gitId":"wallywallywally"},"content":"        if (description.isEmpty() | from.isEmpty() | to.isEmpty()) {","lastModifiedDate":"2024-02-13"},{"lineNumber":82,"author":{"gitId":"wallywallywally"},"content":"            throw new IncompleteDescriptionException();","lastModifiedDate":"2024-02-13"},{"lineNumber":83,"author":{"gitId":"wallywallywally"},"content":"        }","lastModifiedDate":"2024-02-13"},{"lineNumber":84,"author":{"gitId":"wallywallywally"},"content":"","lastModifiedDate":"2024-02-13"},{"lineNumber":85,"author":{"gitId":"wallywallywally"},"content":"        return new Event(description, from, to);","lastModifiedDate":"2024-02-13"},{"lineNumber":86,"author":{"gitId":"wallywallywally"},"content":"    }","lastModifiedDate":"2024-02-13"},{"lineNumber":87,"author":{"gitId":"wallywallywally"},"content":"","lastModifiedDate":"2024-02-13"},{"lineNumber":88,"author":{"gitId":"wallywallywally"},"content":"    /**","lastModifiedDate":"2024-02-08"},{"lineNumber":89,"author":{"gitId":"wallywallywally"},"content":"     * Add a new task.","lastModifiedDate":"2024-02-21"},{"lineNumber":90,"author":{"gitId":"wallywallywally"},"content":"     */","lastModifiedDate":"2024-02-08"},{"lineNumber":91,"author":{"gitId":"wallywallywally"},"content":"    public void addTask(Task task) {","lastModifiedDate":"2024-02-29"},{"lineNumber":92,"author":{"gitId":"wallywallywally"},"content":"        tasks.add(task);","lastModifiedDate":"2024-02-12"},{"lineNumber":93,"author":{"gitId":"wallywallywally"},"content":"        System.out.println(\"Nice! A new task has been added:\");","lastModifiedDate":"2024-02-07"},{"lineNumber":94,"author":{"gitId":"wallywallywally"},"content":"        System.out.println(task);","lastModifiedDate":"2024-02-18"},{"lineNumber":95,"author":{"gitId":"wallywallywally"},"content":"        int taskCount \u003d tasks.size();","lastModifiedDate":"2024-02-18"},{"lineNumber":96,"author":{"gitId":"wallywallywally"},"content":"        System.out.println(","lastModifiedDate":"2024-02-18"},{"lineNumber":97,"author":{"gitId":"wallywallywally"},"content":"            \"You now have \" + taskCount +","lastModifiedDate":"2024-02-18"},{"lineNumber":98,"author":{"gitId":"wallywallywally"},"content":"            (taskCount \u003d\u003d 1 ? \" task\" : \" tasks\")","lastModifiedDate":"2024-02-18"},{"lineNumber":99,"author":{"gitId":"wallywallywally"},"content":"        );","lastModifiedDate":"2024-02-18"},{"lineNumber":100,"author":{"gitId":"wallywallywally"},"content":"    }","lastModifiedDate":"2024-02-18"},{"lineNumber":101,"author":{"gitId":"wallywallywally"},"content":"","lastModifiedDate":"2024-02-18"},{"lineNumber":102,"author":{"gitId":"wallywallywally"},"content":"    /**","lastModifiedDate":"2024-02-18"},{"lineNumber":103,"author":{"gitId":"wallywallywally"},"content":"     * Delete a task","lastModifiedDate":"2024-02-18"},{"lineNumber":104,"author":{"gitId":"wallywallywally"},"content":"     *","lastModifiedDate":"2024-02-18"},{"lineNumber":105,"author":{"gitId":"wallywallywally"},"content":"     * @param index: Index of task","lastModifiedDate":"2024-02-18"},{"lineNumber":106,"author":{"gitId":"wallywallywally"},"content":"     */","lastModifiedDate":"2024-02-18"},{"lineNumber":107,"author":{"gitId":"wallywallywally"},"content":"    public void deleteTask(int index) {","lastModifiedDate":"2024-02-29"},{"lineNumber":108,"author":{"gitId":"wallywallywally"},"content":"        int actualIndex \u003d index - 1;","lastModifiedDate":"2024-02-25"},{"lineNumber":109,"author":{"gitId":"wallywallywally"},"content":"        Task task \u003d tasks.get(actualIndex);","lastModifiedDate":"2024-02-25"},{"lineNumber":110,"author":{"gitId":"wallywallywally"},"content":"        tasks.remove(actualIndex);","lastModifiedDate":"2024-02-18"},{"lineNumber":111,"author":{"gitId":"wallywallywally"},"content":"        System.out.println(\"Brrrppp...deleting task:\");","lastModifiedDate":"2024-02-18"},{"lineNumber":112,"author":{"gitId":"wallywallywally"},"content":"        System.out.println(task);","lastModifiedDate":"2024-02-18"},{"lineNumber":113,"author":{"gitId":"wallywallywally"},"content":"        int taskCount \u003d tasks.size();","lastModifiedDate":"2024-02-12"},{"lineNumber":114,"author":{"gitId":"wallywallywally"},"content":"        System.out.println(","lastModifiedDate":"2024-02-07"},{"lineNumber":115,"author":{"gitId":"wallywallywally"},"content":"            \"You now have \" + taskCount +","lastModifiedDate":"2024-02-07"},{"lineNumber":116,"author":{"gitId":"wallywallywally"},"content":"            (taskCount \u003d\u003d 1 ? \" task\" : \" tasks\")","lastModifiedDate":"2024-02-07"},{"lineNumber":117,"author":{"gitId":"wallywallywally"},"content":"        );","lastModifiedDate":"2024-02-13"},{"lineNumber":118,"author":{"gitId":"wallywallywally"},"content":"    }","lastModifiedDate":"2024-02-07"},{"lineNumber":119,"author":{"gitId":"wallywallywally"},"content":"","lastModifiedDate":"2024-02-07"},{"lineNumber":120,"author":{"gitId":"wallywallywally"},"content":"    /**","lastModifiedDate":"2024-02-08"},{"lineNumber":121,"author":{"gitId":"wallywallywally"},"content":"     * View all tasks.","lastModifiedDate":"2024-02-21"},{"lineNumber":122,"author":{"gitId":"wallywallywally"},"content":"     */","lastModifiedDate":"2024-02-08"},{"lineNumber":123,"author":{"gitId":"wallywallywally"},"content":"    public void viewTasks() {","lastModifiedDate":"2024-02-29"},{"lineNumber":124,"author":{"gitId":"wallywallywally"},"content":"        System.out.println(\"Let\u0027s take a look at all your tasks...\");","lastModifiedDate":"2024-02-07"},{"lineNumber":125,"author":{"gitId":"wallywallywally"},"content":"        for (Task task : tasks) {","lastModifiedDate":"2024-02-12"},{"lineNumber":126,"author":{"gitId":"wallywallywally"},"content":"            System.out.println(tasks.indexOf(task) + 1 + \".\" + task);","lastModifiedDate":"2024-02-18"},{"lineNumber":127,"author":{"gitId":"wallywallywally"},"content":"        }","lastModifiedDate":"2024-02-07"},{"lineNumber":128,"author":{"gitId":"wallywallywally"},"content":"        if (tasks.size() \u003e 5) {","lastModifiedDate":"2024-02-12"},{"lineNumber":129,"author":{"gitId":"wallywallywally"},"content":"            System.out.println(\"0_0 Oh my, better get to work...\");","lastModifiedDate":"2024-02-13"},{"lineNumber":130,"author":{"gitId":"wallywallywally"},"content":"        } else if (tasks.isEmpty()) {","lastModifiedDate":"2024-02-18"},{"lineNumber":131,"author":{"gitId":"wallywallywally"},"content":"            System.out.println(\"No tasks! Great job :)\");","lastModifiedDate":"2024-02-13"},{"lineNumber":132,"author":{"gitId":"wallywallywally"},"content":"        }","lastModifiedDate":"2024-02-07"},{"lineNumber":133,"author":{"gitId":"wallywallywally"},"content":"    }","lastModifiedDate":"2024-02-07"},{"lineNumber":134,"author":{"gitId":"wallywallywally"},"content":"","lastModifiedDate":"2024-02-07"},{"lineNumber":135,"author":{"gitId":"wallywallywally"},"content":"    /**","lastModifiedDate":"2024-02-07"},{"lineNumber":136,"author":{"gitId":"wallywallywally"},"content":"     * Mark or unmark selected task.","lastModifiedDate":"2024-02-29"},{"lineNumber":137,"author":{"gitId":"wallywallywally"},"content":"     *","lastModifiedDate":"2024-02-08"},{"lineNumber":138,"author":{"gitId":"wallywallywally"},"content":"     * @param done: Mark if true, unmark if false","lastModifiedDate":"2024-02-29"},{"lineNumber":139,"author":{"gitId":"wallywallywally"},"content":"     * @param index: Index of task","lastModifiedDate":"2024-02-08"},{"lineNumber":140,"author":{"gitId":"wallywallywally"},"content":"     */","lastModifiedDate":"2024-02-07"},{"lineNumber":141,"author":{"gitId":"wallywallywally"},"content":"    public void markDone(boolean done, int index) {","lastModifiedDate":"2024-02-29"},{"lineNumber":142,"author":{"gitId":"wallywallywally"},"content":"        int actualIndex \u003d index - 1;","lastModifiedDate":"2024-02-25"},{"lineNumber":143,"author":{"gitId":"wallywallywally"},"content":"        Task task \u003d tasks.get(actualIndex);","lastModifiedDate":"2024-02-25"},{"lineNumber":144,"author":{"gitId":"wallywallywally"},"content":"        task.setDone(done);","lastModifiedDate":"2024-02-29"},{"lineNumber":145,"author":{"gitId":"wallywallywally"},"content":"        System.out.println(done ? \"Yay, task done!\" : \"Oh no, task not done...\");","lastModifiedDate":"2024-02-29"},{"lineNumber":146,"author":{"gitId":"wallywallywally"},"content":"        System.out.println(task);","lastModifiedDate":"2024-02-18"},{"lineNumber":147,"author":{"gitId":"wallywallywally"},"content":"    }","lastModifiedDate":"2024-02-07"},{"lineNumber":148,"author":{"gitId":"wallywallywally"},"content":"","lastModifiedDate":"2024-02-07"},{"lineNumber":149,"author":{"gitId":"wallywallywally"},"content":"    // FILE ACCESS","lastModifiedDate":"2024-02-21"},{"lineNumber":150,"author":{"gitId":"wallywallywally"},"content":"    /**","lastModifiedDate":"2024-02-21"},{"lineNumber":151,"author":{"gitId":"wallywallywally"},"content":"     * Add existing tasks from filepath.","lastModifiedDate":"2024-02-29"},{"lineNumber":152,"author":{"gitId":"wallywallywally"},"content":"     */","lastModifiedDate":"2024-02-21"},{"lineNumber":153,"author":{"gitId":"wallywallywally"},"content":"    public void addExisting(Task task) {","lastModifiedDate":"2024-02-29"},{"lineNumber":154,"author":{"gitId":"wallywallywally"},"content":"        tasks.add(task);","lastModifiedDate":"2024-02-21"},{"lineNumber":155,"author":{"gitId":"wallywallywally"},"content":"    }","lastModifiedDate":"2024-02-21"},{"lineNumber":156,"author":{"gitId":"wallywallywally"},"content":"","lastModifiedDate":"2024-02-21"},{"lineNumber":157,"author":{"gitId":"wallywallywally"},"content":"    /**","lastModifiedDate":"2024-02-21"},{"lineNumber":158,"author":{"gitId":"wallywallywally"},"content":"     * Format data for writing into desired filepath.","lastModifiedDate":"2024-02-29"},{"lineNumber":159,"author":{"gitId":"wallywallywally"},"content":"     *","lastModifiedDate":"2024-02-29"},{"lineNumber":160,"author":{"gitId":"wallywallywally"},"content":"     * @return Data formatted for writing","lastModifiedDate":"2024-02-29"},{"lineNumber":161,"author":{"gitId":"wallywallywally"},"content":"     */","lastModifiedDate":"2024-02-21"},{"lineNumber":162,"author":{"gitId":"wallywallywally"},"content":"    public String formatWriteData() {","lastModifiedDate":"2024-02-29"},{"lineNumber":163,"author":{"gitId":"wallywallywally"},"content":"        StringBuilder formattedData \u003d new StringBuilder();","lastModifiedDate":"2024-02-21"},{"lineNumber":164,"author":{"gitId":"wallywallywally"},"content":"        final String DIVIDER \u003d \"/\";","lastModifiedDate":"2024-02-29"},{"lineNumber":165,"author":{"gitId":"wallywallywally"},"content":"","lastModifiedDate":"2024-02-29"},{"lineNumber":166,"author":{"gitId":"wallywallywally"},"content":"        for (Task task : tasks) {","lastModifiedDate":"2024-02-21"},{"lineNumber":167,"author":{"gitId":"wallywallywally"},"content":"            // FORMAT: type / isDone / description / extra","lastModifiedDate":"2024-02-25"},{"lineNumber":168,"author":{"gitId":"wallywallywally"},"content":"            char type \u003d task.toString().charAt(1);","lastModifiedDate":"2024-02-21"},{"lineNumber":169,"author":{"gitId":"wallywallywally"},"content":"            String entry \u003d type + DIVIDER + task.getIsDoneInt() + DIVIDER + task.getDescription();","lastModifiedDate":"2024-02-21"},{"lineNumber":170,"author":{"gitId":"wallywallywally"},"content":"            switch (type) {","lastModifiedDate":"2024-02-21"},{"lineNumber":171,"author":{"gitId":"wallywallywally"},"content":"            case \u0027D\u0027:","lastModifiedDate":"2024-02-21"},{"lineNumber":172,"author":{"gitId":"wallywallywally"},"content":"                Deadline deadline \u003d (Deadline) task;","lastModifiedDate":"2024-02-21"},{"lineNumber":173,"author":{"gitId":"wallywallywally"},"content":"                entry +\u003d DIVIDER + deadline.getBy();","lastModifiedDate":"2024-02-21"},{"lineNumber":174,"author":{"gitId":"wallywallywally"},"content":"                break;","lastModifiedDate":"2024-02-21"},{"lineNumber":175,"author":{"gitId":"wallywallywally"},"content":"            case \u0027E\u0027:","lastModifiedDate":"2024-02-21"},{"lineNumber":176,"author":{"gitId":"wallywallywally"},"content":"                Event event \u003d (Event) task;","lastModifiedDate":"2024-02-21"},{"lineNumber":177,"author":{"gitId":"wallywallywally"},"content":"                entry +\u003d DIVIDER + event.getFrom() + DIVIDER + event.getTo();","lastModifiedDate":"2024-02-21"},{"lineNumber":178,"author":{"gitId":"wallywallywally"},"content":"                break;","lastModifiedDate":"2024-02-21"},{"lineNumber":179,"author":{"gitId":"wallywallywally"},"content":"            default:","lastModifiedDate":"2024-02-21"},{"lineNumber":180,"author":{"gitId":"wallywallywally"},"content":"                // Do nothing","lastModifiedDate":"2024-02-21"},{"lineNumber":181,"author":{"gitId":"wallywallywally"},"content":"            }","lastModifiedDate":"2024-02-21"},{"lineNumber":182,"author":{"gitId":"wallywallywally"},"content":"","lastModifiedDate":"2024-02-21"},{"lineNumber":183,"author":{"gitId":"wallywallywally"},"content":"            formattedData.append(entry).append(System.lineSeparator());","lastModifiedDate":"2024-02-21"},{"lineNumber":184,"author":{"gitId":"wallywallywally"},"content":"        }","lastModifiedDate":"2024-02-21"},{"lineNumber":185,"author":{"gitId":"wallywallywally"},"content":"","lastModifiedDate":"2024-02-21"},{"lineNumber":186,"author":{"gitId":"wallywallywally"},"content":"        return formattedData.toString();","lastModifiedDate":"2024-02-29"},{"lineNumber":187,"author":{"gitId":"wallywallywally"},"content":"    }","lastModifiedDate":"2024-02-07"},{"lineNumber":188,"author":{"gitId":"wallywallywally"},"content":"","lastModifiedDate":"2024-02-07"},{"lineNumber":189,"author":{"gitId":"wallywallywally"},"content":"","lastModifiedDate":"2024-02-29"},{"lineNumber":190,"author":{"gitId":"wallywallywally"},"content":"","lastModifiedDate":"2024-02-29"},{"lineNumber":191,"author":{"gitId":"wallywallywally"},"content":"}","lastModifiedDate":"2024-02-07"}],"authorContributionMap":{"wallywallywally":191}},{"path":"src/main/java/Ui.java","fileType":"java","lines":[{"lineNumber":1,"author":{"gitId":"wallywallywally"},"content":"import java.util.Scanner;","lastModifiedDate":"2024-02-29"},{"lineNumber":2,"author":{"gitId":"wallywallywally"},"content":"","lastModifiedDate":"2024-02-29"},{"lineNumber":3,"author":{"gitId":"wallywallywally"},"content":"import exceptions.WallybotException;","lastModifiedDate":"2024-02-29"},{"lineNumber":4,"author":{"gitId":"wallywallywally"},"content":"","lastModifiedDate":"2024-02-29"},{"lineNumber":5,"author":{"gitId":"wallywallywally"},"content":"","lastModifiedDate":"2024-02-29"},{"lineNumber":6,"author":{"gitId":"wallywallywally"},"content":"/**","lastModifiedDate":"2024-02-29"},{"lineNumber":7,"author":{"gitId":"wallywallywally"},"content":" * Deals with interactions with the user.","lastModifiedDate":"2024-02-29"},{"lineNumber":8,"author":{"gitId":"wallywallywally"},"content":" */","lastModifiedDate":"2024-02-29"},{"lineNumber":9,"author":{"gitId":"wallywallywally"},"content":"public class Ui {","lastModifiedDate":"2024-02-29"},{"lineNumber":10,"author":{"gitId":"wallywallywally"},"content":"    // ATTRIBUTES","lastModifiedDate":"2024-02-29"},{"lineNumber":11,"author":{"gitId":"wallywallywally"},"content":"    public static final String TEXTDIVIDER \u003d \"- - - - - - - - - - - - -\";","lastModifiedDate":"2024-02-29"},{"lineNumber":12,"author":{"gitId":"wallywallywally"},"content":"    private Scanner in;","lastModifiedDate":"2024-02-29"},{"lineNumber":13,"author":{"gitId":"wallywallywally"},"content":"","lastModifiedDate":"2024-02-29"},{"lineNumber":14,"author":{"gitId":"wallywallywally"},"content":"    // METHODS","lastModifiedDate":"2024-02-29"},{"lineNumber":15,"author":{"gitId":"wallywallywally"},"content":"    public Ui() {","lastModifiedDate":"2024-02-29"},{"lineNumber":16,"author":{"gitId":"wallywallywally"},"content":"        in \u003d new Scanner(System.in);","lastModifiedDate":"2024-02-29"},{"lineNumber":17,"author":{"gitId":"wallywallywally"},"content":"        showWelcome();","lastModifiedDate":"2024-02-29"},{"lineNumber":18,"author":{"gitId":"wallywallywally"},"content":"    }","lastModifiedDate":"2024-02-29"},{"lineNumber":19,"author":{"gitId":"wallywallywally"},"content":"","lastModifiedDate":"2024-02-29"},{"lineNumber":20,"author":{"gitId":"wallywallywally"},"content":"    public void showWelcome() {","lastModifiedDate":"2024-02-29"},{"lineNumber":21,"author":{"gitId":"wallywallywally"},"content":"        final String LOGO \u003d","lastModifiedDate":"2024-02-29"},{"lineNumber":22,"author":{"gitId":"wallywallywally"},"content":"                \" __       __          __ __          __                  __     \\n\" +","lastModifiedDate":"2024-02-29"},{"lineNumber":23,"author":{"gitId":"wallywallywally"},"content":"                        \"|  \\\\  _  |  \\\\        |  \\\\  \\\\        |  \\\\                |  \\\\    \\n\" +","lastModifiedDate":"2024-02-29"},{"lineNumber":24,"author":{"gitId":"wallywallywally"},"content":"                        \"| ▓▓ / \\\\ | ▓▓ ______ | ▓▓ ▓▓__    __| ▓▓____   ______  _| ▓▓_   \\n\" +","lastModifiedDate":"2024-02-29"},{"lineNumber":25,"author":{"gitId":"wallywallywally"},"content":"                        \"| ▓▓/  ▓\\\\| ▓▓|      \\\\| ▓▓ ▓▓  \\\\  |  \\\\ ▓▓    \\\\ /      \\\\|   ▓▓ \\\\  \\n\" +","lastModifiedDate":"2024-02-29"},{"lineNumber":26,"author":{"gitId":"wallywallywally"},"content":"                        \"| ▓▓  ▓▓▓\\\\ ▓▓ \\\\▓▓▓▓▓▓\\\\ ▓▓ ▓▓ ▓▓  | ▓▓ ▓▓▓▓▓▓▓\\\\  ▓▓▓▓▓▓\\\\\\\\▓▓▓▓▓▓  \\n\" +","lastModifiedDate":"2024-02-29"},{"lineNumber":27,"author":{"gitId":"wallywallywally"},"content":"                        \"| ▓▓ ▓▓\\\\▓▓\\\\▓▓/      ▓▓ ▓▓ ▓▓ ▓▓  | ▓▓ ▓▓  | ▓▓ ▓▓  | ▓▓ | ▓▓ __ \\n\" +","lastModifiedDate":"2024-02-29"},{"lineNumber":28,"author":{"gitId":"wallywallywally"},"content":"                        \"| ▓▓▓▓  \\\\▓▓▓▓  ▓▓▓▓▓▓▓ ▓▓ ▓▓ ▓▓__/ ▓▓ ▓▓__/ ▓▓ ▓▓__/ ▓▓ | ▓▓|  \\\\\\n\" +","lastModifiedDate":"2024-02-29"},{"lineNumber":29,"author":{"gitId":"wallywallywally"},"content":"                        \"| ▓▓▓    \\\\▓▓▓\\\\▓▓    ▓▓ ▓▓ ▓▓\\\\▓▓    ▓▓ ▓▓    ▓▓\\\\▓▓    ▓▓  \\\\▓▓  ▓▓\\n\" +","lastModifiedDate":"2024-02-29"},{"lineNumber":30,"author":{"gitId":"wallywallywally"},"content":"                        \" \\\\▓▓      \\\\▓▓ \\\\▓▓▓▓▓▓▓\\\\▓▓\\\\▓▓_\\\\▓▓▓▓▓▓▓\\\\▓▓▓▓▓▓▓  \\\\▓▓▓▓▓▓    \\\\▓▓▓▓ \\n\" +","lastModifiedDate":"2024-02-29"},{"lineNumber":31,"author":{"gitId":"wallywallywally"},"content":"                        \"                           |  \\\\__| ▓▓                           \\n\" +","lastModifiedDate":"2024-02-29"},{"lineNumber":32,"author":{"gitId":"wallywallywally"},"content":"                        \"                            \\\\▓▓    ▓▓                           \\n\" +","lastModifiedDate":"2024-02-29"},{"lineNumber":33,"author":{"gitId":"wallywallywally"},"content":"                        \"                             \\\\▓▓▓▓▓▓                            \\n\"","lastModifiedDate":"2024-02-29"},{"lineNumber":34,"author":{"gitId":"wallywallywally"},"content":"                ;","lastModifiedDate":"2024-02-29"},{"lineNumber":35,"author":{"gitId":"wallywallywally"},"content":"        final String CHATBOTNAME \u003d \"Wallybot\";","lastModifiedDate":"2024-02-29"},{"lineNumber":36,"author":{"gitId":"wallywallywally"},"content":"","lastModifiedDate":"2024-02-29"},{"lineNumber":37,"author":{"gitId":"wallywallywally"},"content":"        System.out.println(LOGO);","lastModifiedDate":"2024-02-29"},{"lineNumber":38,"author":{"gitId":"wallywallywally"},"content":"        System.out.println(\"Beep boop. Hello! I\u0027m \" + CHATBOTNAME + \"! :P\");","lastModifiedDate":"2024-02-29"},{"lineNumber":39,"author":{"gitId":"wallywallywally"},"content":"        System.out.println(\"What can I do for you today?\");","lastModifiedDate":"2024-02-29"},{"lineNumber":40,"author":{"gitId":"wallywallywally"},"content":"        System.out.println(TEXTDIVIDER);","lastModifiedDate":"2024-02-29"},{"lineNumber":41,"author":{"gitId":"wallywallywally"},"content":"    }","lastModifiedDate":"2024-02-29"},{"lineNumber":42,"author":{"gitId":"wallywallywally"},"content":"","lastModifiedDate":"2024-02-29"},{"lineNumber":43,"author":{"gitId":"wallywallywally"},"content":"    public String[] processInput() throws WallybotException {","lastModifiedDate":"2024-02-29"},{"lineNumber":44,"author":{"gitId":"wallywallywally"},"content":"        String command \u003d in.next().toLowerCase();","lastModifiedDate":"2024-02-29"},{"lineNumber":45,"author":{"gitId":"wallywallywally"},"content":"        String input \u003d in.nextLine().strip();","lastModifiedDate":"2024-02-29"},{"lineNumber":46,"author":{"gitId":"wallywallywally"},"content":"","lastModifiedDate":"2024-02-29"},{"lineNumber":47,"author":{"gitId":"wallywallywally"},"content":"        return new String[]{command, input};","lastModifiedDate":"2024-02-29"},{"lineNumber":48,"author":{"gitId":"wallywallywally"},"content":"    }","lastModifiedDate":"2024-02-29"},{"lineNumber":49,"author":{"gitId":"wallywallywally"},"content":"","lastModifiedDate":"2024-02-29"},{"lineNumber":50,"author":{"gitId":"wallywallywally"},"content":"    public void showError(String error) {","lastModifiedDate":"2024-02-29"},{"lineNumber":51,"author":{"gitId":"wallywallywally"},"content":"        System.out.println(error);","lastModifiedDate":"2024-02-29"},{"lineNumber":52,"author":{"gitId":"wallywallywally"},"content":"    }","lastModifiedDate":"2024-02-29"},{"lineNumber":53,"author":{"gitId":"wallywallywally"},"content":"","lastModifiedDate":"2024-02-29"},{"lineNumber":54,"author":{"gitId":"wallywallywally"},"content":"    public void showLine() {","lastModifiedDate":"2024-02-29"},{"lineNumber":55,"author":{"gitId":"wallywallywally"},"content":"        System.out.println(TEXTDIVIDER);","lastModifiedDate":"2024-02-29"},{"lineNumber":56,"author":{"gitId":"wallywallywally"},"content":"    }","lastModifiedDate":"2024-02-29"},{"lineNumber":57,"author":{"gitId":"wallywallywally"},"content":"","lastModifiedDate":"2024-02-29"},{"lineNumber":58,"author":{"gitId":"wallywallywally"},"content":"    // EXTRACT ALL PRINTS FROM TASKLIST TO HERE ?","lastModifiedDate":"2024-02-29"},{"lineNumber":59,"author":{"gitId":"wallywallywally"},"content":"","lastModifiedDate":"2024-02-29"},{"lineNumber":60,"author":{"gitId":"wallywallywally"},"content":"","lastModifiedDate":"2024-02-29"},{"lineNumber":61,"author":{"gitId":"wallywallywally"},"content":"}","lastModifiedDate":"2024-02-29"}],"authorContributionMap":{"wallywallywally":61}},{"path":"src/main/java/Wallybot.java","fileType":"java","lines":[{"lineNumber":1,"author":{"gitId":"wallywallywally"},"content":"import java.nio.file.Paths;","lastModifiedDate":"2024-02-29"},{"lineNumber":2,"author":{"gitId":"wallywallywally"},"content":"","lastModifiedDate":"2024-02-12"},{"lineNumber":3,"author":{"gitId":"wallywallywally"},"content":"import java.io.IOException;","lastModifiedDate":"2024-02-29"},{"lineNumber":4,"author":{"gitId":"wallywallywally"},"content":"import exceptions.WallybotException;","lastModifiedDate":"2024-02-29"},{"lineNumber":5,"author":{"gitId":"wallywallywally"},"content":"","lastModifiedDate":"2024-02-13"},{"lineNumber":6,"author":{"gitId":"wallywallywally"},"content":"","lastModifiedDate":"2024-01-29"},{"lineNumber":7,"author":{"gitId":"wallywallywally"},"content":"/**","lastModifiedDate":"2024-02-08"},{"lineNumber":8,"author":{"gitId":"wallywallywally"},"content":" * Wallybot is a personal assistant chatbot.","lastModifiedDate":"2024-02-08"},{"lineNumber":9,"author":{"gitId":"wallywallywally"},"content":" * It keeps track of your tasks and allows you to manage them.","lastModifiedDate":"2024-02-08"},{"lineNumber":10,"author":{"gitId":"wallywallywally"},"content":" */","lastModifiedDate":"2024-02-08"},{"lineNumber":11,"author":{"gitId":"wallywallywally"},"content":"public class Wallybot {","lastModifiedDate":"2024-02-08"},{"lineNumber":12,"author":{"gitId":"wallywallywally"},"content":"    // ATTRIBUTES","lastModifiedDate":"2024-02-29"},{"lineNumber":13,"author":{"gitId":"wallywallywally"},"content":"    private Tasklist tasks;","lastModifiedDate":"2024-02-29"},{"lineNumber":14,"author":{"gitId":"wallywallywally"},"content":"    private Storage storage;","lastModifiedDate":"2024-02-29"},{"lineNumber":15,"author":{"gitId":"wallywallywally"},"content":"    private Ui ui;","lastModifiedDate":"2024-02-29"},{"lineNumber":16,"author":{"gitId":"wallywallywally"},"content":"    private Parser parser;","lastModifiedDate":"2024-02-29"},{"lineNumber":17,"author":{"gitId":"wallywallywally"},"content":"    private static boolean running \u003d true;","lastModifiedDate":"2024-02-25"},{"lineNumber":18,"author":{"gitId":"wallywallywally"},"content":"","lastModifiedDate":"2024-02-13"},{"lineNumber":19,"author":{"gitId":"wallywallywally"},"content":"    // METHODS","lastModifiedDate":"2024-02-29"},{"lineNumber":20,"author":{"gitId":"wallywallywally"},"content":"    public Wallybot (String filepath) {","lastModifiedDate":"2024-02-29"},{"lineNumber":21,"author":{"gitId":"wallywallywally"},"content":"        ui \u003d new Ui();","lastModifiedDate":"2024-02-29"},{"lineNumber":22,"author":{"gitId":"wallywallywally"},"content":"        parser \u003d new Parser();","lastModifiedDate":"2024-02-29"},{"lineNumber":23,"author":{"gitId":"wallywallywally"},"content":"        tasks \u003d new Tasklist();","lastModifiedDate":"2024-02-29"},{"lineNumber":24,"author":{"gitId":"wallywallywally"},"content":"        storage \u003d new Storage(filepath, tasks);","lastModifiedDate":"2024-02-29"},{"lineNumber":25,"author":{"gitId":"wallywallywally"},"content":"    }","lastModifiedDate":"2024-01-29"},{"lineNumber":26,"author":{"gitId":"wallywallywally"},"content":"","lastModifiedDate":"2024-01-29"},{"lineNumber":27,"author":{"gitId":"wallywallywally"},"content":"    /**","lastModifiedDate":"2024-02-08"},{"lineNumber":28,"author":{"gitId":"wallywallywally"},"content":"     * Exit Wallybot.","lastModifiedDate":"2024-02-21"},{"lineNumber":29,"author":{"gitId":"wallywallywally"},"content":"     */","lastModifiedDate":"2024-02-08"},{"lineNumber":30,"author":{"gitId":"wallywallywally"},"content":"    public static void exitWally() {","lastModifiedDate":"2024-02-29"},{"lineNumber":31,"author":{"gitId":"wallywallywally"},"content":"        System.out.println(\"Productive day today! :D Shutting down...\");","lastModifiedDate":"2024-02-13"},{"lineNumber":32,"author":{"gitId":"wallywallywally"},"content":"        running \u003d false;","lastModifiedDate":"2024-02-25"},{"lineNumber":33,"author":{"gitId":"wallywallywally"},"content":"    }","lastModifiedDate":"2024-01-29"},{"lineNumber":34,"author":{"gitId":"wallywallywally"},"content":"","lastModifiedDate":"2024-01-29"},{"lineNumber":35,"author":{"gitId":"wallywallywally"},"content":"    /**","lastModifiedDate":"2024-02-08"},{"lineNumber":36,"author":{"gitId":"wallywallywally"},"content":"     * Echo user input.","lastModifiedDate":"2024-02-21"},{"lineNumber":37,"author":{"gitId":"wallywallywally"},"content":"     */","lastModifiedDate":"2024-02-08"},{"lineNumber":38,"author":{"gitId":"wallywallywally"},"content":"    public static void echo(String input) {","lastModifiedDate":"2024-02-29"},{"lineNumber":39,"author":{"gitId":"wallywallywally"},"content":"        System.out.println(input);","lastModifiedDate":"2024-01-29"},{"lineNumber":40,"author":{"gitId":"wallywallywally"},"content":"    }","lastModifiedDate":"2024-01-29"},{"lineNumber":41,"author":{"gitId":"wallywallywally"},"content":"","lastModifiedDate":"2024-01-29"},{"lineNumber":42,"author":{"gitId":"wallywallywally"},"content":"    /**","lastModifiedDate":"2024-02-25"},{"lineNumber":43,"author":{"gitId":"wallywallywally"},"content":"     * Run Wallybot.","lastModifiedDate":"2024-02-29"},{"lineNumber":44,"author":{"gitId":"wallywallywally"},"content":"     */","lastModifiedDate":"2024-02-25"},{"lineNumber":45,"author":{"gitId":"wallywallywally"},"content":"    public void run() {","lastModifiedDate":"2024-02-29"},{"lineNumber":46,"author":{"gitId":"wallywallywally"},"content":"        while (running) {","lastModifiedDate":"2024-02-25"},{"lineNumber":47,"author":{"gitId":"wallywallywally"},"content":"            try {","lastModifiedDate":"2024-02-25"},{"lineNumber":48,"author":{"gitId":"wallywallywally"},"content":"                 String[] details \u003d ui.processInput();","lastModifiedDate":"2024-02-29"},{"lineNumber":49,"author":{"gitId":"wallywallywally"},"content":"                 parser.executeCommand(details[0], details[1], tasks);","lastModifiedDate":"2024-02-29"},{"lineNumber":50,"author":{"gitId":"wallywallywally"},"content":"                 storage.writeFile(tasks.formatWriteData());","lastModifiedDate":"2024-02-29"},{"lineNumber":51,"author":{"gitId":"wallywallywally"},"content":"","lastModifiedDate":"2024-02-25"},{"lineNumber":52,"author":{"gitId":"wallywallywally"},"content":"            } catch (WallybotException e) {","lastModifiedDate":"2024-02-29"},{"lineNumber":53,"author":{"gitId":"wallywallywally"},"content":"                ui.showError(e.getMessage());","lastModifiedDate":"2024-02-29"},{"lineNumber":54,"author":{"gitId":"wallywallywally"},"content":"            } catch (IndexOutOfBoundsException e) {","lastModifiedDate":"2024-02-29"},{"lineNumber":55,"author":{"gitId":"wallywallywally"},"content":"                System.out.println(\"Oopsies, that number does not correspond to a task in your list :O\");","lastModifiedDate":"2024-02-13"},{"lineNumber":56,"author":{"gitId":"wallywallywally"},"content":"            } catch (NumberFormatException e) {","lastModifiedDate":"2024-02-29"},{"lineNumber":57,"author":{"gitId":"wallywallywally"},"content":"                System.out.println(\"Shucks...that\u0027s not a number :O\");","lastModifiedDate":"2024-02-13"},{"lineNumber":58,"author":{"gitId":"wallywallywally"},"content":"            } catch (IOException e) {","lastModifiedDate":"2024-02-29"},{"lineNumber":59,"author":{"gitId":"wallywallywally"},"content":"                System.out.println(\"NO FILE FOUND...UH OH D:\");","lastModifiedDate":"2024-02-29"},{"lineNumber":60,"author":{"gitId":"wallywallywally"},"content":"","lastModifiedDate":"2024-02-12"},{"lineNumber":61,"author":{"gitId":"wallywallywally"},"content":"            } finally {","lastModifiedDate":"2024-02-29"},{"lineNumber":62,"author":{"gitId":"wallywallywally"},"content":"                ui.showLine();","lastModifiedDate":"2024-02-29"},{"lineNumber":63,"author":{"gitId":"wallywallywally"},"content":"            }","lastModifiedDate":"2024-02-29"},{"lineNumber":64,"author":{"gitId":"wallywallywally"},"content":"        }","lastModifiedDate":"2024-02-21"},{"lineNumber":65,"author":{"gitId":"wallywallywally"},"content":"    }","lastModifiedDate":"2024-01-29"},{"lineNumber":66,"author":{"gitId":"wallywallywally"},"content":"","lastModifiedDate":"2024-02-12"},{"lineNumber":67,"author":{"gitId":"wallywallywally"},"content":"    /*  MAIN  */","lastModifiedDate":"2024-02-29"},{"lineNumber":68,"author":{"gitId":"wallywallywally"},"content":"    public static void main(String[] args) {","lastModifiedDate":"2024-02-29"},{"lineNumber":69,"author":{"gitId":"wallywallywally"},"content":"        String filepath \u003d Paths.get(System.getProperty(\"user.home\"), \"Documents\", \"wallybot_data.txt\").toString();","lastModifiedDate":"2024-02-29"},{"lineNumber":70,"author":{"gitId":"wallywallywally"},"content":"        new Wallybot(filepath).run();","lastModifiedDate":"2024-02-29"},{"lineNumber":71,"author":{"gitId":"-"},"content":"    }","lastModifiedDate":"2019-07-29"},{"lineNumber":72,"author":{"gitId":"-"},"content":"}","lastModifiedDate":"2019-07-29"}],"authorContributionMap":{"wallywallywally":70,"-":2}},{"path":"src/main/java/exceptions/InvalidCommandException.java","fileType":"java","lines":[{"lineNumber":1,"author":{"gitId":"wallywallywally"},"content":"package exceptions;","lastModifiedDate":"2024-02-12"},{"lineNumber":2,"author":{"gitId":"wallywallywally"},"content":"","lastModifiedDate":"2024-02-12"},{"lineNumber":3,"author":{"gitId":"wallywallywally"},"content":"import java.util.Arrays;","lastModifiedDate":"2024-02-29"},{"lineNumber":4,"author":{"gitId":"wallywallywally"},"content":"","lastModifiedDate":"2024-02-29"},{"lineNumber":5,"author":{"gitId":"wallywallywally"},"content":"/**","lastModifiedDate":"2024-02-12"},{"lineNumber":6,"author":{"gitId":"wallywallywally"},"content":" * Thrown when the user does not input a valid command word.","lastModifiedDate":"2024-02-12"},{"lineNumber":7,"author":{"gitId":"wallywallywally"},"content":" */","lastModifiedDate":"2024-02-12"},{"lineNumber":8,"author":{"gitId":"wallywallywally"},"content":"public class InvalidCommandException extends WallybotException {","lastModifiedDate":"2024-02-29"},{"lineNumber":9,"author":{"gitId":"wallywallywally"},"content":"    public InvalidCommandException() {","lastModifiedDate":"2024-02-29"},{"lineNumber":10,"author":{"gitId":"wallywallywally"},"content":"        message \u003d showCommands();","lastModifiedDate":"2024-02-29"},{"lineNumber":11,"author":{"gitId":"wallywallywally"},"content":"    }","lastModifiedDate":"2024-02-29"},{"lineNumber":12,"author":{"gitId":"wallywallywally"},"content":"","lastModifiedDate":"2024-02-29"},{"lineNumber":13,"author":{"gitId":"wallywallywally"},"content":"    /**","lastModifiedDate":"2024-02-29"},{"lineNumber":14,"author":{"gitId":"wallywallywally"},"content":"     * Create a message that shows all valid commands to help the user.","lastModifiedDate":"2024-02-29"},{"lineNumber":15,"author":{"gitId":"wallywallywally"},"content":"     */","lastModifiedDate":"2024-02-29"},{"lineNumber":16,"author":{"gitId":"wallywallywally"},"content":"    public String showCommands() {","lastModifiedDate":"2024-02-29"},{"lineNumber":17,"author":{"gitId":"wallywallywally"},"content":"        String[] commands \u003d {\"bye\", \"todo\", \"deadline\", \"event\", \"list\", \"mark\", \"unmark\", \"delete\"};","lastModifiedDate":"2024-02-29"},{"lineNumber":18,"author":{"gitId":"wallywallywally"},"content":"        return \"Need some help? Here are all my valid commands:\" +","lastModifiedDate":"2024-02-29"},{"lineNumber":19,"author":{"gitId":"wallywallywally"},"content":"                System.lineSeparator() +","lastModifiedDate":"2024-02-29"},{"lineNumber":20,"author":{"gitId":"wallywallywally"},"content":"                Arrays.toString(commands);","lastModifiedDate":"2024-02-29"},{"lineNumber":21,"author":{"gitId":"wallywallywally"},"content":"    }","lastModifiedDate":"2024-02-29"},{"lineNumber":22,"author":{"gitId":"wallywallywally"},"content":"}","lastModifiedDate":"2024-02-12"}],"authorContributionMap":{"wallywallywally":22}},{"path":"src/main/java/exceptions/WallybotException.java","fileType":"java","lines":[{"lineNumber":1,"author":{"gitId":"wallywallywally"},"content":"package exceptions;","lastModifiedDate":"2024-02-29"},{"lineNumber":2,"author":{"gitId":"wallywallywally"},"content":"","lastModifiedDate":"2024-02-29"},{"lineNumber":3,"author":{"gitId":"wallywallywally"},"content":"/**","lastModifiedDate":"2024-02-29"},{"lineNumber":4,"author":{"gitId":"wallywallywally"},"content":" * Superclass for Wallybot exceptions.","lastModifiedDate":"2024-02-29"},{"lineNumber":5,"author":{"gitId":"wallywallywally"},"content":" */","lastModifiedDate":"2024-02-29"},{"lineNumber":6,"author":{"gitId":"wallywallywally"},"content":"public abstract class WallybotException extends Exception {","lastModifiedDate":"2024-02-29"},{"lineNumber":7,"author":{"gitId":"wallywallywally"},"content":"    protected String message;","lastModifiedDate":"2024-02-29"},{"lineNumber":8,"author":{"gitId":"wallywallywally"},"content":"","lastModifiedDate":"2024-02-29"},{"lineNumber":9,"author":{"gitId":"wallywallywally"},"content":"    public String getMessage() {","lastModifiedDate":"2024-02-29"},{"lineNumber":10,"author":{"gitId":"wallywallywally"},"content":"        return message;","lastModifiedDate":"2024-02-29"},{"lineNumber":11,"author":{"gitId":"wallywallywally"},"content":"    }","lastModifiedDate":"2024-02-29"},{"lineNumber":12,"author":{"gitId":"wallywallywally"},"content":"}","lastModifiedDate":"2024-02-29"}],"authorContributionMap":{"wallywallywally":12}},{"path":"src/main/java/exceptions/descriptions/EmptyDescriptionException.java","fileType":"java","lines":[{"lineNumber":1,"author":{"gitId":"wallywallywally"},"content":"package exceptions.descriptions;","lastModifiedDate":"2024-02-13"},{"lineNumber":2,"author":{"gitId":"wallywallywally"},"content":"","lastModifiedDate":"2024-02-13"},{"lineNumber":3,"author":{"gitId":"wallywallywally"},"content":"import exceptions.WallybotException;","lastModifiedDate":"2024-02-29"},{"lineNumber":4,"author":{"gitId":"wallywallywally"},"content":"","lastModifiedDate":"2024-02-29"},{"lineNumber":5,"author":{"gitId":"wallywallywally"},"content":"/**","lastModifiedDate":"2024-02-13"},{"lineNumber":6,"author":{"gitId":"wallywallywally"},"content":" * Thrown when the description for a task to add is empty.","lastModifiedDate":"2024-02-13"},{"lineNumber":7,"author":{"gitId":"wallywallywally"},"content":" */","lastModifiedDate":"2024-02-13"},{"lineNumber":8,"author":{"gitId":"wallywallywally"},"content":"public class EmptyDescriptionException extends WallybotException {","lastModifiedDate":"2024-02-29"},{"lineNumber":9,"author":{"gitId":"wallywallywally"},"content":"    public EmptyDescriptionException() {","lastModifiedDate":"2024-02-29"},{"lineNumber":10,"author":{"gitId":"wallywallywally"},"content":"        message \u003d \"Whoopsies, the description for a task cannot be empty :|\";","lastModifiedDate":"2024-02-29"},{"lineNumber":11,"author":{"gitId":"wallywallywally"},"content":"    }","lastModifiedDate":"2024-02-29"},{"lineNumber":12,"author":{"gitId":"wallywallywally"},"content":"}","lastModifiedDate":"2024-02-13"}],"authorContributionMap":{"wallywallywally":12}},{"path":"src/main/java/exceptions/descriptions/IncompleteDescriptionException.java","fileType":"java","lines":[{"lineNumber":1,"author":{"gitId":"wallywallywally"},"content":"package exceptions.descriptions;","lastModifiedDate":"2024-02-13"},{"lineNumber":2,"author":{"gitId":"wallywallywally"},"content":"","lastModifiedDate":"2024-02-13"},{"lineNumber":3,"author":{"gitId":"wallywallywally"},"content":"import exceptions.WallybotException;","lastModifiedDate":"2024-02-29"},{"lineNumber":4,"author":{"gitId":"wallywallywally"},"content":"","lastModifiedDate":"2024-02-29"},{"lineNumber":5,"author":{"gitId":"wallywallywally"},"content":"/**","lastModifiedDate":"2024-02-13"},{"lineNumber":6,"author":{"gitId":"wallywallywally"},"content":" * Thrown when the description for a task to add is incomplete.","lastModifiedDate":"2024-02-13"},{"lineNumber":7,"author":{"gitId":"wallywallywally"},"content":" */","lastModifiedDate":"2024-02-13"},{"lineNumber":8,"author":{"gitId":"wallywallywally"},"content":"public class IncompleteDescriptionException extends WallybotException {","lastModifiedDate":"2024-02-29"},{"lineNumber":9,"author":{"gitId":"wallywallywally"},"content":"    public IncompleteDescriptionException() {","lastModifiedDate":"2024-02-29"},{"lineNumber":10,"author":{"gitId":"wallywallywally"},"content":"        message \u003d \"Oops, the description is incomplete :O\";","lastModifiedDate":"2024-02-29"},{"lineNumber":11,"author":{"gitId":"wallywallywally"},"content":"    }","lastModifiedDate":"2024-02-29"},{"lineNumber":12,"author":{"gitId":"wallywallywally"},"content":"}","lastModifiedDate":"2024-02-13"}],"authorContributionMap":{"wallywallywally":12}},{"path":"src/main/java/exceptions/descriptions/WrongFormatDescriptionException.java","fileType":"java","lines":[{"lineNumber":1,"author":{"gitId":"wallywallywally"},"content":"package exceptions.descriptions;","lastModifiedDate":"2024-02-13"},{"lineNumber":2,"author":{"gitId":"wallywallywally"},"content":"","lastModifiedDate":"2024-02-13"},{"lineNumber":3,"author":{"gitId":"wallywallywally"},"content":"import exceptions.WallybotException;","lastModifiedDate":"2024-02-29"},{"lineNumber":4,"author":{"gitId":"wallywallywally"},"content":"","lastModifiedDate":"2024-02-29"},{"lineNumber":5,"author":{"gitId":"wallywallywally"},"content":"/**","lastModifiedDate":"2024-02-13"},{"lineNumber":6,"author":{"gitId":"wallywallywally"},"content":" * Thrown when the description does not follow the proper format.","lastModifiedDate":"2024-02-13"},{"lineNumber":7,"author":{"gitId":"wallywallywally"},"content":" */","lastModifiedDate":"2024-02-13"},{"lineNumber":8,"author":{"gitId":"wallywallywally"},"content":"public class WrongFormatDescriptionException extends WallybotException {","lastModifiedDate":"2024-02-29"},{"lineNumber":9,"author":{"gitId":"wallywallywally"},"content":"    public WrongFormatDescriptionException(String type) {","lastModifiedDate":"2024-02-21"},{"lineNumber":10,"author":{"gitId":"wallywallywally"},"content":"        message \u003d showWrongFormat(type);","lastModifiedDate":"2024-02-29"},{"lineNumber":11,"author":{"gitId":"wallywallywally"},"content":"    }","lastModifiedDate":"2024-02-29"},{"lineNumber":12,"author":{"gitId":"wallywallywally"},"content":"","lastModifiedDate":"2024-02-29"},{"lineNumber":13,"author":{"gitId":"wallywallywally"},"content":"    /**","lastModifiedDate":"2024-02-29"},{"lineNumber":14,"author":{"gitId":"wallywallywally"},"content":"     * Create a message that reminds the user of the proper format, depending on the Task type.","lastModifiedDate":"2024-02-29"},{"lineNumber":15,"author":{"gitId":"wallywallywally"},"content":"     */","lastModifiedDate":"2024-02-29"},{"lineNumber":16,"author":{"gitId":"wallywallywally"},"content":"    public String showWrongFormat(String type) {","lastModifiedDate":"2024-02-29"},{"lineNumber":17,"author":{"gitId":"wallywallywally"},"content":"        StringBuilder message \u003d new StringBuilder();","lastModifiedDate":"2024-02-29"},{"lineNumber":18,"author":{"gitId":"wallywallywally"},"content":"        message.append(\"Hmm...seems that your description is in the wrong format :O\");","lastModifiedDate":"2024-02-29"},{"lineNumber":19,"author":{"gitId":"wallywallywally"},"content":"        message.append(System.lineSeparator());","lastModifiedDate":"2024-02-29"},{"lineNumber":20,"author":{"gitId":"wallywallywally"},"content":"        if (type.equals(\"Deadline\")) {","lastModifiedDate":"2024-02-29"},{"lineNumber":21,"author":{"gitId":"wallywallywally"},"content":"            message.append(\"A Deadline needs \u0027/by\u0027\");","lastModifiedDate":"2024-02-29"},{"lineNumber":22,"author":{"gitId":"wallywallywally"},"content":"        } else if (type.equals(\"Event\")) {","lastModifiedDate":"2024-02-29"},{"lineNumber":23,"author":{"gitId":"wallywallywally"},"content":"            message.append(\"An Event needs \u0027/from\u0027 and \u0027/to\u0027\");","lastModifiedDate":"2024-02-29"},{"lineNumber":24,"author":{"gitId":"wallywallywally"},"content":"        }","lastModifiedDate":"2024-02-13"},{"lineNumber":25,"author":{"gitId":"wallywallywally"},"content":"","lastModifiedDate":"2024-02-13"},{"lineNumber":26,"author":{"gitId":"wallywallywally"},"content":"        return message.toString();","lastModifiedDate":"2024-02-29"},{"lineNumber":27,"author":{"gitId":"wallywallywally"},"content":"    }","lastModifiedDate":"2024-02-13"},{"lineNumber":28,"author":{"gitId":"wallywallywally"},"content":"}","lastModifiedDate":"2024-02-13"}],"authorContributionMap":{"wallywallywally":28}},{"path":"src/main/java/tasks/Deadline.java","fileType":"java","lines":[{"lineNumber":1,"author":{"gitId":"wallywallywally"},"content":"package tasks;","lastModifiedDate":"2024-02-12"},{"lineNumber":2,"author":{"gitId":"wallywallywally"},"content":"","lastModifiedDate":"2024-02-12"},{"lineNumber":3,"author":{"gitId":"wallywallywally"},"content":"/**","lastModifiedDate":"2024-02-08"},{"lineNumber":4,"author":{"gitId":"wallywallywally"},"content":" * Task that has a do-by time.","lastModifiedDate":"2024-02-08"},{"lineNumber":5,"author":{"gitId":"wallywallywally"},"content":" */","lastModifiedDate":"2024-02-08"},{"lineNumber":6,"author":{"gitId":"wallywallywally"},"content":"public class Deadline extends Task {","lastModifiedDate":"2024-02-07"},{"lineNumber":7,"author":{"gitId":"wallywallywally"},"content":"    // ATTRIBUTES","lastModifiedDate":"2024-02-07"},{"lineNumber":8,"author":{"gitId":"wallywallywally"},"content":"    protected String by;","lastModifiedDate":"2024-02-07"},{"lineNumber":9,"author":{"gitId":"wallywallywally"},"content":"","lastModifiedDate":"2024-02-07"},{"lineNumber":10,"author":{"gitId":"wallywallywally"},"content":"    // METHODS","lastModifiedDate":"2024-02-07"},{"lineNumber":11,"author":{"gitId":"wallywallywally"},"content":"    public Deadline (String description, String by) {","lastModifiedDate":"2024-02-07"},{"lineNumber":12,"author":{"gitId":"wallywallywally"},"content":"        super(description);","lastModifiedDate":"2024-02-07"},{"lineNumber":13,"author":{"gitId":"wallywallywally"},"content":"        this.by \u003d by;","lastModifiedDate":"2024-02-07"},{"lineNumber":14,"author":{"gitId":"wallywallywally"},"content":"    }","lastModifiedDate":"2024-02-07"},{"lineNumber":15,"author":{"gitId":"wallywallywally"},"content":"","lastModifiedDate":"2024-02-07"},{"lineNumber":16,"author":{"gitId":"wallywallywally"},"content":"    public String getBy() {","lastModifiedDate":"2024-02-21"},{"lineNumber":17,"author":{"gitId":"wallywallywally"},"content":"        return by;","lastModifiedDate":"2024-02-21"},{"lineNumber":18,"author":{"gitId":"wallywallywally"},"content":"    }","lastModifiedDate":"2024-02-21"},{"lineNumber":19,"author":{"gitId":"wallywallywally"},"content":"","lastModifiedDate":"2024-02-21"},{"lineNumber":20,"author":{"gitId":"wallywallywally"},"content":"    @Override","lastModifiedDate":"2024-02-07"},{"lineNumber":21,"author":{"gitId":"wallywallywally"},"content":"    public String toString() {","lastModifiedDate":"2024-02-07"},{"lineNumber":22,"author":{"gitId":"wallywallywally"},"content":"        return \"[D]\" + super.toString()","lastModifiedDate":"2024-02-08"},{"lineNumber":23,"author":{"gitId":"wallywallywally"},"content":"            + \" (by: \" + by + \")\";","lastModifiedDate":"2024-02-07"},{"lineNumber":24,"author":{"gitId":"wallywallywally"},"content":"    }","lastModifiedDate":"2024-02-07"},{"lineNumber":25,"author":{"gitId":"wallywallywally"},"content":"}","lastModifiedDate":"2024-02-07"}],"authorContributionMap":{"wallywallywally":25}},{"path":"src/main/java/tasks/Event.java","fileType":"java","lines":[{"lineNumber":1,"author":{"gitId":"wallywallywally"},"content":"package tasks;","lastModifiedDate":"2024-02-12"},{"lineNumber":2,"author":{"gitId":"wallywallywally"},"content":"","lastModifiedDate":"2024-02-12"},{"lineNumber":3,"author":{"gitId":"wallywallywally"},"content":"/**","lastModifiedDate":"2024-02-08"},{"lineNumber":4,"author":{"gitId":"wallywallywally"},"content":" * Task that has start and end times.","lastModifiedDate":"2024-02-08"},{"lineNumber":5,"author":{"gitId":"wallywallywally"},"content":" */","lastModifiedDate":"2024-02-08"},{"lineNumber":6,"author":{"gitId":"wallywallywally"},"content":"public class Event extends Task {","lastModifiedDate":"2024-02-07"},{"lineNumber":7,"author":{"gitId":"wallywallywally"},"content":"    // ATTRIBUTES","lastModifiedDate":"2024-02-07"},{"lineNumber":8,"author":{"gitId":"wallywallywally"},"content":"    protected String from;","lastModifiedDate":"2024-02-07"},{"lineNumber":9,"author":{"gitId":"wallywallywally"},"content":"    protected String to;","lastModifiedDate":"2024-02-07"},{"lineNumber":10,"author":{"gitId":"wallywallywally"},"content":"","lastModifiedDate":"2024-02-07"},{"lineNumber":11,"author":{"gitId":"wallywallywally"},"content":"    // METHODS","lastModifiedDate":"2024-02-07"},{"lineNumber":12,"author":{"gitId":"wallywallywally"},"content":"    public Event (String description, String from, String to) {","lastModifiedDate":"2024-02-07"},{"lineNumber":13,"author":{"gitId":"wallywallywally"},"content":"        super(description);","lastModifiedDate":"2024-02-07"},{"lineNumber":14,"author":{"gitId":"wallywallywally"},"content":"        this.from \u003d from;","lastModifiedDate":"2024-02-07"},{"lineNumber":15,"author":{"gitId":"wallywallywally"},"content":"        this.to \u003d to;","lastModifiedDate":"2024-02-07"},{"lineNumber":16,"author":{"gitId":"wallywallywally"},"content":"    }","lastModifiedDate":"2024-02-07"},{"lineNumber":17,"author":{"gitId":"wallywallywally"},"content":"","lastModifiedDate":"2024-02-07"},{"lineNumber":18,"author":{"gitId":"wallywallywally"},"content":"    public String getFrom() {","lastModifiedDate":"2024-02-21"},{"lineNumber":19,"author":{"gitId":"wallywallywally"},"content":"        return from;","lastModifiedDate":"2024-02-21"},{"lineNumber":20,"author":{"gitId":"wallywallywally"},"content":"    }","lastModifiedDate":"2024-02-21"},{"lineNumber":21,"author":{"gitId":"wallywallywally"},"content":"","lastModifiedDate":"2024-02-21"},{"lineNumber":22,"author":{"gitId":"wallywallywally"},"content":"    public String getTo() {","lastModifiedDate":"2024-02-21"},{"lineNumber":23,"author":{"gitId":"wallywallywally"},"content":"        return to;","lastModifiedDate":"2024-02-21"},{"lineNumber":24,"author":{"gitId":"wallywallywally"},"content":"    }","lastModifiedDate":"2024-02-21"},{"lineNumber":25,"author":{"gitId":"wallywallywally"},"content":"","lastModifiedDate":"2024-02-21"},{"lineNumber":26,"author":{"gitId":"wallywallywally"},"content":"    @Override","lastModifiedDate":"2024-02-07"},{"lineNumber":27,"author":{"gitId":"wallywallywally"},"content":"    public String toString() {","lastModifiedDate":"2024-02-07"},{"lineNumber":28,"author":{"gitId":"wallywallywally"},"content":"        return \"[E]\" + super.toString()","lastModifiedDate":"2024-02-08"},{"lineNumber":29,"author":{"gitId":"wallywallywally"},"content":"            + \" (from: \" + from","lastModifiedDate":"2024-02-07"},{"lineNumber":30,"author":{"gitId":"wallywallywally"},"content":"            + \" to: \" + to + \")\";","lastModifiedDate":"2024-02-07"},{"lineNumber":31,"author":{"gitId":"wallywallywally"},"content":"    }","lastModifiedDate":"2024-02-07"},{"lineNumber":32,"author":{"gitId":"wallywallywally"},"content":"}","lastModifiedDate":"2024-02-07"}],"authorContributionMap":{"wallywallywally":32}},{"path":"src/main/java/tasks/Task.java","fileType":"java","lines":[{"lineNumber":1,"author":{"gitId":"wallywallywally"},"content":"package tasks;","lastModifiedDate":"2024-02-12"},{"lineNumber":2,"author":{"gitId":"wallywallywally"},"content":"","lastModifiedDate":"2024-02-12"},{"lineNumber":3,"author":{"gitId":"wallywallywally"},"content":"/**","lastModifiedDate":"2024-02-08"},{"lineNumber":4,"author":{"gitId":"wallywallywally"},"content":" * Stores general information on a task.","lastModifiedDate":"2024-02-21"},{"lineNumber":5,"author":{"gitId":"wallywallywally"},"content":" */","lastModifiedDate":"2024-02-08"},{"lineNumber":6,"author":{"gitId":"wallywallywally"},"content":"public abstract class Task {","lastModifiedDate":"2024-02-12"},{"lineNumber":7,"author":{"gitId":"wallywallywally"},"content":"    // ATTRIBUTES","lastModifiedDate":"2024-01-29"},{"lineNumber":8,"author":{"gitId":"wallywallywally"},"content":"    protected String description;","lastModifiedDate":"2024-01-29"},{"lineNumber":9,"author":{"gitId":"wallywallywally"},"content":"    protected boolean isDone;","lastModifiedDate":"2024-01-29"},{"lineNumber":10,"author":{"gitId":"wallywallywally"},"content":"","lastModifiedDate":"2024-01-29"},{"lineNumber":11,"author":{"gitId":"wallywallywally"},"content":"    // METHODS","lastModifiedDate":"2024-01-29"},{"lineNumber":12,"author":{"gitId":"wallywallywally"},"content":"    public Task(String description) {","lastModifiedDate":"2024-01-29"},{"lineNumber":13,"author":{"gitId":"wallywallywally"},"content":"        this.description \u003d description;","lastModifiedDate":"2024-01-29"},{"lineNumber":14,"author":{"gitId":"wallywallywally"},"content":"        this.isDone \u003d false;","lastModifiedDate":"2024-01-29"},{"lineNumber":15,"author":{"gitId":"wallywallywally"},"content":"    }","lastModifiedDate":"2024-01-29"},{"lineNumber":16,"author":{"gitId":"wallywallywally"},"content":"","lastModifiedDate":"2024-01-29"},{"lineNumber":17,"author":{"gitId":"wallywallywally"},"content":"    public void setDone(boolean state) {","lastModifiedDate":"2024-02-21"},{"lineNumber":18,"author":{"gitId":"wallywallywally"},"content":"        isDone \u003d state;","lastModifiedDate":"2024-02-21"},{"lineNumber":19,"author":{"gitId":"wallywallywally"},"content":"    }","lastModifiedDate":"2024-02-21"},{"lineNumber":20,"author":{"gitId":"wallywallywally"},"content":"","lastModifiedDate":"2024-02-21"},{"lineNumber":21,"author":{"gitId":"wallywallywally"},"content":"","lastModifiedDate":"2024-02-21"},{"lineNumber":22,"author":{"gitId":"wallywallywally"},"content":"    /**","lastModifiedDate":"2024-02-21"},{"lineNumber":23,"author":{"gitId":"wallywallywally"},"content":"     * Turn isDone into a status icon.","lastModifiedDate":"2024-02-21"},{"lineNumber":24,"author":{"gitId":"wallywallywally"},"content":"     */","lastModifiedDate":"2024-02-21"},{"lineNumber":25,"author":{"gitId":"wallywallywally"},"content":"    protected String getStatusIcon() {","lastModifiedDate":"2024-02-08"},{"lineNumber":26,"author":{"gitId":"wallywallywally"},"content":"        return (isDone ? \"X\" : \" \");","lastModifiedDate":"2024-01-29"},{"lineNumber":27,"author":{"gitId":"wallywallywally"},"content":"    }","lastModifiedDate":"2024-01-29"},{"lineNumber":28,"author":{"gitId":"wallywallywally"},"content":"","lastModifiedDate":"2024-01-29"},{"lineNumber":29,"author":{"gitId":"wallywallywally"},"content":"    public String getDescription() {","lastModifiedDate":"2024-02-21"},{"lineNumber":30,"author":{"gitId":"wallywallywally"},"content":"        return description;","lastModifiedDate":"2024-02-21"},{"lineNumber":31,"author":{"gitId":"wallywallywally"},"content":"    }","lastModifiedDate":"2024-02-07"},{"lineNumber":32,"author":{"gitId":"wallywallywally"},"content":"","lastModifiedDate":"2024-02-07"},{"lineNumber":33,"author":{"gitId":"wallywallywally"},"content":"    /**","lastModifiedDate":"2024-02-08"},{"lineNumber":34,"author":{"gitId":"wallywallywally"},"content":"     * Get isDone as an Integer.","lastModifiedDate":"2024-02-25"},{"lineNumber":35,"author":{"gitId":"wallywallywally"},"content":"     */","lastModifiedDate":"2024-02-08"},{"lineNumber":36,"author":{"gitId":"wallywallywally"},"content":"    public int getIsDoneInt() {","lastModifiedDate":"2024-02-21"},{"lineNumber":37,"author":{"gitId":"wallywallywally"},"content":"        return isDone ? 1 : 0;","lastModifiedDate":"2024-02-21"},{"lineNumber":38,"author":{"gitId":"wallywallywally"},"content":"    }","lastModifiedDate":"2024-01-29"},{"lineNumber":39,"author":{"gitId":"wallywallywally"},"content":"","lastModifiedDate":"2024-01-29"},{"lineNumber":40,"author":{"gitId":"wallywallywally"},"content":"    public String toString() {","lastModifiedDate":"2024-02-07"},{"lineNumber":41,"author":{"gitId":"wallywallywally"},"content":"        return \"[\" + getStatusIcon() + \"] \" + description;","lastModifiedDate":"2024-02-07"},{"lineNumber":42,"author":{"gitId":"wallywallywally"},"content":"    }","lastModifiedDate":"2024-02-07"},{"lineNumber":43,"author":{"gitId":"wallywallywally"},"content":"}","lastModifiedDate":"2024-01-29"}],"authorContributionMap":{"wallywallywally":43}},{"path":"src/main/java/tasks/Todo.java","fileType":"java","lines":[{"lineNumber":1,"author":{"gitId":"wallywallywally"},"content":"package tasks;","lastModifiedDate":"2024-02-12"},{"lineNumber":2,"author":{"gitId":"wallywallywally"},"content":"","lastModifiedDate":"2024-02-12"},{"lineNumber":3,"author":{"gitId":"wallywallywally"},"content":"/**","lastModifiedDate":"2024-02-08"},{"lineNumber":4,"author":{"gitId":"wallywallywally"},"content":" * Normal task.","lastModifiedDate":"2024-02-08"},{"lineNumber":5,"author":{"gitId":"wallywallywally"},"content":" */","lastModifiedDate":"2024-02-08"},{"lineNumber":6,"author":{"gitId":"wallywallywally"},"content":"public class Todo extends Task {","lastModifiedDate":"2024-02-07"},{"lineNumber":7,"author":{"gitId":"wallywallywally"},"content":"    // METHODS","lastModifiedDate":"2024-02-07"},{"lineNumber":8,"author":{"gitId":"wallywallywally"},"content":"    public Todo (String description) {","lastModifiedDate":"2024-02-07"},{"lineNumber":9,"author":{"gitId":"wallywallywally"},"content":"        super(description);","lastModifiedDate":"2024-02-07"},{"lineNumber":10,"author":{"gitId":"wallywallywally"},"content":"    }","lastModifiedDate":"2024-02-07"},{"lineNumber":11,"author":{"gitId":"wallywallywally"},"content":"","lastModifiedDate":"2024-02-07"},{"lineNumber":12,"author":{"gitId":"wallywallywally"},"content":"    @Override","lastModifiedDate":"2024-02-07"},{"lineNumber":13,"author":{"gitId":"wallywallywally"},"content":"    public String toString() {","lastModifiedDate":"2024-02-07"},{"lineNumber":14,"author":{"gitId":"wallywallywally"},"content":"        return \"[T]\" + super.toString();","lastModifiedDate":"2024-02-07"},{"lineNumber":15,"author":{"gitId":"wallywallywally"},"content":"    }","lastModifiedDate":"2024-02-07"},{"lineNumber":16,"author":{"gitId":"wallywallywally"},"content":"","lastModifiedDate":"2024-02-07"},{"lineNumber":17,"author":{"gitId":"wallywallywally"},"content":"}","lastModifiedDate":"2024-02-07"}],"authorContributionMap":{"wallywallywally":17}},{"path":"text-ui-test/input.txt","fileType":"txt","lines":[{"lineNumber":1,"author":{"gitId":"wallywallywally"},"content":"todo borrow book","lastModifiedDate":"2024-02-08"}],"authorContributionMap":{"wallywallywally":1}},{"path":"text-ui-test/runtest.bat","fileType":"bat","lines":[{"lineNumber":1,"author":{"gitId":"wallywallywally"},"content":"REM \"runtest.bat\" in Windows terminal (not PowerShell)","lastModifiedDate":"2024-02-08"},{"lineNumber":2,"author":{"gitId":"wallywallywally"},"content":"","lastModifiedDate":"2024-02-08"},{"lineNumber":3,"author":{"gitId":"-"},"content":"@ECHO OFF","lastModifiedDate":"2020-05-25"},{"lineNumber":4,"author":{"gitId":"-"},"content":"","lastModifiedDate":"2020-05-25"},{"lineNumber":5,"author":{"gitId":"-"},"content":"REM create bin directory if it doesn\u0027t exist","lastModifiedDate":"2020-05-25"},{"lineNumber":6,"author":{"gitId":"-"},"content":"if not exist ..\\bin mkdir ..\\bin","lastModifiedDate":"2020-05-25"},{"lineNumber":7,"author":{"gitId":"-"},"content":"","lastModifiedDate":"2020-05-25"},{"lineNumber":8,"author":{"gitId":"-"},"content":"REM delete output from previous run","lastModifiedDate":"2020-05-25"},{"lineNumber":9,"author":{"gitId":"-"},"content":"if exist ACTUAL.TXT del ACTUAL.TXT","lastModifiedDate":"2020-08-25"},{"lineNumber":10,"author":{"gitId":"-"},"content":"","lastModifiedDate":"2020-05-25"},{"lineNumber":11,"author":{"gitId":"-"},"content":"REM compile the code into the bin folder","lastModifiedDate":"2020-05-25"},{"lineNumber":12,"author":{"gitId":"-"},"content":"javac  -cp ..\\src\\main\\java -Xlint:none -d ..\\bin ..\\src\\main\\java\\*.java","lastModifiedDate":"2020-08-25"},{"lineNumber":13,"author":{"gitId":"-"},"content":"IF ERRORLEVEL 1 (","lastModifiedDate":"2020-05-25"},{"lineNumber":14,"author":{"gitId":"-"},"content":"    echo ********** BUILD FAILURE **********","lastModifiedDate":"2020-05-25"},{"lineNumber":15,"author":{"gitId":"-"},"content":"    exit /b 1","lastModifiedDate":"2020-05-25"},{"lineNumber":16,"author":{"gitId":"-"},"content":")","lastModifiedDate":"2020-05-25"},{"lineNumber":17,"author":{"gitId":"-"},"content":"REM no error here, errorlevel \u003d\u003d 0","lastModifiedDate":"2020-05-25"},{"lineNumber":18,"author":{"gitId":"-"},"content":"","lastModifiedDate":"2020-05-25"},{"lineNumber":19,"author":{"gitId":"-"},"content":"REM run the program, feed commands from input.txt file and redirect the output to the ACTUAL.TXT","lastModifiedDate":"2020-05-25"},{"lineNumber":20,"author":{"gitId":"wallywallywally"},"content":"java -classpath ..\\bin Wallybot \u003c input.txt \u003e ACTUAL.TXT","lastModifiedDate":"2024-02-08"},{"lineNumber":21,"author":{"gitId":"-"},"content":"","lastModifiedDate":"2020-05-25"},{"lineNumber":22,"author":{"gitId":"-"},"content":"REM compare the output to the expected output","lastModifiedDate":"2020-05-25"},{"lineNumber":23,"author":{"gitId":"-"},"content":"FC ACTUAL.TXT EXPECTED.TXT","lastModifiedDate":"2020-05-25"}],"authorContributionMap":{"wallywallywally":3,"-":20}}]
