[{"path":"src/main/java/Duke.java","fileType":"java","lines":[{"lineNumber":1,"author":{"gitId":"wallywallywally"},"content":"import java.util.Scanner;","lastModifiedDate":"2024-01-29"},{"lineNumber":2,"author":{"gitId":"wallywallywally"},"content":"","lastModifiedDate":"2024-01-29"},{"lineNumber":3,"author":{"gitId":"-"},"content":"public class Duke {","lastModifiedDate":"2019-07-29"},{"lineNumber":4,"author":{"gitId":"wallywallywally"},"content":"    // LEVEL-0","lastModifiedDate":"2024-01-29"},{"lineNumber":5,"author":{"gitId":"wallywallywally"},"content":"    // Initialise chatbot","lastModifiedDate":"2024-01-29"},{"lineNumber":6,"author":{"gitId":"wallywallywally"},"content":"    public static void initWally() {","lastModifiedDate":"2024-01-29"},{"lineNumber":7,"author":{"gitId":"-"},"content":"        String logo \u003d \" ____        _        \\n\"","lastModifiedDate":"2019-07-29"},{"lineNumber":8,"author":{"gitId":"-"},"content":"                + \"|  _ \\\\ _   _| | _____ \\n\"","lastModifiedDate":"2019-07-29"},{"lineNumber":9,"author":{"gitId":"-"},"content":"                + \"| | | | | | | |/ / _ \\\\\\n\"","lastModifiedDate":"2019-07-29"},{"lineNumber":10,"author":{"gitId":"-"},"content":"                + \"| |_| | |_| |   \u003c  __/\\n\"","lastModifiedDate":"2019-07-29"},{"lineNumber":11,"author":{"gitId":"-"},"content":"                + \"|____/ \\\\__,_|_|\\\\_\\\\___|\\n\";","lastModifiedDate":"2019-07-29"},{"lineNumber":12,"author":{"gitId":"wallywallywally"},"content":"        String chatbotName \u003d \"Wallybot\";","lastModifiedDate":"2024-01-22"},{"lineNumber":13,"author":{"gitId":"wallywallywally"},"content":"","lastModifiedDate":"2024-01-22"},{"lineNumber":14,"author":{"gitId":"wallywallywally"},"content":"        System.out.println(\"Beep boop. Hello! I\u0027m \" + chatbotName + \"!\");","lastModifiedDate":"2024-01-29"},{"lineNumber":15,"author":{"gitId":"wallywallywally"},"content":"        System.out.println(\"What can I do for you today?\");","lastModifiedDate":"2024-01-29"},{"lineNumber":16,"author":{"gitId":"wallywallywally"},"content":"","lastModifiedDate":"2024-01-29"},{"lineNumber":17,"author":{"gitId":"wallywallywally"},"content":"    }","lastModifiedDate":"2024-01-29"},{"lineNumber":18,"author":{"gitId":"wallywallywally"},"content":"","lastModifiedDate":"2024-01-29"},{"lineNumber":19,"author":{"gitId":"wallywallywally"},"content":"    // Exit chatbot","lastModifiedDate":"2024-01-29"},{"lineNumber":20,"author":{"gitId":"wallywallywally"},"content":"    public static void exitWally() {","lastModifiedDate":"2024-01-29"},{"lineNumber":21,"author":{"gitId":"wallywallywally"},"content":"        System.out.println(\"Womp womp. Goodbye and see you soon!\");","lastModifiedDate":"2024-01-29"},{"lineNumber":22,"author":{"gitId":"wallywallywally"},"content":"    }","lastModifiedDate":"2024-01-29"},{"lineNumber":23,"author":{"gitId":"wallywallywally"},"content":"","lastModifiedDate":"2024-01-29"},{"lineNumber":24,"author":{"gitId":"wallywallywally"},"content":"    // LEVEL-1: Echo","lastModifiedDate":"2024-01-29"},{"lineNumber":25,"author":{"gitId":"wallywallywally"},"content":"    public static void echo(String input) {","lastModifiedDate":"2024-01-29"},{"lineNumber":26,"author":{"gitId":"wallywallywally"},"content":"        System.out.println(input);","lastModifiedDate":"2024-01-29"},{"lineNumber":27,"author":{"gitId":"wallywallywally"},"content":"    }","lastModifiedDate":"2024-01-29"},{"lineNumber":28,"author":{"gitId":"wallywallywally"},"content":"","lastModifiedDate":"2024-01-29"},{"lineNumber":29,"author":{"gitId":"wallywallywally"},"content":"    // LEVEL-2","lastModifiedDate":"2024-01-29"},{"lineNumber":30,"author":{"gitId":"wallywallywally"},"content":"    // Initialise task list","lastModifiedDate":"2024-01-29"},{"lineNumber":31,"author":{"gitId":"wallywallywally"},"content":"    private static final Task[] taskList \u003d new Task[100];","lastModifiedDate":"2024-01-29"},{"lineNumber":32,"author":{"gitId":"wallywallywally"},"content":"    private static int taskCount \u003d 0;","lastModifiedDate":"2024-01-29"},{"lineNumber":33,"author":{"gitId":"wallywallywally"},"content":"","lastModifiedDate":"2024-01-29"},{"lineNumber":34,"author":{"gitId":"wallywallywally"},"content":"    public static void addTask(String input) {","lastModifiedDate":"2024-01-29"},{"lineNumber":35,"author":{"gitId":"wallywallywally"},"content":"        // Handle no input","lastModifiedDate":"2024-01-29"},{"lineNumber":36,"author":{"gitId":"wallywallywally"},"content":"        if (input.isBlank()) {","lastModifiedDate":"2024-01-29"},{"lineNumber":37,"author":{"gitId":"wallywallywally"},"content":"            System.out.println(\"Oops, nothing detected...try again!\");","lastModifiedDate":"2024-01-29"},{"lineNumber":38,"author":{"gitId":"wallywallywally"},"content":"            return;","lastModifiedDate":"2024-01-29"},{"lineNumber":39,"author":{"gitId":"wallywallywally"},"content":"        }","lastModifiedDate":"2024-01-29"},{"lineNumber":40,"author":{"gitId":"wallywallywally"},"content":"","lastModifiedDate":"2024-01-29"},{"lineNumber":41,"author":{"gitId":"wallywallywally"},"content":"        Task task \u003d new Task(input);","lastModifiedDate":"2024-01-29"},{"lineNumber":42,"author":{"gitId":"wallywallywally"},"content":"        taskList[taskCount] \u003d task;","lastModifiedDate":"2024-01-29"},{"lineNumber":43,"author":{"gitId":"wallywallywally"},"content":"        taskCount++;","lastModifiedDate":"2024-01-29"},{"lineNumber":44,"author":{"gitId":"wallywallywally"},"content":"        System.out.println(\"Nice! Added: \" + task.description);","lastModifiedDate":"2024-01-29"},{"lineNumber":45,"author":{"gitId":"wallywallywally"},"content":"    }","lastModifiedDate":"2024-01-29"},{"lineNumber":46,"author":{"gitId":"wallywallywally"},"content":"","lastModifiedDate":"2024-01-29"},{"lineNumber":47,"author":{"gitId":"wallywallywally"},"content":"    public static void viewTasks() {","lastModifiedDate":"2024-01-29"},{"lineNumber":48,"author":{"gitId":"wallywallywally"},"content":"        System.out.println(\"Here are your tasks:\");","lastModifiedDate":"2024-01-29"},{"lineNumber":49,"author":{"gitId":"wallywallywally"},"content":"        for (int i \u003d 0; i \u003c taskCount; i++) {","lastModifiedDate":"2024-01-29"},{"lineNumber":50,"author":{"gitId":"wallywallywally"},"content":"            Task task \u003d taskList[i];","lastModifiedDate":"2024-01-29"},{"lineNumber":51,"author":{"gitId":"wallywallywally"},"content":"            System.out.println(","lastModifiedDate":"2024-01-29"},{"lineNumber":52,"author":{"gitId":"wallywallywally"},"content":"                    i+1 + \".[\" + task.getStatusIcon() + \"] \" + task.description","lastModifiedDate":"2024-01-29"},{"lineNumber":53,"author":{"gitId":"wallywallywally"},"content":"            );","lastModifiedDate":"2024-01-29"},{"lineNumber":54,"author":{"gitId":"wallywallywally"},"content":"        }","lastModifiedDate":"2024-01-29"},{"lineNumber":55,"author":{"gitId":"wallywallywally"},"content":"    }","lastModifiedDate":"2024-01-29"},{"lineNumber":56,"author":{"gitId":"wallywallywally"},"content":"","lastModifiedDate":"2024-01-29"},{"lineNumber":57,"author":{"gitId":"wallywallywally"},"content":"    // LEVEL-3","lastModifiedDate":"2024-01-29"},{"lineNumber":58,"author":{"gitId":"wallywallywally"},"content":"    // Probably over-engineered...","lastModifiedDate":"2024-01-29"},{"lineNumber":59,"author":{"gitId":"wallywallywally"},"content":"    public static boolean isNumeric(String str) {","lastModifiedDate":"2024-01-29"},{"lineNumber":60,"author":{"gitId":"wallywallywally"},"content":"        try {","lastModifiedDate":"2024-01-29"},{"lineNumber":61,"author":{"gitId":"wallywallywally"},"content":"            int intTest \u003d Integer.parseInt(str);","lastModifiedDate":"2024-01-29"},{"lineNumber":62,"author":{"gitId":"wallywallywally"},"content":"        } catch (NumberFormatException error) {","lastModifiedDate":"2024-01-29"},{"lineNumber":63,"author":{"gitId":"wallywallywally"},"content":"            return false;","lastModifiedDate":"2024-01-29"},{"lineNumber":64,"author":{"gitId":"wallywallywally"},"content":"        }","lastModifiedDate":"2024-01-29"},{"lineNumber":65,"author":{"gitId":"wallywallywally"},"content":"","lastModifiedDate":"2024-01-29"},{"lineNumber":66,"author":{"gitId":"wallywallywally"},"content":"        return true;","lastModifiedDate":"2024-01-29"},{"lineNumber":67,"author":{"gitId":"wallywallywally"},"content":"    }","lastModifiedDate":"2024-01-29"},{"lineNumber":68,"author":{"gitId":"wallywallywally"},"content":"","lastModifiedDate":"2024-01-29"},{"lineNumber":69,"author":{"gitId":"wallywallywally"},"content":"    public static boolean checkMarkUnmarkDone(String input) {","lastModifiedDate":"2024-01-29"},{"lineNumber":70,"author":{"gitId":"wallywallywally"},"content":"        String[] words \u003d input.split(\" \");","lastModifiedDate":"2024-01-29"},{"lineNumber":71,"author":{"gitId":"wallywallywally"},"content":"","lastModifiedDate":"2024-01-29"},{"lineNumber":72,"author":{"gitId":"wallywallywally"},"content":"        // Check that it is \"mark [int]\"","lastModifiedDate":"2024-01-29"},{"lineNumber":73,"author":{"gitId":"wallywallywally"},"content":"        if (words.length \u003d\u003d 2) {","lastModifiedDate":"2024-01-29"},{"lineNumber":74,"author":{"gitId":"wallywallywally"},"content":"            if (isNumeric(words[1])) {","lastModifiedDate":"2024-01-29"},{"lineNumber":75,"author":{"gitId":"wallywallywally"},"content":"                int taskIndex \u003d Integer.parseInt(words[1]) - 1;","lastModifiedDate":"2024-01-29"},{"lineNumber":76,"author":{"gitId":"wallywallywally"},"content":"                if (taskIndex + 1 \u003c\u003d taskCount) {","lastModifiedDate":"2024-01-29"},{"lineNumber":77,"author":{"gitId":"wallywallywally"},"content":"                    if (words[0].equals(\"mark\")) {","lastModifiedDate":"2024-01-29"},{"lineNumber":78,"author":{"gitId":"wallywallywally"},"content":"                        Task task \u003d taskList[taskIndex];","lastModifiedDate":"2024-01-29"},{"lineNumber":79,"author":{"gitId":"wallywallywally"},"content":"                        task.markDone();","lastModifiedDate":"2024-01-29"},{"lineNumber":80,"author":{"gitId":"wallywallywally"},"content":"                        return true;","lastModifiedDate":"2024-01-29"},{"lineNumber":81,"author":{"gitId":"wallywallywally"},"content":"                    } else if (words[0].equals(\"unmark\")) {","lastModifiedDate":"2024-01-29"},{"lineNumber":82,"author":{"gitId":"wallywallywally"},"content":"                        Task task \u003d taskList[taskIndex];","lastModifiedDate":"2024-01-29"},{"lineNumber":83,"author":{"gitId":"wallywallywally"},"content":"                        task.unmarkDone();","lastModifiedDate":"2024-01-29"},{"lineNumber":84,"author":{"gitId":"wallywallywally"},"content":"                        return true;","lastModifiedDate":"2024-01-29"},{"lineNumber":85,"author":{"gitId":"wallywallywally"},"content":"                    }","lastModifiedDate":"2024-01-29"},{"lineNumber":86,"author":{"gitId":"wallywallywally"},"content":"                }","lastModifiedDate":"2024-01-29"},{"lineNumber":87,"author":{"gitId":"wallywallywally"},"content":"            }","lastModifiedDate":"2024-01-29"},{"lineNumber":88,"author":{"gitId":"wallywallywally"},"content":"        }","lastModifiedDate":"2024-01-29"},{"lineNumber":89,"author":{"gitId":"wallywallywally"},"content":"        return false;","lastModifiedDate":"2024-01-29"},{"lineNumber":90,"author":{"gitId":"wallywallywally"},"content":"    }","lastModifiedDate":"2024-01-29"},{"lineNumber":91,"author":{"gitId":"wallywallywally"},"content":"","lastModifiedDate":"2024-01-29"},{"lineNumber":92,"author":{"gitId":"wallywallywally"},"content":"","lastModifiedDate":"2024-01-29"},{"lineNumber":93,"author":{"gitId":"wallywallywally"},"content":"","lastModifiedDate":"2024-01-29"},{"lineNumber":94,"author":{"gitId":"wallywallywally"},"content":"    // MAIN","lastModifiedDate":"2024-01-29"},{"lineNumber":95,"author":{"gitId":"wallywallywally"},"content":"    public static void main(String[] args) {","lastModifiedDate":"2024-01-29"},{"lineNumber":96,"author":{"gitId":"wallywallywally"},"content":"        // Initialise chatbot","lastModifiedDate":"2024-01-29"},{"lineNumber":97,"author":{"gitId":"wallywallywally"},"content":"        initWally();","lastModifiedDate":"2024-01-29"},{"lineNumber":98,"author":{"gitId":"wallywallywally"},"content":"        // Initialise Scanner","lastModifiedDate":"2024-01-29"},{"lineNumber":99,"author":{"gitId":"wallywallywally"},"content":"        Scanner in \u003d new Scanner(System.in);","lastModifiedDate":"2024-01-29"},{"lineNumber":100,"author":{"gitId":"wallywallywally"},"content":"","lastModifiedDate":"2024-01-29"},{"lineNumber":101,"author":{"gitId":"wallywallywally"},"content":"        // Run Scanner continuously","lastModifiedDate":"2024-01-29"},{"lineNumber":102,"author":{"gitId":"wallywallywally"},"content":"        scan: while (true) {","lastModifiedDate":"2024-01-29"},{"lineNumber":103,"author":{"gitId":"wallywallywally"},"content":"            // Read input","lastModifiedDate":"2024-01-29"},{"lineNumber":104,"author":{"gitId":"wallywallywally"},"content":"            String input;","lastModifiedDate":"2024-01-29"},{"lineNumber":105,"author":{"gitId":"wallywallywally"},"content":"            input \u003d in.nextLine().strip();","lastModifiedDate":"2024-01-29"},{"lineNumber":106,"author":{"gitId":"wallywallywally"},"content":"","lastModifiedDate":"2024-01-29"},{"lineNumber":107,"author":{"gitId":"wallywallywally"},"content":"            // Mark done","lastModifiedDate":"2024-01-29"},{"lineNumber":108,"author":{"gitId":"wallywallywally"},"content":"            boolean continueLoop \u003d checkMarkUnmarkDone(input);","lastModifiedDate":"2024-01-29"},{"lineNumber":109,"author":{"gitId":"wallywallywally"},"content":"            if (continueLoop) {","lastModifiedDate":"2024-01-29"},{"lineNumber":110,"author":{"gitId":"wallywallywally"},"content":"                continue;","lastModifiedDate":"2024-01-29"},{"lineNumber":111,"author":{"gitId":"wallywallywally"},"content":"            }","lastModifiedDate":"2024-01-29"},{"lineNumber":112,"author":{"gitId":"wallywallywally"},"content":"","lastModifiedDate":"2024-01-29"},{"lineNumber":113,"author":{"gitId":"wallywallywally"},"content":"            switch (input) {","lastModifiedDate":"2024-01-29"},{"lineNumber":114,"author":{"gitId":"wallywallywally"},"content":"            case \"bye\":","lastModifiedDate":"2024-01-29"},{"lineNumber":115,"author":{"gitId":"wallywallywally"},"content":"                // Exit chatbot","lastModifiedDate":"2024-01-29"},{"lineNumber":116,"author":{"gitId":"wallywallywally"},"content":"                exitWally();","lastModifiedDate":"2024-01-29"},{"lineNumber":117,"author":{"gitId":"wallywallywally"},"content":"                break scan;","lastModifiedDate":"2024-01-29"},{"lineNumber":118,"author":{"gitId":"wallywallywally"},"content":"            case \"list\":","lastModifiedDate":"2024-01-29"},{"lineNumber":119,"author":{"gitId":"wallywallywally"},"content":"                // View tasks","lastModifiedDate":"2024-01-29"},{"lineNumber":120,"author":{"gitId":"wallywallywally"},"content":"                viewTasks();","lastModifiedDate":"2024-01-29"},{"lineNumber":121,"author":{"gitId":"wallywallywally"},"content":"                break;","lastModifiedDate":"2024-01-29"},{"lineNumber":122,"author":{"gitId":"wallywallywally"},"content":"            default:","lastModifiedDate":"2024-01-29"},{"lineNumber":123,"author":{"gitId":"wallywallywally"},"content":"                // Add task to list","lastModifiedDate":"2024-01-29"},{"lineNumber":124,"author":{"gitId":"wallywallywally"},"content":"                addTask(input);","lastModifiedDate":"2024-01-29"},{"lineNumber":125,"author":{"gitId":"wallywallywally"},"content":"            }","lastModifiedDate":"2024-01-29"},{"lineNumber":126,"author":{"gitId":"wallywallywally"},"content":"        }","lastModifiedDate":"2024-01-29"},{"lineNumber":127,"author":{"gitId":"-"},"content":"    }","lastModifiedDate":"2019-07-29"},{"lineNumber":128,"author":{"gitId":"-"},"content":"}","lastModifiedDate":"2019-07-29"}],"authorContributionMap":{"wallywallywally":120,"-":8}},{"path":"src/main/java/Task.java","fileType":"java","lines":[{"lineNumber":1,"author":{"gitId":"wallywallywally"},"content":"// LEVEL-3","lastModifiedDate":"2024-01-29"},{"lineNumber":2,"author":{"gitId":"wallywallywally"},"content":"public class Task {","lastModifiedDate":"2024-01-29"},{"lineNumber":3,"author":{"gitId":"wallywallywally"},"content":"    // ATTRIBUTES","lastModifiedDate":"2024-01-29"},{"lineNumber":4,"author":{"gitId":"wallywallywally"},"content":"    protected String description;","lastModifiedDate":"2024-01-29"},{"lineNumber":5,"author":{"gitId":"wallywallywally"},"content":"    protected boolean isDone;","lastModifiedDate":"2024-01-29"},{"lineNumber":6,"author":{"gitId":"wallywallywally"},"content":"","lastModifiedDate":"2024-01-29"},{"lineNumber":7,"author":{"gitId":"wallywallywally"},"content":"    // METHODS","lastModifiedDate":"2024-01-29"},{"lineNumber":8,"author":{"gitId":"wallywallywally"},"content":"    public Task(String description) {","lastModifiedDate":"2024-01-29"},{"lineNumber":9,"author":{"gitId":"wallywallywally"},"content":"        this.description \u003d description;","lastModifiedDate":"2024-01-29"},{"lineNumber":10,"author":{"gitId":"wallywallywally"},"content":"        this.isDone \u003d false;","lastModifiedDate":"2024-01-29"},{"lineNumber":11,"author":{"gitId":"wallywallywally"},"content":"    }","lastModifiedDate":"2024-01-29"},{"lineNumber":12,"author":{"gitId":"wallywallywally"},"content":"","lastModifiedDate":"2024-01-29"},{"lineNumber":13,"author":{"gitId":"wallywallywally"},"content":"    public String getStatusIcon() {","lastModifiedDate":"2024-01-29"},{"lineNumber":14,"author":{"gitId":"wallywallywally"},"content":"        return (isDone ? \"X\" : \" \");","lastModifiedDate":"2024-01-29"},{"lineNumber":15,"author":{"gitId":"wallywallywally"},"content":"    }","lastModifiedDate":"2024-01-29"},{"lineNumber":16,"author":{"gitId":"wallywallywally"},"content":"","lastModifiedDate":"2024-01-29"},{"lineNumber":17,"author":{"gitId":"wallywallywally"},"content":"    public void markDone() {","lastModifiedDate":"2024-01-29"},{"lineNumber":18,"author":{"gitId":"wallywallywally"},"content":"        isDone \u003d true;","lastModifiedDate":"2024-01-29"},{"lineNumber":19,"author":{"gitId":"wallywallywally"},"content":"        System.out.println(\"Yay, task done!\");","lastModifiedDate":"2024-01-29"},{"lineNumber":20,"author":{"gitId":"wallywallywally"},"content":"        System.out.println(\"[\" + getStatusIcon() + \"] \" + description);","lastModifiedDate":"2024-01-29"},{"lineNumber":21,"author":{"gitId":"wallywallywally"},"content":"    }","lastModifiedDate":"2024-01-29"},{"lineNumber":22,"author":{"gitId":"wallywallywally"},"content":"","lastModifiedDate":"2024-01-29"},{"lineNumber":23,"author":{"gitId":"wallywallywally"},"content":"    public void unmarkDone() {","lastModifiedDate":"2024-01-29"},{"lineNumber":24,"author":{"gitId":"wallywallywally"},"content":"        isDone \u003d false;","lastModifiedDate":"2024-01-29"},{"lineNumber":25,"author":{"gitId":"wallywallywally"},"content":"        System.out.println(\"Oh no, task not done...\");","lastModifiedDate":"2024-01-29"},{"lineNumber":26,"author":{"gitId":"wallywallywally"},"content":"        System.out.println(\"[\" + getStatusIcon() + \"] \" + description);","lastModifiedDate":"2024-01-29"},{"lineNumber":27,"author":{"gitId":"wallywallywally"},"content":"    }","lastModifiedDate":"2024-01-29"},{"lineNumber":28,"author":{"gitId":"wallywallywally"},"content":"}","lastModifiedDate":"2024-01-29"}],"authorContributionMap":{"wallywallywally":28}}]
