[{"path":"src/main/java/RecrBad.java","fileType":"java","lines":[{"lineNumber":1,"author":{"gitId":"NGXZS"},"content":"import java.util.Arrays;","lastModifiedDate":"2024-02-05"},{"lineNumber":2,"author":{"gitId":"NGXZS"},"content":"import java.util.Random;","lastModifiedDate":"2024-01-23"},{"lineNumber":3,"author":{"gitId":"NGXZS"},"content":"import java.util.Scanner;","lastModifiedDate":"2024-02-03"},{"lineNumber":4,"author":{"gitId":"NGXZS"},"content":"","lastModifiedDate":"2024-01-23"},{"lineNumber":5,"author":{"gitId":"NGXZS"},"content":"public class RecrBad {","lastModifiedDate":"2024-01-23"},{"lineNumber":6,"author":{"gitId":"NGXZS"},"content":"    /**","lastModifiedDate":"2024-02-05"},{"lineNumber":7,"author":{"gitId":"NGXZS"},"content":"     * Prints \"*\" as line-separator","lastModifiedDate":"2024-02-05"},{"lineNumber":8,"author":{"gitId":"NGXZS"},"content":"     */","lastModifiedDate":"2024-02-05"},{"lineNumber":9,"author":{"gitId":"NGXZS"},"content":"    private static void printLine() {","lastModifiedDate":"2024-01-23"},{"lineNumber":10,"author":{"gitId":"NGXZS"},"content":"        final int CHARS_IN_LINE \u003d 40;","lastModifiedDate":"2024-02-05"},{"lineNumber":11,"author":{"gitId":"NGXZS"},"content":"        for (int i \u003d 0; i \u003c CHARS_IN_LINE; i++) {","lastModifiedDate":"2024-02-05"},{"lineNumber":12,"author":{"gitId":"NGXZS"},"content":"            System.out.print(\"*\");","lastModifiedDate":"2024-01-23"},{"lineNumber":13,"author":{"gitId":"NGXZS"},"content":"        }","lastModifiedDate":"2024-01-23"},{"lineNumber":14,"author":{"gitId":"NGXZS"},"content":"        System.out.println();","lastModifiedDate":"2024-01-23"},{"lineNumber":15,"author":{"gitId":"NGXZS"},"content":"    }","lastModifiedDate":"2024-01-23"},{"lineNumber":16,"author":{"gitId":"NGXZS"},"content":"","lastModifiedDate":"2024-01-23"},{"lineNumber":17,"author":{"gitId":"NGXZS"},"content":"    /**","lastModifiedDate":"2024-02-05"},{"lineNumber":18,"author":{"gitId":"NGXZS"},"content":"     * Prints introductory message","lastModifiedDate":"2024-02-05"},{"lineNumber":19,"author":{"gitId":"NGXZS"},"content":"     */","lastModifiedDate":"2024-02-05"},{"lineNumber":20,"author":{"gitId":"NGXZS"},"content":"    private static void sayHi() {","lastModifiedDate":"2024-02-05"},{"lineNumber":21,"author":{"gitId":"NGXZS"},"content":"        String logo \u003d \" ____   ___    ___   ____    ___   \\n\"","lastModifiedDate":"2024-02-05"},{"lineNumber":22,"author":{"gitId":"NGXZS"},"content":"                + \"| __/  / _ \\\\  | _ \\\\  | __|  / _ \\\\   \\n\"","lastModifiedDate":"2024-02-05"},{"lineNumber":23,"author":{"gitId":"NGXZS"},"content":"                + \"| |    ||_||  | / /  | |_   | | |      \\n\"","lastModifiedDate":"2024-02-05"},{"lineNumber":24,"author":{"gitId":"NGXZS"},"content":"                + \"| |_   | _ |  | _/   |_  /  | | |      \\n\"","lastModifiedDate":"2024-02-05"},{"lineNumber":25,"author":{"gitId":"NGXZS"},"content":"                + \"|___\\\\  // \\\\\\\\  |_|    /__/ . \\\\___/  \\n\";","lastModifiedDate":"2024-02-05"},{"lineNumber":26,"author":{"gitId":"NGXZS"},"content":"","lastModifiedDate":"2024-02-05"},{"lineNumber":27,"author":{"gitId":"NGXZS"},"content":"        System.out.println(\"Hello! I\u0027m \\n\" + logo);","lastModifiedDate":"2024-02-05"},{"lineNumber":28,"author":{"gitId":"NGXZS"},"content":"        printLine();","lastModifiedDate":"2024-02-05"},{"lineNumber":29,"author":{"gitId":"NGXZS"},"content":"        System.out.println(\"What can I do for you?\");","lastModifiedDate":"2024-02-05"},{"lineNumber":30,"author":{"gitId":"NGXZS"},"content":"    }","lastModifiedDate":"2024-02-05"},{"lineNumber":31,"author":{"gitId":"NGXZS"},"content":"","lastModifiedDate":"2024-02-05"},{"lineNumber":32,"author":{"gitId":"NGXZS"},"content":"    /**","lastModifiedDate":"2024-02-05"},{"lineNumber":33,"author":{"gitId":"NGXZS"},"content":"     * Prints ending message","lastModifiedDate":"2024-02-05"},{"lineNumber":34,"author":{"gitId":"NGXZS"},"content":"     */","lastModifiedDate":"2024-02-05"},{"lineNumber":35,"author":{"gitId":"NGXZS"},"content":"    private static void sayBye() {","lastModifiedDate":"2024-02-03"},{"lineNumber":36,"author":{"gitId":"NGXZS"},"content":"        // generating random quote","lastModifiedDate":"2024-01-23"},{"lineNumber":37,"author":{"gitId":"NGXZS"},"content":"        Random rand \u003d new Random(); // create instance of class Random","lastModifiedDate":"2024-01-23"},{"lineNumber":38,"author":{"gitId":"NGXZS"},"content":"        // quotes inspired by https://wisdomquotes.com/short-quotes/, https://wisdomquotes.com/positive-quotes/","lastModifiedDate":"2024-01-23"},{"lineNumber":39,"author":{"gitId":"NGXZS"},"content":"        String[] quotes \u003d {","lastModifiedDate":"2024-01-23"},{"lineNumber":40,"author":{"gitId":"NGXZS"},"content":"                \"2230 | Time Block\",","lastModifiedDate":"2024-01-23"},{"lineNumber":41,"author":{"gitId":"NGXZS"},"content":"                \"The best investment is in yourself\",","lastModifiedDate":"2024-01-23"},{"lineNumber":42,"author":{"gitId":"NGXZS"},"content":"                \"Never regret anything that made you smile ~Mark Twain\",","lastModifiedDate":"2024-01-23"},{"lineNumber":43,"author":{"gitId":"NGXZS"},"content":"                \"You are the main character in your life\",","lastModifiedDate":"2024-01-23"},{"lineNumber":44,"author":{"gitId":"NGXZS"},"content":"                \"Life is like riding a bicycle. To keep your balance, you must keep moving ~Albert Einstein\",","lastModifiedDate":"2024-01-23"},{"lineNumber":45,"author":{"gitId":"NGXZS"},"content":"                \"Stay hungry, Stay Foolish ~Steve Jobs\",","lastModifiedDate":"2024-01-23"},{"lineNumber":46,"author":{"gitId":"NGXZS"},"content":"                \"You only live once, but if you do it right, once is enough ~Mae West\",","lastModifiedDate":"2024-01-23"},{"lineNumber":47,"author":{"gitId":"NGXZS"},"content":"                \"Choose one thing and be the best in it\",","lastModifiedDate":"2024-01-23"},{"lineNumber":48,"author":{"gitId":"NGXZS"},"content":"                \"Don\u0027t tell people your plans. Show them your results\",","lastModifiedDate":"2024-01-23"},{"lineNumber":49,"author":{"gitId":"NGXZS"},"content":"                \"Good things happen to those who hustle ~Anais Nin\",","lastModifiedDate":"2024-01-23"},{"lineNumber":50,"author":{"gitId":"NGXZS"},"content":"                \"If you want it, work for it\",","lastModifiedDate":"2024-01-23"},{"lineNumber":51,"author":{"gitId":"NGXZS"},"content":"                \"If it matters to you, you\u0027ll find a way ~Charlie Gilkey\",","lastModifiedDate":"2024-01-23"},{"lineNumber":52,"author":{"gitId":"NGXZS"},"content":"                \"If you\u0027re going through hell, keep going ~Winston Churchill\",","lastModifiedDate":"2024-01-23"},{"lineNumber":53,"author":{"gitId":"NGXZS"},"content":"                \"Small steps motivate. Big steps overwhelm ~Maxime Lagace\",","lastModifiedDate":"2024-01-23"},{"lineNumber":54,"author":{"gitId":"NGXZS"},"content":"                \"The difference btwn a good and bad day is your ATTITUDE! ~a magnet\",","lastModifiedDate":"2024-01-23"},{"lineNumber":55,"author":{"gitId":"NGXZS"},"content":"                \"The less you respond to negative people, the more positive your life will become ~Paulo Coelho\",","lastModifiedDate":"2024-02-03"},{"lineNumber":56,"author":{"gitId":"NGXZS"},"content":"                \"Always know your goals in life\",","lastModifiedDate":"2024-02-03"},{"lineNumber":57,"author":{"gitId":"NGXZS"},"content":"                \"Often, the problem is not the lack of time but lack of direction\"","lastModifiedDate":"2024-02-03"},{"lineNumber":58,"author":{"gitId":"NGXZS"},"content":"        };","lastModifiedDate":"2024-01-23"},{"lineNumber":59,"author":{"gitId":"NGXZS"},"content":"        int upperbound \u003d quotes.length;","lastModifiedDate":"2024-01-23"},{"lineNumber":60,"author":{"gitId":"NGXZS"},"content":"        int randNum \u003d rand.nextInt(upperbound);","lastModifiedDate":"2024-01-23"},{"lineNumber":61,"author":{"gitId":"NGXZS"},"content":"","lastModifiedDate":"2024-01-23"},{"lineNumber":62,"author":{"gitId":"NGXZS"},"content":"        System.out.println(\"Adios My Friend. Sleep early, study smarter \\n\" + quotes[randNum]);","lastModifiedDate":"2024-01-23"},{"lineNumber":63,"author":{"gitId":"NGXZS"},"content":"        printLine();","lastModifiedDate":"2024-02-05"},{"lineNumber":64,"author":{"gitId":"NGXZS"},"content":"    }","lastModifiedDate":"2024-01-23"},{"lineNumber":65,"author":{"gitId":"NGXZS"},"content":"","lastModifiedDate":"2024-02-03"},{"lineNumber":66,"author":{"gitId":"NGXZS"},"content":"    /**","lastModifiedDate":"2024-02-05"},{"lineNumber":67,"author":{"gitId":"NGXZS"},"content":"     * Adds new Task to Tasks array","lastModifiedDate":"2024-02-05"},{"lineNumber":68,"author":{"gitId":"NGXZS"},"content":"     *","lastModifiedDate":"2024-02-05"},{"lineNumber":69,"author":{"gitId":"NGXZS"},"content":"     * @param tasks existing Tasks array","lastModifiedDate":"2024-02-05"},{"lineNumber":70,"author":{"gitId":"NGXZS"},"content":"     * @param line string input from user","lastModifiedDate":"2024-02-05"},{"lineNumber":71,"author":{"gitId":"NGXZS"},"content":"     * @return moreTasks array with added Task","lastModifiedDate":"2024-02-05"},{"lineNumber":72,"author":{"gitId":"NGXZS"},"content":"     */","lastModifiedDate":"2024-02-05"},{"lineNumber":73,"author":{"gitId":"NGXZS"},"content":"    private static Task[] addToList(Task[] tasks, String line) {","lastModifiedDate":"2024-02-05"},{"lineNumber":74,"author":{"gitId":"NGXZS"},"content":"        // copies and returns longer String[tasks.length+1]","lastModifiedDate":"2024-02-05"},{"lineNumber":75,"author":{"gitId":"NGXZS"},"content":"        Task[] moreTasks \u003d Arrays.copyOf(tasks, tasks.length + 1);","lastModifiedDate":"2024-02-05"},{"lineNumber":76,"author":{"gitId":"NGXZS"},"content":"        moreTasks[tasks.length] \u003d new Task(line); //append at last elem","lastModifiedDate":"2024-02-05"},{"lineNumber":77,"author":{"gitId":"NGXZS"},"content":"","lastModifiedDate":"2024-02-03"},{"lineNumber":78,"author":{"gitId":"NGXZS"},"content":"        printLine();","lastModifiedDate":"2024-02-03"},{"lineNumber":79,"author":{"gitId":"NGXZS"},"content":"        System.out.println(\"You added: \" + line);","lastModifiedDate":"2024-02-05"},{"lineNumber":80,"author":{"gitId":"NGXZS"},"content":"        return moreTasks;","lastModifiedDate":"2024-02-05"},{"lineNumber":81,"author":{"gitId":"NGXZS"},"content":"    }","lastModifiedDate":"2024-02-05"},{"lineNumber":82,"author":{"gitId":"NGXZS"},"content":"","lastModifiedDate":"2024-02-05"},{"lineNumber":83,"author":{"gitId":"NGXZS"},"content":"    /**","lastModifiedDate":"2024-02-05"},{"lineNumber":84,"author":{"gitId":"NGXZS"},"content":"     * Prints each Task in Task array","lastModifiedDate":"2024-02-05"},{"lineNumber":85,"author":{"gitId":"NGXZS"},"content":"     *","lastModifiedDate":"2024-02-05"},{"lineNumber":86,"author":{"gitId":"NGXZS"},"content":"     * @param tasks Existing Task array","lastModifiedDate":"2024-02-05"},{"lineNumber":87,"author":{"gitId":"NGXZS"},"content":"     */","lastModifiedDate":"2024-02-05"},{"lineNumber":88,"author":{"gitId":"NGXZS"},"content":"    private static void displayList(Task[] tasks) {","lastModifiedDate":"2024-02-05"},{"lineNumber":89,"author":{"gitId":"NGXZS"},"content":"        int count \u003d 1;","lastModifiedDate":"2024-02-05"},{"lineNumber":90,"author":{"gitId":"NGXZS"},"content":"        for (Task line : tasks) {","lastModifiedDate":"2024-02-05"},{"lineNumber":91,"author":{"gitId":"NGXZS"},"content":"            System.out.println(count + \".[\" + line.getStatus() + \"] \" + line.description);","lastModifiedDate":"2024-02-05"},{"lineNumber":92,"author":{"gitId":"NGXZS"},"content":"            count +\u003d 1;","lastModifiedDate":"2024-02-05"},{"lineNumber":93,"author":{"gitId":"NGXZS"},"content":"        }","lastModifiedDate":"2024-02-05"},{"lineNumber":94,"author":{"gitId":"NGXZS"},"content":"    }","lastModifiedDate":"2024-02-05"},{"lineNumber":95,"author":{"gitId":"NGXZS"},"content":"","lastModifiedDate":"2024-02-05"},{"lineNumber":96,"author":{"gitId":"NGXZS"},"content":"    /**","lastModifiedDate":"2024-02-05"},{"lineNumber":97,"author":{"gitId":"NGXZS"},"content":"     * Prints a specific task in Tasks array","lastModifiedDate":"2024-02-05"},{"lineNumber":98,"author":{"gitId":"NGXZS"},"content":"     *","lastModifiedDate":"2024-02-05"},{"lineNumber":99,"author":{"gitId":"NGXZS"},"content":"     * @param tasks existing Task array","lastModifiedDate":"2024-02-05"},{"lineNumber":100,"author":{"gitId":"NGXZS"},"content":"     * @param index index of specific task","lastModifiedDate":"2024-02-05"},{"lineNumber":101,"author":{"gitId":"NGXZS"},"content":"     */","lastModifiedDate":"2024-02-05"},{"lineNumber":102,"author":{"gitId":"NGXZS"},"content":"    private static void displayListItem(Task[] tasks, int index) {","lastModifiedDate":"2024-02-05"},{"lineNumber":103,"author":{"gitId":"NGXZS"},"content":"        System.out.println(\"[\" + tasks[index].getStatus() + \"] \" + tasks[index].description);","lastModifiedDate":"2024-02-05"},{"lineNumber":104,"author":{"gitId":"NGXZS"},"content":"    }","lastModifiedDate":"2024-02-05"},{"lineNumber":105,"author":{"gitId":"NGXZS"},"content":"","lastModifiedDate":"2024-02-05"},{"lineNumber":106,"author":{"gitId":"NGXZS"},"content":"    /**","lastModifiedDate":"2024-02-05"},{"lineNumber":107,"author":{"gitId":"NGXZS"},"content":"     * Marks Task as done or not done","lastModifiedDate":"2024-02-05"},{"lineNumber":108,"author":{"gitId":"NGXZS"},"content":"     *","lastModifiedDate":"2024-02-05"},{"lineNumber":109,"author":{"gitId":"NGXZS"},"content":"     * @param tasks existing Tasks array","lastModifiedDate":"2024-02-05"},{"lineNumber":110,"author":{"gitId":"NGXZS"},"content":"     * @param line  String input from user","lastModifiedDate":"2024-02-05"},{"lineNumber":111,"author":{"gitId":"NGXZS"},"content":"     * @param isMark type of operation: mark or unmark","lastModifiedDate":"2024-02-05"},{"lineNumber":112,"author":{"gitId":"NGXZS"},"content":"     */","lastModifiedDate":"2024-02-05"},{"lineNumber":113,"author":{"gitId":"NGXZS"},"content":"    private static void markOperation(Task[] tasks, String line, boolean isMark) {","lastModifiedDate":"2024-02-05"},{"lineNumber":114,"author":{"gitId":"NGXZS"},"content":"        String[] req \u003d line.split(\" \");","lastModifiedDate":"2024-02-05"},{"lineNumber":115,"author":{"gitId":"NGXZS"},"content":"        if (req.length \u003e 1) {","lastModifiedDate":"2024-02-05"},{"lineNumber":116,"author":{"gitId":"NGXZS"},"content":"            int taskNum \u003d Integer.parseInt(req[1]);","lastModifiedDate":"2024-02-05"},{"lineNumber":117,"author":{"gitId":"NGXZS"},"content":"            if (tasks.length \u003e taskNum - 1) {","lastModifiedDate":"2024-02-05"},{"lineNumber":118,"author":{"gitId":"NGXZS"},"content":"                // mark #taskNum as done","lastModifiedDate":"2024-02-05"},{"lineNumber":119,"author":{"gitId":"NGXZS"},"content":"                if (isMark) {","lastModifiedDate":"2024-02-05"},{"lineNumber":120,"author":{"gitId":"NGXZS"},"content":"                    tasks[taskNum - 1].markAsDone();","lastModifiedDate":"2024-02-05"},{"lineNumber":121,"author":{"gitId":"NGXZS"},"content":"                    System.out.println(\"Okie dokie, marked task below:\");","lastModifiedDate":"2024-02-05"},{"lineNumber":122,"author":{"gitId":"NGXZS"},"content":"                } else {","lastModifiedDate":"2024-02-05"},{"lineNumber":123,"author":{"gitId":"NGXZS"},"content":"                    tasks[taskNum - 1].markAsNotDone();","lastModifiedDate":"2024-02-05"},{"lineNumber":124,"author":{"gitId":"NGXZS"},"content":"                    System.out.println(\"Okie dokie, unmarked task below:\");","lastModifiedDate":"2024-02-05"},{"lineNumber":125,"author":{"gitId":"NGXZS"},"content":"                }","lastModifiedDate":"2024-02-05"},{"lineNumber":126,"author":{"gitId":"NGXZS"},"content":"                displayListItem(tasks, taskNum - 1);","lastModifiedDate":"2024-02-05"},{"lineNumber":127,"author":{"gitId":"NGXZS"},"content":"            } else {","lastModifiedDate":"2024-02-05"},{"lineNumber":128,"author":{"gitId":"NGXZS"},"content":"                System.out.println(\"No such taskNum\");","lastModifiedDate":"2024-02-05"},{"lineNumber":129,"author":{"gitId":"NGXZS"},"content":"            }","lastModifiedDate":"2024-02-05"},{"lineNumber":130,"author":{"gitId":"NGXZS"},"content":"        } else {","lastModifiedDate":"2024-02-05"},{"lineNumber":131,"author":{"gitId":"NGXZS"},"content":"            System.out.println(\"invalid mark/ unmark operation\");","lastModifiedDate":"2024-02-05"},{"lineNumber":132,"author":{"gitId":"NGXZS"},"content":"        }","lastModifiedDate":"2024-02-05"},{"lineNumber":133,"author":{"gitId":"NGXZS"},"content":"    }","lastModifiedDate":"2024-02-05"},{"lineNumber":134,"author":{"gitId":"NGXZS"},"content":"","lastModifiedDate":"2024-02-05"},{"lineNumber":135,"author":{"gitId":"NGXZS"},"content":"    /**","lastModifiedDate":"2024-02-05"},{"lineNumber":136,"author":{"gitId":"NGXZS"},"content":"     * Asks user for input to addToList or displayList or markOperation","lastModifiedDate":"2024-02-05"},{"lineNumber":137,"author":{"gitId":"NGXZS"},"content":"     */","lastModifiedDate":"2024-02-05"},{"lineNumber":138,"author":{"gitId":"NGXZS"},"content":"    public static void main(String[] args) {","lastModifiedDate":"2024-02-05"},{"lineNumber":139,"author":{"gitId":"NGXZS"},"content":"        Scanner in \u003d new Scanner(System.in);","lastModifiedDate":"2024-02-05"},{"lineNumber":140,"author":{"gitId":"NGXZS"},"content":"        sayHi();","lastModifiedDate":"2024-02-05"},{"lineNumber":141,"author":{"gitId":"NGXZS"},"content":"        Task[] tasks \u003d new Task[]{};","lastModifiedDate":"2024-02-05"},{"lineNumber":142,"author":{"gitId":"NGXZS"},"content":"","lastModifiedDate":"2024-02-03"},{"lineNumber":143,"author":{"gitId":"NGXZS"},"content":"        while (true) {","lastModifiedDate":"2024-02-03"},{"lineNumber":144,"author":{"gitId":"NGXZS"},"content":"            printLine();","lastModifiedDate":"2024-02-03"},{"lineNumber":145,"author":{"gitId":"NGXZS"},"content":"            String line \u003d in.nextLine(); // reads input","lastModifiedDate":"2024-02-03"},{"lineNumber":146,"author":{"gitId":"NGXZS"},"content":"","lastModifiedDate":"2024-02-05"},{"lineNumber":147,"author":{"gitId":"NGXZS"},"content":"            if (line.equalsIgnoreCase(\"BYE\")) {","lastModifiedDate":"2024-02-05"},{"lineNumber":148,"author":{"gitId":"NGXZS"},"content":"                sayBye(); // Ctrl B to see def, shift F10 to run, Ctrl Alt L reformat","lastModifiedDate":"2024-02-05"},{"lineNumber":149,"author":{"gitId":"NGXZS"},"content":"                break;","lastModifiedDate":"2024-02-03"},{"lineNumber":150,"author":{"gitId":"NGXZS"},"content":"            }","lastModifiedDate":"2024-02-03"},{"lineNumber":151,"author":{"gitId":"NGXZS"},"content":"            if (line.equalsIgnoreCase(\"LIST\")) {","lastModifiedDate":"2024-02-05"},{"lineNumber":152,"author":{"gitId":"NGXZS"},"content":"                displayList(tasks);","lastModifiedDate":"2024-02-05"},{"lineNumber":153,"author":{"gitId":"NGXZS"},"content":"                continue;","lastModifiedDate":"2024-02-05"},{"lineNumber":154,"author":{"gitId":"NGXZS"},"content":"            }","lastModifiedDate":"2024-02-05"},{"lineNumber":155,"author":{"gitId":"NGXZS"},"content":"            if (line.toUpperCase().contains(\"MARK\")) { // both unmark \u0026 mark contains \u0027mark\u0027","lastModifiedDate":"2024-02-05"},{"lineNumber":156,"author":{"gitId":"NGXZS"},"content":"                boolean isMark \u003d !line.toUpperCase().contains(\"UNMARK\");","lastModifiedDate":"2024-02-05"},{"lineNumber":157,"author":{"gitId":"NGXZS"},"content":"                markOperation(tasks, line, isMark);","lastModifiedDate":"2024-02-05"},{"lineNumber":158,"author":{"gitId":"NGXZS"},"content":"                continue;","lastModifiedDate":"2024-02-05"},{"lineNumber":159,"author":{"gitId":"NGXZS"},"content":"            }","lastModifiedDate":"2024-02-05"},{"lineNumber":160,"author":{"gitId":"NGXZS"},"content":"","lastModifiedDate":"2024-02-05"},{"lineNumber":161,"author":{"gitId":"NGXZS"},"content":"            tasks \u003d addToList(tasks, line);","lastModifiedDate":"2024-02-05"},{"lineNumber":162,"author":{"gitId":"NGXZS"},"content":"        }","lastModifiedDate":"2024-02-03"},{"lineNumber":163,"author":{"gitId":"NGXZS"},"content":"    }","lastModifiedDate":"2024-02-03"},{"lineNumber":164,"author":{"gitId":"NGXZS"},"content":"}","lastModifiedDate":"2024-01-23"}],"authorContributionMap":{"NGXZS":164}},{"path":"src/main/java/Task.java","fileType":"java","lines":[{"lineNumber":1,"author":{"gitId":"NGXZS"},"content":"public class Task {","lastModifiedDate":"2024-02-05"},{"lineNumber":2,"author":{"gitId":"NGXZS"},"content":"    protected String description;","lastModifiedDate":"2024-02-05"},{"lineNumber":3,"author":{"gitId":"NGXZS"},"content":"    protected boolean isDone;","lastModifiedDate":"2024-02-05"},{"lineNumber":4,"author":{"gitId":"NGXZS"},"content":"","lastModifiedDate":"2024-02-05"},{"lineNumber":5,"author":{"gitId":"NGXZS"},"content":"    public Task(String description){","lastModifiedDate":"2024-02-05"},{"lineNumber":6,"author":{"gitId":"NGXZS"},"content":"        this.description \u003d description;","lastModifiedDate":"2024-02-05"},{"lineNumber":7,"author":{"gitId":"NGXZS"},"content":"        this.isDone \u003d false;","lastModifiedDate":"2024-02-05"},{"lineNumber":8,"author":{"gitId":"NGXZS"},"content":"    }","lastModifiedDate":"2024-02-05"},{"lineNumber":9,"author":{"gitId":"NGXZS"},"content":"    public String getStatus(){","lastModifiedDate":"2024-02-05"},{"lineNumber":10,"author":{"gitId":"NGXZS"},"content":"        return (isDone ? \"X\" : \" \"); // mark done task w X","lastModifiedDate":"2024-02-05"},{"lineNumber":11,"author":{"gitId":"NGXZS"},"content":"    }","lastModifiedDate":"2024-02-05"},{"lineNumber":12,"author":{"gitId":"NGXZS"},"content":"    public void markAsDone(){","lastModifiedDate":"2024-02-05"},{"lineNumber":13,"author":{"gitId":"NGXZS"},"content":"        isDone \u003d true;","lastModifiedDate":"2024-02-05"},{"lineNumber":14,"author":{"gitId":"NGXZS"},"content":"    }","lastModifiedDate":"2024-02-05"},{"lineNumber":15,"author":{"gitId":"NGXZS"},"content":"    public void markAsNotDone(){","lastModifiedDate":"2024-02-05"},{"lineNumber":16,"author":{"gitId":"NGXZS"},"content":"        isDone \u003d false;","lastModifiedDate":"2024-02-05"},{"lineNumber":17,"author":{"gitId":"NGXZS"},"content":"    }","lastModifiedDate":"2024-02-05"},{"lineNumber":18,"author":{"gitId":"NGXZS"},"content":"","lastModifiedDate":"2024-02-05"},{"lineNumber":19,"author":{"gitId":"NGXZS"},"content":"}","lastModifiedDate":"2024-02-05"}],"authorContributionMap":{"NGXZS":19}}]
