{"authorDailyContributionsMap":{"webtjs":[{"date":"2024-01-26","commitResults":[{"hash":"489248ace42fc793d2d0407f86bc4458f326cbbf","isMergeCommit":false,"messageTitle":"Rename chatbot and refactor files","messageBody":"","fileTypesAndContributionMap":{"java":{"insertions":1,"deletions":1},"bat":{"insertions":1,"deletions":1},"md":{"insertions":2,"deletions":2}}},{"hash":"aba962582086c6336ab37f215c2064cfb62c34b3","isMergeCommit":false,"messageTitle":"Helpy.java: Add greeting and exit","messageBody":"","tags":["Level-0"],"fileTypesAndContributionMap":{"java":{"insertions":16,"deletions":6}}}]},{"date":"2024-02-01","commitResults":[{"hash":"5bdc4d9afa312ceb4efe01a70cff3660b19e5c7a","isMergeCommit":false,"messageTitle":"Add echo command feature, update greeting and exit message","messageBody":"","tags":["Level-1"],"fileTypesAndContributionMap":{"java":{"insertions":22,"deletions":4}}},{"hash":"520768a8f8cd1280a64e8a70825030c8f510702c","isMergeCommit":false,"messageTitle":"Add Task class, add task storage and retrieval","messageBody":"","tags":["Level-2"],"fileTypesAndContributionMap":{"java":{"insertions":49,"deletions":5}}},{"hash":"6e997810ce1b35bc86139ef758e8b3c90dc19d2c","isMergeCommit":false,"messageTitle":"Add mark and unmark task feature","messageBody":"Add new member isDone to Task class to keep track of task completion.\n\nAdd two new methods markTask and unmarkTask to update the status of the\ntask.\n","tags":["Level-3"],"fileTypesAndContributionMap":{"java":{"insertions":74,"deletions":1}}},{"hash":"3b74c8404d6914b6c63433c95045d102da9864a1","isMergeCommit":false,"messageTitle":"Helpy.java: Modify to comply with the given coding standard","messageBody":"","tags":["A-CodingStandard"],"fileTypesAndContributionMap":{"java":{"insertions":4,"deletions":2}}}]},{"date":"2024-02-07","commitResults":[{"hash":"75e32388a8311424a12c8719777086e696c2918c","isMergeCommit":false,"messageTitle":"Helpy.java: Add constant and refactor code","messageBody":"","fileTypesAndContributionMap":{"java":{"insertions":16,"deletions":21}}}]},{"date":"2024-02-08","commitResults":[{"hash":"29bb758f3d62d30afa679afbfdbb3c581a7e99bb","isMergeCommit":false,"messageTitle":"Add Todo, Deadline, and Event classes, Helpy.java: Refactor code","messageBody":"Add new method addMessage in Helpy.java to be used whenever a new todo,\ndeadline, or event is added.\n","tags":["Level-4","A-CodeQuality"],"fileTypesAndContributionMap":{"java":{"insertions":95,"deletions":15}}},{"hash":"aeef4c507d95d0a789c722a80abbe23d42bcbf33","isMergeCommit":false,"messageTitle":"Implement Automated Text UI Testing","messageBody":"","tags":["A-TextUiTesting"],"fileTypesAndContributionMap":{"txt":{"insertions":9,"deletions":0}}}]},{"date":"2024-02-14","commitResults":[{"hash":"91986e8293440eb95e2a9f1d36355c03c3281dde","isMergeCommit":false,"messageTitle":"Helpy.java: Add error message for invalid command","messageBody":"","fileTypesAndContributionMap":{"java":{"insertions":5,"deletions":2}}},{"hash":"0d2bc63bd3f6618004b301ea890b607ebf480494","isMergeCommit":false,"messageTitle":"Helpy.java: Add error handling for mark and unmark commands","messageBody":"","fileTypesAndContributionMap":{"java":{"insertions":31,"deletions":20}}},{"hash":"0e425923e7fc77af15a7fd2c4ec471500f0301aa","isMergeCommit":false,"messageTitle":"Helpy.java: Refactor code, combine mark and unmark task together","messageBody":"","fileTypesAndContributionMap":{"java":{"insertions":19,"deletions":33}}}]},{"date":"2024-02-15","commitResults":[{"hash":"bdadb46a8e71239b566b6b3bb0036d4ff0f89ba7","isMergeCommit":false,"messageTitle":"Add error handling when creating todo, deadline and event objects","messageBody":"Define new exception IllegalDescriptionException to catch empty\ntodo description\n","tags":["A-Exceptions"],"fileTypesAndContributionMap":{"java":{"insertions":37,"deletions":8}}},{"hash":"aa003b0a3fc3a7887a44bc5d32896dd9f9415767","isMergeCommit":false,"messageTitle":"Helpy.java: Refactor code by replacing repeated code with a method","messageBody":"","fileTypesAndContributionMap":{"java":{"insertions":11,"deletions":30}}},{"hash":"31c611ef7c1f5ef0161798334f36661aeba7aab9","isMergeCommit":true,"messageTitle":"Merge branch \u0027branch-Level-5\u0027","messageBody":"","tags":["Level-5"],"fileTypesAndContributionMap":{}}]}]},"authorFileTypeContributionMap":{"webtjs":{"java":239,"md":2,"fxml":0,"sh":0,"bat":1,"gradle":0,"txt":9}},"authorContributionVariance":{"webtjs":1832.7384},"authorDisplayNameMap":{"webtjs":"CS2113-F14-2 WEBS..HENG"}}
