{"authorDailyContributionsMap":{"Leong-ZM":[{"date":"2024-01-27","commitResults":[{"hash":"dbd93dc8fd7cadbf24a7f2997548de053ef33a1a","isMergeCommit":false,"messageTitle":"Add Rename, Greet, Exit","messageBody":"","tags":["Level-0"],"fileTypesAndContributionMap":{"java":{"insertions":10,"deletions":1}}}]},{"date":"2024-01-31","commitResults":[{"hash":"49f7b75b07a001c1a299e389adba383728e2a4db","isMergeCommit":false,"messageTitle":"Add Echo","messageBody":"","tags":["Level-1"],"fileTypesAndContributionMap":{"java":{"insertions":19,"deletions":4}}},{"hash":"c8513c81d7d653f3850a4a23404777bd92a30409","isMergeCommit":false,"messageTitle":"Add Add, List","messageBody":"","tags":["Level-2"],"fileTypesAndContributionMap":{"java":{"insertions":19,"deletions":12}}},{"hash":"15fc63f9360c6b19f9d770308955305908e29836","isMergeCommit":false,"messageTitle":"Add Mark as Done","messageBody":"","tags":["Level-3"],"fileTypesAndContributionMap":{"java":{"insertions":47,"deletions":6}}}]},{"date":"2024-02-04","commitResults":[{"hash":"9ede8325c4e462414c80f4321dda14fea407e347","isMergeCommit":false,"messageTitle":"Add ToDos, Events, Deadlines","messageBody":"","tags":["Level-4"],"fileTypesAndContributionMap":{"java":{"insertions":130,"deletions":28}}}]},{"date":"2024-02-06","commitResults":[{"hash":"7b5a8a7f29c90b54b51e952acfc259920ece29c5","isMergeCommit":false,"messageTitle":"Add TextUiTesting","messageBody":"","tags":["A-TextUiTesting"],"fileTypesAndContributionMap":{"txt":{"insertions":9,"deletions":0},"java":{"insertions":2,"deletions":1}}},{"hash":"5234a2d687e8f80b45d3852010eb2057f37d783f","isMergeCommit":false,"messageTitle":"Improve code quality","messageBody":"","tags":["A-CodeQuality"],"fileTypesAndContributionMap":{"java":{"insertions":39,"deletions":43}}}]},{"date":"2024-02-13","commitResults":[{"hash":"5cd7b8b815995847ca05b7977721bf5045e6d82e","isMergeCommit":false,"messageTitle":"Clean up code","messageBody":"","fileTypesAndContributionMap":{"java":{"insertions":20,"deletions":26}}}]},{"date":"2024-02-15","commitResults":[{"hash":"9112d0383d3bb61a18f48b94b22b3c42513d917c","isMergeCommit":false,"messageTitle":"Add error handling","messageBody":"","fileTypesAndContributionMap":{"txt":{"insertions":1,"deletions":1},"java":{"insertions":165,"deletions":95}}},{"hash":"ca20295768e76f4221de6cafc506a68015787d0a","isMergeCommit":false,"messageTitle":"Clean up code, add chatbot personality, improve error handling","messageBody":"","fileTypesAndContributionMap":{"java":{"insertions":40,"deletions":28},"bat":{"insertions":1,"deletions":1}}},{"hash":"6cbe194a5915c61c26fbf4d317fe4c947156909f","isMergeCommit":true,"messageTitle":"Merge branch \u0027branch-Level-5\u0027","messageBody":"","tags":["Level-5"],"fileTypesAndContributionMap":{}}]}]},"authorFileTypeContributionMap":{"Leong-ZM":{"java":256,"md":0,"fxml":0,"sh":0,"bat":1,"gradle":0,"txt":9}},"authorContributionVariance":{"Leong-ZM":4918.8467},"authorDisplayNameMap":{"Leong-ZM":"CS2113-T13-2 LEON..MING"}}
