[{"path":"src/main/java/Ava.java","fileType":"java","lines":[{"lineNumber":1,"author":{"gitId":"runxinghuan"},"content":"import java.util.Scanner;","lastModifiedDate":"2024-01-31"},{"lineNumber":2,"author":{"gitId":"runxinghuan"},"content":"","lastModifiedDate":"2024-01-31"},{"lineNumber":3,"author":{"gitId":"runxinghuan"},"content":"public class Ava {","lastModifiedDate":"2024-01-23"},{"lineNumber":4,"author":{"gitId":"runxinghuan"},"content":"    public static void main(String[] args) {","lastModifiedDate":"2024-01-23"},{"lineNumber":5,"author":{"gitId":"runxinghuan"},"content":"        greet();","lastModifiedDate":"2024-01-31"},{"lineNumber":6,"author":{"gitId":"runxinghuan"},"content":"        addTask();","lastModifiedDate":"2024-02-01"},{"lineNumber":7,"author":{"gitId":"runxinghuan"},"content":"        exit();","lastModifiedDate":"2024-01-31"},{"lineNumber":8,"author":{"gitId":"runxinghuan"},"content":"    }","lastModifiedDate":"2024-01-31"},{"lineNumber":9,"author":{"gitId":"runxinghuan"},"content":"","lastModifiedDate":"2024-01-31"},{"lineNumber":10,"author":{"gitId":"runxinghuan"},"content":"    public static void addTask() {","lastModifiedDate":"2024-02-01"},{"lineNumber":11,"author":{"gitId":"runxinghuan"},"content":"        Task[] tasks \u003d new Task[100];","lastModifiedDate":"2024-02-01"},{"lineNumber":12,"author":{"gitId":"runxinghuan"},"content":"        Scanner in \u003d new Scanner(System.in);","lastModifiedDate":"2024-01-31"},{"lineNumber":13,"author":{"gitId":"runxinghuan"},"content":"        int taskCount \u003d 0;","lastModifiedDate":"2024-02-01"},{"lineNumber":14,"author":{"gitId":"runxinghuan"},"content":"        String task \u003d in.nextLine();","lastModifiedDate":"2024-02-01"},{"lineNumber":15,"author":{"gitId":"runxinghuan"},"content":"        tasks[taskCount] \u003d new Task(task);","lastModifiedDate":"2024-02-01"},{"lineNumber":16,"author":{"gitId":"runxinghuan"},"content":"        String description \u003d tasks[taskCount].getDescription();","lastModifiedDate":"2024-02-01"},{"lineNumber":17,"author":{"gitId":"runxinghuan"},"content":"        if (description.equals(\"bye\")) {","lastModifiedDate":"2024-02-01"},{"lineNumber":18,"author":{"gitId":"runxinghuan"},"content":"            return;","lastModifiedDate":"2024-01-31"},{"lineNumber":19,"author":{"gitId":"runxinghuan"},"content":"        }","lastModifiedDate":"2024-01-31"},{"lineNumber":20,"author":{"gitId":"runxinghuan"},"content":"        while (!description.equals(\"bye\")) {","lastModifiedDate":"2024-02-01"},{"lineNumber":21,"author":{"gitId":"runxinghuan"},"content":"            if (description.equals(\"list\")) {","lastModifiedDate":"2024-02-01"},{"lineNumber":22,"author":{"gitId":"runxinghuan"},"content":"                listTask(tasks, taskCount);","lastModifiedDate":"2024-02-01"},{"lineNumber":23,"author":{"gitId":"runxinghuan"},"content":"            } else if (description.contains(\"mark\")) {","lastModifiedDate":"2024-02-01"},{"lineNumber":24,"author":{"gitId":"runxinghuan"},"content":"                markTask(tasks, description);","lastModifiedDate":"2024-02-01"},{"lineNumber":25,"author":{"gitId":"runxinghuan"},"content":"            } else {","lastModifiedDate":"2024-02-01"},{"lineNumber":26,"author":{"gitId":"runxinghuan"},"content":"                printLine();","lastModifiedDate":"2024-02-01"},{"lineNumber":27,"author":{"gitId":"runxinghuan"},"content":"                System.out.println(\"added: \" + tasks[taskCount].getDescription());","lastModifiedDate":"2024-02-01"},{"lineNumber":28,"author":{"gitId":"runxinghuan"},"content":"                printLine();","lastModifiedDate":"2024-02-01"},{"lineNumber":29,"author":{"gitId":"runxinghuan"},"content":"                taskCount +\u003d 1;","lastModifiedDate":"2024-02-01"},{"lineNumber":30,"author":{"gitId":"runxinghuan"},"content":"            }","lastModifiedDate":"2024-02-01"},{"lineNumber":31,"author":{"gitId":"runxinghuan"},"content":"            task \u003d in.nextLine();","lastModifiedDate":"2024-02-01"},{"lineNumber":32,"author":{"gitId":"runxinghuan"},"content":"            tasks[taskCount] \u003d new Task(task);","lastModifiedDate":"2024-02-01"},{"lineNumber":33,"author":{"gitId":"runxinghuan"},"content":"            description \u003d tasks[taskCount].getDescription();","lastModifiedDate":"2024-02-01"},{"lineNumber":34,"author":{"gitId":"runxinghuan"},"content":"        }","lastModifiedDate":"2024-02-01"},{"lineNumber":35,"author":{"gitId":"runxinghuan"},"content":"    }","lastModifiedDate":"2024-02-01"},{"lineNumber":36,"author":{"gitId":"runxinghuan"},"content":"","lastModifiedDate":"2024-02-01"},{"lineNumber":37,"author":{"gitId":"runxinghuan"},"content":"    public static void markTask(Task[] tasks, String command) {","lastModifiedDate":"2024-02-01"},{"lineNumber":38,"author":{"gitId":"runxinghuan"},"content":"        if (command.contains(\"unmark\")) {","lastModifiedDate":"2024-02-01"},{"lineNumber":39,"author":{"gitId":"runxinghuan"},"content":"            printLine();","lastModifiedDate":"2024-02-01"},{"lineNumber":40,"author":{"gitId":"runxinghuan"},"content":"            command \u003d command.replace(\"unmark \", \"\");","lastModifiedDate":"2024-02-01"},{"lineNumber":41,"author":{"gitId":"runxinghuan"},"content":"            int changedTask \u003d Integer.parseInt(command);","lastModifiedDate":"2024-02-01"},{"lineNumber":42,"author":{"gitId":"runxinghuan"},"content":"            tasks[changedTask - 1].markAsNotDone();","lastModifiedDate":"2024-02-01"},{"lineNumber":43,"author":{"gitId":"runxinghuan"},"content":"            System.out.println(\"OK, I\u0027ve marked this task as not done yet:\");","lastModifiedDate":"2024-02-01"},{"lineNumber":44,"author":{"gitId":"runxinghuan"},"content":"            System.out.println(\"  [\" + tasks[changedTask - 1].getStatusIcon() + \"] \"","lastModifiedDate":"2024-02-01"},{"lineNumber":45,"author":{"gitId":"runxinghuan"},"content":"                    + tasks[changedTask - 1].getDescription());","lastModifiedDate":"2024-02-01"},{"lineNumber":46,"author":{"gitId":"runxinghuan"},"content":"            printLine();","lastModifiedDate":"2024-02-01"},{"lineNumber":47,"author":{"gitId":"runxinghuan"},"content":"        } else {","lastModifiedDate":"2024-02-01"},{"lineNumber":48,"author":{"gitId":"runxinghuan"},"content":"            printLine();","lastModifiedDate":"2024-02-01"},{"lineNumber":49,"author":{"gitId":"runxinghuan"},"content":"            command \u003d command.replace(\"mark \", \"\");","lastModifiedDate":"2024-02-01"},{"lineNumber":50,"author":{"gitId":"runxinghuan"},"content":"            int changedTask \u003d Integer.parseInt(command);","lastModifiedDate":"2024-02-01"},{"lineNumber":51,"author":{"gitId":"runxinghuan"},"content":"            tasks[changedTask - 1].markAsDone();","lastModifiedDate":"2024-02-01"},{"lineNumber":52,"author":{"gitId":"runxinghuan"},"content":"            System.out.println(\"Nice! I\u0027ve marked this task as done:\");","lastModifiedDate":"2024-02-01"},{"lineNumber":53,"author":{"gitId":"runxinghuan"},"content":"            System.out.println(\"  [\" + tasks[changedTask - 1].getStatusIcon() + \"] \"","lastModifiedDate":"2024-02-01"},{"lineNumber":54,"author":{"gitId":"runxinghuan"},"content":"                    + tasks[changedTask - 1].getDescription());","lastModifiedDate":"2024-02-01"},{"lineNumber":55,"author":{"gitId":"runxinghuan"},"content":"            printLine();","lastModifiedDate":"2024-02-01"},{"lineNumber":56,"author":{"gitId":"runxinghuan"},"content":"        }","lastModifiedDate":"2024-02-01"},{"lineNumber":57,"author":{"gitId":"runxinghuan"},"content":"    }","lastModifiedDate":"2024-02-01"},{"lineNumber":58,"author":{"gitId":"runxinghuan"},"content":"    public static void listTask(Task[] tasks, int taskCount) {","lastModifiedDate":"2024-02-01"},{"lineNumber":59,"author":{"gitId":"runxinghuan"},"content":"        printLine();","lastModifiedDate":"2024-02-01"},{"lineNumber":60,"author":{"gitId":"runxinghuan"},"content":"        System.out.println(\"Here are the tasks in your list:\");","lastModifiedDate":"2024-02-01"},{"lineNumber":61,"author":{"gitId":"runxinghuan"},"content":"        int noOfTask \u003d 0;","lastModifiedDate":"2024-02-01"},{"lineNumber":62,"author":{"gitId":"runxinghuan"},"content":"        while (noOfTask \u003c taskCount) {","lastModifiedDate":"2024-02-01"},{"lineNumber":63,"author":{"gitId":"runxinghuan"},"content":"            System.out.println((noOfTask + 1) + \".[\" + tasks[noOfTask].getStatusIcon()","lastModifiedDate":"2024-02-01"},{"lineNumber":64,"author":{"gitId":"runxinghuan"},"content":"                    + \"] \" + tasks[noOfTask].getDescription());","lastModifiedDate":"2024-02-01"},{"lineNumber":65,"author":{"gitId":"runxinghuan"},"content":"            noOfTask +\u003d 1;","lastModifiedDate":"2024-02-01"},{"lineNumber":66,"author":{"gitId":"runxinghuan"},"content":"        }","lastModifiedDate":"2024-01-31"},{"lineNumber":67,"author":{"gitId":"runxinghuan"},"content":"        printLine();","lastModifiedDate":"2024-02-01"},{"lineNumber":68,"author":{"gitId":"runxinghuan"},"content":"    }","lastModifiedDate":"2024-01-23"},{"lineNumber":69,"author":{"gitId":"runxinghuan"},"content":"","lastModifiedDate":"2024-01-23"},{"lineNumber":70,"author":{"gitId":"runxinghuan"},"content":"    public static void printLine() {","lastModifiedDate":"2024-01-23"},{"lineNumber":71,"author":{"gitId":"runxinghuan"},"content":"        System.out.println(\"____________________________________________________________\");","lastModifiedDate":"2024-01-23"},{"lineNumber":72,"author":{"gitId":"runxinghuan"},"content":"    }","lastModifiedDate":"2024-01-23"},{"lineNumber":73,"author":{"gitId":"runxinghuan"},"content":"","lastModifiedDate":"2024-01-31"},{"lineNumber":74,"author":{"gitId":"runxinghuan"},"content":"    public static void greet() {","lastModifiedDate":"2024-01-31"},{"lineNumber":75,"author":{"gitId":"runxinghuan"},"content":"        printLine();","lastModifiedDate":"2024-01-31"},{"lineNumber":76,"author":{"gitId":"runxinghuan"},"content":"        System.out.println(\" Hello!!! AvavaAVA!!! Here is Ava!!!\");","lastModifiedDate":"2024-01-31"},{"lineNumber":77,"author":{"gitId":"runxinghuan"},"content":"        System.out.println(\" Let\u0027s have a relaxing and happy chat together!!!\");","lastModifiedDate":"2024-01-31"},{"lineNumber":78,"author":{"gitId":"runxinghuan"},"content":"        System.out.println(\" What can I do for you?\");","lastModifiedDate":"2024-01-31"},{"lineNumber":79,"author":{"gitId":"runxinghuan"},"content":"        printLine();","lastModifiedDate":"2024-01-31"},{"lineNumber":80,"author":{"gitId":"runxinghuan"},"content":"    }","lastModifiedDate":"2024-01-31"},{"lineNumber":81,"author":{"gitId":"runxinghuan"},"content":"","lastModifiedDate":"2024-01-31"},{"lineNumber":82,"author":{"gitId":"runxinghuan"},"content":"    public static void exit() {","lastModifiedDate":"2024-01-31"},{"lineNumber":83,"author":{"gitId":"runxinghuan"},"content":"        printLine();","lastModifiedDate":"2024-01-31"},{"lineNumber":84,"author":{"gitId":"runxinghuan"},"content":"        System.out.println(\" Bye!!! Hope to see you again soon!!!\");","lastModifiedDate":"2024-01-31"},{"lineNumber":85,"author":{"gitId":"runxinghuan"},"content":"        printLine();","lastModifiedDate":"2024-01-31"},{"lineNumber":86,"author":{"gitId":"runxinghuan"},"content":"    }","lastModifiedDate":"2024-01-31"},{"lineNumber":87,"author":{"gitId":"runxinghuan"},"content":"}","lastModifiedDate":"2024-01-23"}],"authorContributionMap":{"runxinghuan":87}},{"path":"src/main/java/Task.java","fileType":"java","lines":[{"lineNumber":1,"author":{"gitId":"runxinghuan"},"content":"public class Task {","lastModifiedDate":"2024-02-01"},{"lineNumber":2,"author":{"gitId":"runxinghuan"},"content":"    protected String description;","lastModifiedDate":"2024-02-01"},{"lineNumber":3,"author":{"gitId":"runxinghuan"},"content":"    protected boolean isDone;","lastModifiedDate":"2024-02-01"},{"lineNumber":4,"author":{"gitId":"runxinghuan"},"content":"","lastModifiedDate":"2024-02-01"},{"lineNumber":5,"author":{"gitId":"runxinghuan"},"content":"    public Task(String description) {","lastModifiedDate":"2024-02-01"},{"lineNumber":6,"author":{"gitId":"runxinghuan"},"content":"        this.description \u003d description;","lastModifiedDate":"2024-02-01"},{"lineNumber":7,"author":{"gitId":"runxinghuan"},"content":"        this.isDone \u003d false;","lastModifiedDate":"2024-02-01"},{"lineNumber":8,"author":{"gitId":"runxinghuan"},"content":"    }","lastModifiedDate":"2024-02-01"},{"lineNumber":9,"author":{"gitId":"runxinghuan"},"content":"","lastModifiedDate":"2024-02-01"},{"lineNumber":10,"author":{"gitId":"runxinghuan"},"content":"    public String getStatusIcon() {","lastModifiedDate":"2024-02-01"},{"lineNumber":11,"author":{"gitId":"runxinghuan"},"content":"        return (isDone ? \"X\" : \" \"); // mark done task with X","lastModifiedDate":"2024-02-01"},{"lineNumber":12,"author":{"gitId":"runxinghuan"},"content":"    }","lastModifiedDate":"2024-02-01"},{"lineNumber":13,"author":{"gitId":"runxinghuan"},"content":"","lastModifiedDate":"2024-02-01"},{"lineNumber":14,"author":{"gitId":"runxinghuan"},"content":"    public void markAsDone() {","lastModifiedDate":"2024-02-01"},{"lineNumber":15,"author":{"gitId":"runxinghuan"},"content":"        this.isDone \u003d true;","lastModifiedDate":"2024-02-01"},{"lineNumber":16,"author":{"gitId":"runxinghuan"},"content":"    }","lastModifiedDate":"2024-02-01"},{"lineNumber":17,"author":{"gitId":"runxinghuan"},"content":"","lastModifiedDate":"2024-02-01"},{"lineNumber":18,"author":{"gitId":"runxinghuan"},"content":"    public void markAsNotDone() {","lastModifiedDate":"2024-02-01"},{"lineNumber":19,"author":{"gitId":"runxinghuan"},"content":"        this.isDone \u003d false;","lastModifiedDate":"2024-02-01"},{"lineNumber":20,"author":{"gitId":"runxinghuan"},"content":"    }","lastModifiedDate":"2024-02-01"},{"lineNumber":21,"author":{"gitId":"runxinghuan"},"content":"","lastModifiedDate":"2024-02-01"},{"lineNumber":22,"author":{"gitId":"runxinghuan"},"content":"    public String getDescription() {","lastModifiedDate":"2024-02-01"},{"lineNumber":23,"author":{"gitId":"runxinghuan"},"content":"        return description;","lastModifiedDate":"2024-02-01"},{"lineNumber":24,"author":{"gitId":"runxinghuan"},"content":"    }","lastModifiedDate":"2024-02-01"},{"lineNumber":25,"author":{"gitId":"runxinghuan"},"content":"}","lastModifiedDate":"2024-02-01"}],"authorContributionMap":{"runxinghuan":25}}]
