[{"path":"src/main/java/Exceptions/InvalidInputException.java","fileType":"java","lines":[{"lineNumber":1,"author":{"gitId":"jasonlienardi"},"content":"package Exceptions;","lastModifiedDate":"2024-02-20"},{"lineNumber":2,"author":{"gitId":"jasonlienardi"},"content":"","lastModifiedDate":"2024-02-13"},{"lineNumber":3,"author":{"gitId":"jasonlienardi"},"content":"public class InvalidInputException extends Exception{","lastModifiedDate":"2024-02-13"},{"lineNumber":4,"author":{"gitId":"jasonlienardi"},"content":"","lastModifiedDate":"2024-02-13"},{"lineNumber":5,"author":{"gitId":"jasonlienardi"},"content":"}","lastModifiedDate":"2024-02-13"}],"authorContributionMap":{"jasonlienardi":5}},{"path":"src/main/java/Exceptions/NoInputException.java","fileType":"java","lines":[{"lineNumber":1,"author":{"gitId":"jasonlienardi"},"content":"package Exceptions;","lastModifiedDate":"2024-02-20"},{"lineNumber":2,"author":{"gitId":"jasonlienardi"},"content":"","lastModifiedDate":"2024-02-13"},{"lineNumber":3,"author":{"gitId":"jasonlienardi"},"content":"public class NoInputException extends Exception{","lastModifiedDate":"2024-02-13"},{"lineNumber":4,"author":{"gitId":"jasonlienardi"},"content":"","lastModifiedDate":"2024-02-13"},{"lineNumber":5,"author":{"gitId":"jasonlienardi"},"content":"}","lastModifiedDate":"2024-02-13"}],"authorContributionMap":{"jasonlienardi":5}},{"path":"src/main/java/Tasks/Deadline.java","fileType":"java","lines":[{"lineNumber":1,"author":{"gitId":"jasonlienardi"},"content":"package Tasks;","lastModifiedDate":"2024-02-20"},{"lineNumber":2,"author":{"gitId":"jasonlienardi"},"content":"","lastModifiedDate":"2024-02-20"},{"lineNumber":3,"author":{"gitId":"jasonlienardi"},"content":"import Tasks.Task;","lastModifiedDate":"2024-02-20"},{"lineNumber":4,"author":{"gitId":"jasonlienardi"},"content":"","lastModifiedDate":"2024-02-13"},{"lineNumber":5,"author":{"gitId":"jasonlienardi"},"content":"public class Deadline extends Task {","lastModifiedDate":"2024-02-06"},{"lineNumber":6,"author":{"gitId":"jasonlienardi"},"content":"","lastModifiedDate":"2024-02-06"},{"lineNumber":7,"author":{"gitId":"jasonlienardi"},"content":"    protected String by;","lastModifiedDate":"2024-02-06"},{"lineNumber":8,"author":{"gitId":"jasonlienardi"},"content":"","lastModifiedDate":"2024-02-06"},{"lineNumber":9,"author":{"gitId":"jasonlienardi"},"content":"    public Deadline(String description, String by) {","lastModifiedDate":"2024-02-06"},{"lineNumber":10,"author":{"gitId":"jasonlienardi"},"content":"        super(description, \"D\");","lastModifiedDate":"2024-02-21"},{"lineNumber":11,"author":{"gitId":"jasonlienardi"},"content":"        this.by \u003d by;","lastModifiedDate":"2024-02-06"},{"lineNumber":12,"author":{"gitId":"jasonlienardi"},"content":"    }","lastModifiedDate":"2024-02-06"},{"lineNumber":13,"author":{"gitId":"jasonlienardi"},"content":"","lastModifiedDate":"2024-02-06"},{"lineNumber":14,"author":{"gitId":"jasonlienardi"},"content":"    public String getBy() {","lastModifiedDate":"2024-02-21"},{"lineNumber":15,"author":{"gitId":"jasonlienardi"},"content":"        return by;","lastModifiedDate":"2024-02-21"},{"lineNumber":16,"author":{"gitId":"jasonlienardi"},"content":"    }","lastModifiedDate":"2024-02-21"},{"lineNumber":17,"author":{"gitId":"jasonlienardi"},"content":"","lastModifiedDate":"2024-02-21"},{"lineNumber":18,"author":{"gitId":"jasonlienardi"},"content":"    public String toString() {","lastModifiedDate":"2024-02-06"},{"lineNumber":19,"author":{"gitId":"jasonlienardi"},"content":"        return \"[D]\" + super.toString() + \" (by: \" + by + \")\";","lastModifiedDate":"2024-02-06"},{"lineNumber":20,"author":{"gitId":"jasonlienardi"},"content":"    }","lastModifiedDate":"2024-02-06"},{"lineNumber":21,"author":{"gitId":"jasonlienardi"},"content":"}","lastModifiedDate":"2024-02-06"}],"authorContributionMap":{"jasonlienardi":21}},{"path":"src/main/java/Tasks/Event.java","fileType":"java","lines":[{"lineNumber":1,"author":{"gitId":"jasonlienardi"},"content":"package Tasks;","lastModifiedDate":"2024-02-20"},{"lineNumber":2,"author":{"gitId":"jasonlienardi"},"content":"","lastModifiedDate":"2024-02-20"},{"lineNumber":3,"author":{"gitId":"jasonlienardi"},"content":"import Tasks.Task;","lastModifiedDate":"2024-02-20"},{"lineNumber":4,"author":{"gitId":"jasonlienardi"},"content":"","lastModifiedDate":"2024-02-13"},{"lineNumber":5,"author":{"gitId":"jasonlienardi"},"content":"public class Event extends Task {","lastModifiedDate":"2024-02-06"},{"lineNumber":6,"author":{"gitId":"jasonlienardi"},"content":"","lastModifiedDate":"2024-02-06"},{"lineNumber":7,"author":{"gitId":"jasonlienardi"},"content":"    protected String start;","lastModifiedDate":"2024-02-06"},{"lineNumber":8,"author":{"gitId":"jasonlienardi"},"content":"    protected String end;","lastModifiedDate":"2024-02-06"},{"lineNumber":9,"author":{"gitId":"jasonlienardi"},"content":"","lastModifiedDate":"2024-02-06"},{"lineNumber":10,"author":{"gitId":"jasonlienardi"},"content":"    public Event(String description, String start, String end) {","lastModifiedDate":"2024-02-06"},{"lineNumber":11,"author":{"gitId":"jasonlienardi"},"content":"        super(description, \"E\");","lastModifiedDate":"2024-02-21"},{"lineNumber":12,"author":{"gitId":"jasonlienardi"},"content":"        this.start \u003d start;","lastModifiedDate":"2024-02-06"},{"lineNumber":13,"author":{"gitId":"jasonlienardi"},"content":"        this.end \u003d end;","lastModifiedDate":"2024-02-06"},{"lineNumber":14,"author":{"gitId":"jasonlienardi"},"content":"    }","lastModifiedDate":"2024-02-06"},{"lineNumber":15,"author":{"gitId":"jasonlienardi"},"content":"","lastModifiedDate":"2024-02-06"},{"lineNumber":16,"author":{"gitId":"jasonlienardi"},"content":"    public String getStart() {","lastModifiedDate":"2024-02-21"},{"lineNumber":17,"author":{"gitId":"jasonlienardi"},"content":"        return start;","lastModifiedDate":"2024-02-21"},{"lineNumber":18,"author":{"gitId":"jasonlienardi"},"content":"    }","lastModifiedDate":"2024-02-21"},{"lineNumber":19,"author":{"gitId":"jasonlienardi"},"content":"","lastModifiedDate":"2024-02-21"},{"lineNumber":20,"author":{"gitId":"jasonlienardi"},"content":"    public String getEnd() {","lastModifiedDate":"2024-02-21"},{"lineNumber":21,"author":{"gitId":"jasonlienardi"},"content":"        return end;","lastModifiedDate":"2024-02-21"},{"lineNumber":22,"author":{"gitId":"jasonlienardi"},"content":"    }","lastModifiedDate":"2024-02-21"},{"lineNumber":23,"author":{"gitId":"jasonlienardi"},"content":"","lastModifiedDate":"2024-02-21"},{"lineNumber":24,"author":{"gitId":"jasonlienardi"},"content":"    public String toString() {","lastModifiedDate":"2024-02-06"},{"lineNumber":25,"author":{"gitId":"jasonlienardi"},"content":"        return \"[E]\" + super.toString() + \" (from: \" + start + \" to: \" + end + \")\";","lastModifiedDate":"2024-02-06"},{"lineNumber":26,"author":{"gitId":"jasonlienardi"},"content":"    }","lastModifiedDate":"2024-02-06"},{"lineNumber":27,"author":{"gitId":"jasonlienardi"},"content":"}","lastModifiedDate":"2024-02-06"}],"authorContributionMap":{"jasonlienardi":27}},{"path":"src/main/java/Tasks/Task.java","fileType":"java","lines":[{"lineNumber":1,"author":{"gitId":"jasonlienardi"},"content":"package Tasks;","lastModifiedDate":"2024-02-20"},{"lineNumber":2,"author":{"gitId":"jasonlienardi"},"content":"","lastModifiedDate":"2024-02-13"},{"lineNumber":3,"author":{"gitId":"jasonlienardi"},"content":"public class Task {","lastModifiedDate":"2024-02-02"},{"lineNumber":4,"author":{"gitId":"jasonlienardi"},"content":"    protected String description;","lastModifiedDate":"2024-02-02"},{"lineNumber":5,"author":{"gitId":"jasonlienardi"},"content":"    protected boolean isDone;","lastModifiedDate":"2024-02-02"},{"lineNumber":6,"author":{"gitId":"jasonlienardi"},"content":"    protected String type;","lastModifiedDate":"2024-02-21"},{"lineNumber":7,"author":{"gitId":"jasonlienardi"},"content":"","lastModifiedDate":"2024-02-02"},{"lineNumber":8,"author":{"gitId":"jasonlienardi"},"content":"    public Task(String description, String type) {","lastModifiedDate":"2024-02-21"},{"lineNumber":9,"author":{"gitId":"jasonlienardi"},"content":"        this.description \u003d description;","lastModifiedDate":"2024-02-02"},{"lineNumber":10,"author":{"gitId":"jasonlienardi"},"content":"        this.isDone \u003d false;","lastModifiedDate":"2024-02-02"},{"lineNumber":11,"author":{"gitId":"jasonlienardi"},"content":"        this.type \u003d type;","lastModifiedDate":"2024-02-21"},{"lineNumber":12,"author":{"gitId":"jasonlienardi"},"content":"    }","lastModifiedDate":"2024-02-02"},{"lineNumber":13,"author":{"gitId":"jasonlienardi"},"content":"","lastModifiedDate":"2024-02-02"},{"lineNumber":14,"author":{"gitId":"jasonlienardi"},"content":"    public String getStatusIcon() {","lastModifiedDate":"2024-02-02"},{"lineNumber":15,"author":{"gitId":"jasonlienardi"},"content":"        return (isDone ? \"X\" : \" \"); // mark done task with X","lastModifiedDate":"2024-02-02"},{"lineNumber":16,"author":{"gitId":"jasonlienardi"},"content":"    }","lastModifiedDate":"2024-02-02"},{"lineNumber":17,"author":{"gitId":"jasonlienardi"},"content":"","lastModifiedDate":"2024-02-02"},{"lineNumber":18,"author":{"gitId":"jasonlienardi"},"content":"    public String getStatus() {","lastModifiedDate":"2024-02-21"},{"lineNumber":19,"author":{"gitId":"jasonlienardi"},"content":"        return (isDone ? \"1\" : \"0\");","lastModifiedDate":"2024-02-21"},{"lineNumber":20,"author":{"gitId":"jasonlienardi"},"content":"    }","lastModifiedDate":"2024-02-21"},{"lineNumber":21,"author":{"gitId":"jasonlienardi"},"content":"","lastModifiedDate":"2024-02-21"},{"lineNumber":22,"author":{"gitId":"jasonlienardi"},"content":"    public String getDescription() {","lastModifiedDate":"2024-02-21"},{"lineNumber":23,"author":{"gitId":"jasonlienardi"},"content":"        return description;","lastModifiedDate":"2024-02-21"},{"lineNumber":24,"author":{"gitId":"jasonlienardi"},"content":"    }","lastModifiedDate":"2024-02-21"},{"lineNumber":25,"author":{"gitId":"jasonlienardi"},"content":"","lastModifiedDate":"2024-02-21"},{"lineNumber":26,"author":{"gitId":"jasonlienardi"},"content":"    public void markAsDone() {","lastModifiedDate":"2024-02-02"},{"lineNumber":27,"author":{"gitId":"jasonlienardi"},"content":"        this.isDone \u003d true;","lastModifiedDate":"2024-02-02"},{"lineNumber":28,"author":{"gitId":"jasonlienardi"},"content":"    }","lastModifiedDate":"2024-02-02"},{"lineNumber":29,"author":{"gitId":"jasonlienardi"},"content":"","lastModifiedDate":"2024-02-02"},{"lineNumber":30,"author":{"gitId":"jasonlienardi"},"content":"    public void markAsNotDone() {","lastModifiedDate":"2024-02-02"},{"lineNumber":31,"author":{"gitId":"jasonlienardi"},"content":"        this.isDone \u003d false;","lastModifiedDate":"2024-02-02"},{"lineNumber":32,"author":{"gitId":"jasonlienardi"},"content":"    }","lastModifiedDate":"2024-02-02"},{"lineNumber":33,"author":{"gitId":"jasonlienardi"},"content":"","lastModifiedDate":"2024-02-06"},{"lineNumber":34,"author":{"gitId":"jasonlienardi"},"content":"    public String toString() {","lastModifiedDate":"2024-02-06"},{"lineNumber":35,"author":{"gitId":"jasonlienardi"},"content":"        return \"[\" + getStatusIcon() + \"]\" + this.description;","lastModifiedDate":"2024-02-06"},{"lineNumber":36,"author":{"gitId":"jasonlienardi"},"content":"    }","lastModifiedDate":"2024-02-06"},{"lineNumber":37,"author":{"gitId":"jasonlienardi"},"content":"","lastModifiedDate":"2024-02-21"},{"lineNumber":38,"author":{"gitId":"jasonlienardi"},"content":"    public String getType() {","lastModifiedDate":"2024-02-21"},{"lineNumber":39,"author":{"gitId":"jasonlienardi"},"content":"        return type;","lastModifiedDate":"2024-02-21"},{"lineNumber":40,"author":{"gitId":"jasonlienardi"},"content":"    }","lastModifiedDate":"2024-02-21"},{"lineNumber":41,"author":{"gitId":"jasonlienardi"},"content":"}","lastModifiedDate":"2024-02-02"}],"authorContributionMap":{"jasonlienardi":41}},{"path":"src/main/java/Tasks/Todo.java","fileType":"java","lines":[{"lineNumber":1,"author":{"gitId":"jasonlienardi"},"content":"package Tasks;","lastModifiedDate":"2024-02-20"},{"lineNumber":2,"author":{"gitId":"jasonlienardi"},"content":"","lastModifiedDate":"2024-02-13"},{"lineNumber":3,"author":{"gitId":"jasonlienardi"},"content":"import Tasks.Task;","lastModifiedDate":"2024-02-20"},{"lineNumber":4,"author":{"gitId":"jasonlienardi"},"content":"","lastModifiedDate":"2024-02-13"},{"lineNumber":5,"author":{"gitId":"jasonlienardi"},"content":"public class Todo extends Task {","lastModifiedDate":"2024-02-06"},{"lineNumber":6,"author":{"gitId":"jasonlienardi"},"content":"    public Todo(String description) {","lastModifiedDate":"2024-02-06"},{"lineNumber":7,"author":{"gitId":"jasonlienardi"},"content":"        super(description, \"T\");","lastModifiedDate":"2024-02-21"},{"lineNumber":8,"author":{"gitId":"jasonlienardi"},"content":"    }","lastModifiedDate":"2024-02-06"},{"lineNumber":9,"author":{"gitId":"jasonlienardi"},"content":"","lastModifiedDate":"2024-02-06"},{"lineNumber":10,"author":{"gitId":"jasonlienardi"},"content":"    public String toString() {","lastModifiedDate":"2024-02-06"},{"lineNumber":11,"author":{"gitId":"jasonlienardi"},"content":"        return \"[T]\" + super.toString();","lastModifiedDate":"2024-02-06"},{"lineNumber":12,"author":{"gitId":"jasonlienardi"},"content":"    }","lastModifiedDate":"2024-02-06"},{"lineNumber":13,"author":{"gitId":"jasonlienardi"},"content":"}","lastModifiedDate":"2024-02-06"}],"authorContributionMap":{"jasonlienardi":13}},{"path":"src/main/java/Xavier/TaskManager.java","fileType":"java","lines":[{"lineNumber":1,"author":{"gitId":"jasonlienardi"},"content":"package Xavier;","lastModifiedDate":"2024-02-13"},{"lineNumber":2,"author":{"gitId":"jasonlienardi"},"content":"","lastModifiedDate":"2024-02-13"},{"lineNumber":3,"author":{"gitId":"jasonlienardi"},"content":"import java.io.File;","lastModifiedDate":"2024-02-21"},{"lineNumber":4,"author":{"gitId":"jasonlienardi"},"content":"import java.io.FileNotFoundException;","lastModifiedDate":"2024-02-21"},{"lineNumber":5,"author":{"gitId":"jasonlienardi"},"content":"import java.util.Scanner;","lastModifiedDate":"2024-02-21"},{"lineNumber":6,"author":{"gitId":"jasonlienardi"},"content":"import java.io.FileWriter;","lastModifiedDate":"2024-02-21"},{"lineNumber":7,"author":{"gitId":"jasonlienardi"},"content":"import java.io.IOException;","lastModifiedDate":"2024-02-21"},{"lineNumber":8,"author":{"gitId":"jasonlienardi"},"content":"","lastModifiedDate":"2024-02-21"},{"lineNumber":9,"author":{"gitId":"jasonlienardi"},"content":"import Exceptions.InvalidInputException;","lastModifiedDate":"2024-02-20"},{"lineNumber":10,"author":{"gitId":"jasonlienardi"},"content":"import Exceptions.NoInputException;","lastModifiedDate":"2024-02-20"},{"lineNumber":11,"author":{"gitId":"jasonlienardi"},"content":"import Tasks.Deadline;","lastModifiedDate":"2024-02-20"},{"lineNumber":12,"author":{"gitId":"jasonlienardi"},"content":"import Tasks.Event;","lastModifiedDate":"2024-02-20"},{"lineNumber":13,"author":{"gitId":"jasonlienardi"},"content":"import Tasks.Task;","lastModifiedDate":"2024-02-20"},{"lineNumber":14,"author":{"gitId":"jasonlienardi"},"content":"import Tasks.Todo;","lastModifiedDate":"2024-02-20"},{"lineNumber":15,"author":{"gitId":"jasonlienardi"},"content":"","lastModifiedDate":"2024-02-13"},{"lineNumber":16,"author":{"gitId":"jasonlienardi"},"content":"import java.util.ArrayList;","lastModifiedDate":"2024-02-20"},{"lineNumber":17,"author":{"gitId":"jasonlienardi"},"content":"","lastModifiedDate":"2024-02-20"},{"lineNumber":18,"author":{"gitId":"jasonlienardi"},"content":"public class TaskManager {","lastModifiedDate":"2024-02-06"},{"lineNumber":19,"author":{"gitId":"jasonlienardi"},"content":"    public static final int MAX_ENTRIES \u003d 100;","lastModifiedDate":"2024-02-06"},{"lineNumber":20,"author":{"gitId":"jasonlienardi"},"content":"    ArrayList\u003cTask\u003e itemList \u003d new ArrayList\u003c\u003e();","lastModifiedDate":"2024-02-20"},{"lineNumber":21,"author":{"gitId":"jasonlienardi"},"content":"","lastModifiedDate":"2024-02-06"},{"lineNumber":22,"author":{"gitId":"jasonlienardi"},"content":"    public static final String FILEPATH \u003d \"/Users/jasonlienardi/Documents/CS2113/ip/src/main/java/Xavier/toDoList.txt\";","lastModifiedDate":"2024-02-21"},{"lineNumber":23,"author":{"gitId":"jasonlienardi"},"content":"","lastModifiedDate":"2024-02-21"},{"lineNumber":24,"author":{"gitId":"jasonlienardi"},"content":"    public void handleCommand(String command) {","lastModifiedDate":"2024-02-06"},{"lineNumber":25,"author":{"gitId":"jasonlienardi"},"content":"        if (command.equals(\"list\")) {","lastModifiedDate":"2024-02-06"},{"lineNumber":26,"author":{"gitId":"jasonlienardi"},"content":"            printList();","lastModifiedDate":"2024-02-06"},{"lineNumber":27,"author":{"gitId":"jasonlienardi"},"content":"        } else if (command.startsWith(\"mark\") || command.startsWith((\"unmark\"))) {","lastModifiedDate":"2024-02-13"},{"lineNumber":28,"author":{"gitId":"jasonlienardi"},"content":"            handleMarkAsDone(command);","lastModifiedDate":"2024-02-06"},{"lineNumber":29,"author":{"gitId":"jasonlienardi"},"content":"        } else if (command.startsWith(\"todo\") || command.startsWith(\"deadline\") || command.startsWith(\"event\")) {","lastModifiedDate":"2024-02-13"},{"lineNumber":30,"author":{"gitId":"jasonlienardi"},"content":"            printOutput(command);","lastModifiedDate":"2024-02-13"},{"lineNumber":31,"author":{"gitId":"jasonlienardi"},"content":"        } else if (command.startsWith(\"delete\")) {","lastModifiedDate":"2024-02-20"},{"lineNumber":32,"author":{"gitId":"jasonlienardi"},"content":"            deleteTask(command);","lastModifiedDate":"2024-02-20"},{"lineNumber":33,"author":{"gitId":"jasonlienardi"},"content":"        } else {","lastModifiedDate":"2024-02-13"},{"lineNumber":34,"author":{"gitId":"jasonlienardi"},"content":"            printErrorMessage();","lastModifiedDate":"2024-02-13"},{"lineNumber":35,"author":{"gitId":"jasonlienardi"},"content":"        }","lastModifiedDate":"2024-02-06"},{"lineNumber":36,"author":{"gitId":"jasonlienardi"},"content":"    }","lastModifiedDate":"2024-02-06"},{"lineNumber":37,"author":{"gitId":"jasonlienardi"},"content":"","lastModifiedDate":"2024-02-06"},{"lineNumber":38,"author":{"gitId":"jasonlienardi"},"content":"    private void printList() {","lastModifiedDate":"2024-02-06"},{"lineNumber":39,"author":{"gitId":"jasonlienardi"},"content":"        System.out.println(\"Here are the tasks in your list:\");","lastModifiedDate":"2024-02-06"},{"lineNumber":40,"author":{"gitId":"jasonlienardi"},"content":"        for (int i \u003d 0; i \u003c itemList.size(); i++) {","lastModifiedDate":"2024-02-20"},{"lineNumber":41,"author":{"gitId":"jasonlienardi"},"content":"            System.out.println(i + 1 + \".\" + itemList.get(i).toString());","lastModifiedDate":"2024-02-20"},{"lineNumber":42,"author":{"gitId":"jasonlienardi"},"content":"        }","lastModifiedDate":"2024-02-06"},{"lineNumber":43,"author":{"gitId":"jasonlienardi"},"content":"    }","lastModifiedDate":"2024-02-06"},{"lineNumber":44,"author":{"gitId":"jasonlienardi"},"content":"","lastModifiedDate":"2024-02-06"},{"lineNumber":45,"author":{"gitId":"jasonlienardi"},"content":"    public void handleMarkAsDone(String command) {","lastModifiedDate":"2024-02-06"},{"lineNumber":46,"author":{"gitId":"jasonlienardi"},"content":"        String[] stringArray \u003d command.split(\" \");","lastModifiedDate":"2024-02-06"},{"lineNumber":47,"author":{"gitId":"jasonlienardi"},"content":"        int index \u003d Integer.parseInt(stringArray[1]) - 1;","lastModifiedDate":"2024-02-06"},{"lineNumber":48,"author":{"gitId":"jasonlienardi"},"content":"        if (command.startsWith(\"mark\")) {","lastModifiedDate":"2024-02-06"},{"lineNumber":49,"author":{"gitId":"jasonlienardi"},"content":"            itemList.get(index).markAsDone();","lastModifiedDate":"2024-02-20"},{"lineNumber":50,"author":{"gitId":"jasonlienardi"},"content":"            System.out.println(\"Nice! I\u0027ve marked this task as done:\");","lastModifiedDate":"2024-02-06"},{"lineNumber":51,"author":{"gitId":"jasonlienardi"},"content":"        } else if (command.startsWith(\"unmark\")) {","lastModifiedDate":"2024-02-06"},{"lineNumber":52,"author":{"gitId":"jasonlienardi"},"content":"            itemList.get(index).markAsNotDone();","lastModifiedDate":"2024-02-20"},{"lineNumber":53,"author":{"gitId":"jasonlienardi"},"content":"            System.out.println(\"OK, I\u0027ve marked this task as not yet done:\");","lastModifiedDate":"2024-02-06"},{"lineNumber":54,"author":{"gitId":"jasonlienardi"},"content":"        }","lastModifiedDate":"2024-02-06"},{"lineNumber":55,"author":{"gitId":"jasonlienardi"},"content":"        System.out.println(itemList.get(index).toString());","lastModifiedDate":"2024-02-20"},{"lineNumber":56,"author":{"gitId":"jasonlienardi"},"content":"        saveFile(FILEPATH);","lastModifiedDate":"2024-02-21"},{"lineNumber":57,"author":{"gitId":"jasonlienardi"},"content":"    }","lastModifiedDate":"2024-02-06"},{"lineNumber":58,"author":{"gitId":"jasonlienardi"},"content":"","lastModifiedDate":"2024-02-06"},{"lineNumber":59,"author":{"gitId":"jasonlienardi"},"content":"    public void handleAddTask(String command) throws InvalidInputException, NoInputException {","lastModifiedDate":"2024-02-13"},{"lineNumber":60,"author":{"gitId":"jasonlienardi"},"content":"        String[] stringArray \u003d command.split(\" \");","lastModifiedDate":"2024-02-13"},{"lineNumber":61,"author":{"gitId":"jasonlienardi"},"content":"        if (stringArray.length \u003d\u003d 1) {","lastModifiedDate":"2024-02-13"},{"lineNumber":62,"author":{"gitId":"jasonlienardi"},"content":"            throw new NoInputException();","lastModifiedDate":"2024-02-13"},{"lineNumber":63,"author":{"gitId":"jasonlienardi"},"content":"        }","lastModifiedDate":"2024-02-13"},{"lineNumber":64,"author":{"gitId":"jasonlienardi"},"content":"","lastModifiedDate":"2024-02-13"},{"lineNumber":65,"author":{"gitId":"jasonlienardi"},"content":"        if (command.startsWith(\"todo\")){","lastModifiedDate":"2024-02-06"},{"lineNumber":66,"author":{"gitId":"jasonlienardi"},"content":"            int toDoStartIndex \u003d 4;","lastModifiedDate":"2024-02-13"},{"lineNumber":67,"author":{"gitId":"jasonlienardi"},"content":"            String toDoString \u003d command.substring(toDoStartIndex);","lastModifiedDate":"2024-02-13"},{"lineNumber":68,"author":{"gitId":"jasonlienardi"},"content":"            Todo toDo \u003d new Todo(toDoString);","lastModifiedDate":"2024-02-06"},{"lineNumber":69,"author":{"gitId":"jasonlienardi"},"content":"            itemList.add(toDo);","lastModifiedDate":"2024-02-20"},{"lineNumber":70,"author":{"gitId":"jasonlienardi"},"content":"        }","lastModifiedDate":"2024-02-06"},{"lineNumber":71,"author":{"gitId":"jasonlienardi"},"content":"        else if (command.startsWith(\"deadline\")){","lastModifiedDate":"2024-02-06"},{"lineNumber":72,"author":{"gitId":"jasonlienardi"},"content":"            if (!command.contains(\"/by\")) {","lastModifiedDate":"2024-02-13"},{"lineNumber":73,"author":{"gitId":"jasonlienardi"},"content":"                throw new InvalidInputException();","lastModifiedDate":"2024-02-13"},{"lineNumber":74,"author":{"gitId":"jasonlienardi"},"content":"            }","lastModifiedDate":"2024-02-13"},{"lineNumber":75,"author":{"gitId":"jasonlienardi"},"content":"            int deadlineIndex \u003d command.indexOf(\"/by\");","lastModifiedDate":"2024-02-06"},{"lineNumber":76,"author":{"gitId":"jasonlienardi"},"content":"            String description \u003d command.substring(8, deadlineIndex);","lastModifiedDate":"2024-02-13"},{"lineNumber":77,"author":{"gitId":"jasonlienardi"},"content":"            String by \u003d command.substring(deadlineIndex + 4);","lastModifiedDate":"2024-02-13"},{"lineNumber":78,"author":{"gitId":"jasonlienardi"},"content":"            Deadline deadline \u003d new Deadline(description, by);","lastModifiedDate":"2024-02-13"},{"lineNumber":79,"author":{"gitId":"jasonlienardi"},"content":"            itemList.add(deadline);","lastModifiedDate":"2024-02-20"},{"lineNumber":80,"author":{"gitId":"jasonlienardi"},"content":"        }","lastModifiedDate":"2024-02-06"},{"lineNumber":81,"author":{"gitId":"jasonlienardi"},"content":"        else if (command.startsWith(\"event\")){","lastModifiedDate":"2024-02-06"},{"lineNumber":82,"author":{"gitId":"jasonlienardi"},"content":"            if (!command.contains(\"/from\") || !command.contains(\"/to\")) {","lastModifiedDate":"2024-02-13"},{"lineNumber":83,"author":{"gitId":"jasonlienardi"},"content":"                throw new InvalidInputException();","lastModifiedDate":"2024-02-13"},{"lineNumber":84,"author":{"gitId":"jasonlienardi"},"content":"            }","lastModifiedDate":"2024-02-13"},{"lineNumber":85,"author":{"gitId":"jasonlienardi"},"content":"            int startIndex \u003d command.indexOf(\"/from\");","lastModifiedDate":"2024-02-06"},{"lineNumber":86,"author":{"gitId":"jasonlienardi"},"content":"            int endIndex \u003d command.indexOf(\"/to\");","lastModifiedDate":"2024-02-06"},{"lineNumber":87,"author":{"gitId":"jasonlienardi"},"content":"            String description \u003d command.substring(5, startIndex);","lastModifiedDate":"2024-02-13"},{"lineNumber":88,"author":{"gitId":"jasonlienardi"},"content":"            String start \u003d command.substring(startIndex + 6, endIndex);","lastModifiedDate":"2024-02-13"},{"lineNumber":89,"author":{"gitId":"jasonlienardi"},"content":"            String end \u003d command.substring(endIndex + 4);","lastModifiedDate":"2024-02-13"},{"lineNumber":90,"author":{"gitId":"jasonlienardi"},"content":"            Event event \u003d new Event(description, start, end);","lastModifiedDate":"2024-02-13"},{"lineNumber":91,"author":{"gitId":"jasonlienardi"},"content":"            itemList.add(event);","lastModifiedDate":"2024-02-20"},{"lineNumber":92,"author":{"gitId":"jasonlienardi"},"content":"        }","lastModifiedDate":"2024-02-20"},{"lineNumber":93,"author":{"gitId":"jasonlienardi"},"content":"        saveFile(FILEPATH);","lastModifiedDate":"2024-02-21"},{"lineNumber":94,"author":{"gitId":"jasonlienardi"},"content":"    }","lastModifiedDate":"2024-02-06"},{"lineNumber":95,"author":{"gitId":"jasonlienardi"},"content":"","lastModifiedDate":"2024-02-20"},{"lineNumber":96,"author":{"gitId":"jasonlienardi"},"content":"    public void deleteTask(String command) {","lastModifiedDate":"2024-02-20"},{"lineNumber":97,"author":{"gitId":"jasonlienardi"},"content":"        String[] stringArray \u003d command.split(\" \");","lastModifiedDate":"2024-02-20"},{"lineNumber":98,"author":{"gitId":"jasonlienardi"},"content":"        int index \u003d Integer.parseInt(stringArray[1]) - 1;","lastModifiedDate":"2024-02-20"},{"lineNumber":99,"author":{"gitId":"jasonlienardi"},"content":"        System.out.println(\"Noted. I\u0027ve removed this task:\");","lastModifiedDate":"2024-02-20"},{"lineNumber":100,"author":{"gitId":"jasonlienardi"},"content":"        System.out.println(itemList.get(index).toString());","lastModifiedDate":"2024-02-20"},{"lineNumber":101,"author":{"gitId":"jasonlienardi"},"content":"        itemList.remove(index);","lastModifiedDate":"2024-02-20"},{"lineNumber":102,"author":{"gitId":"jasonlienardi"},"content":"        System.out.println(\"Now you have \" + itemList.size() + \" tasks in the list.\");","lastModifiedDate":"2024-02-20"},{"lineNumber":103,"author":{"gitId":"jasonlienardi"},"content":"        saveFile(FILEPATH);","lastModifiedDate":"2024-02-21"},{"lineNumber":104,"author":{"gitId":"jasonlienardi"},"content":"    }","lastModifiedDate":"2024-02-13"},{"lineNumber":105,"author":{"gitId":"jasonlienardi"},"content":"","lastModifiedDate":"2024-02-13"},{"lineNumber":106,"author":{"gitId":"jasonlienardi"},"content":"    private void printOutput(String command) {","lastModifiedDate":"2024-02-13"},{"lineNumber":107,"author":{"gitId":"jasonlienardi"},"content":"        String[] stringArray \u003d command.split(\" \");","lastModifiedDate":"2024-02-13"},{"lineNumber":108,"author":{"gitId":"jasonlienardi"},"content":"        try {","lastModifiedDate":"2024-02-13"},{"lineNumber":109,"author":{"gitId":"jasonlienardi"},"content":"            handleAddTask(command);","lastModifiedDate":"2024-02-13"},{"lineNumber":110,"author":{"gitId":"jasonlienardi"},"content":"            System.out.println(\"Got it. I\u0027ve added this task:\");","lastModifiedDate":"2024-02-06"},{"lineNumber":111,"author":{"gitId":"jasonlienardi"},"content":"            System.out.println(itemList.get(itemList.size()-1).toString());","lastModifiedDate":"2024-02-20"},{"lineNumber":112,"author":{"gitId":"jasonlienardi"},"content":"            System.out.println(\"Now you have \" + itemList.size() + \" tasks in the list.\");","lastModifiedDate":"2024-02-20"},{"lineNumber":113,"author":{"gitId":"jasonlienardi"},"content":"        } catch (NoInputException e) {","lastModifiedDate":"2024-02-13"},{"lineNumber":114,"author":{"gitId":"jasonlienardi"},"content":"            System.out.println(\"OOPS!!! The description of a \" + stringArray[0] + \" cannot be empty.\");","lastModifiedDate":"2024-02-13"},{"lineNumber":115,"author":{"gitId":"jasonlienardi"},"content":"        } catch (InvalidInputException e) {","lastModifiedDate":"2024-02-13"},{"lineNumber":116,"author":{"gitId":"jasonlienardi"},"content":"            if (stringArray[0].equals(\"deadline\")) {","lastModifiedDate":"2024-02-13"},{"lineNumber":117,"author":{"gitId":"jasonlienardi"},"content":"                System.out.println(\"OOPS!!! \" + stringArray[0] + \" must contains /by\");","lastModifiedDate":"2024-02-13"},{"lineNumber":118,"author":{"gitId":"jasonlienardi"},"content":"            } else if (stringArray[0].equals(\"event\")) {","lastModifiedDate":"2024-02-13"},{"lineNumber":119,"author":{"gitId":"jasonlienardi"},"content":"                System.out.println(\"OOPS!!! \" + stringArray[0] + \" must contains /from and /to\");","lastModifiedDate":"2024-02-13"},{"lineNumber":120,"author":{"gitId":"jasonlienardi"},"content":"            }","lastModifiedDate":"2024-02-13"},{"lineNumber":121,"author":{"gitId":"jasonlienardi"},"content":"        }","lastModifiedDate":"2024-02-13"},{"lineNumber":122,"author":{"gitId":"jasonlienardi"},"content":"    }","lastModifiedDate":"2024-02-13"},{"lineNumber":123,"author":{"gitId":"jasonlienardi"},"content":"","lastModifiedDate":"2024-02-13"},{"lineNumber":124,"author":{"gitId":"jasonlienardi"},"content":"    private void printErrorMessage() {","lastModifiedDate":"2024-02-13"},{"lineNumber":125,"author":{"gitId":"jasonlienardi"},"content":"        System.out.println(\" OOPS!!! I\u0027m sorry, but I don\u0027t know what that means :-(\");","lastModifiedDate":"2024-02-13"},{"lineNumber":126,"author":{"gitId":"jasonlienardi"},"content":"    }","lastModifiedDate":"2024-02-06"},{"lineNumber":127,"author":{"gitId":"jasonlienardi"},"content":"    public static void createOrCheckFile(String fileName) {","lastModifiedDate":"2024-02-21"},{"lineNumber":128,"author":{"gitId":"jasonlienardi"},"content":"        File file \u003d new File(fileName);","lastModifiedDate":"2024-02-21"},{"lineNumber":129,"author":{"gitId":"jasonlienardi"},"content":"        try {","lastModifiedDate":"2024-02-21"},{"lineNumber":130,"author":{"gitId":"jasonlienardi"},"content":"            if (!file.exists()) {","lastModifiedDate":"2024-02-21"},{"lineNumber":131,"author":{"gitId":"jasonlienardi"},"content":"                boolean created \u003d file.createNewFile();","lastModifiedDate":"2024-02-21"},{"lineNumber":132,"author":{"gitId":"jasonlienardi"},"content":"                if (created) {","lastModifiedDate":"2024-02-21"},{"lineNumber":133,"author":{"gitId":"jasonlienardi"},"content":"                    System.out.println(\"File created: toDoList\");","lastModifiedDate":"2024-02-21"},{"lineNumber":134,"author":{"gitId":"jasonlienardi"},"content":"                }","lastModifiedDate":"2024-02-21"},{"lineNumber":135,"author":{"gitId":"jasonlienardi"},"content":"            }","lastModifiedDate":"2024-02-21"},{"lineNumber":136,"author":{"gitId":"jasonlienardi"},"content":"        } catch (IOException e) {","lastModifiedDate":"2024-02-21"},{"lineNumber":137,"author":{"gitId":"jasonlienardi"},"content":"            System.err.println(\"Error creating or checking file: \" + e.getMessage());","lastModifiedDate":"2024-02-21"},{"lineNumber":138,"author":{"gitId":"jasonlienardi"},"content":"        }","lastModifiedDate":"2024-02-21"},{"lineNumber":139,"author":{"gitId":"jasonlienardi"},"content":"    }","lastModifiedDate":"2024-02-21"},{"lineNumber":140,"author":{"gitId":"jasonlienardi"},"content":"","lastModifiedDate":"2024-02-21"},{"lineNumber":141,"author":{"gitId":"jasonlienardi"},"content":"    //writing files","lastModifiedDate":"2024-02-21"},{"lineNumber":142,"author":{"gitId":"jasonlienardi"},"content":"    private static void appendToFile(String filePath, String textToAppend) throws IOException {","lastModifiedDate":"2024-02-21"},{"lineNumber":143,"author":{"gitId":"jasonlienardi"},"content":"        FileWriter fw \u003d new FileWriter(filePath, true); // create a FileWriter in append mode","lastModifiedDate":"2024-02-21"},{"lineNumber":144,"author":{"gitId":"jasonlienardi"},"content":"        fw.write(textToAppend + \"\\n\");","lastModifiedDate":"2024-02-21"},{"lineNumber":145,"author":{"gitId":"jasonlienardi"},"content":"        fw.close();","lastModifiedDate":"2024-02-21"},{"lineNumber":146,"author":{"gitId":"jasonlienardi"},"content":"    }","lastModifiedDate":"2024-02-21"},{"lineNumber":147,"author":{"gitId":"jasonlienardi"},"content":"","lastModifiedDate":"2024-02-21"},{"lineNumber":148,"author":{"gitId":"jasonlienardi"},"content":"    private static void writeToFile(String filePath, String textToAdd) throws IOException {","lastModifiedDate":"2024-02-21"},{"lineNumber":149,"author":{"gitId":"jasonlienardi"},"content":"        FileWriter fw \u003d new FileWriter(filePath);","lastModifiedDate":"2024-02-21"},{"lineNumber":150,"author":{"gitId":"jasonlienardi"},"content":"        fw.write(textToAdd);","lastModifiedDate":"2024-02-21"},{"lineNumber":151,"author":{"gitId":"jasonlienardi"},"content":"        fw.close();","lastModifiedDate":"2024-02-21"},{"lineNumber":152,"author":{"gitId":"jasonlienardi"},"content":"    }","lastModifiedDate":"2024-02-21"},{"lineNumber":153,"author":{"gitId":"jasonlienardi"},"content":"","lastModifiedDate":"2024-02-21"},{"lineNumber":154,"author":{"gitId":"jasonlienardi"},"content":"    private void saveFile(String file) {","lastModifiedDate":"2024-02-21"},{"lineNumber":155,"author":{"gitId":"jasonlienardi"},"content":"        createOrCheckFile(FILEPATH);","lastModifiedDate":"2024-02-21"},{"lineNumber":156,"author":{"gitId":"jasonlienardi"},"content":"        try {","lastModifiedDate":"2024-02-21"},{"lineNumber":157,"author":{"gitId":"jasonlienardi"},"content":"            writeToFile(FILEPATH, \"\");","lastModifiedDate":"2024-02-21"},{"lineNumber":158,"author":{"gitId":"jasonlienardi"},"content":"            for (Task task : itemList) {","lastModifiedDate":"2024-02-21"},{"lineNumber":159,"author":{"gitId":"jasonlienardi"},"content":"                if (task instanceof Todo) {","lastModifiedDate":"2024-02-21"},{"lineNumber":160,"author":{"gitId":"jasonlienardi"},"content":"                    Todo todo \u003d (Todo) task;","lastModifiedDate":"2024-02-21"},{"lineNumber":161,"author":{"gitId":"jasonlienardi"},"content":"                    appendToFile(file, \"T|\" + todo.getStatus() + \"|\" + todo.getDescription());","lastModifiedDate":"2024-02-21"},{"lineNumber":162,"author":{"gitId":"jasonlienardi"},"content":"                } else if (task instanceof Deadline) {","lastModifiedDate":"2024-02-21"},{"lineNumber":163,"author":{"gitId":"jasonlienardi"},"content":"                    Deadline deadline \u003d (Deadline) task;","lastModifiedDate":"2024-02-21"},{"lineNumber":164,"author":{"gitId":"jasonlienardi"},"content":"                    appendToFile(file, \"D|\" + deadline.getStatus() + \"|\" + deadline.getDescription() + \"|\" + deadline.getBy());","lastModifiedDate":"2024-02-21"},{"lineNumber":165,"author":{"gitId":"jasonlienardi"},"content":"                } else if (task instanceof Event) {","lastModifiedDate":"2024-02-21"},{"lineNumber":166,"author":{"gitId":"jasonlienardi"},"content":"                    Event event \u003d (Event) task;","lastModifiedDate":"2024-02-21"},{"lineNumber":167,"author":{"gitId":"jasonlienardi"},"content":"                    appendToFile(file, \"E|\" + event.getStatus() + \"|\" + event.getDescription() + \"|\" + event.getStart() + \"|\" + event.getEnd());","lastModifiedDate":"2024-02-21"},{"lineNumber":168,"author":{"gitId":"jasonlienardi"},"content":"                }","lastModifiedDate":"2024-02-21"},{"lineNumber":169,"author":{"gitId":"jasonlienardi"},"content":"            }","lastModifiedDate":"2024-02-21"},{"lineNumber":170,"author":{"gitId":"jasonlienardi"},"content":"        } catch (IOException e) {","lastModifiedDate":"2024-02-21"},{"lineNumber":171,"author":{"gitId":"jasonlienardi"},"content":"            System.out.println(\"Something went wrong: \" + e.getMessage());","lastModifiedDate":"2024-02-21"},{"lineNumber":172,"author":{"gitId":"jasonlienardi"},"content":"        }","lastModifiedDate":"2024-02-21"},{"lineNumber":173,"author":{"gitId":"jasonlienardi"},"content":"    }","lastModifiedDate":"2024-02-21"},{"lineNumber":174,"author":{"gitId":"jasonlienardi"},"content":"","lastModifiedDate":"2024-02-21"},{"lineNumber":175,"author":{"gitId":"jasonlienardi"},"content":"    //reading files","lastModifiedDate":"2024-02-21"},{"lineNumber":176,"author":{"gitId":"jasonlienardi"},"content":"    public void readFile(String file) {","lastModifiedDate":"2024-02-21"},{"lineNumber":177,"author":{"gitId":"jasonlienardi"},"content":"        createOrCheckFile(FILEPATH);","lastModifiedDate":"2024-02-21"},{"lineNumber":178,"author":{"gitId":"jasonlienardi"},"content":"        try {","lastModifiedDate":"2024-02-21"},{"lineNumber":179,"author":{"gitId":"jasonlienardi"},"content":"            File f \u003d new File(file); // create a File for the given file path","lastModifiedDate":"2024-02-21"},{"lineNumber":180,"author":{"gitId":"jasonlienardi"},"content":"            Scanner s \u003d new Scanner(f); // create a Scanner using the File as the source","lastModifiedDate":"2024-02-21"},{"lineNumber":181,"author":{"gitId":"jasonlienardi"},"content":"            while (s.hasNextLine()) {","lastModifiedDate":"2024-02-21"},{"lineNumber":182,"author":{"gitId":"jasonlienardi"},"content":"                String line \u003d s.nextLine();","lastModifiedDate":"2024-02-21"},{"lineNumber":183,"author":{"gitId":"jasonlienardi"},"content":"                String[] stringArray \u003d line.split(\"\\\\|\");","lastModifiedDate":"2024-02-21"},{"lineNumber":184,"author":{"gitId":"jasonlienardi"},"content":"                String type \u003d stringArray[0];","lastModifiedDate":"2024-02-21"},{"lineNumber":185,"author":{"gitId":"jasonlienardi"},"content":"                String status \u003d stringArray[1];","lastModifiedDate":"2024-02-21"},{"lineNumber":186,"author":{"gitId":"jasonlienardi"},"content":"                switch (type) {","lastModifiedDate":"2024-02-21"},{"lineNumber":187,"author":{"gitId":"jasonlienardi"},"content":"                case \"T\":","lastModifiedDate":"2024-02-21"},{"lineNumber":188,"author":{"gitId":"jasonlienardi"},"content":"                    Todo todo \u003d new Todo(stringArray[2]);","lastModifiedDate":"2024-02-21"},{"lineNumber":189,"author":{"gitId":"jasonlienardi"},"content":"                    if (status.equals(\"1\")) {","lastModifiedDate":"2024-02-21"},{"lineNumber":190,"author":{"gitId":"jasonlienardi"},"content":"                        todo.markAsDone();","lastModifiedDate":"2024-02-21"},{"lineNumber":191,"author":{"gitId":"jasonlienardi"},"content":"                    }","lastModifiedDate":"2024-02-21"},{"lineNumber":192,"author":{"gitId":"jasonlienardi"},"content":"                    itemList.add(todo);","lastModifiedDate":"2024-02-21"},{"lineNumber":193,"author":{"gitId":"jasonlienardi"},"content":"                    break;","lastModifiedDate":"2024-02-21"},{"lineNumber":194,"author":{"gitId":"jasonlienardi"},"content":"                case \"D\":","lastModifiedDate":"2024-02-21"},{"lineNumber":195,"author":{"gitId":"jasonlienardi"},"content":"                    Deadline deadline \u003d new Deadline(stringArray[2], stringArray[3]);","lastModifiedDate":"2024-02-21"},{"lineNumber":196,"author":{"gitId":"jasonlienardi"},"content":"                    if (status.equals(\"1\")) {","lastModifiedDate":"2024-02-21"},{"lineNumber":197,"author":{"gitId":"jasonlienardi"},"content":"                        deadline.markAsDone();","lastModifiedDate":"2024-02-21"},{"lineNumber":198,"author":{"gitId":"jasonlienardi"},"content":"                    }","lastModifiedDate":"2024-02-21"},{"lineNumber":199,"author":{"gitId":"jasonlienardi"},"content":"                    itemList.add(deadline);","lastModifiedDate":"2024-02-21"},{"lineNumber":200,"author":{"gitId":"jasonlienardi"},"content":"                    break;","lastModifiedDate":"2024-02-21"},{"lineNumber":201,"author":{"gitId":"jasonlienardi"},"content":"                case \"E\":","lastModifiedDate":"2024-02-21"},{"lineNumber":202,"author":{"gitId":"jasonlienardi"},"content":"                    Event event \u003d new Event(stringArray[2], stringArray[3], stringArray[4]);","lastModifiedDate":"2024-02-21"},{"lineNumber":203,"author":{"gitId":"jasonlienardi"},"content":"                    if (status.equals(\"1\")) {","lastModifiedDate":"2024-02-21"},{"lineNumber":204,"author":{"gitId":"jasonlienardi"},"content":"                        event.markAsDone();","lastModifiedDate":"2024-02-21"},{"lineNumber":205,"author":{"gitId":"jasonlienardi"},"content":"                    }","lastModifiedDate":"2024-02-21"},{"lineNumber":206,"author":{"gitId":"jasonlienardi"},"content":"                    itemList.add(event);","lastModifiedDate":"2024-02-21"},{"lineNumber":207,"author":{"gitId":"jasonlienardi"},"content":"                    break;","lastModifiedDate":"2024-02-21"},{"lineNumber":208,"author":{"gitId":"jasonlienardi"},"content":"                }","lastModifiedDate":"2024-02-21"},{"lineNumber":209,"author":{"gitId":"jasonlienardi"},"content":"            }","lastModifiedDate":"2024-02-21"},{"lineNumber":210,"author":{"gitId":"jasonlienardi"},"content":"            s.close();","lastModifiedDate":"2024-02-21"},{"lineNumber":211,"author":{"gitId":"jasonlienardi"},"content":"        } catch (FileNotFoundException e) {","lastModifiedDate":"2024-02-21"},{"lineNumber":212,"author":{"gitId":"jasonlienardi"},"content":"            System.out.println(\"File not found\");","lastModifiedDate":"2024-02-21"},{"lineNumber":213,"author":{"gitId":"jasonlienardi"},"content":"        }","lastModifiedDate":"2024-02-21"},{"lineNumber":214,"author":{"gitId":"jasonlienardi"},"content":"    }","lastModifiedDate":"2024-02-21"},{"lineNumber":215,"author":{"gitId":"jasonlienardi"},"content":"}","lastModifiedDate":"2024-02-06"}],"authorContributionMap":{"jasonlienardi":215}},{"path":"src/main/java/Xavier/Xavier.java","fileType":"java","lines":[{"lineNumber":1,"author":{"gitId":"jasonlienardi"},"content":"package Xavier;","lastModifiedDate":"2024-02-13"},{"lineNumber":2,"author":{"gitId":"jasonlienardi"},"content":"","lastModifiedDate":"2024-02-13"},{"lineNumber":3,"author":{"gitId":"jasonlienardi"},"content":"import java.util.Scanner;","lastModifiedDate":"2024-02-01"},{"lineNumber":4,"author":{"gitId":"jasonlienardi"},"content":"","lastModifiedDate":"2024-02-01"},{"lineNumber":5,"author":{"gitId":"jasonlienardi"},"content":"public class Xavier {","lastModifiedDate":"2024-02-01"},{"lineNumber":6,"author":{"gitId":"jasonlienardi"},"content":"    public static final String LINE \u003d \"_________________________________________________________________\";","lastModifiedDate":"2024-02-02"},{"lineNumber":7,"author":{"gitId":"jasonlienardi"},"content":"    public static final String FILEPATH \u003d \"/Users/jasonlienardi/Documents/CS2113/ip/src/main/java/Xavier/toDoList.txt\";","lastModifiedDate":"2024-02-21"},{"lineNumber":8,"author":{"gitId":"jasonlienardi"},"content":"    static Scanner input \u003d new Scanner(System.in);","lastModifiedDate":"2024-02-06"},{"lineNumber":9,"author":{"gitId":"jasonlienardi"},"content":"    public static void main(String[] args) {","lastModifiedDate":"2024-02-01"},{"lineNumber":10,"author":{"gitId":"jasonlienardi"},"content":"        TaskManager taskManager \u003d new TaskManager();","lastModifiedDate":"2024-02-06"},{"lineNumber":11,"author":{"gitId":"jasonlienardi"},"content":"        printWelcomeMessage();","lastModifiedDate":"2024-02-04"},{"lineNumber":12,"author":{"gitId":"jasonlienardi"},"content":"        taskManager.readFile(FILEPATH);","lastModifiedDate":"2024-02-21"},{"lineNumber":13,"author":{"gitId":"jasonlienardi"},"content":"        while (true) {","lastModifiedDate":"2024-02-01"},{"lineNumber":14,"author":{"gitId":"jasonlienardi"},"content":"            String command \u003d input.nextLine();","lastModifiedDate":"2024-02-01"},{"lineNumber":15,"author":{"gitId":"jasonlienardi"},"content":"            System.out.println(LINE);","lastModifiedDate":"2024-02-02"},{"lineNumber":16,"author":{"gitId":"jasonlienardi"},"content":"            if (command.equals(\"bye\")) {","lastModifiedDate":"2024-02-02"},{"lineNumber":17,"author":{"gitId":"jasonlienardi"},"content":"                exit();","lastModifiedDate":"2024-02-06"},{"lineNumber":18,"author":{"gitId":"jasonlienardi"},"content":"                return;","lastModifiedDate":"2024-02-01"},{"lineNumber":19,"author":{"gitId":"jasonlienardi"},"content":"            }","lastModifiedDate":"2024-02-01"},{"lineNumber":20,"author":{"gitId":"jasonlienardi"},"content":"            else {","lastModifiedDate":"2024-02-01"},{"lineNumber":21,"author":{"gitId":"jasonlienardi"},"content":"                taskManager.handleCommand(command);","lastModifiedDate":"2024-02-06"},{"lineNumber":22,"author":{"gitId":"jasonlienardi"},"content":"            }","lastModifiedDate":"2024-02-01"},{"lineNumber":23,"author":{"gitId":"jasonlienardi"},"content":"            System.out.println(LINE);","lastModifiedDate":"2024-02-02"},{"lineNumber":24,"author":{"gitId":"jasonlienardi"},"content":"        }","lastModifiedDate":"2024-02-01"},{"lineNumber":25,"author":{"gitId":"jasonlienardi"},"content":"    }","lastModifiedDate":"2024-02-01"},{"lineNumber":26,"author":{"gitId":"jasonlienardi"},"content":"","lastModifiedDate":"2024-02-04"},{"lineNumber":27,"author":{"gitId":"jasonlienardi"},"content":"    private static void printWelcomeMessage() {","lastModifiedDate":"2024-02-04"},{"lineNumber":28,"author":{"gitId":"jasonlienardi"},"content":"        System.out.println(LINE);","lastModifiedDate":"2024-02-04"},{"lineNumber":29,"author":{"gitId":"jasonlienardi"},"content":"        System.out.println(\"Hello! I\u0027m \" + \"Xavier\");","lastModifiedDate":"2024-02-04"},{"lineNumber":30,"author":{"gitId":"jasonlienardi"},"content":"        System.out.println(\"What can I do for you?\");","lastModifiedDate":"2024-02-04"},{"lineNumber":31,"author":{"gitId":"jasonlienardi"},"content":"        System.out.println(LINE);","lastModifiedDate":"2024-02-04"},{"lineNumber":32,"author":{"gitId":"jasonlienardi"},"content":"    }","lastModifiedDate":"2024-02-04"},{"lineNumber":33,"author":{"gitId":"jasonlienardi"},"content":"","lastModifiedDate":"2024-02-06"},{"lineNumber":34,"author":{"gitId":"jasonlienardi"},"content":"    private static void exit() {","lastModifiedDate":"2024-02-06"},{"lineNumber":35,"author":{"gitId":"jasonlienardi"},"content":"        System.out.println(\"Bye. Hope to see you again soon!\");","lastModifiedDate":"2024-02-06"},{"lineNumber":36,"author":{"gitId":"jasonlienardi"},"content":"        System.out.println(LINE);","lastModifiedDate":"2024-02-06"},{"lineNumber":37,"author":{"gitId":"jasonlienardi"},"content":"        input.close();","lastModifiedDate":"2024-02-06"},{"lineNumber":38,"author":{"gitId":"jasonlienardi"},"content":"    }","lastModifiedDate":"2024-02-06"},{"lineNumber":39,"author":{"gitId":"jasonlienardi"},"content":"}","lastModifiedDate":"2024-02-01"},{"lineNumber":40,"author":{"gitId":"jasonlienardi"},"content":"","lastModifiedDate":"2024-02-01"}],"authorContributionMap":{"jasonlienardi":40}},{"path":"src/main/java/Xavier/toDoList.txt","fileType":"txt","lines":[{"lineNumber":1,"author":{"gitId":"jasonlienardi"},"content":"T|1| buy groceries","lastModifiedDate":"2024-02-21"},{"lineNumber":2,"author":{"gitId":"jasonlienardi"},"content":"E|0| birthday party |4pm |6pm","lastModifiedDate":"2024-02-21"}],"authorContributionMap":{"jasonlienardi":2}},{"path":"text-ui-test/input.txt","fileType":"txt","lines":[{"lineNumber":1,"author":{"gitId":"jasonlienardi"},"content":"todo borrow book","lastModifiedDate":"2024-02-06"},{"lineNumber":2,"author":{"gitId":"jasonlienardi"},"content":"bye","lastModifiedDate":"2024-02-06"}],"authorContributionMap":{"jasonlienardi":2}},{"path":"text-ui-test/runtest.sh","fileType":"sh","lines":[{"lineNumber":1,"author":{"gitId":"-"},"content":"#!/usr/bin/env bash","lastModifiedDate":"2020-05-25"},{"lineNumber":2,"author":{"gitId":"-"},"content":"","lastModifiedDate":"2020-05-25"},{"lineNumber":3,"author":{"gitId":"-"},"content":"# create bin directory if it doesn\u0027t exist","lastModifiedDate":"2020-05-25"},{"lineNumber":4,"author":{"gitId":"-"},"content":"if [ ! -d \"../bin\" ]","lastModifiedDate":"2020-05-25"},{"lineNumber":5,"author":{"gitId":"-"},"content":"then","lastModifiedDate":"2020-05-25"},{"lineNumber":6,"author":{"gitId":"-"},"content":"    mkdir ../bin","lastModifiedDate":"2020-05-25"},{"lineNumber":7,"author":{"gitId":"-"},"content":"fi","lastModifiedDate":"2020-05-25"},{"lineNumber":8,"author":{"gitId":"-"},"content":"","lastModifiedDate":"2020-05-25"},{"lineNumber":9,"author":{"gitId":"-"},"content":"# delete output from previous run","lastModifiedDate":"2020-05-25"},{"lineNumber":10,"author":{"gitId":"-"},"content":"if [ -e \"./ACTUAL.TXT\" ]","lastModifiedDate":"2020-05-25"},{"lineNumber":11,"author":{"gitId":"-"},"content":"then","lastModifiedDate":"2020-05-25"},{"lineNumber":12,"author":{"gitId":"-"},"content":"    rm ACTUAL.TXT","lastModifiedDate":"2020-05-25"},{"lineNumber":13,"author":{"gitId":"-"},"content":"fi","lastModifiedDate":"2020-05-25"},{"lineNumber":14,"author":{"gitId":"-"},"content":"","lastModifiedDate":"2020-05-25"},{"lineNumber":15,"author":{"gitId":"-"},"content":"# compile the code into the bin folder, terminates if error occurred","lastModifiedDate":"2020-05-25"},{"lineNumber":16,"author":{"gitId":"-"},"content":"if ! javac -cp ../src/main/java -Xlint:none -d ../bin ../src/main/java/*.java","lastModifiedDate":"2020-08-25"},{"lineNumber":17,"author":{"gitId":"-"},"content":"then","lastModifiedDate":"2020-05-25"},{"lineNumber":18,"author":{"gitId":"-"},"content":"    echo \"********** BUILD FAILURE **********\"","lastModifiedDate":"2020-05-25"},{"lineNumber":19,"author":{"gitId":"-"},"content":"    exit 1","lastModifiedDate":"2020-05-25"},{"lineNumber":20,"author":{"gitId":"-"},"content":"fi","lastModifiedDate":"2020-05-25"},{"lineNumber":21,"author":{"gitId":"-"},"content":"","lastModifiedDate":"2020-05-25"},{"lineNumber":22,"author":{"gitId":"-"},"content":"# run the program, feed commands from input.txt file and redirect the output to the ACTUAL.TXT","lastModifiedDate":"2020-05-25"},{"lineNumber":23,"author":{"gitId":"jasonlienardi"},"content":"java -classpath ../bin Xavier \u003c input.txt \u003e ACTUAL.TXT","lastModifiedDate":"2024-02-06"},{"lineNumber":24,"author":{"gitId":"-"},"content":"","lastModifiedDate":"2020-05-25"},{"lineNumber":25,"author":{"gitId":"-"},"content":"# convert to UNIX format","lastModifiedDate":"2020-05-25"},{"lineNumber":26,"author":{"gitId":"-"},"content":"cp EXPECTED.TXT EXPECTED-UNIX.TXT","lastModifiedDate":"2020-05-25"},{"lineNumber":27,"author":{"gitId":"-"},"content":"dos2unix ACTUAL.TXT EXPECTED-UNIX.TXT","lastModifiedDate":"2020-05-25"},{"lineNumber":28,"author":{"gitId":"-"},"content":"","lastModifiedDate":"2020-05-25"},{"lineNumber":29,"author":{"gitId":"-"},"content":"# compare the output to the expected output","lastModifiedDate":"2020-05-25"},{"lineNumber":30,"author":{"gitId":"-"},"content":"diff ACTUAL.TXT EXPECTED-UNIX.TXT","lastModifiedDate":"2020-05-25"},{"lineNumber":31,"author":{"gitId":"-"},"content":"if [ $? -eq 0 ]","lastModifiedDate":"2020-05-25"},{"lineNumber":32,"author":{"gitId":"-"},"content":"then","lastModifiedDate":"2020-05-25"},{"lineNumber":33,"author":{"gitId":"-"},"content":"    echo \"Test result: PASSED\"","lastModifiedDate":"2020-05-25"},{"lineNumber":34,"author":{"gitId":"-"},"content":"    exit 0","lastModifiedDate":"2020-05-25"},{"lineNumber":35,"author":{"gitId":"-"},"content":"else","lastModifiedDate":"2020-05-25"},{"lineNumber":36,"author":{"gitId":"-"},"content":"    echo \"Test result: FAILED\"","lastModifiedDate":"2020-05-25"},{"lineNumber":37,"author":{"gitId":"-"},"content":"    exit 1","lastModifiedDate":"2020-05-25"},{"lineNumber":38,"author":{"gitId":"-"},"content":"fi","lastModifiedDate":"2020-05-25"}],"authorContributionMap":{"jasonlienardi":1,"-":37}}]
