[{"path":"src/main/java/Exceptions/InvalidInputException.java","fileType":"java","lines":[{"lineNumber":1,"author":{"gitId":"jasonlienardi"},"content":"package Exceptions;","lastModifiedDate":"2024-02-20"},{"lineNumber":2,"author":{"gitId":"jasonlienardi"},"content":"","lastModifiedDate":"2024-02-13"},{"lineNumber":3,"author":{"gitId":"jasonlienardi"},"content":"public class InvalidInputException extends Exception{","lastModifiedDate":"2024-02-13"},{"lineNumber":4,"author":{"gitId":"jasonlienardi"},"content":"","lastModifiedDate":"2024-02-13"},{"lineNumber":5,"author":{"gitId":"jasonlienardi"},"content":"}","lastModifiedDate":"2024-02-13"}],"authorContributionMap":{"jasonlienardi":5}},{"path":"src/main/java/Exceptions/NoInputException.java","fileType":"java","lines":[{"lineNumber":1,"author":{"gitId":"jasonlienardi"},"content":"package Exceptions;","lastModifiedDate":"2024-02-20"},{"lineNumber":2,"author":{"gitId":"jasonlienardi"},"content":"","lastModifiedDate":"2024-02-13"},{"lineNumber":3,"author":{"gitId":"jasonlienardi"},"content":"public class NoInputException extends Exception{","lastModifiedDate":"2024-02-13"},{"lineNumber":4,"author":{"gitId":"jasonlienardi"},"content":"","lastModifiedDate":"2024-02-13"},{"lineNumber":5,"author":{"gitId":"jasonlienardi"},"content":"}","lastModifiedDate":"2024-02-13"}],"authorContributionMap":{"jasonlienardi":5}},{"path":"src/main/java/Exceptions/XavierException.java","fileType":"java","lines":[{"lineNumber":1,"author":{"gitId":"jasonlienardi"},"content":"package Exceptions;","lastModifiedDate":"2024-03-03"},{"lineNumber":2,"author":{"gitId":"jasonlienardi"},"content":"","lastModifiedDate":"2024-03-03"},{"lineNumber":3,"author":{"gitId":"jasonlienardi"},"content":"public class XavierException extends Exception{","lastModifiedDate":"2024-03-03"},{"lineNumber":4,"author":{"gitId":"jasonlienardi"},"content":"}","lastModifiedDate":"2024-03-03"}],"authorContributionMap":{"jasonlienardi":4}},{"path":"src/main/java/Tasks/Deadline.java","fileType":"java","lines":[{"lineNumber":1,"author":{"gitId":"jasonlienardi"},"content":"package Tasks;","lastModifiedDate":"2024-02-20"},{"lineNumber":2,"author":{"gitId":"jasonlienardi"},"content":"","lastModifiedDate":"2024-02-20"},{"lineNumber":3,"author":{"gitId":"jasonlienardi"},"content":"import Tasks.Task;","lastModifiedDate":"2024-02-20"},{"lineNumber":4,"author":{"gitId":"jasonlienardi"},"content":"","lastModifiedDate":"2024-02-13"},{"lineNumber":5,"author":{"gitId":"jasonlienardi"},"content":"public class Deadline extends Task {","lastModifiedDate":"2024-02-06"},{"lineNumber":6,"author":{"gitId":"jasonlienardi"},"content":"","lastModifiedDate":"2024-02-06"},{"lineNumber":7,"author":{"gitId":"jasonlienardi"},"content":"    protected String by;","lastModifiedDate":"2024-02-06"},{"lineNumber":8,"author":{"gitId":"jasonlienardi"},"content":"","lastModifiedDate":"2024-02-06"},{"lineNumber":9,"author":{"gitId":"jasonlienardi"},"content":"    public Deadline(String description, String by) {","lastModifiedDate":"2024-02-06"},{"lineNumber":10,"author":{"gitId":"jasonlienardi"},"content":"        super(description, \"D\");","lastModifiedDate":"2024-02-21"},{"lineNumber":11,"author":{"gitId":"jasonlienardi"},"content":"        this.by \u003d by;","lastModifiedDate":"2024-02-06"},{"lineNumber":12,"author":{"gitId":"jasonlienardi"},"content":"    }","lastModifiedDate":"2024-02-06"},{"lineNumber":13,"author":{"gitId":"jasonlienardi"},"content":"","lastModifiedDate":"2024-02-06"},{"lineNumber":14,"author":{"gitId":"jasonlienardi"},"content":"    public String getBy() {","lastModifiedDate":"2024-02-21"},{"lineNumber":15,"author":{"gitId":"jasonlienardi"},"content":"        return by;","lastModifiedDate":"2024-02-21"},{"lineNumber":16,"author":{"gitId":"jasonlienardi"},"content":"    }","lastModifiedDate":"2024-02-21"},{"lineNumber":17,"author":{"gitId":"jasonlienardi"},"content":"","lastModifiedDate":"2024-02-21"},{"lineNumber":18,"author":{"gitId":"jasonlienardi"},"content":"    public String toString() {","lastModifiedDate":"2024-02-06"},{"lineNumber":19,"author":{"gitId":"jasonlienardi"},"content":"        return \"[D]\" + super.toString() + \" (by: \" + by + \")\";","lastModifiedDate":"2024-02-06"},{"lineNumber":20,"author":{"gitId":"jasonlienardi"},"content":"    }","lastModifiedDate":"2024-02-06"},{"lineNumber":21,"author":{"gitId":"jasonlienardi"},"content":"}","lastModifiedDate":"2024-02-06"}],"authorContributionMap":{"jasonlienardi":21}},{"path":"src/main/java/Tasks/Event.java","fileType":"java","lines":[{"lineNumber":1,"author":{"gitId":"jasonlienardi"},"content":"package Tasks;","lastModifiedDate":"2024-02-20"},{"lineNumber":2,"author":{"gitId":"jasonlienardi"},"content":"","lastModifiedDate":"2024-02-20"},{"lineNumber":3,"author":{"gitId":"jasonlienardi"},"content":"import Tasks.Task;","lastModifiedDate":"2024-02-20"},{"lineNumber":4,"author":{"gitId":"jasonlienardi"},"content":"","lastModifiedDate":"2024-02-13"},{"lineNumber":5,"author":{"gitId":"jasonlienardi"},"content":"public class Event extends Task {","lastModifiedDate":"2024-02-06"},{"lineNumber":6,"author":{"gitId":"jasonlienardi"},"content":"","lastModifiedDate":"2024-02-06"},{"lineNumber":7,"author":{"gitId":"jasonlienardi"},"content":"    protected String start;","lastModifiedDate":"2024-02-06"},{"lineNumber":8,"author":{"gitId":"jasonlienardi"},"content":"    protected String end;","lastModifiedDate":"2024-02-06"},{"lineNumber":9,"author":{"gitId":"jasonlienardi"},"content":"","lastModifiedDate":"2024-02-06"},{"lineNumber":10,"author":{"gitId":"jasonlienardi"},"content":"    public Event(String description, String start, String end) {","lastModifiedDate":"2024-02-06"},{"lineNumber":11,"author":{"gitId":"jasonlienardi"},"content":"        super(description, \"E\");","lastModifiedDate":"2024-02-21"},{"lineNumber":12,"author":{"gitId":"jasonlienardi"},"content":"        this.start \u003d start;","lastModifiedDate":"2024-02-06"},{"lineNumber":13,"author":{"gitId":"jasonlienardi"},"content":"        this.end \u003d end;","lastModifiedDate":"2024-02-06"},{"lineNumber":14,"author":{"gitId":"jasonlienardi"},"content":"    }","lastModifiedDate":"2024-02-06"},{"lineNumber":15,"author":{"gitId":"jasonlienardi"},"content":"","lastModifiedDate":"2024-02-06"},{"lineNumber":16,"author":{"gitId":"jasonlienardi"},"content":"    public String getStart() {","lastModifiedDate":"2024-02-21"},{"lineNumber":17,"author":{"gitId":"jasonlienardi"},"content":"        return start;","lastModifiedDate":"2024-02-21"},{"lineNumber":18,"author":{"gitId":"jasonlienardi"},"content":"    }","lastModifiedDate":"2024-02-21"},{"lineNumber":19,"author":{"gitId":"jasonlienardi"},"content":"","lastModifiedDate":"2024-02-21"},{"lineNumber":20,"author":{"gitId":"jasonlienardi"},"content":"    public String getEnd() {","lastModifiedDate":"2024-02-21"},{"lineNumber":21,"author":{"gitId":"jasonlienardi"},"content":"        return end;","lastModifiedDate":"2024-02-21"},{"lineNumber":22,"author":{"gitId":"jasonlienardi"},"content":"    }","lastModifiedDate":"2024-02-21"},{"lineNumber":23,"author":{"gitId":"jasonlienardi"},"content":"","lastModifiedDate":"2024-02-21"},{"lineNumber":24,"author":{"gitId":"jasonlienardi"},"content":"    public String toString() {","lastModifiedDate":"2024-02-06"},{"lineNumber":25,"author":{"gitId":"jasonlienardi"},"content":"        return \"[E]\" + super.toString() + \" (from: \" + start + \" to: \" + end + \")\";","lastModifiedDate":"2024-02-06"},{"lineNumber":26,"author":{"gitId":"jasonlienardi"},"content":"    }","lastModifiedDate":"2024-02-06"},{"lineNumber":27,"author":{"gitId":"jasonlienardi"},"content":"}","lastModifiedDate":"2024-02-06"}],"authorContributionMap":{"jasonlienardi":27}},{"path":"src/main/java/Tasks/Task.java","fileType":"java","lines":[{"lineNumber":1,"author":{"gitId":"jasonlienardi"},"content":"package Tasks;","lastModifiedDate":"2024-02-20"},{"lineNumber":2,"author":{"gitId":"jasonlienardi"},"content":"","lastModifiedDate":"2024-02-13"},{"lineNumber":3,"author":{"gitId":"jasonlienardi"},"content":"public class Task {","lastModifiedDate":"2024-02-02"},{"lineNumber":4,"author":{"gitId":"jasonlienardi"},"content":"    protected String description;","lastModifiedDate":"2024-02-02"},{"lineNumber":5,"author":{"gitId":"jasonlienardi"},"content":"    protected boolean isDone;","lastModifiedDate":"2024-02-02"},{"lineNumber":6,"author":{"gitId":"jasonlienardi"},"content":"    protected String type;","lastModifiedDate":"2024-02-21"},{"lineNumber":7,"author":{"gitId":"jasonlienardi"},"content":"","lastModifiedDate":"2024-02-02"},{"lineNumber":8,"author":{"gitId":"jasonlienardi"},"content":"    public Task(String description, String type) {","lastModifiedDate":"2024-02-21"},{"lineNumber":9,"author":{"gitId":"jasonlienardi"},"content":"        this.description \u003d description;","lastModifiedDate":"2024-02-02"},{"lineNumber":10,"author":{"gitId":"jasonlienardi"},"content":"        this.isDone \u003d false;","lastModifiedDate":"2024-02-02"},{"lineNumber":11,"author":{"gitId":"jasonlienardi"},"content":"        this.type \u003d type;","lastModifiedDate":"2024-02-21"},{"lineNumber":12,"author":{"gitId":"jasonlienardi"},"content":"    }","lastModifiedDate":"2024-02-02"},{"lineNumber":13,"author":{"gitId":"jasonlienardi"},"content":"","lastModifiedDate":"2024-02-02"},{"lineNumber":14,"author":{"gitId":"jasonlienardi"},"content":"    public String getStatusIcon() {","lastModifiedDate":"2024-02-02"},{"lineNumber":15,"author":{"gitId":"jasonlienardi"},"content":"        return (isDone ? \"X\" : \" \"); // mark done task with X","lastModifiedDate":"2024-02-02"},{"lineNumber":16,"author":{"gitId":"jasonlienardi"},"content":"    }","lastModifiedDate":"2024-02-02"},{"lineNumber":17,"author":{"gitId":"jasonlienardi"},"content":"","lastModifiedDate":"2024-02-02"},{"lineNumber":18,"author":{"gitId":"jasonlienardi"},"content":"    public String getStatus() {","lastModifiedDate":"2024-02-21"},{"lineNumber":19,"author":{"gitId":"jasonlienardi"},"content":"        return (isDone ? \"1\" : \"0\");","lastModifiedDate":"2024-02-21"},{"lineNumber":20,"author":{"gitId":"jasonlienardi"},"content":"    }","lastModifiedDate":"2024-02-21"},{"lineNumber":21,"author":{"gitId":"jasonlienardi"},"content":"","lastModifiedDate":"2024-02-21"},{"lineNumber":22,"author":{"gitId":"jasonlienardi"},"content":"    public String getDescription() {","lastModifiedDate":"2024-02-21"},{"lineNumber":23,"author":{"gitId":"jasonlienardi"},"content":"        return description;","lastModifiedDate":"2024-02-21"},{"lineNumber":24,"author":{"gitId":"jasonlienardi"},"content":"    }","lastModifiedDate":"2024-02-21"},{"lineNumber":25,"author":{"gitId":"jasonlienardi"},"content":"","lastModifiedDate":"2024-02-21"},{"lineNumber":26,"author":{"gitId":"jasonlienardi"},"content":"    public void markAsDone() {","lastModifiedDate":"2024-02-02"},{"lineNumber":27,"author":{"gitId":"jasonlienardi"},"content":"        this.isDone \u003d true;","lastModifiedDate":"2024-02-02"},{"lineNumber":28,"author":{"gitId":"jasonlienardi"},"content":"    }","lastModifiedDate":"2024-02-02"},{"lineNumber":29,"author":{"gitId":"jasonlienardi"},"content":"","lastModifiedDate":"2024-02-02"},{"lineNumber":30,"author":{"gitId":"jasonlienardi"},"content":"    public void markAsNotDone() {","lastModifiedDate":"2024-02-02"},{"lineNumber":31,"author":{"gitId":"jasonlienardi"},"content":"        this.isDone \u003d false;","lastModifiedDate":"2024-02-02"},{"lineNumber":32,"author":{"gitId":"jasonlienardi"},"content":"    }","lastModifiedDate":"2024-02-02"},{"lineNumber":33,"author":{"gitId":"jasonlienardi"},"content":"","lastModifiedDate":"2024-02-06"},{"lineNumber":34,"author":{"gitId":"jasonlienardi"},"content":"    public String toString() {","lastModifiedDate":"2024-02-06"},{"lineNumber":35,"author":{"gitId":"jasonlienardi"},"content":"        return \"[\" + getStatusIcon() + \"]\" + this.description;","lastModifiedDate":"2024-02-06"},{"lineNumber":36,"author":{"gitId":"jasonlienardi"},"content":"    }","lastModifiedDate":"2024-02-06"},{"lineNumber":37,"author":{"gitId":"jasonlienardi"},"content":"","lastModifiedDate":"2024-02-21"},{"lineNumber":38,"author":{"gitId":"jasonlienardi"},"content":"    public String getType() {","lastModifiedDate":"2024-02-21"},{"lineNumber":39,"author":{"gitId":"jasonlienardi"},"content":"        return type;","lastModifiedDate":"2024-02-21"},{"lineNumber":40,"author":{"gitId":"jasonlienardi"},"content":"    }","lastModifiedDate":"2024-02-21"},{"lineNumber":41,"author":{"gitId":"jasonlienardi"},"content":"}","lastModifiedDate":"2024-02-02"}],"authorContributionMap":{"jasonlienardi":41}},{"path":"src/main/java/Tasks/Todo.java","fileType":"java","lines":[{"lineNumber":1,"author":{"gitId":"jasonlienardi"},"content":"package Tasks;","lastModifiedDate":"2024-02-20"},{"lineNumber":2,"author":{"gitId":"jasonlienardi"},"content":"","lastModifiedDate":"2024-02-13"},{"lineNumber":3,"author":{"gitId":"jasonlienardi"},"content":"import Tasks.Task;","lastModifiedDate":"2024-02-20"},{"lineNumber":4,"author":{"gitId":"jasonlienardi"},"content":"","lastModifiedDate":"2024-02-13"},{"lineNumber":5,"author":{"gitId":"jasonlienardi"},"content":"public class Todo extends Task {","lastModifiedDate":"2024-02-06"},{"lineNumber":6,"author":{"gitId":"jasonlienardi"},"content":"    public Todo(String description) {","lastModifiedDate":"2024-02-06"},{"lineNumber":7,"author":{"gitId":"jasonlienardi"},"content":"        super(description, \"T\");","lastModifiedDate":"2024-02-21"},{"lineNumber":8,"author":{"gitId":"jasonlienardi"},"content":"    }","lastModifiedDate":"2024-02-06"},{"lineNumber":9,"author":{"gitId":"jasonlienardi"},"content":"","lastModifiedDate":"2024-02-06"},{"lineNumber":10,"author":{"gitId":"jasonlienardi"},"content":"    public String toString() {","lastModifiedDate":"2024-02-06"},{"lineNumber":11,"author":{"gitId":"jasonlienardi"},"content":"        return \"[T]\" + super.toString();","lastModifiedDate":"2024-02-06"},{"lineNumber":12,"author":{"gitId":"jasonlienardi"},"content":"    }","lastModifiedDate":"2024-02-06"},{"lineNumber":13,"author":{"gitId":"jasonlienardi"},"content":"}","lastModifiedDate":"2024-02-06"}],"authorContributionMap":{"jasonlienardi":13}},{"path":"src/main/java/Xavier/Parser.java","fileType":"java","lines":[{"lineNumber":1,"author":{"gitId":"jasonlienardi"},"content":"package Xavier;","lastModifiedDate":"2024-03-03"},{"lineNumber":2,"author":{"gitId":"jasonlienardi"},"content":"","lastModifiedDate":"2024-03-03"},{"lineNumber":3,"author":{"gitId":"jasonlienardi"},"content":"import Exceptions.InvalidInputException;","lastModifiedDate":"2024-03-03"},{"lineNumber":4,"author":{"gitId":"jasonlienardi"},"content":"import Exceptions.NoInputException;","lastModifiedDate":"2024-03-03"},{"lineNumber":5,"author":{"gitId":"jasonlienardi"},"content":"","lastModifiedDate":"2024-03-03"},{"lineNumber":6,"author":{"gitId":"jasonlienardi"},"content":"public class Parser {","lastModifiedDate":"2024-03-03"},{"lineNumber":7,"author":{"gitId":"jasonlienardi"},"content":"","lastModifiedDate":"2024-03-03"},{"lineNumber":8,"author":{"gitId":"jasonlienardi"},"content":"    public void parse(String command, TaskList taskList, Ui ui, Storage storage, String filePath) throws InvalidInputException, NoInputException {","lastModifiedDate":"2024-03-03"},{"lineNumber":9,"author":{"gitId":"jasonlienardi"},"content":"        if (command.equals(\"list\")) {","lastModifiedDate":"2024-03-03"},{"lineNumber":10,"author":{"gitId":"jasonlienardi"},"content":"            taskList.printList();","lastModifiedDate":"2024-03-03"},{"lineNumber":11,"author":{"gitId":"jasonlienardi"},"content":"        } else if (command.startsWith(\"mark\") || command.startsWith((\"unmark\"))) {","lastModifiedDate":"2024-03-03"},{"lineNumber":12,"author":{"gitId":"jasonlienardi"},"content":"            handleMarkAsDone(command, taskList, ui, storage, filePath);","lastModifiedDate":"2024-03-03"},{"lineNumber":13,"author":{"gitId":"jasonlienardi"},"content":"        } else if (command.startsWith(\"todo\") || command.startsWith(\"deadline\") || command.startsWith(\"event\")) {","lastModifiedDate":"2024-03-03"},{"lineNumber":14,"author":{"gitId":"jasonlienardi"},"content":"            handleAddTask(command, taskList, ui, storage, filePath);","lastModifiedDate":"2024-03-03"},{"lineNumber":15,"author":{"gitId":"jasonlienardi"},"content":"        } else if (command.startsWith(\"delete\")) {","lastModifiedDate":"2024-03-03"},{"lineNumber":16,"author":{"gitId":"jasonlienardi"},"content":"            handleDeleteTask(command, taskList, ui, storage, filePath);","lastModifiedDate":"2024-03-03"},{"lineNumber":17,"author":{"gitId":"jasonlienardi"},"content":"        } else if (command.equals(\"bye\")) {","lastModifiedDate":"2024-03-03"},{"lineNumber":18,"author":{"gitId":"jasonlienardi"},"content":"            ui.exit();","lastModifiedDate":"2024-03-03"},{"lineNumber":19,"author":{"gitId":"jasonlienardi"},"content":"        } else {","lastModifiedDate":"2024-03-03"},{"lineNumber":20,"author":{"gitId":"jasonlienardi"},"content":"            throw new InvalidInputException();","lastModifiedDate":"2024-03-03"},{"lineNumber":21,"author":{"gitId":"jasonlienardi"},"content":"        }","lastModifiedDate":"2024-03-03"},{"lineNumber":22,"author":{"gitId":"jasonlienardi"},"content":"    }","lastModifiedDate":"2024-03-03"},{"lineNumber":23,"author":{"gitId":"jasonlienardi"},"content":"","lastModifiedDate":"2024-03-03"},{"lineNumber":24,"author":{"gitId":"jasonlienardi"},"content":"    public static void handleMarkAsDone(String command, TaskList taskList, Ui ui, Storage storage, String filePath) {","lastModifiedDate":"2024-03-03"},{"lineNumber":25,"author":{"gitId":"jasonlienardi"},"content":"        String[] stringArray \u003d command.split(\" \");","lastModifiedDate":"2024-03-03"},{"lineNumber":26,"author":{"gitId":"jasonlienardi"},"content":"        int index \u003d Integer.parseInt(stringArray[1]) - 1;","lastModifiedDate":"2024-03-03"},{"lineNumber":27,"author":{"gitId":"jasonlienardi"},"content":"        if (command.startsWith(\"mark\")) {","lastModifiedDate":"2024-03-03"},{"lineNumber":28,"author":{"gitId":"jasonlienardi"},"content":"            taskList.markAsDone(index);","lastModifiedDate":"2024-03-03"},{"lineNumber":29,"author":{"gitId":"jasonlienardi"},"content":"            ui.printMarkTaskMessage(taskList, index);","lastModifiedDate":"2024-03-03"},{"lineNumber":30,"author":{"gitId":"jasonlienardi"},"content":"        } else if (command.startsWith(\"unmark\")) {","lastModifiedDate":"2024-03-03"},{"lineNumber":31,"author":{"gitId":"jasonlienardi"},"content":"            taskList.unmarkAsDone(index);","lastModifiedDate":"2024-03-03"},{"lineNumber":32,"author":{"gitId":"jasonlienardi"},"content":"            ui.printUnmarkTaskMessage(taskList, index);","lastModifiedDate":"2024-03-03"},{"lineNumber":33,"author":{"gitId":"jasonlienardi"},"content":"        }","lastModifiedDate":"2024-03-03"},{"lineNumber":34,"author":{"gitId":"jasonlienardi"},"content":"        storage.saveFile(taskList);","lastModifiedDate":"2024-03-03"},{"lineNumber":35,"author":{"gitId":"jasonlienardi"},"content":"    }","lastModifiedDate":"2024-03-03"},{"lineNumber":36,"author":{"gitId":"jasonlienardi"},"content":"","lastModifiedDate":"2024-03-03"},{"lineNumber":37,"author":{"gitId":"jasonlienardi"},"content":"    public static void handleAddTask(String command, TaskList taskList, Ui ui, Storage storage, String filePath) throws InvalidInputException, NoInputException {","lastModifiedDate":"2024-03-03"},{"lineNumber":38,"author":{"gitId":"jasonlienardi"},"content":"        String[] stringArray \u003d command.split(\" \");","lastModifiedDate":"2024-03-03"},{"lineNumber":39,"author":{"gitId":"jasonlienardi"},"content":"        if (stringArray.length \u003d\u003d 1) {","lastModifiedDate":"2024-03-03"},{"lineNumber":40,"author":{"gitId":"jasonlienardi"},"content":"            throw new NoInputException();","lastModifiedDate":"2024-03-03"},{"lineNumber":41,"author":{"gitId":"jasonlienardi"},"content":"        }","lastModifiedDate":"2024-03-03"},{"lineNumber":42,"author":{"gitId":"jasonlienardi"},"content":"        if (command.startsWith(\"todo\")){","lastModifiedDate":"2024-03-03"},{"lineNumber":43,"author":{"gitId":"jasonlienardi"},"content":"            int toDoStartIndex \u003d 4;","lastModifiedDate":"2024-03-03"},{"lineNumber":44,"author":{"gitId":"jasonlienardi"},"content":"            String toDoString \u003d command.substring(toDoStartIndex);","lastModifiedDate":"2024-03-03"},{"lineNumber":45,"author":{"gitId":"jasonlienardi"},"content":"            taskList.addTodoTask(toDoString);","lastModifiedDate":"2024-03-03"},{"lineNumber":46,"author":{"gitId":"jasonlienardi"},"content":"        }","lastModifiedDate":"2024-03-03"},{"lineNumber":47,"author":{"gitId":"jasonlienardi"},"content":"        else if (command.startsWith(\"deadline\")){","lastModifiedDate":"2024-03-03"},{"lineNumber":48,"author":{"gitId":"jasonlienardi"},"content":"            if (!command.contains(\"/by\")) {","lastModifiedDate":"2024-03-03"},{"lineNumber":49,"author":{"gitId":"jasonlienardi"},"content":"                throw new InvalidInputException();","lastModifiedDate":"2024-03-03"},{"lineNumber":50,"author":{"gitId":"jasonlienardi"},"content":"            }","lastModifiedDate":"2024-03-03"},{"lineNumber":51,"author":{"gitId":"jasonlienardi"},"content":"            int deadlineIndex \u003d command.indexOf(\"/by\");","lastModifiedDate":"2024-03-03"},{"lineNumber":52,"author":{"gitId":"jasonlienardi"},"content":"            String description \u003d command.substring(8, deadlineIndex);","lastModifiedDate":"2024-03-03"},{"lineNumber":53,"author":{"gitId":"jasonlienardi"},"content":"            String by \u003d command.substring(deadlineIndex + 4);","lastModifiedDate":"2024-03-03"},{"lineNumber":54,"author":{"gitId":"jasonlienardi"},"content":"            taskList.addDeadline(description, by);","lastModifiedDate":"2024-03-03"},{"lineNumber":55,"author":{"gitId":"jasonlienardi"},"content":"        }","lastModifiedDate":"2024-03-03"},{"lineNumber":56,"author":{"gitId":"jasonlienardi"},"content":"        else if (command.startsWith(\"event\")){","lastModifiedDate":"2024-03-03"},{"lineNumber":57,"author":{"gitId":"jasonlienardi"},"content":"            if (!command.contains(\"/from\") || !command.contains(\"/to\")) {","lastModifiedDate":"2024-03-03"},{"lineNumber":58,"author":{"gitId":"jasonlienardi"},"content":"                throw new InvalidInputException();","lastModifiedDate":"2024-03-03"},{"lineNumber":59,"author":{"gitId":"jasonlienardi"},"content":"            }","lastModifiedDate":"2024-03-03"},{"lineNumber":60,"author":{"gitId":"jasonlienardi"},"content":"            int startIndex \u003d command.indexOf(\"/from\");","lastModifiedDate":"2024-03-03"},{"lineNumber":61,"author":{"gitId":"jasonlienardi"},"content":"            int endIndex \u003d command.indexOf(\"/to\");","lastModifiedDate":"2024-03-03"},{"lineNumber":62,"author":{"gitId":"jasonlienardi"},"content":"            String description \u003d command.substring(5, startIndex);","lastModifiedDate":"2024-03-03"},{"lineNumber":63,"author":{"gitId":"jasonlienardi"},"content":"            String from \u003d command.substring(startIndex + 6, endIndex);","lastModifiedDate":"2024-03-03"},{"lineNumber":64,"author":{"gitId":"jasonlienardi"},"content":"            String to \u003d command.substring(endIndex + 4);","lastModifiedDate":"2024-03-03"},{"lineNumber":65,"author":{"gitId":"jasonlienardi"},"content":"            taskList.addEvent(description, from, to);","lastModifiedDate":"2024-03-03"},{"lineNumber":66,"author":{"gitId":"jasonlienardi"},"content":"        }","lastModifiedDate":"2024-03-03"},{"lineNumber":67,"author":{"gitId":"jasonlienardi"},"content":"        ui.printAddTaskMessage(taskList);","lastModifiedDate":"2024-03-03"},{"lineNumber":68,"author":{"gitId":"jasonlienardi"},"content":"        storage.saveFile(taskList);","lastModifiedDate":"2024-03-03"},{"lineNumber":69,"author":{"gitId":"jasonlienardi"},"content":"    }","lastModifiedDate":"2024-03-03"},{"lineNumber":70,"author":{"gitId":"jasonlienardi"},"content":"","lastModifiedDate":"2024-03-03"},{"lineNumber":71,"author":{"gitId":"jasonlienardi"},"content":"    public static void handleDeleteTask(String command, TaskList taskList, Ui ui, Storage storage, String filePath) {","lastModifiedDate":"2024-03-03"},{"lineNumber":72,"author":{"gitId":"jasonlienardi"},"content":"        String[] stringArray \u003d command.split(\" \");","lastModifiedDate":"2024-03-03"},{"lineNumber":73,"author":{"gitId":"jasonlienardi"},"content":"        int index \u003d Integer.parseInt(stringArray[1]) - 1;","lastModifiedDate":"2024-03-03"},{"lineNumber":74,"author":{"gitId":"jasonlienardi"},"content":"        ui.printDeleteTaskMessage(taskList, index);","lastModifiedDate":"2024-03-03"},{"lineNumber":75,"author":{"gitId":"jasonlienardi"},"content":"        taskList.deleteTask(index);","lastModifiedDate":"2024-03-03"},{"lineNumber":76,"author":{"gitId":"jasonlienardi"},"content":"        storage.saveFile(taskList);","lastModifiedDate":"2024-03-03"},{"lineNumber":77,"author":{"gitId":"jasonlienardi"},"content":"    }","lastModifiedDate":"2024-03-03"},{"lineNumber":78,"author":{"gitId":"jasonlienardi"},"content":"","lastModifiedDate":"2024-03-03"},{"lineNumber":79,"author":{"gitId":"jasonlienardi"},"content":"}","lastModifiedDate":"2024-03-03"}],"authorContributionMap":{"jasonlienardi":79}},{"path":"src/main/java/Xavier/Storage.java","fileType":"java","lines":[{"lineNumber":1,"author":{"gitId":"jasonlienardi"},"content":"package Xavier;","lastModifiedDate":"2024-03-03"},{"lineNumber":2,"author":{"gitId":"jasonlienardi"},"content":"","lastModifiedDate":"2024-03-03"},{"lineNumber":3,"author":{"gitId":"jasonlienardi"},"content":"import Exceptions.XavierException;","lastModifiedDate":"2024-03-03"},{"lineNumber":4,"author":{"gitId":"jasonlienardi"},"content":"import Tasks.Deadline;","lastModifiedDate":"2024-03-03"},{"lineNumber":5,"author":{"gitId":"jasonlienardi"},"content":"import Tasks.Event;","lastModifiedDate":"2024-03-03"},{"lineNumber":6,"author":{"gitId":"jasonlienardi"},"content":"import Tasks.Task;","lastModifiedDate":"2024-03-03"},{"lineNumber":7,"author":{"gitId":"jasonlienardi"},"content":"import Tasks.Todo;","lastModifiedDate":"2024-03-03"},{"lineNumber":8,"author":{"gitId":"jasonlienardi"},"content":"","lastModifiedDate":"2024-03-03"},{"lineNumber":9,"author":{"gitId":"jasonlienardi"},"content":"import java.io.File;","lastModifiedDate":"2024-03-03"},{"lineNumber":10,"author":{"gitId":"jasonlienardi"},"content":"import java.io.FileNotFoundException;","lastModifiedDate":"2024-03-03"},{"lineNumber":11,"author":{"gitId":"jasonlienardi"},"content":"import java.io.FileWriter;","lastModifiedDate":"2024-03-03"},{"lineNumber":12,"author":{"gitId":"jasonlienardi"},"content":"import java.io.IOException;","lastModifiedDate":"2024-03-03"},{"lineNumber":13,"author":{"gitId":"jasonlienardi"},"content":"import java.util.ArrayList;","lastModifiedDate":"2024-03-03"},{"lineNumber":14,"author":{"gitId":"jasonlienardi"},"content":"import java.util.Scanner;","lastModifiedDate":"2024-03-03"},{"lineNumber":15,"author":{"gitId":"jasonlienardi"},"content":"","lastModifiedDate":"2024-03-03"},{"lineNumber":16,"author":{"gitId":"jasonlienardi"},"content":"public class Storage {","lastModifiedDate":"2024-03-03"},{"lineNumber":17,"author":{"gitId":"jasonlienardi"},"content":"","lastModifiedDate":"2024-03-03"},{"lineNumber":18,"author":{"gitId":"jasonlienardi"},"content":"    protected String filePath;","lastModifiedDate":"2024-03-03"},{"lineNumber":19,"author":{"gitId":"jasonlienardi"},"content":"    public Storage(String filePath) {","lastModifiedDate":"2024-03-03"},{"lineNumber":20,"author":{"gitId":"jasonlienardi"},"content":"        this.filePath \u003d filePath;","lastModifiedDate":"2024-03-03"},{"lineNumber":21,"author":{"gitId":"jasonlienardi"},"content":"    }","lastModifiedDate":"2024-03-03"},{"lineNumber":22,"author":{"gitId":"jasonlienardi"},"content":"","lastModifiedDate":"2024-03-03"},{"lineNumber":23,"author":{"gitId":"jasonlienardi"},"content":"    public void createOrCheckFile() {","lastModifiedDate":"2024-03-03"},{"lineNumber":24,"author":{"gitId":"jasonlienardi"},"content":"        File file \u003d new File(filePath);","lastModifiedDate":"2024-03-03"},{"lineNumber":25,"author":{"gitId":"jasonlienardi"},"content":"        try {","lastModifiedDate":"2024-03-03"},{"lineNumber":26,"author":{"gitId":"jasonlienardi"},"content":"            if (!file.exists()) {","lastModifiedDate":"2024-03-03"},{"lineNumber":27,"author":{"gitId":"jasonlienardi"},"content":"                boolean created \u003d file.createNewFile();","lastModifiedDate":"2024-03-03"},{"lineNumber":28,"author":{"gitId":"jasonlienardi"},"content":"                if (created) {","lastModifiedDate":"2024-03-03"},{"lineNumber":29,"author":{"gitId":"jasonlienardi"},"content":"                    System.out.println(\"File created: toDoList\");","lastModifiedDate":"2024-03-03"},{"lineNumber":30,"author":{"gitId":"jasonlienardi"},"content":"                }","lastModifiedDate":"2024-03-03"},{"lineNumber":31,"author":{"gitId":"jasonlienardi"},"content":"            }","lastModifiedDate":"2024-03-03"},{"lineNumber":32,"author":{"gitId":"jasonlienardi"},"content":"        } catch (IOException e) {","lastModifiedDate":"2024-03-03"},{"lineNumber":33,"author":{"gitId":"jasonlienardi"},"content":"            System.err.println(\"Error creating or checking file: \" + e.getMessage());","lastModifiedDate":"2024-03-03"},{"lineNumber":34,"author":{"gitId":"jasonlienardi"},"content":"        }","lastModifiedDate":"2024-03-03"},{"lineNumber":35,"author":{"gitId":"jasonlienardi"},"content":"    }","lastModifiedDate":"2024-03-03"},{"lineNumber":36,"author":{"gitId":"jasonlienardi"},"content":"","lastModifiedDate":"2024-03-03"},{"lineNumber":37,"author":{"gitId":"jasonlienardi"},"content":"    //writing files","lastModifiedDate":"2024-03-03"},{"lineNumber":38,"author":{"gitId":"jasonlienardi"},"content":"    private void appendToFile(String textToAppend) throws IOException {","lastModifiedDate":"2024-03-03"},{"lineNumber":39,"author":{"gitId":"jasonlienardi"},"content":"        FileWriter fw \u003d new FileWriter(filePath, true); // create a FileWriter in append mode","lastModifiedDate":"2024-03-03"},{"lineNumber":40,"author":{"gitId":"jasonlienardi"},"content":"        fw.write(textToAppend + \"\\n\");","lastModifiedDate":"2024-03-03"},{"lineNumber":41,"author":{"gitId":"jasonlienardi"},"content":"        fw.close();","lastModifiedDate":"2024-03-03"},{"lineNumber":42,"author":{"gitId":"jasonlienardi"},"content":"    }","lastModifiedDate":"2024-03-03"},{"lineNumber":43,"author":{"gitId":"jasonlienardi"},"content":"","lastModifiedDate":"2024-03-03"},{"lineNumber":44,"author":{"gitId":"jasonlienardi"},"content":"    private void writeToFile() throws IOException {","lastModifiedDate":"2024-03-03"},{"lineNumber":45,"author":{"gitId":"jasonlienardi"},"content":"        FileWriter fw \u003d new FileWriter(filePath);","lastModifiedDate":"2024-03-03"},{"lineNumber":46,"author":{"gitId":"jasonlienardi"},"content":"        fw.write(\"\");","lastModifiedDate":"2024-03-03"},{"lineNumber":47,"author":{"gitId":"jasonlienardi"},"content":"        fw.close();","lastModifiedDate":"2024-03-03"},{"lineNumber":48,"author":{"gitId":"jasonlienardi"},"content":"    }","lastModifiedDate":"2024-03-03"},{"lineNumber":49,"author":{"gitId":"jasonlienardi"},"content":"","lastModifiedDate":"2024-03-03"},{"lineNumber":50,"author":{"gitId":"jasonlienardi"},"content":"    public void saveFile(TaskList taskList) {","lastModifiedDate":"2024-03-03"},{"lineNumber":51,"author":{"gitId":"jasonlienardi"},"content":"        createOrCheckFile();","lastModifiedDate":"2024-03-03"},{"lineNumber":52,"author":{"gitId":"jasonlienardi"},"content":"        try {","lastModifiedDate":"2024-03-03"},{"lineNumber":53,"author":{"gitId":"jasonlienardi"},"content":"            writeToFile();","lastModifiedDate":"2024-03-03"},{"lineNumber":54,"author":{"gitId":"jasonlienardi"},"content":"            for (Task task : taskList.getItemList()) {","lastModifiedDate":"2024-03-03"},{"lineNumber":55,"author":{"gitId":"jasonlienardi"},"content":"                if (task instanceof Todo) {","lastModifiedDate":"2024-03-03"},{"lineNumber":56,"author":{"gitId":"jasonlienardi"},"content":"                    Todo todo \u003d (Todo) task;","lastModifiedDate":"2024-03-03"},{"lineNumber":57,"author":{"gitId":"jasonlienardi"},"content":"                    appendToFile(\"T|\" + todo.getStatus() + \"|\" + todo.getDescription());","lastModifiedDate":"2024-03-03"},{"lineNumber":58,"author":{"gitId":"jasonlienardi"},"content":"                } else if (task instanceof Deadline) {","lastModifiedDate":"2024-03-03"},{"lineNumber":59,"author":{"gitId":"jasonlienardi"},"content":"                    Deadline deadline \u003d (Deadline) task;","lastModifiedDate":"2024-03-03"},{"lineNumber":60,"author":{"gitId":"jasonlienardi"},"content":"                    appendToFile(\"D|\" + deadline.getStatus() + \"|\" + deadline.getDescription() + \"|\" + deadline.getBy());","lastModifiedDate":"2024-03-03"},{"lineNumber":61,"author":{"gitId":"jasonlienardi"},"content":"                } else if (task instanceof Event) {","lastModifiedDate":"2024-03-03"},{"lineNumber":62,"author":{"gitId":"jasonlienardi"},"content":"                    Event event \u003d (Event) task;","lastModifiedDate":"2024-03-03"},{"lineNumber":63,"author":{"gitId":"jasonlienardi"},"content":"                    appendToFile(\"E|\" + event.getStatus() + \"|\" + event.getDescription() + \"|\" + event.getStart() + \"|\" + event.getEnd());","lastModifiedDate":"2024-03-03"},{"lineNumber":64,"author":{"gitId":"jasonlienardi"},"content":"                }","lastModifiedDate":"2024-03-03"},{"lineNumber":65,"author":{"gitId":"jasonlienardi"},"content":"            }","lastModifiedDate":"2024-03-03"},{"lineNumber":66,"author":{"gitId":"jasonlienardi"},"content":"        } catch (IOException e) {","lastModifiedDate":"2024-03-03"},{"lineNumber":67,"author":{"gitId":"jasonlienardi"},"content":"            System.out.println(\"Something went wrong: \" + e.getMessage());","lastModifiedDate":"2024-03-03"},{"lineNumber":68,"author":{"gitId":"jasonlienardi"},"content":"        }","lastModifiedDate":"2024-03-03"},{"lineNumber":69,"author":{"gitId":"jasonlienardi"},"content":"    }","lastModifiedDate":"2024-03-03"},{"lineNumber":70,"author":{"gitId":"jasonlienardi"},"content":"","lastModifiedDate":"2024-03-03"},{"lineNumber":71,"author":{"gitId":"jasonlienardi"},"content":"    //reading files","lastModifiedDate":"2024-03-03"},{"lineNumber":72,"author":{"gitId":"jasonlienardi"},"content":"    public ArrayList\u003cTask\u003e readFile() throws XavierException {","lastModifiedDate":"2024-03-03"},{"lineNumber":73,"author":{"gitId":"jasonlienardi"},"content":"        createOrCheckFile();","lastModifiedDate":"2024-03-03"},{"lineNumber":74,"author":{"gitId":"jasonlienardi"},"content":"        ArrayList\u003cTask\u003e itemList \u003d new ArrayList\u003c\u003e();","lastModifiedDate":"2024-03-03"},{"lineNumber":75,"author":{"gitId":"jasonlienardi"},"content":"        try {","lastModifiedDate":"2024-03-03"},{"lineNumber":76,"author":{"gitId":"jasonlienardi"},"content":"            File f \u003d new File(filePath); // create a File for the given file path","lastModifiedDate":"2024-03-03"},{"lineNumber":77,"author":{"gitId":"jasonlienardi"},"content":"            if (!f.exists()) {","lastModifiedDate":"2024-03-03"},{"lineNumber":78,"author":{"gitId":"jasonlienardi"},"content":"                throw new XavierException();","lastModifiedDate":"2024-03-03"},{"lineNumber":79,"author":{"gitId":"jasonlienardi"},"content":"            }","lastModifiedDate":"2024-03-03"},{"lineNumber":80,"author":{"gitId":"jasonlienardi"},"content":"            Scanner s \u003d new Scanner(f); // create a Scanner using the File as the source","lastModifiedDate":"2024-03-03"},{"lineNumber":81,"author":{"gitId":"jasonlienardi"},"content":"            while (s.hasNextLine()) {","lastModifiedDate":"2024-03-03"},{"lineNumber":82,"author":{"gitId":"jasonlienardi"},"content":"                String line \u003d s.nextLine();","lastModifiedDate":"2024-03-03"},{"lineNumber":83,"author":{"gitId":"jasonlienardi"},"content":"                String[] stringArray \u003d line.split(\"\\\\|\");","lastModifiedDate":"2024-03-03"},{"lineNumber":84,"author":{"gitId":"jasonlienardi"},"content":"                String type \u003d stringArray[0];","lastModifiedDate":"2024-03-03"},{"lineNumber":85,"author":{"gitId":"jasonlienardi"},"content":"                String status \u003d stringArray[1];","lastModifiedDate":"2024-03-03"},{"lineNumber":86,"author":{"gitId":"jasonlienardi"},"content":"                switch (type) {","lastModifiedDate":"2024-03-03"},{"lineNumber":87,"author":{"gitId":"jasonlienardi"},"content":"                    case \"T\":","lastModifiedDate":"2024-03-03"},{"lineNumber":88,"author":{"gitId":"jasonlienardi"},"content":"                        Todo todo \u003d new Todo(stringArray[2]);","lastModifiedDate":"2024-03-03"},{"lineNumber":89,"author":{"gitId":"jasonlienardi"},"content":"                        if (status.equals(\"1\")) {","lastModifiedDate":"2024-03-03"},{"lineNumber":90,"author":{"gitId":"jasonlienardi"},"content":"                            todo.markAsDone();","lastModifiedDate":"2024-03-03"},{"lineNumber":91,"author":{"gitId":"jasonlienardi"},"content":"                        }","lastModifiedDate":"2024-03-03"},{"lineNumber":92,"author":{"gitId":"jasonlienardi"},"content":"                        itemList.add(todo);","lastModifiedDate":"2024-03-03"},{"lineNumber":93,"author":{"gitId":"jasonlienardi"},"content":"                        break;","lastModifiedDate":"2024-03-03"},{"lineNumber":94,"author":{"gitId":"jasonlienardi"},"content":"                    case \"D\":","lastModifiedDate":"2024-03-03"},{"lineNumber":95,"author":{"gitId":"jasonlienardi"},"content":"                        Deadline deadline \u003d new Deadline(stringArray[2], stringArray[3]);","lastModifiedDate":"2024-03-03"},{"lineNumber":96,"author":{"gitId":"jasonlienardi"},"content":"                        if (status.equals(\"1\")) {","lastModifiedDate":"2024-03-03"},{"lineNumber":97,"author":{"gitId":"jasonlienardi"},"content":"                            deadline.markAsDone();","lastModifiedDate":"2024-03-03"},{"lineNumber":98,"author":{"gitId":"jasonlienardi"},"content":"                        }","lastModifiedDate":"2024-03-03"},{"lineNumber":99,"author":{"gitId":"jasonlienardi"},"content":"                        itemList.add(deadline);","lastModifiedDate":"2024-03-03"},{"lineNumber":100,"author":{"gitId":"jasonlienardi"},"content":"                        break;","lastModifiedDate":"2024-03-03"},{"lineNumber":101,"author":{"gitId":"jasonlienardi"},"content":"                    case \"E\":","lastModifiedDate":"2024-03-03"},{"lineNumber":102,"author":{"gitId":"jasonlienardi"},"content":"                        Event event \u003d new Event(stringArray[2], stringArray[3], stringArray[4]);","lastModifiedDate":"2024-03-03"},{"lineNumber":103,"author":{"gitId":"jasonlienardi"},"content":"                        if (status.equals(\"1\")) {","lastModifiedDate":"2024-03-03"},{"lineNumber":104,"author":{"gitId":"jasonlienardi"},"content":"                            event.markAsDone();","lastModifiedDate":"2024-03-03"},{"lineNumber":105,"author":{"gitId":"jasonlienardi"},"content":"                        }","lastModifiedDate":"2024-03-03"},{"lineNumber":106,"author":{"gitId":"jasonlienardi"},"content":"                        itemList.add(event);","lastModifiedDate":"2024-03-03"},{"lineNumber":107,"author":{"gitId":"jasonlienardi"},"content":"                        break;","lastModifiedDate":"2024-03-03"},{"lineNumber":108,"author":{"gitId":"jasonlienardi"},"content":"                }","lastModifiedDate":"2024-03-03"},{"lineNumber":109,"author":{"gitId":"jasonlienardi"},"content":"","lastModifiedDate":"2024-03-03"},{"lineNumber":110,"author":{"gitId":"jasonlienardi"},"content":"            }","lastModifiedDate":"2024-03-03"},{"lineNumber":111,"author":{"gitId":"jasonlienardi"},"content":"            s.close();","lastModifiedDate":"2024-03-03"},{"lineNumber":112,"author":{"gitId":"jasonlienardi"},"content":"        } catch (FileNotFoundException e) {","lastModifiedDate":"2024-03-03"},{"lineNumber":113,"author":{"gitId":"jasonlienardi"},"content":"            System.out.println(\"File not found\");","lastModifiedDate":"2024-03-03"},{"lineNumber":114,"author":{"gitId":"jasonlienardi"},"content":"        }","lastModifiedDate":"2024-03-03"},{"lineNumber":115,"author":{"gitId":"jasonlienardi"},"content":"        return itemList;","lastModifiedDate":"2024-03-03"},{"lineNumber":116,"author":{"gitId":"jasonlienardi"},"content":"    }","lastModifiedDate":"2024-03-03"},{"lineNumber":117,"author":{"gitId":"jasonlienardi"},"content":"}","lastModifiedDate":"2024-03-03"}],"authorContributionMap":{"jasonlienardi":117}},{"path":"src/main/java/Xavier/TaskList.java","fileType":"java","lines":[{"lineNumber":1,"author":{"gitId":"jasonlienardi"},"content":"package Xavier;","lastModifiedDate":"2024-03-03"},{"lineNumber":2,"author":{"gitId":"jasonlienardi"},"content":"","lastModifiedDate":"2024-03-03"},{"lineNumber":3,"author":{"gitId":"jasonlienardi"},"content":"","lastModifiedDate":"2024-03-03"},{"lineNumber":4,"author":{"gitId":"jasonlienardi"},"content":"import Tasks.Deadline;","lastModifiedDate":"2024-03-03"},{"lineNumber":5,"author":{"gitId":"jasonlienardi"},"content":"import Tasks.Event;","lastModifiedDate":"2024-03-03"},{"lineNumber":6,"author":{"gitId":"jasonlienardi"},"content":"import Tasks.Task;","lastModifiedDate":"2024-03-03"},{"lineNumber":7,"author":{"gitId":"jasonlienardi"},"content":"import Tasks.Todo;","lastModifiedDate":"2024-03-03"},{"lineNumber":8,"author":{"gitId":"jasonlienardi"},"content":"import java.util.ArrayList;","lastModifiedDate":"2024-03-03"},{"lineNumber":9,"author":{"gitId":"jasonlienardi"},"content":"","lastModifiedDate":"2024-03-03"},{"lineNumber":10,"author":{"gitId":"jasonlienardi"},"content":"public class TaskList {","lastModifiedDate":"2024-03-03"},{"lineNumber":11,"author":{"gitId":"jasonlienardi"},"content":"    ArrayList\u003cTask\u003e itemList;","lastModifiedDate":"2024-03-03"},{"lineNumber":12,"author":{"gitId":"jasonlienardi"},"content":"","lastModifiedDate":"2024-03-03"},{"lineNumber":13,"author":{"gitId":"jasonlienardi"},"content":"    public TaskList() {","lastModifiedDate":"2024-03-03"},{"lineNumber":14,"author":{"gitId":"jasonlienardi"},"content":"        this.itemList \u003d new ArrayList\u003c\u003e();","lastModifiedDate":"2024-03-03"},{"lineNumber":15,"author":{"gitId":"jasonlienardi"},"content":"    }","lastModifiedDate":"2024-03-03"},{"lineNumber":16,"author":{"gitId":"jasonlienardi"},"content":"","lastModifiedDate":"2024-03-03"},{"lineNumber":17,"author":{"gitId":"jasonlienardi"},"content":"    public TaskList(ArrayList\u003cTask\u003e itemList) {","lastModifiedDate":"2024-03-03"},{"lineNumber":18,"author":{"gitId":"jasonlienardi"},"content":"        this.itemList \u003d itemList;","lastModifiedDate":"2024-03-03"},{"lineNumber":19,"author":{"gitId":"jasonlienardi"},"content":"    }","lastModifiedDate":"2024-03-03"},{"lineNumber":20,"author":{"gitId":"jasonlienardi"},"content":"","lastModifiedDate":"2024-03-03"},{"lineNumber":21,"author":{"gitId":"jasonlienardi"},"content":"    public void printList() {","lastModifiedDate":"2024-03-03"},{"lineNumber":22,"author":{"gitId":"jasonlienardi"},"content":"        System.out.println(\"Here are the tasks in your list:\");","lastModifiedDate":"2024-03-03"},{"lineNumber":23,"author":{"gitId":"jasonlienardi"},"content":"        for (int i \u003d 0; i \u003c itemList.size(); i++) {","lastModifiedDate":"2024-03-03"},{"lineNumber":24,"author":{"gitId":"jasonlienardi"},"content":"            System.out.println(i + 1 + \".\" + itemList.get(i).toString());","lastModifiedDate":"2024-03-03"},{"lineNumber":25,"author":{"gitId":"jasonlienardi"},"content":"        }","lastModifiedDate":"2024-03-03"},{"lineNumber":26,"author":{"gitId":"jasonlienardi"},"content":"    }","lastModifiedDate":"2024-03-03"},{"lineNumber":27,"author":{"gitId":"jasonlienardi"},"content":"","lastModifiedDate":"2024-03-03"},{"lineNumber":28,"author":{"gitId":"jasonlienardi"},"content":"    public void markAsDone(int index) {","lastModifiedDate":"2024-03-03"},{"lineNumber":29,"author":{"gitId":"jasonlienardi"},"content":"        itemList.get(index).markAsDone();","lastModifiedDate":"2024-03-03"},{"lineNumber":30,"author":{"gitId":"jasonlienardi"},"content":"    }","lastModifiedDate":"2024-03-03"},{"lineNumber":31,"author":{"gitId":"jasonlienardi"},"content":"","lastModifiedDate":"2024-03-03"},{"lineNumber":32,"author":{"gitId":"jasonlienardi"},"content":"    public void unmarkAsDone(int index) {","lastModifiedDate":"2024-03-03"},{"lineNumber":33,"author":{"gitId":"jasonlienardi"},"content":"        itemList.get(index).markAsNotDone();","lastModifiedDate":"2024-03-03"},{"lineNumber":34,"author":{"gitId":"jasonlienardi"},"content":"    }","lastModifiedDate":"2024-03-03"},{"lineNumber":35,"author":{"gitId":"jasonlienardi"},"content":"","lastModifiedDate":"2024-03-03"},{"lineNumber":36,"author":{"gitId":"jasonlienardi"},"content":"    public void addTodoTask(String toDoString) {","lastModifiedDate":"2024-03-03"},{"lineNumber":37,"author":{"gitId":"jasonlienardi"},"content":"        Todo toDo \u003d new Todo(toDoString);","lastModifiedDate":"2024-03-03"},{"lineNumber":38,"author":{"gitId":"jasonlienardi"},"content":"        itemList.add(toDo);","lastModifiedDate":"2024-03-03"},{"lineNumber":39,"author":{"gitId":"jasonlienardi"},"content":"    }","lastModifiedDate":"2024-03-03"},{"lineNumber":40,"author":{"gitId":"jasonlienardi"},"content":"","lastModifiedDate":"2024-03-03"},{"lineNumber":41,"author":{"gitId":"jasonlienardi"},"content":"    public void addDeadline(String description, String by) {","lastModifiedDate":"2024-03-03"},{"lineNumber":42,"author":{"gitId":"jasonlienardi"},"content":"        Deadline deadline \u003d new Deadline(description, by);","lastModifiedDate":"2024-03-03"},{"lineNumber":43,"author":{"gitId":"jasonlienardi"},"content":"        itemList.add(deadline);","lastModifiedDate":"2024-03-03"},{"lineNumber":44,"author":{"gitId":"jasonlienardi"},"content":"    }","lastModifiedDate":"2024-03-03"},{"lineNumber":45,"author":{"gitId":"jasonlienardi"},"content":"","lastModifiedDate":"2024-03-03"},{"lineNumber":46,"author":{"gitId":"jasonlienardi"},"content":"    public void addEvent(String description, String from, String to) {","lastModifiedDate":"2024-03-03"},{"lineNumber":47,"author":{"gitId":"jasonlienardi"},"content":"        Event event \u003d new Event(description, from, to);","lastModifiedDate":"2024-03-03"},{"lineNumber":48,"author":{"gitId":"jasonlienardi"},"content":"        itemList.add(event);","lastModifiedDate":"2024-03-03"},{"lineNumber":49,"author":{"gitId":"jasonlienardi"},"content":"    }","lastModifiedDate":"2024-03-03"},{"lineNumber":50,"author":{"gitId":"jasonlienardi"},"content":"","lastModifiedDate":"2024-03-03"},{"lineNumber":51,"author":{"gitId":"jasonlienardi"},"content":"    public void deleteTask(int index) {","lastModifiedDate":"2024-03-03"},{"lineNumber":52,"author":{"gitId":"jasonlienardi"},"content":"        itemList.remove(index);","lastModifiedDate":"2024-03-03"},{"lineNumber":53,"author":{"gitId":"jasonlienardi"},"content":"    }","lastModifiedDate":"2024-03-03"},{"lineNumber":54,"author":{"gitId":"jasonlienardi"},"content":"","lastModifiedDate":"2024-03-03"},{"lineNumber":55,"author":{"gitId":"jasonlienardi"},"content":"    public int getSize() {","lastModifiedDate":"2024-03-03"},{"lineNumber":56,"author":{"gitId":"jasonlienardi"},"content":"        return itemList.size();","lastModifiedDate":"2024-03-03"},{"lineNumber":57,"author":{"gitId":"jasonlienardi"},"content":"    }","lastModifiedDate":"2024-03-03"},{"lineNumber":58,"author":{"gitId":"jasonlienardi"},"content":"    public String getTask(int index) {","lastModifiedDate":"2024-03-03"},{"lineNumber":59,"author":{"gitId":"jasonlienardi"},"content":"        return itemList.get(index).toString();","lastModifiedDate":"2024-03-03"},{"lineNumber":60,"author":{"gitId":"jasonlienardi"},"content":"    }","lastModifiedDate":"2024-03-03"},{"lineNumber":61,"author":{"gitId":"jasonlienardi"},"content":"","lastModifiedDate":"2024-03-03"},{"lineNumber":62,"author":{"gitId":"jasonlienardi"},"content":"    public String getLastTask() {","lastModifiedDate":"2024-03-03"},{"lineNumber":63,"author":{"gitId":"jasonlienardi"},"content":"        return itemList.get(itemList.size()-1).toString();","lastModifiedDate":"2024-03-03"},{"lineNumber":64,"author":{"gitId":"jasonlienardi"},"content":"    }","lastModifiedDate":"2024-03-03"},{"lineNumber":65,"author":{"gitId":"jasonlienardi"},"content":"","lastModifiedDate":"2024-03-03"},{"lineNumber":66,"author":{"gitId":"jasonlienardi"},"content":"    public ArrayList\u003cTask\u003e getItemList() {","lastModifiedDate":"2024-03-03"},{"lineNumber":67,"author":{"gitId":"jasonlienardi"},"content":"        return itemList;","lastModifiedDate":"2024-03-03"},{"lineNumber":68,"author":{"gitId":"jasonlienardi"},"content":"    }","lastModifiedDate":"2024-03-03"},{"lineNumber":69,"author":{"gitId":"jasonlienardi"},"content":"}","lastModifiedDate":"2024-03-03"}],"authorContributionMap":{"jasonlienardi":69}},{"path":"src/main/java/Xavier/Ui.java","fileType":"java","lines":[{"lineNumber":1,"author":{"gitId":"jasonlienardi"},"content":"package Xavier;","lastModifiedDate":"2024-03-03"},{"lineNumber":2,"author":{"gitId":"jasonlienardi"},"content":"","lastModifiedDate":"2024-03-03"},{"lineNumber":3,"author":{"gitId":"jasonlienardi"},"content":"import Exceptions.InvalidInputException;","lastModifiedDate":"2024-03-03"},{"lineNumber":4,"author":{"gitId":"jasonlienardi"},"content":"import Exceptions.NoInputException;","lastModifiedDate":"2024-03-03"},{"lineNumber":5,"author":{"gitId":"jasonlienardi"},"content":"","lastModifiedDate":"2024-03-03"},{"lineNumber":6,"author":{"gitId":"jasonlienardi"},"content":"import java.util.Scanner;","lastModifiedDate":"2024-03-03"},{"lineNumber":7,"author":{"gitId":"jasonlienardi"},"content":"","lastModifiedDate":"2024-03-03"},{"lineNumber":8,"author":{"gitId":"jasonlienardi"},"content":"public class Ui {","lastModifiedDate":"2024-03-03"},{"lineNumber":9,"author":{"gitId":"jasonlienardi"},"content":"    public static final String LINE \u003d \"_________________________________________________________________\";","lastModifiedDate":"2024-03-03"},{"lineNumber":10,"author":{"gitId":"jasonlienardi"},"content":"","lastModifiedDate":"2024-03-03"},{"lineNumber":11,"author":{"gitId":"jasonlienardi"},"content":"    public boolean isExit \u003d false;","lastModifiedDate":"2024-03-03"},{"lineNumber":12,"author":{"gitId":"jasonlienardi"},"content":"    static Scanner input \u003d new Scanner(System.in);","lastModifiedDate":"2024-03-03"},{"lineNumber":13,"author":{"gitId":"jasonlienardi"},"content":"    public void printWelcomeMessage() {","lastModifiedDate":"2024-03-03"},{"lineNumber":14,"author":{"gitId":"jasonlienardi"},"content":"        System.out.println(LINE);","lastModifiedDate":"2024-03-03"},{"lineNumber":15,"author":{"gitId":"jasonlienardi"},"content":"        System.out.println(\"Hello! I\u0027m \" + \"Xavier\");","lastModifiedDate":"2024-03-03"},{"lineNumber":16,"author":{"gitId":"jasonlienardi"},"content":"        System.out.println(\"What can I do for you?\");","lastModifiedDate":"2024-03-03"},{"lineNumber":17,"author":{"gitId":"jasonlienardi"},"content":"        System.out.println(LINE);","lastModifiedDate":"2024-03-03"},{"lineNumber":18,"author":{"gitId":"jasonlienardi"},"content":"    }","lastModifiedDate":"2024-03-03"},{"lineNumber":19,"author":{"gitId":"jasonlienardi"},"content":"","lastModifiedDate":"2024-03-03"},{"lineNumber":20,"author":{"gitId":"jasonlienardi"},"content":"    public void showLoadingError() {","lastModifiedDate":"2024-03-03"},{"lineNumber":21,"author":{"gitId":"jasonlienardi"},"content":"        System.out.println(\"Unable to load file\");","lastModifiedDate":"2024-03-03"},{"lineNumber":22,"author":{"gitId":"jasonlienardi"},"content":"    }","lastModifiedDate":"2024-03-03"},{"lineNumber":23,"author":{"gitId":"jasonlienardi"},"content":"","lastModifiedDate":"2024-03-03"},{"lineNumber":24,"author":{"gitId":"jasonlienardi"},"content":"    public void showLine() {","lastModifiedDate":"2024-03-03"},{"lineNumber":25,"author":{"gitId":"jasonlienardi"},"content":"        System.out.println(LINE);","lastModifiedDate":"2024-03-03"},{"lineNumber":26,"author":{"gitId":"jasonlienardi"},"content":"    }","lastModifiedDate":"2024-03-03"},{"lineNumber":27,"author":{"gitId":"jasonlienardi"},"content":"","lastModifiedDate":"2024-03-03"},{"lineNumber":28,"author":{"gitId":"jasonlienardi"},"content":"    public void readCommand(Parser parser, TaskList taskList, Ui ui, Storage storage, String filePath) {","lastModifiedDate":"2024-03-03"},{"lineNumber":29,"author":{"gitId":"jasonlienardi"},"content":"        String command \u003d input.nextLine();","lastModifiedDate":"2024-03-03"},{"lineNumber":30,"author":{"gitId":"jasonlienardi"},"content":"        String[] stringArray \u003d command.split(\" \");","lastModifiedDate":"2024-03-03"},{"lineNumber":31,"author":{"gitId":"jasonlienardi"},"content":"        showLine();","lastModifiedDate":"2024-03-03"},{"lineNumber":32,"author":{"gitId":"jasonlienardi"},"content":"        try {","lastModifiedDate":"2024-03-03"},{"lineNumber":33,"author":{"gitId":"jasonlienardi"},"content":"            parser.parse(command, taskList, ui, storage, filePath);","lastModifiedDate":"2024-03-03"},{"lineNumber":34,"author":{"gitId":"jasonlienardi"},"content":"        } catch (NoInputException e) {","lastModifiedDate":"2024-03-03"},{"lineNumber":35,"author":{"gitId":"jasonlienardi"},"content":"            System.out.println(\"OOPS!!! The description of a \" + stringArray[0] + \" cannot be empty.\");","lastModifiedDate":"2024-03-03"},{"lineNumber":36,"author":{"gitId":"jasonlienardi"},"content":"        } catch (InvalidInputException e) {","lastModifiedDate":"2024-03-03"},{"lineNumber":37,"author":{"gitId":"jasonlienardi"},"content":"            if (stringArray[0].equals(\"deadline\")) {","lastModifiedDate":"2024-03-03"},{"lineNumber":38,"author":{"gitId":"jasonlienardi"},"content":"                System.out.println(\"OOPS!!! \" + stringArray[0] + \" must contains /by\");","lastModifiedDate":"2024-03-03"},{"lineNumber":39,"author":{"gitId":"jasonlienardi"},"content":"            } else if (stringArray[0].equals(\"event\")) {","lastModifiedDate":"2024-03-03"},{"lineNumber":40,"author":{"gitId":"jasonlienardi"},"content":"                System.out.println(\"OOPS!!! \" + stringArray[0] + \" must contains /from and /to\");","lastModifiedDate":"2024-03-03"},{"lineNumber":41,"author":{"gitId":"jasonlienardi"},"content":"            } else {","lastModifiedDate":"2024-03-03"},{"lineNumber":42,"author":{"gitId":"jasonlienardi"},"content":"                printErrorMessage();","lastModifiedDate":"2024-03-03"},{"lineNumber":43,"author":{"gitId":"jasonlienardi"},"content":"            }","lastModifiedDate":"2024-03-03"},{"lineNumber":44,"author":{"gitId":"jasonlienardi"},"content":"        }","lastModifiedDate":"2024-03-03"},{"lineNumber":45,"author":{"gitId":"jasonlienardi"},"content":"        showLine();","lastModifiedDate":"2024-03-03"},{"lineNumber":46,"author":{"gitId":"jasonlienardi"},"content":"    }","lastModifiedDate":"2024-03-03"},{"lineNumber":47,"author":{"gitId":"jasonlienardi"},"content":"","lastModifiedDate":"2024-03-03"},{"lineNumber":48,"author":{"gitId":"jasonlienardi"},"content":"    public void printAddTaskMessage(TaskList taskList) {","lastModifiedDate":"2024-03-03"},{"lineNumber":49,"author":{"gitId":"jasonlienardi"},"content":"        System.out.println(\"Got it. I\u0027ve added this task:\");","lastModifiedDate":"2024-03-03"},{"lineNumber":50,"author":{"gitId":"jasonlienardi"},"content":"        System.out.println(taskList.getLastTask());","lastModifiedDate":"2024-03-03"},{"lineNumber":51,"author":{"gitId":"jasonlienardi"},"content":"        System.out.println(\"Now you have \" + taskList.getSize() + \" tasks in the list.\");","lastModifiedDate":"2024-03-03"},{"lineNumber":52,"author":{"gitId":"jasonlienardi"},"content":"    }","lastModifiedDate":"2024-03-03"},{"lineNumber":53,"author":{"gitId":"jasonlienardi"},"content":"    public void printDeleteTaskMessage(TaskList taskList, int index) {","lastModifiedDate":"2024-03-03"},{"lineNumber":54,"author":{"gitId":"jasonlienardi"},"content":"        System.out.println(\"Noted. I\u0027ve removed this task:\");","lastModifiedDate":"2024-03-03"},{"lineNumber":55,"author":{"gitId":"jasonlienardi"},"content":"        System.out.println(taskList.getTask(index));","lastModifiedDate":"2024-03-03"},{"lineNumber":56,"author":{"gitId":"jasonlienardi"},"content":"        System.out.println(\"Now you have \" + (taskList.getSize()-1) + \" tasks in the list.\");","lastModifiedDate":"2024-03-03"},{"lineNumber":57,"author":{"gitId":"jasonlienardi"},"content":"    }","lastModifiedDate":"2024-03-03"},{"lineNumber":58,"author":{"gitId":"jasonlienardi"},"content":"","lastModifiedDate":"2024-03-03"},{"lineNumber":59,"author":{"gitId":"jasonlienardi"},"content":"    public void printMarkTaskMessage(TaskList taskList, int index) {","lastModifiedDate":"2024-03-03"},{"lineNumber":60,"author":{"gitId":"jasonlienardi"},"content":"        System.out.println(\"Nice! I\u0027ve marked this task as done:\");","lastModifiedDate":"2024-03-03"},{"lineNumber":61,"author":{"gitId":"jasonlienardi"},"content":"        System.out.println(taskList.getTask(index));","lastModifiedDate":"2024-03-03"},{"lineNumber":62,"author":{"gitId":"jasonlienardi"},"content":"    }","lastModifiedDate":"2024-03-03"},{"lineNumber":63,"author":{"gitId":"jasonlienardi"},"content":"","lastModifiedDate":"2024-03-03"},{"lineNumber":64,"author":{"gitId":"jasonlienardi"},"content":"    public void printUnmarkTaskMessage(TaskList taskList, int index) {","lastModifiedDate":"2024-03-03"},{"lineNumber":65,"author":{"gitId":"jasonlienardi"},"content":"        System.out.println(\"OK, I\u0027ve marked this task as not yet done:\");","lastModifiedDate":"2024-03-03"},{"lineNumber":66,"author":{"gitId":"jasonlienardi"},"content":"        System.out.println(taskList.getTask(index));","lastModifiedDate":"2024-03-03"},{"lineNumber":67,"author":{"gitId":"jasonlienardi"},"content":"    }","lastModifiedDate":"2024-03-03"},{"lineNumber":68,"author":{"gitId":"jasonlienardi"},"content":"","lastModifiedDate":"2024-03-03"},{"lineNumber":69,"author":{"gitId":"jasonlienardi"},"content":"    private void printErrorMessage() {","lastModifiedDate":"2024-03-03"},{"lineNumber":70,"author":{"gitId":"jasonlienardi"},"content":"        System.out.println(\" OOPS!!! I\u0027m sorry, but I don\u0027t know what that means :-(\");","lastModifiedDate":"2024-03-03"},{"lineNumber":71,"author":{"gitId":"jasonlienardi"},"content":"    }","lastModifiedDate":"2024-03-03"},{"lineNumber":72,"author":{"gitId":"jasonlienardi"},"content":"","lastModifiedDate":"2024-03-03"},{"lineNumber":73,"author":{"gitId":"jasonlienardi"},"content":"    public void exit() {","lastModifiedDate":"2024-03-03"},{"lineNumber":74,"author":{"gitId":"jasonlienardi"},"content":"        System.out.println(\"Bye. Hope to see you again soon!\");","lastModifiedDate":"2024-03-03"},{"lineNumber":75,"author":{"gitId":"jasonlienardi"},"content":"        input.close();","lastModifiedDate":"2024-03-03"},{"lineNumber":76,"author":{"gitId":"jasonlienardi"},"content":"        isExit \u003d true;","lastModifiedDate":"2024-03-03"},{"lineNumber":77,"author":{"gitId":"jasonlienardi"},"content":"    }","lastModifiedDate":"2024-03-03"},{"lineNumber":78,"author":{"gitId":"jasonlienardi"},"content":"}","lastModifiedDate":"2024-03-03"}],"authorContributionMap":{"jasonlienardi":78}},{"path":"src/main/java/Xavier/Xavier.java","fileType":"java","lines":[{"lineNumber":1,"author":{"gitId":"jasonlienardi"},"content":"package Xavier;","lastModifiedDate":"2024-02-13"},{"lineNumber":2,"author":{"gitId":"jasonlienardi"},"content":"","lastModifiedDate":"2024-02-13"},{"lineNumber":3,"author":{"gitId":"jasonlienardi"},"content":"import Exceptions.XavierException;","lastModifiedDate":"2024-03-03"},{"lineNumber":4,"author":{"gitId":"jasonlienardi"},"content":"","lastModifiedDate":"2024-02-01"},{"lineNumber":5,"author":{"gitId":"jasonlienardi"},"content":"public class Xavier {","lastModifiedDate":"2024-02-01"},{"lineNumber":6,"author":{"gitId":"jasonlienardi"},"content":"    public static final String FILEPATH \u003d \"/Users/jasonlienardi/Documents/CS2113/ip/src/main/java/Xavier/toDoList.txt\";","lastModifiedDate":"2024-02-21"},{"lineNumber":7,"author":{"gitId":"jasonlienardi"},"content":"","lastModifiedDate":"2024-03-03"},{"lineNumber":8,"author":{"gitId":"jasonlienardi"},"content":"    private Storage storage;","lastModifiedDate":"2024-03-03"},{"lineNumber":9,"author":{"gitId":"jasonlienardi"},"content":"    private TaskList tasks;","lastModifiedDate":"2024-03-03"},{"lineNumber":10,"author":{"gitId":"jasonlienardi"},"content":"    private Ui ui;","lastModifiedDate":"2024-03-03"},{"lineNumber":11,"author":{"gitId":"jasonlienardi"},"content":"","lastModifiedDate":"2024-03-03"},{"lineNumber":12,"author":{"gitId":"jasonlienardi"},"content":"    public Xavier(String filePath) {","lastModifiedDate":"2024-03-03"},{"lineNumber":13,"author":{"gitId":"jasonlienardi"},"content":"        ui \u003d new Ui();","lastModifiedDate":"2024-03-03"},{"lineNumber":14,"author":{"gitId":"jasonlienardi"},"content":"        storage \u003d new Storage(filePath);","lastModifiedDate":"2024-03-03"},{"lineNumber":15,"author":{"gitId":"jasonlienardi"},"content":"        try {","lastModifiedDate":"2024-03-03"},{"lineNumber":16,"author":{"gitId":"jasonlienardi"},"content":"            tasks \u003d new TaskList(storage.readFile());","lastModifiedDate":"2024-03-03"},{"lineNumber":17,"author":{"gitId":"jasonlienardi"},"content":"        } catch (XavierException e) {","lastModifiedDate":"2024-03-03"},{"lineNumber":18,"author":{"gitId":"jasonlienardi"},"content":"            ui.showLoadingError();","lastModifiedDate":"2024-03-03"},{"lineNumber":19,"author":{"gitId":"jasonlienardi"},"content":"            tasks \u003d new TaskList();","lastModifiedDate":"2024-03-03"},{"lineNumber":20,"author":{"gitId":"jasonlienardi"},"content":"        }","lastModifiedDate":"2024-02-01"},{"lineNumber":21,"author":{"gitId":"jasonlienardi"},"content":"    }","lastModifiedDate":"2024-02-01"},{"lineNumber":22,"author":{"gitId":"jasonlienardi"},"content":"    public void run() {","lastModifiedDate":"2024-03-03"},{"lineNumber":23,"author":{"gitId":"jasonlienardi"},"content":"        ui.printWelcomeMessage();","lastModifiedDate":"2024-03-03"},{"lineNumber":24,"author":{"gitId":"jasonlienardi"},"content":"        Parser parser \u003d new Parser();","lastModifiedDate":"2024-03-03"},{"lineNumber":25,"author":{"gitId":"jasonlienardi"},"content":"        while (!ui.isExit) {","lastModifiedDate":"2024-03-03"},{"lineNumber":26,"author":{"gitId":"jasonlienardi"},"content":"            ui.readCommand(parser, tasks, ui, storage, FILEPATH);","lastModifiedDate":"2024-03-03"},{"lineNumber":27,"author":{"gitId":"jasonlienardi"},"content":"        }","lastModifiedDate":"2024-02-01"},{"lineNumber":28,"author":{"gitId":"jasonlienardi"},"content":"    }","lastModifiedDate":"2024-02-01"},{"lineNumber":29,"author":{"gitId":"jasonlienardi"},"content":"    public static void main(String[] args) {","lastModifiedDate":"2024-03-03"},{"lineNumber":30,"author":{"gitId":"jasonlienardi"},"content":"        new Xavier(FILEPATH).run();","lastModifiedDate":"2024-03-03"},{"lineNumber":31,"author":{"gitId":"jasonlienardi"},"content":"    }","lastModifiedDate":"2024-02-06"},{"lineNumber":32,"author":{"gitId":"jasonlienardi"},"content":"}","lastModifiedDate":"2024-02-01"},{"lineNumber":33,"author":{"gitId":"jasonlienardi"},"content":"","lastModifiedDate":"2024-02-01"}],"authorContributionMap":{"jasonlienardi":33}},{"path":"src/main/java/Xavier/toDoList.txt","fileType":"txt","lines":[{"lineNumber":1,"author":{"gitId":"jasonlienardi"},"content":"E|0| Jason Lienardi attend CS2113 lecture |Friday 23 Feb 2024 4pm |6pm","lastModifiedDate":"2024-03-02"},{"lineNumber":2,"author":{"gitId":"jasonlienardi"},"content":"T|1| return book","lastModifiedDate":"2024-03-03"},{"lineNumber":3,"author":{"gitId":"jasonlienardi"},"content":"D|1| cs2113 assignment |tonight","lastModifiedDate":"2024-03-03"},{"lineNumber":4,"author":{"gitId":"jasonlienardi"},"content":"E|0| mario bday |1pm |3pm","lastModifiedDate":"2024-03-03"}],"authorContributionMap":{"jasonlienardi":4}},{"path":"text-ui-test/input.txt","fileType":"txt","lines":[{"lineNumber":1,"author":{"gitId":"jasonlienardi"},"content":"todo borrow book","lastModifiedDate":"2024-02-06"},{"lineNumber":2,"author":{"gitId":"jasonlienardi"},"content":"bye","lastModifiedDate":"2024-02-06"}],"authorContributionMap":{"jasonlienardi":2}},{"path":"text-ui-test/runtest.sh","fileType":"sh","lines":[{"lineNumber":1,"author":{"gitId":"-"},"content":"#!/usr/bin/env bash","lastModifiedDate":"2020-05-25"},{"lineNumber":2,"author":{"gitId":"-"},"content":"","lastModifiedDate":"2020-05-25"},{"lineNumber":3,"author":{"gitId":"-"},"content":"# create bin directory if it doesn\u0027t exist","lastModifiedDate":"2020-05-25"},{"lineNumber":4,"author":{"gitId":"-"},"content":"if [ ! -d \"../bin\" ]","lastModifiedDate":"2020-05-25"},{"lineNumber":5,"author":{"gitId":"-"},"content":"then","lastModifiedDate":"2020-05-25"},{"lineNumber":6,"author":{"gitId":"-"},"content":"    mkdir ../bin","lastModifiedDate":"2020-05-25"},{"lineNumber":7,"author":{"gitId":"-"},"content":"fi","lastModifiedDate":"2020-05-25"},{"lineNumber":8,"author":{"gitId":"-"},"content":"","lastModifiedDate":"2020-05-25"},{"lineNumber":9,"author":{"gitId":"-"},"content":"# delete output from previous run","lastModifiedDate":"2020-05-25"},{"lineNumber":10,"author":{"gitId":"-"},"content":"if [ -e \"./ACTUAL.TXT\" ]","lastModifiedDate":"2020-05-25"},{"lineNumber":11,"author":{"gitId":"-"},"content":"then","lastModifiedDate":"2020-05-25"},{"lineNumber":12,"author":{"gitId":"-"},"content":"    rm ACTUAL.TXT","lastModifiedDate":"2020-05-25"},{"lineNumber":13,"author":{"gitId":"-"},"content":"fi","lastModifiedDate":"2020-05-25"},{"lineNumber":14,"author":{"gitId":"-"},"content":"","lastModifiedDate":"2020-05-25"},{"lineNumber":15,"author":{"gitId":"-"},"content":"# compile the code into the bin folder, terminates if error occurred","lastModifiedDate":"2020-05-25"},{"lineNumber":16,"author":{"gitId":"-"},"content":"if ! javac -cp ../src/main/java -Xlint:none -d ../bin ../src/main/java/*.java","lastModifiedDate":"2020-08-25"},{"lineNumber":17,"author":{"gitId":"-"},"content":"then","lastModifiedDate":"2020-05-25"},{"lineNumber":18,"author":{"gitId":"-"},"content":"    echo \"********** BUILD FAILURE **********\"","lastModifiedDate":"2020-05-25"},{"lineNumber":19,"author":{"gitId":"-"},"content":"    exit 1","lastModifiedDate":"2020-05-25"},{"lineNumber":20,"author":{"gitId":"-"},"content":"fi","lastModifiedDate":"2020-05-25"},{"lineNumber":21,"author":{"gitId":"-"},"content":"","lastModifiedDate":"2020-05-25"},{"lineNumber":22,"author":{"gitId":"-"},"content":"# run the program, feed commands from input.txt file and redirect the output to the ACTUAL.TXT","lastModifiedDate":"2020-05-25"},{"lineNumber":23,"author":{"gitId":"jasonlienardi"},"content":"java -classpath ../bin Xavier \u003c input.txt \u003e ACTUAL.TXT","lastModifiedDate":"2024-02-06"},{"lineNumber":24,"author":{"gitId":"-"},"content":"","lastModifiedDate":"2020-05-25"},{"lineNumber":25,"author":{"gitId":"-"},"content":"# convert to UNIX format","lastModifiedDate":"2020-05-25"},{"lineNumber":26,"author":{"gitId":"-"},"content":"cp EXPECTED.TXT EXPECTED-UNIX.TXT","lastModifiedDate":"2020-05-25"},{"lineNumber":27,"author":{"gitId":"-"},"content":"dos2unix ACTUAL.TXT EXPECTED-UNIX.TXT","lastModifiedDate":"2020-05-25"},{"lineNumber":28,"author":{"gitId":"-"},"content":"","lastModifiedDate":"2020-05-25"},{"lineNumber":29,"author":{"gitId":"-"},"content":"# compare the output to the expected output","lastModifiedDate":"2020-05-25"},{"lineNumber":30,"author":{"gitId":"-"},"content":"diff ACTUAL.TXT EXPECTED-UNIX.TXT","lastModifiedDate":"2020-05-25"},{"lineNumber":31,"author":{"gitId":"-"},"content":"if [ $? -eq 0 ]","lastModifiedDate":"2020-05-25"},{"lineNumber":32,"author":{"gitId":"-"},"content":"then","lastModifiedDate":"2020-05-25"},{"lineNumber":33,"author":{"gitId":"-"},"content":"    echo \"Test result: PASSED\"","lastModifiedDate":"2020-05-25"},{"lineNumber":34,"author":{"gitId":"-"},"content":"    exit 0","lastModifiedDate":"2020-05-25"},{"lineNumber":35,"author":{"gitId":"-"},"content":"else","lastModifiedDate":"2020-05-25"},{"lineNumber":36,"author":{"gitId":"-"},"content":"    echo \"Test result: FAILED\"","lastModifiedDate":"2020-05-25"},{"lineNumber":37,"author":{"gitId":"-"},"content":"    exit 1","lastModifiedDate":"2020-05-25"},{"lineNumber":38,"author":{"gitId":"-"},"content":"fi","lastModifiedDate":"2020-05-25"}],"authorContributionMap":{"jasonlienardi":1,"-":37}}]
