{"authorDailyContributionsMap":{"jasonlienardi":[{"date":"2024-02-01","commitResults":[{"hash":"0bbf2b557f23e248bbe7cad5793ceeb6b7827499","isMergeCommit":false,"messageTitle":"Add Increment: Level-0","messageBody":"","fileTypesAndContributionMap":{"java":{"insertions":7,"deletions":6}}},{"hash":"9033faa68fc6978b0102489a41a0ca3eed090db4","isMergeCommit":false,"messageTitle":"Add Echo","messageBody":"","tags":["Level-1"],"fileTypesAndContributionMap":{"java":{"insertions":27,"deletions":11}}},{"hash":"6d647b67eee9f59223539cc5675a440a4a6f663b","isMergeCommit":false,"messageTitle":"Add Add,List","messageBody":"","tags":["Level-2"],"fileTypesAndContributionMap":{"java":{"insertions":13,"deletions":1}}}]},{"date":"2024-02-02","commitResults":[{"hash":"aff3839c33236d736f994f4b1631b9ac94d595f8","isMergeCommit":false,"messageTitle":"Add Mark as Done","messageBody":"","tags":["Level-3"],"fileTypesAndContributionMap":{"java":{"insertions":42,"deletions":9}}},{"hash":"323b160238ac6ce710caa72fc279104b975e5284","isMergeCommit":false,"messageTitle":"Edit Mark and Unmark","messageBody":"","tags":["Edit-Level-3"],"fileTypesAndContributionMap":{"java":{"insertions":2,"deletions":2}}},{"hash":"ec6d8d9222a4b7a083c252e50ea0ee495f94312b","isMergeCommit":false,"messageTitle":"Update LINE","messageBody":"","tags":["Update-LINE"],"fileTypesAndContributionMap":{"java":{"insertions":6,"deletions":5}}}]},{"date":"2024-02-04","commitResults":[{"hash":"0e1d298c38536562dba8b61382c348972b74afd3","isMergeCommit":false,"messageTitle":"A-CodingStandard","messageBody":"","tags":["A-CodingStandard"],"fileTypesAndContributionMap":{"java":{"insertions":11,"deletions":5}}}]}]},"authorFileTypeContributionMap":{"jasonlienardi":{"java":79,"md":0,"fxml":0,"sh":0,"bat":0,"gradle":0,"txt":0}},"authorContributionVariance":{"jasonlienardi":445.05194},"authorDisplayNameMap":{"jasonlienardi":"JASO..ARDI"}}
