{"authorDailyContributionsMap":{"CXIA17":[{"date":"2024-01-25","commitResults":[{"hash":"57967954e74602864b08266a6f0c10f71ec50068","isMergeCommit":false,"messageTitle":"Level-0: Update name, add greeting and exit","messageBody":"","fileTypesAndContributionMap":{"java":{"insertions":23,"deletions":10}}}]},{"date":"2024-01-31","commitResults":[{"hash":"ecef1d36f402b1d4fa83c892910d03126dae2080","isMergeCommit":false,"messageTitle":"Add echo and exit feature","messageBody":"","tags":["Level-1"],"fileTypesAndContributionMap":{"java":{"insertions":20,"deletions":4}}},{"hash":"63ca57e2f0732a4f6f06dfa8f1a2a8dbd7274c05","isMergeCommit":false,"messageTitle":"Implement add and list feature","messageBody":"","tags":["Level-2"],"fileTypesAndContributionMap":{"java":{"insertions":13,"deletions":3}}},{"hash":"6c848b05c86632ede908761c88d09def74f2471f","isMergeCommit":false,"messageTitle":"Add mark and unmark feature","messageBody":"","tags":["Level-3"],"fileTypesAndContributionMap":{"java":{"insertions":79,"deletions":8}}},{"hash":"14870c1369c787b2883b550670cd0be62dc534ea","isMergeCommit":false,"messageTitle":"Comply with coding standard","messageBody":"","tags":["A-CodingStandard"],"fileTypesAndContributionMap":{"java":{"insertions":44,"deletions":9}}}]}]},"authorFileTypeContributionMap":{"CXIA17":{"java":155,"md":0,"fxml":0,"sh":0,"bat":0,"gradle":0,"txt":0}},"authorContributionVariance":{"CXIA17":2307.6213},"authorDisplayNameMap":{"CXIA17":"CS2113-T11-4 XIA ..CONG"}}
