{"authorDailyContributionsMap":{"jing-xiang":[{"date":"2024-01-23","commitResults":[{"hash":"f1c8d48bffa24500323974e79e46a8343147a6d7","isMergeCommit":false,"messageTitle":"Update Duke.java","messageBody":"","tags":["Level-0"],"fileTypesAndContributionMap":{"java":{"insertions":7,"deletions":6}}}]},{"date":"2024-01-26","commitResults":[{"hash":"fd053fcc87a432784e1ff934056583f35f944bbc","isMergeCommit":false,"messageTitle":"Update Duke.java","messageBody":"","tags":["Level-1"],"fileTypesAndContributionMap":{"java":{"insertions":26,"deletions":6}}},{"hash":"b22fb9d5449c8983367896344c9beeb9a07a7f69","isMergeCommit":false,"messageTitle":"Update Duke.java","messageBody":"","tags":["Level-2"],"fileTypesAndContributionMap":{"java":{"insertions":17,"deletions":1}}},{"hash":"a6c3914fc7313cda24479e72cfdc241b416f855b","isMergeCommit":false,"messageTitle":"Add Task.java","messageBody":"","tags":["A-CodingStandard"],"fileTypesAndContributionMap":{"java":{"insertions":22,"deletions":0}}},{"hash":"c579eafcf83a6fd4201768fd594e844472b3e090","isMergeCommit":false,"messageTitle":"Update Duke.java","messageBody":"","tags":["Level-3"],"fileTypesAndContributionMap":{"java":{"insertions":59,"deletions":15}}}]},{"date":"2024-01-31","commitResults":[{"hash":"4d8996e127a57323c2264fd1ae619d5ceec1c8e1","isMergeCommit":false,"messageTitle":"Add Deadline.java","messageBody":"","tags":["A-CodeQuality"],"fileTypesAndContributionMap":{"java":{"insertions":14,"deletions":0}}},{"hash":"68e2d7572a44f49ae116cb0e3146239916e7cb3e","isMergeCommit":false,"messageTitle":"Add Event.java","messageBody":"","fileTypesAndContributionMap":{"java":{"insertions":15,"deletions":0}}},{"hash":"c1d0207e98d449da7427cc6c735d270d28232334","isMergeCommit":false,"messageTitle":"Add Todo.java","messageBody":"","fileTypesAndContributionMap":{"java":{"insertions":11,"deletions":0}}}]},{"date":"2024-02-03","commitResults":[{"hash":"0ff03098941fcb637d013d7be3658e52e45bd543","isMergeCommit":false,"messageTitle":"Update Duke.java","messageBody":"","tags":["Level-4","A-TextUiTesting"],"fileTypesAndContributionMap":{"txt":{"insertions":1,"deletions":0},"java":{"insertions":55,"deletions":0},"sh":{"insertions":1,"deletions":1}}}]}]},"authorFileTypeContributionMap":{"jing-xiang":{"java":203,"md":0,"fxml":0,"sh":1,"bat":0,"gradle":0,"txt":1}},"authorContributionVariance":{"jing-xiang":1395.0586},"authorDisplayNameMap":{"jing-xiang":"CHEW..IANG"}}
