{"authorDailyContributionsMap":{"jing-xiang":[{"date":"2024-01-23","commitResults":[{"hash":"f1c8d48bffa24500323974e79e46a8343147a6d7","isMergeCommit":false,"messageTitle":"Update Duke.java","messageBody":"","tags":["Level-0"],"fileTypesAndContributionMap":{"java":{"insertions":7,"deletions":6}}}]},{"date":"2024-01-26","commitResults":[{"hash":"fd053fcc87a432784e1ff934056583f35f944bbc","isMergeCommit":false,"messageTitle":"Update Duke.java","messageBody":"","tags":["Level-1"],"fileTypesAndContributionMap":{"java":{"insertions":26,"deletions":6}}},{"hash":"b22fb9d5449c8983367896344c9beeb9a07a7f69","isMergeCommit":false,"messageTitle":"Update Duke.java","messageBody":"","tags":["Level-2"],"fileTypesAndContributionMap":{"java":{"insertions":17,"deletions":1}}},{"hash":"a6c3914fc7313cda24479e72cfdc241b416f855b","isMergeCommit":false,"messageTitle":"Add Task.java","messageBody":"","tags":["A-CodingStandard"],"fileTypesAndContributionMap":{"java":{"insertions":22,"deletions":0}}},{"hash":"c579eafcf83a6fd4201768fd594e844472b3e090","isMergeCommit":false,"messageTitle":"Update Duke.java","messageBody":"","tags":["Level-3"],"fileTypesAndContributionMap":{"java":{"insertions":59,"deletions":15}}}]},{"date":"2024-01-31","commitResults":[{"hash":"4d8996e127a57323c2264fd1ae619d5ceec1c8e1","isMergeCommit":false,"messageTitle":"Add Deadline.java","messageBody":"","tags":["A-CodeQuality"],"fileTypesAndContributionMap":{"java":{"insertions":14,"deletions":0}}},{"hash":"68e2d7572a44f49ae116cb0e3146239916e7cb3e","isMergeCommit":false,"messageTitle":"Add Event.java","messageBody":"","fileTypesAndContributionMap":{"java":{"insertions":15,"deletions":0}}},{"hash":"c1d0207e98d449da7427cc6c735d270d28232334","isMergeCommit":false,"messageTitle":"Add Todo.java","messageBody":"","fileTypesAndContributionMap":{"java":{"insertions":11,"deletions":0}}}]},{"date":"2024-02-03","commitResults":[{"hash":"0ff03098941fcb637d013d7be3658e52e45bd543","isMergeCommit":false,"messageTitle":"Update Duke.java","messageBody":"","tags":["Level-4","A-TextUiTesting"],"fileTypesAndContributionMap":{"txt":{"insertions":1,"deletions":0},"java":{"insertions":55,"deletions":0},"sh":{"insertions":1,"deletions":1}}}]},{"date":"2024-02-12","commitResults":[{"hash":"da628a4668e13be310f0b99c788dfc0cde7399d1","isMergeCommit":false,"messageTitle":"Add DukeException.java","messageBody":"","tags":["A-Exceptions"],"fileTypesAndContributionMap":{"java":{"insertions":5,"deletions":0}}},{"hash":"9f3e24cea2996759c3131ecc0667e9c21aee1500","isMergeCommit":false,"messageTitle":"Update Duke.java","messageBody":"","fileTypesAndContributionMap":{"java":{"insertions":71,"deletions":60}}},{"hash":"a6b622f6f1cef590167c26ab626e4159c78d4f8d","isMergeCommit":true,"messageTitle":"Merge pull request #1 from jing-xiang/branch-Level-5","messageBody":"Branch level 5","tags":["Level-5","A-Packages"],"fileTypesAndContributionMap":{}},{"hash":"28d37b98382bf173bb64fa27998917fd910c3d46","isMergeCommit":false,"messageTitle":"Update Duke.java","messageBody":"","fileTypesAndContributionMap":{"java":{"insertions":41,"deletions":20}}}]},{"date":"2024-02-16","commitResults":[{"hash":"c58fe95796213a33a40fe8e7f131fcebb0a5dfac","isMergeCommit":false,"messageTitle":"Add save feature","messageBody":"","fileTypesAndContributionMap":{"java":{"insertions":96,"deletions":1}}},{"hash":"ce4a60d65eb4d70b0f1e4b4dc7f85b8e5b036d57","isMergeCommit":true,"messageTitle":"Merge pull request #2 from jing-xiang/branch-level-7","messageBody":"Branch level 7","tags":["Level-7","A-Jar","A-Collections"],"fileTypesAndContributionMap":{}},{"hash":"151d291f9a2642f7a7e8bb7593bf9c752759ff28","isMergeCommit":false,"messageTitle":"Update Duke.java","messageBody":"","fileTypesAndContributionMap":{"java":{"insertions":0,"deletions":15}}},{"hash":"287a9343583a8dbc888856fdafed15f1241d6660","isMergeCommit":false,"messageTitle":"Add save feature","messageBody":"","fileTypesAndContributionMap":{"java":{"insertions":15,"deletions":0}}},{"hash":"5e417113b9cd6a88bc08740afd3e9f5467498089","isMergeCommit":true,"messageTitle":"Merge pull request #3 from jing-xiang/branch-Level-6","messageBody":"Add save feature","tags":["Level-6"],"fileTypesAndContributionMap":{}},{"hash":"e181ea2f95e9b0951917da97476331e34ede7a5e","isMergeCommit":false,"messageTitle":"Update Duke.java","messageBody":"","fileTypesAndContributionMap":{"java":{"insertions":1,"deletions":1}}},{"hash":"55ed07472f734a5041a1dd02a02b74f3bb46af2d","isMergeCommit":false,"messageTitle":"Update Duke.java branch","messageBody":"","fileTypesAndContributionMap":{"java":{"insertions":1,"deletions":1}}},{"hash":"3c4d422b8168077ba7498c4fd3cf15c7fbb9e5bd","isMergeCommit":false,"messageTitle":"Update Duke.java","messageBody":"","fileTypesAndContributionMap":{"java":{"insertions":1,"deletions":1}}},{"hash":"bcfbc50f104fe58c3abaa4ab421994d3e658cd0d","isMergeCommit":true,"messageTitle":"Merge pull request #4 from jing-xiang/branch-Level-7","messageBody":"Branch Level 7","fileTypesAndContributionMap":{}}]},{"date":"2024-02-24","commitResults":[{"hash":"3cffeff2118f5732cd73232872b6e3dba3e58456","isMergeCommit":false,"messageTitle":"Update Deadline.java read date \u0026 time","messageBody":"","fileTypesAndContributionMap":{"java":{"insertions":29,"deletions":6}}}]},{"date":"2024-02-29","commitResults":[{"hash":"d6925bad7893514424250a97a1cdae10cc619989","isMergeCommit":false,"messageTitle":"Add find feature","messageBody":"","tags":["61fb6c0","44fa659"],"fileTypesAndContributionMap":{"java":{"insertions":30,"deletions":0}}},{"hash":"44fa659324f037285a9982d6a12264c19b7b3fea","isMergeCommit":true,"messageTitle":"Merge pull request #5 from jing-xiang/branch-Level-8","messageBody":"Update Deadline.java read date \u0026 time","fileTypesAndContributionMap":{}},{"hash":"61fb6c0fe975f6301f6094d31cc1897a37c8e19b","isMergeCommit":true,"messageTitle":"Merge pull request #6 from jing-xiang/branch-Level-9","messageBody":"Add find feature","fileTypesAndContributionMap":{}}]}]},"authorFileTypeContributionMap":{"jing-xiang":{"java":388,"md":0,"fxml":0,"sh":1,"bat":0,"gradle":0,"txt":1}},"authorContributionVariance":{"jing-xiang":1784.5361},"authorDisplayNameMap":{"jing-xiang":"CS2113-T15-1 CHEW..IANG"}}
