{"authorDailyContributionsMap":{"SharlynLui":[{"date":"2024-02-05","commitResults":[{"hash":"f9ef44074a8d8368617ba3ca557605569fa3ad52","isMergeCommit":false,"messageTitle":"Level 0 - Rename, Greet, Exit","messageBody":"","tags":["Level-0"],"fileTypesAndContributionMap":{"java":{"insertions":16,"deletions":0}}},{"hash":"b1b4b3552957479493996d346557c72ebf66b534","isMergeCommit":false,"messageTitle":"Level 1 - Echo","messageBody":"","tags":["Level-1"],"fileTypesAndContributionMap":{"java":{"insertions":12,"deletions":3}}},{"hash":"de2f4e02465f336e8e81b5a56a974e3ff7c053c5","isMergeCommit":false,"messageTitle":"Level 2 - add, list","messageBody":"","tags":["Level-2"],"fileTypesAndContributionMap":{"java":{"insertions":39,"deletions":18}}},{"hash":"1b73a90b84facec93e4e14fe8c5f79fc95fd83b2","isMergeCommit":false,"messageTitle":"Level 3 - Mark","messageBody":"","tags":["Level-3","A-CodingStandard"],"fileTypesAndContributionMap":{"java":{"insertions":11,"deletions":2}}}]},{"date":"2024-02-08","commitResults":[{"hash":"bce7f46fb2f300170563c02ffce6042088119368","isMergeCommit":false,"messageTitle":"Level 4 - Added Level 4 features and deleted Duke","messageBody":"","tags":["Level-4","A-CodeQuality"],"fileTypesAndContributionMap":{"java":{"insertions":169,"deletions":65}}}]},{"date":"2024-02-15","commitResults":[{"hash":"294df069e1d6f3df3933872265e8c828a7951ba9","isMergeCommit":false,"messageTitle":"Level 5 - Handle Errors","messageBody":"","fileTypesAndContributionMap":{"java":{"insertions":73,"deletions":42}}},{"hash":"3f73558fd51d44f4a76baaeea35e7efd1d7c7078","isMergeCommit":true,"messageTitle":"Merge branch \u0027branch-Level-5\u0027","messageBody":"","tags":["Level-5","A-Exceptions"],"fileTypesAndContributionMap":{}},{"hash":"ae95aedce4a70a6b51601d06e954e701576f77aa","isMergeCommit":false,"messageTitle":"A-Packages - Organised exceptions in a package","messageBody":"","fileTypesAndContributionMap":{"java":{"insertions":13,"deletions":0}}},{"hash":"447102647a109594bf7c112f196cb114cd90b76f","isMergeCommit":true,"messageTitle":"Merge branch \u0027branch-A-Packages\u0027","messageBody":"","tags":["A-Packages"],"fileTypesAndContributionMap":{}}]},{"date":"2024-02-22","commitResults":[{"hash":"1828558949e2c6dbf4d48de334ce5a54c216ebc9","isMergeCommit":false,"messageTitle":"Level 6 - Delete and added ArrayList","messageBody":"","tags":["A-Collections"],"fileTypesAndContributionMap":{"java":{"insertions":27,"deletions":27}}}]},{"date":"2024-02-23","commitResults":[{"hash":"56e9a1c2ec463757952bc71b03cf30efc8914275","isMergeCommit":false,"messageTitle":"Level 7 - File feature","messageBody":"","fileTypesAndContributionMap":{"txt":{"insertions":1,"deletions":0},"java":{"insertions":12,"deletions":1}}},{"hash":"5760bdcde9417d61f0dc64b15c312b33301e5e96","isMergeCommit":true,"messageTitle":"Merge branch \u0027branch-Level-6\u0027","messageBody":"","tags":["Level-6"],"fileTypesAndContributionMap":{}},{"hash":"f826704b13803d9dbdca2005881a74e3c689b441","isMergeCommit":true,"messageTitle":"Merge branch \u0027branch-Level-7\u0027","messageBody":"","tags":["Level-7"],"fileTypesAndContributionMap":{}},{"hash":"dcb405592f45df48cd7a0f72e069b7dfad3b9c74","isMergeCommit":false,"messageTitle":"Merged and edited parts of code","messageBody":"","fileTypesAndContributionMap":{"java":{"insertions":8,"deletions":5}}}]},{"date":"2024-02-26","commitResults":[{"hash":"c4ebd0ab6e7d26875b4d2f397daeb0300c8aa79e","isMergeCommit":false,"messageTitle":"Edited Level 6 and Level 7","messageBody":"","tags":["A-Jar"],"fileTypesAndContributionMap":{"txt":{"insertions":0,"deletions":1},"java":{"insertions":86,"deletions":29}}}]}]},"authorFileTypeContributionMap":{"SharlynLui":{"java":284,"md":0,"fxml":0,"sh":0,"bat":0,"gradle":0,"txt":0}},"authorContributionVariance":{"SharlynLui":2237.7632},"authorDisplayNameMap":{"SharlynLui":"CS2113-T12-2 LUI ..RLYN"}}
