[{"path":"data/Bart.txt","fileType":"txt","lines":[{"lineNumber":1,"author":{"gitId":"JackieNeoCEG"},"content":"T | 0 | ahhh","lastModifiedDate":"2024-02-24"},{"lineNumber":2,"author":{"gitId":"JackieNeoCEG"},"content":"T | 0 | huh?","lastModifiedDate":"2024-02-24"}],"authorContributionMap":{"JackieNeoCEG":2}},{"path":"src/main/java/Bart.java","fileType":"java","lines":[{"lineNumber":1,"author":{"gitId":"JackieNeoCEG"},"content":"import java.util.ArrayList;","lastModifiedDate":"2024-02-22"},{"lineNumber":2,"author":{"gitId":"JackieNeoCEG"},"content":"import java.util.NoSuchElementException;","lastModifiedDate":"2024-02-23"},{"lineNumber":3,"author":{"gitId":"JackieNeoCEG"},"content":"import java.io.File;","lastModifiedDate":"2024-02-24"},{"lineNumber":4,"author":{"gitId":"JackieNeoCEG"},"content":"import java.io.FileWriter;","lastModifiedDate":"2024-02-24"},{"lineNumber":5,"author":{"gitId":"JackieNeoCEG"},"content":"import java.io.FileNotFoundException;","lastModifiedDate":"2024-02-24"},{"lineNumber":6,"author":{"gitId":"JackieNeoCEG"},"content":"import java.io.IOException;","lastModifiedDate":"2024-02-24"},{"lineNumber":7,"author":{"gitId":"JackieNeoCEG"},"content":"import java.util.Scanner;","lastModifiedDate":"2024-02-22"},{"lineNumber":8,"author":{"gitId":"JackieNeoCEG"},"content":"","lastModifiedDate":"2024-02-22"},{"lineNumber":9,"author":{"gitId":"JackieNeoCEG"},"content":"public class Bart {","lastModifiedDate":"2024-02-22"},{"lineNumber":10,"author":{"gitId":"JackieNeoCEG"},"content":"    private static final String LINE \u003d \"____________________________________________________________\";","lastModifiedDate":"2024-02-22"},{"lineNumber":11,"author":{"gitId":"JackieNeoCEG"},"content":"    private static final String FILE_PATH \u003d \"./data/Bart.txt\";","lastModifiedDate":"2024-02-24"},{"lineNumber":12,"author":{"gitId":"JackieNeoCEG"},"content":"    private static final ArrayList\u003cTask\u003e tasksList \u003d new ArrayList\u003c\u003e();","lastModifiedDate":"2024-02-22"},{"lineNumber":13,"author":{"gitId":"JackieNeoCEG"},"content":"","lastModifiedDate":"2024-02-22"},{"lineNumber":14,"author":{"gitId":"JackieNeoCEG"},"content":"    public static void main(String[] args) {","lastModifiedDate":"2024-02-22"},{"lineNumber":15,"author":{"gitId":"JackieNeoCEG"},"content":"        loadTasks();","lastModifiedDate":"2024-02-24"},{"lineNumber":16,"author":{"gitId":"JackieNeoCEG"},"content":"        greetUser();","lastModifiedDate":"2024-02-22"},{"lineNumber":17,"author":{"gitId":"JackieNeoCEG"},"content":"        manageTask();","lastModifiedDate":"2024-02-22"},{"lineNumber":18,"author":{"gitId":"JackieNeoCEG"},"content":"        saveTasks();","lastModifiedDate":"2024-02-24"},{"lineNumber":19,"author":{"gitId":"JackieNeoCEG"},"content":"        byeUser();","lastModifiedDate":"2024-02-22"},{"lineNumber":20,"author":{"gitId":"JackieNeoCEG"},"content":"    }","lastModifiedDate":"2024-02-22"},{"lineNumber":21,"author":{"gitId":"JackieNeoCEG"},"content":"","lastModifiedDate":"2024-02-24"},{"lineNumber":22,"author":{"gitId":"JackieNeoCEG"},"content":"    private static void loadTasks() {","lastModifiedDate":"2024-02-24"},{"lineNumber":23,"author":{"gitId":"JackieNeoCEG"},"content":"        try {","lastModifiedDate":"2024-02-24"},{"lineNumber":24,"author":{"gitId":"JackieNeoCEG"},"content":"            File file \u003d new File(FILE_PATH);","lastModifiedDate":"2024-02-24"},{"lineNumber":25,"author":{"gitId":"JackieNeoCEG"},"content":"","lastModifiedDate":"2024-02-24"},{"lineNumber":26,"author":{"gitId":"JackieNeoCEG"},"content":"            Scanner scanner \u003d new Scanner(file);","lastModifiedDate":"2024-02-24"},{"lineNumber":27,"author":{"gitId":"JackieNeoCEG"},"content":"            while (scanner.hasNextLine()) {","lastModifiedDate":"2024-02-24"},{"lineNumber":28,"author":{"gitId":"JackieNeoCEG"},"content":"                String line \u003d scanner.nextLine();","lastModifiedDate":"2024-02-24"},{"lineNumber":29,"author":{"gitId":"JackieNeoCEG"},"content":"                String[] parts \u003d line.split(\"\\\\|\");","lastModifiedDate":"2024-02-24"},{"lineNumber":30,"author":{"gitId":"JackieNeoCEG"},"content":"","lastModifiedDate":"2024-02-24"},{"lineNumber":31,"author":{"gitId":"JackieNeoCEG"},"content":"                String taskType \u003d parts[0].trim();","lastModifiedDate":"2024-02-24"},{"lineNumber":32,"author":{"gitId":"JackieNeoCEG"},"content":"                boolean isDone \u003d parts[1].trim().equals(\"1\");","lastModifiedDate":"2024-02-24"},{"lineNumber":33,"author":{"gitId":"JackieNeoCEG"},"content":"                String taskDescription \u003d parts[2];","lastModifiedDate":"2024-02-24"},{"lineNumber":34,"author":{"gitId":"JackieNeoCEG"},"content":"","lastModifiedDate":"2024-02-24"},{"lineNumber":35,"author":{"gitId":"JackieNeoCEG"},"content":"                Task task \u003d null;","lastModifiedDate":"2024-02-24"},{"lineNumber":36,"author":{"gitId":"JackieNeoCEG"},"content":"                switch (taskType) {","lastModifiedDate":"2024-02-24"},{"lineNumber":37,"author":{"gitId":"JackieNeoCEG"},"content":"                    case \"T\":","lastModifiedDate":"2024-02-24"},{"lineNumber":38,"author":{"gitId":"JackieNeoCEG"},"content":"                        task \u003d new Todo(\"todo\" + taskDescription);","lastModifiedDate":"2024-02-24"},{"lineNumber":39,"author":{"gitId":"JackieNeoCEG"},"content":"                        break;","lastModifiedDate":"2024-02-24"},{"lineNumber":40,"author":{"gitId":"JackieNeoCEG"},"content":"                    case \"D\":","lastModifiedDate":"2024-02-24"},{"lineNumber":41,"author":{"gitId":"JackieNeoCEG"},"content":"                        task \u003d new Deadline(\"deadline\" + taskDescription);","lastModifiedDate":"2024-02-24"},{"lineNumber":42,"author":{"gitId":"JackieNeoCEG"},"content":"                        break;","lastModifiedDate":"2024-02-24"},{"lineNumber":43,"author":{"gitId":"JackieNeoCEG"},"content":"                    case \"E\":","lastModifiedDate":"2024-02-24"},{"lineNumber":44,"author":{"gitId":"JackieNeoCEG"},"content":"                        task \u003d new Event(\"event\" + taskDescription);","lastModifiedDate":"2024-02-24"},{"lineNumber":45,"author":{"gitId":"JackieNeoCEG"},"content":"                        break;","lastModifiedDate":"2024-02-24"},{"lineNumber":46,"author":{"gitId":"JackieNeoCEG"},"content":"                    default:","lastModifiedDate":"2024-02-24"},{"lineNumber":47,"author":{"gitId":"JackieNeoCEG"},"content":"                        System.out.println(\"Unknown task type: \" + taskType);","lastModifiedDate":"2024-02-24"},{"lineNumber":48,"author":{"gitId":"JackieNeoCEG"},"content":"                        continue;","lastModifiedDate":"2024-02-24"},{"lineNumber":49,"author":{"gitId":"JackieNeoCEG"},"content":"                }","lastModifiedDate":"2024-02-24"},{"lineNumber":50,"author":{"gitId":"JackieNeoCEG"},"content":"                if (isDone) {","lastModifiedDate":"2024-02-24"},{"lineNumber":51,"author":{"gitId":"JackieNeoCEG"},"content":"                    task.markAsDone();","lastModifiedDate":"2024-02-24"},{"lineNumber":52,"author":{"gitId":"JackieNeoCEG"},"content":"                }","lastModifiedDate":"2024-02-24"},{"lineNumber":53,"author":{"gitId":"JackieNeoCEG"},"content":"                tasksList.add(task);","lastModifiedDate":"2024-02-24"},{"lineNumber":54,"author":{"gitId":"JackieNeoCEG"},"content":"            }","lastModifiedDate":"2024-02-22"},{"lineNumber":55,"author":{"gitId":"JackieNeoCEG"},"content":"            scanner.close();","lastModifiedDate":"2024-02-24"},{"lineNumber":56,"author":{"gitId":"JackieNeoCEG"},"content":"        }  catch (ArrayIndexOutOfBoundsException e) {","lastModifiedDate":"2024-02-24"},{"lineNumber":57,"author":{"gitId":"JackieNeoCEG"},"content":"            System.out.println(\"No file loaded, creating new load file\");","lastModifiedDate":"2024-02-24"},{"lineNumber":58,"author":{"gitId":"JackieNeoCEG"},"content":"        } catch (FileNotFoundException e) {","lastModifiedDate":"2024-02-24"},{"lineNumber":59,"author":{"gitId":"JackieNeoCEG"},"content":"            System.out.println(\"Data file does not exist. Starting with an empty task list.\");","lastModifiedDate":"2024-02-24"},{"lineNumber":60,"author":{"gitId":"JackieNeoCEG"},"content":"        }","lastModifiedDate":"2024-02-24"},{"lineNumber":61,"author":{"gitId":"JackieNeoCEG"},"content":"    }","lastModifiedDate":"2024-02-24"},{"lineNumber":62,"author":{"gitId":"JackieNeoCEG"},"content":"","lastModifiedDate":"2024-02-24"},{"lineNumber":63,"author":{"gitId":"JackieNeoCEG"},"content":"    private static void saveTasks() {","lastModifiedDate":"2024-02-24"},{"lineNumber":64,"author":{"gitId":"JackieNeoCEG"},"content":"        File file \u003d new File(\"./data/Bart.txt\");","lastModifiedDate":"2024-02-24"},{"lineNumber":65,"author":{"gitId":"JackieNeoCEG"},"content":"","lastModifiedDate":"2024-02-24"},{"lineNumber":66,"author":{"gitId":"JackieNeoCEG"},"content":"        File parentDir \u003d file.getParentFile();","lastModifiedDate":"2024-02-24"},{"lineNumber":67,"author":{"gitId":"JackieNeoCEG"},"content":"        if (!parentDir.exists()) {","lastModifiedDate":"2024-02-24"},{"lineNumber":68,"author":{"gitId":"JackieNeoCEG"},"content":"            parentDir.mkdirs();","lastModifiedDate":"2024-02-24"},{"lineNumber":69,"author":{"gitId":"JackieNeoCEG"},"content":"        }","lastModifiedDate":"2024-02-24"},{"lineNumber":70,"author":{"gitId":"JackieNeoCEG"},"content":"","lastModifiedDate":"2024-02-24"},{"lineNumber":71,"author":{"gitId":"JackieNeoCEG"},"content":"        try (FileWriter writer \u003d new FileWriter(file)) {","lastModifiedDate":"2024-02-24"},{"lineNumber":72,"author":{"gitId":"JackieNeoCEG"},"content":"            for (Task task: Task.getAllTasks()) {","lastModifiedDate":"2024-02-24"},{"lineNumber":73,"author":{"gitId":"JackieNeoCEG"},"content":"                if (task !\u003d null) {","lastModifiedDate":"2024-02-24"},{"lineNumber":74,"author":{"gitId":"JackieNeoCEG"},"content":"                    String description \u003d task.description;","lastModifiedDate":"2024-02-24"},{"lineNumber":75,"author":{"gitId":"JackieNeoCEG"},"content":"                    String mark \u003d task.isDone ? \"1\" : \"0\";","lastModifiedDate":"2024-02-24"},{"lineNumber":76,"author":{"gitId":"JackieNeoCEG"},"content":"                    String taskType \u003d task.getTaskType().replace(\"]\", \"\").replace(\"[\", \"\").trim();","lastModifiedDate":"2024-02-24"},{"lineNumber":77,"author":{"gitId":"JackieNeoCEG"},"content":"                    writer.write(taskType + \" | \" + mark + \" | \" + description + System.lineSeparator());","lastModifiedDate":"2024-02-24"},{"lineNumber":78,"author":{"gitId":"JackieNeoCEG"},"content":"                }","lastModifiedDate":"2024-02-24"},{"lineNumber":79,"author":{"gitId":"JackieNeoCEG"},"content":"            }","lastModifiedDate":"2024-02-24"},{"lineNumber":80,"author":{"gitId":"JackieNeoCEG"},"content":"        } catch (IOException e) {","lastModifiedDate":"2024-02-24"},{"lineNumber":81,"author":{"gitId":"JackieNeoCEG"},"content":"            System.out.println(\"Saving error: \" + e.getMessage());","lastModifiedDate":"2024-02-24"},{"lineNumber":82,"author":{"gitId":"JackieNeoCEG"},"content":"        }","lastModifiedDate":"2024-02-24"},{"lineNumber":83,"author":{"gitId":"JackieNeoCEG"},"content":"    }","lastModifiedDate":"2024-02-24"},{"lineNumber":84,"author":{"gitId":"JackieNeoCEG"},"content":"","lastModifiedDate":"2024-02-24"},{"lineNumber":85,"author":{"gitId":"JackieNeoCEG"},"content":"","lastModifiedDate":"2024-02-24"},{"lineNumber":86,"author":{"gitId":"JackieNeoCEG"},"content":"    public static void greetUser() {","lastModifiedDate":"2024-02-22"},{"lineNumber":87,"author":{"gitId":"JackieNeoCEG"},"content":"        System.out.println(LINE + \"\\nHello! I\u0027m Bartholomew, but you can call me Bart for short :)\");","lastModifiedDate":"2024-02-22"},{"lineNumber":88,"author":{"gitId":"JackieNeoCEG"},"content":"        System.out.println(\"What can I do for you?\\nType help for a list of available commands!\\n\" + LINE);","lastModifiedDate":"2024-02-23"},{"lineNumber":89,"author":{"gitId":"JackieNeoCEG"},"content":"    }","lastModifiedDate":"2024-02-22"},{"lineNumber":90,"author":{"gitId":"JackieNeoCEG"},"content":"    public static void manageTask() {","lastModifiedDate":"2024-02-22"},{"lineNumber":91,"author":{"gitId":"JackieNeoCEG"},"content":"        Scanner in \u003d new Scanner(System.in);","lastModifiedDate":"2024-02-22"},{"lineNumber":92,"author":{"gitId":"JackieNeoCEG"},"content":"        String command \u003d \"\";","lastModifiedDate":"2024-02-22"},{"lineNumber":93,"author":{"gitId":"JackieNeoCEG"},"content":"","lastModifiedDate":"2024-02-22"},{"lineNumber":94,"author":{"gitId":"JackieNeoCEG"},"content":"        while (true) {","lastModifiedDate":"2024-02-23"},{"lineNumber":95,"author":{"gitId":"JackieNeoCEG"},"content":"            command \u003d in.nextLine();","lastModifiedDate":"2024-02-22"},{"lineNumber":96,"author":{"gitId":"JackieNeoCEG"},"content":"","lastModifiedDate":"2024-02-22"},{"lineNumber":97,"author":{"gitId":"JackieNeoCEG"},"content":"            if (command.equals(\"help\")) {","lastModifiedDate":"2024-02-23"},{"lineNumber":98,"author":{"gitId":"JackieNeoCEG"},"content":"                printHelp();","lastModifiedDate":"2024-02-23"},{"lineNumber":99,"author":{"gitId":"JackieNeoCEG"},"content":"            } else if (command.equals(\"bye\")) {","lastModifiedDate":"2024-02-23"},{"lineNumber":100,"author":{"gitId":"JackieNeoCEG"},"content":"                break;","lastModifiedDate":"2024-02-22"},{"lineNumber":101,"author":{"gitId":"JackieNeoCEG"},"content":"            } else if (command.equals(\"list\")) {","lastModifiedDate":"2024-02-23"},{"lineNumber":102,"author":{"gitId":"JackieNeoCEG"},"content":"                listTasks();","lastModifiedDate":"2024-02-22"},{"lineNumber":103,"author":{"gitId":"JackieNeoCEG"},"content":"            } else if (command.startsWith(\"mark\")) {","lastModifiedDate":"2024-02-23"},{"lineNumber":104,"author":{"gitId":"JackieNeoCEG"},"content":"                markTask(command, true);","lastModifiedDate":"2024-02-22"},{"lineNumber":105,"author":{"gitId":"JackieNeoCEG"},"content":"            } else if (command.startsWith(\"unmark\")) {","lastModifiedDate":"2024-02-22"},{"lineNumber":106,"author":{"gitId":"JackieNeoCEG"},"content":"                markTask(command, false);","lastModifiedDate":"2024-02-22"},{"lineNumber":107,"author":{"gitId":"JackieNeoCEG"},"content":"            } else if (command.startsWith(\"delete\")) {","lastModifiedDate":"2024-02-22"},{"lineNumber":108,"author":{"gitId":"JackieNeoCEG"},"content":"                deleteTask(command);","lastModifiedDate":"2024-02-22"},{"lineNumber":109,"author":{"gitId":"JackieNeoCEG"},"content":"            } else {","lastModifiedDate":"2024-02-22"},{"lineNumber":110,"author":{"gitId":"JackieNeoCEG"},"content":"                addNewTask(command);","lastModifiedDate":"2024-02-22"},{"lineNumber":111,"author":{"gitId":"JackieNeoCEG"},"content":"            }","lastModifiedDate":"2024-02-22"},{"lineNumber":112,"author":{"gitId":"JackieNeoCEG"},"content":"        }","lastModifiedDate":"2024-02-22"},{"lineNumber":113,"author":{"gitId":"JackieNeoCEG"},"content":"    }","lastModifiedDate":"2024-02-24"},{"lineNumber":114,"author":{"gitId":"JackieNeoCEG"},"content":"","lastModifiedDate":"2024-02-22"},{"lineNumber":115,"author":{"gitId":"JackieNeoCEG"},"content":"    private static void addNewTask(String command) {","lastModifiedDate":"2024-02-22"},{"lineNumber":116,"author":{"gitId":"JackieNeoCEG"},"content":"        String[] commandParts \u003d command.split(\" \");","lastModifiedDate":"2024-02-22"},{"lineNumber":117,"author":{"gitId":"JackieNeoCEG"},"content":"        String tasking \u003d commandParts[0];","lastModifiedDate":"2024-02-23"},{"lineNumber":118,"author":{"gitId":"JackieNeoCEG"},"content":"","lastModifiedDate":"2024-02-22"},{"lineNumber":119,"author":{"gitId":"JackieNeoCEG"},"content":"        switch (tasking) {","lastModifiedDate":"2024-02-23"},{"lineNumber":120,"author":{"gitId":"JackieNeoCEG"},"content":"            case \"todo\":","lastModifiedDate":"2024-02-22"},{"lineNumber":121,"author":{"gitId":"JackieNeoCEG"},"content":"                try {","lastModifiedDate":"2024-02-22"},{"lineNumber":122,"author":{"gitId":"JackieNeoCEG"},"content":"                    tasksList.add(new Todo(command));","lastModifiedDate":"2024-02-22"},{"lineNumber":123,"author":{"gitId":"JackieNeoCEG"},"content":"                } catch (IllegalArgumentException e) {","lastModifiedDate":"2024-02-22"},{"lineNumber":124,"author":{"gitId":"JackieNeoCEG"},"content":"                    System.out.println(LINE + \"\\nOOPS!!! The description of a todo cannot be empty.\\n\" + LINE);","lastModifiedDate":"2024-02-22"},{"lineNumber":125,"author":{"gitId":"JackieNeoCEG"},"content":"                    return;","lastModifiedDate":"2024-02-22"},{"lineNumber":126,"author":{"gitId":"JackieNeoCEG"},"content":"                }","lastModifiedDate":"2024-02-22"},{"lineNumber":127,"author":{"gitId":"JackieNeoCEG"},"content":"                break;","lastModifiedDate":"2024-02-22"},{"lineNumber":128,"author":{"gitId":"JackieNeoCEG"},"content":"            case \"deadline\":","lastModifiedDate":"2024-02-22"},{"lineNumber":129,"author":{"gitId":"JackieNeoCEG"},"content":"                try {","lastModifiedDate":"2024-02-22"},{"lineNumber":130,"author":{"gitId":"JackieNeoCEG"},"content":"                    tasksList.add(new Deadline(command));","lastModifiedDate":"2024-02-22"},{"lineNumber":131,"author":{"gitId":"JackieNeoCEG"},"content":"                } catch (IllegalArgumentException e) {","lastModifiedDate":"2024-02-22"},{"lineNumber":132,"author":{"gitId":"JackieNeoCEG"},"content":"                    System.out.println(LINE + \"\\nOOPS!!! The description of a deadline cannot be empty.\\n\" + LINE);","lastModifiedDate":"2024-02-22"},{"lineNumber":133,"author":{"gitId":"JackieNeoCEG"},"content":"                    return;","lastModifiedDate":"2024-02-22"},{"lineNumber":134,"author":{"gitId":"JackieNeoCEG"},"content":"                } catch (NoSuchElementException e) {","lastModifiedDate":"2024-02-23"},{"lineNumber":135,"author":{"gitId":"JackieNeoCEG"},"content":"                    System.out.println(LINE + \"\\nOOPS!!! Try this format: deadline \u003ctask\u003e /by \u003ctime\u003e.\\n\" + LINE);","lastModifiedDate":"2024-02-23"},{"lineNumber":136,"author":{"gitId":"JackieNeoCEG"},"content":"                    return;","lastModifiedDate":"2024-02-23"},{"lineNumber":137,"author":{"gitId":"JackieNeoCEG"},"content":"                }","lastModifiedDate":"2024-02-22"},{"lineNumber":138,"author":{"gitId":"JackieNeoCEG"},"content":"                break;","lastModifiedDate":"2024-02-22"},{"lineNumber":139,"author":{"gitId":"JackieNeoCEG"},"content":"            case \"event\":","lastModifiedDate":"2024-02-22"},{"lineNumber":140,"author":{"gitId":"JackieNeoCEG"},"content":"                try {","lastModifiedDate":"2024-02-22"},{"lineNumber":141,"author":{"gitId":"JackieNeoCEG"},"content":"                    tasksList.add(new Event(command));","lastModifiedDate":"2024-02-22"},{"lineNumber":142,"author":{"gitId":"JackieNeoCEG"},"content":"                } catch (IllegalArgumentException e) {","lastModifiedDate":"2024-02-22"},{"lineNumber":143,"author":{"gitId":"JackieNeoCEG"},"content":"                    System.out.println(LINE + \"\\nOOPS!!! The description of a event cannot be empty.\\n\" + LINE);","lastModifiedDate":"2024-02-22"},{"lineNumber":144,"author":{"gitId":"JackieNeoCEG"},"content":"                    return;","lastModifiedDate":"2024-02-22"},{"lineNumber":145,"author":{"gitId":"JackieNeoCEG"},"content":"                } catch (NoSuchElementException e) {","lastModifiedDate":"2024-02-23"},{"lineNumber":146,"author":{"gitId":"JackieNeoCEG"},"content":"                    System.out.println(LINE + \"\\nOOPS!!! Try this format: event \u003ctask\u003e /from \u003cstart_time\u003e /to \u003cend_time\u003e.\\n\" + LINE);","lastModifiedDate":"2024-02-23"},{"lineNumber":147,"author":{"gitId":"JackieNeoCEG"},"content":"                    return;","lastModifiedDate":"2024-02-23"},{"lineNumber":148,"author":{"gitId":"JackieNeoCEG"},"content":"                }","lastModifiedDate":"2024-02-22"},{"lineNumber":149,"author":{"gitId":"JackieNeoCEG"},"content":"                break;","lastModifiedDate":"2024-02-22"},{"lineNumber":150,"author":{"gitId":"JackieNeoCEG"},"content":"            default:","lastModifiedDate":"2024-02-22"},{"lineNumber":151,"author":{"gitId":"JackieNeoCEG"},"content":"                System.out.println(LINE + \"\\nOOPS!!! I\u0027m sorry, but I don\u0027t know what that means :-(\\n\" + LINE);","lastModifiedDate":"2024-02-22"},{"lineNumber":152,"author":{"gitId":"JackieNeoCEG"},"content":"                return;","lastModifiedDate":"2024-02-22"},{"lineNumber":153,"author":{"gitId":"JackieNeoCEG"},"content":"        }","lastModifiedDate":"2024-02-22"},{"lineNumber":154,"author":{"gitId":"JackieNeoCEG"},"content":"        tasksList.get(tasksList.size() - 1).printTask(tasksList.size());","lastModifiedDate":"2024-02-22"},{"lineNumber":155,"author":{"gitId":"JackieNeoCEG"},"content":"    }","lastModifiedDate":"2024-02-22"},{"lineNumber":156,"author":{"gitId":"JackieNeoCEG"},"content":"","lastModifiedDate":"2024-02-22"},{"lineNumber":157,"author":{"gitId":"JackieNeoCEG"},"content":"    public static void listTasks() {","lastModifiedDate":"2024-02-22"},{"lineNumber":158,"author":{"gitId":"JackieNeoCEG"},"content":"        System.out.println(LINE + \"\\nHere are the tasks in your list:\");","lastModifiedDate":"2024-02-22"},{"lineNumber":159,"author":{"gitId":"JackieNeoCEG"},"content":"        //Edge case: If list empty","lastModifiedDate":"2024-02-22"},{"lineNumber":160,"author":{"gitId":"JackieNeoCEG"},"content":"        if (tasksList.isEmpty()) {","lastModifiedDate":"2024-02-22"},{"lineNumber":161,"author":{"gitId":"JackieNeoCEG"},"content":"            System.out.println(\"Nothing added here....\");","lastModifiedDate":"2024-02-22"},{"lineNumber":162,"author":{"gitId":"JackieNeoCEG"},"content":"            System.out.println(\"Nothing added\");","lastModifiedDate":"2024-02-22"},{"lineNumber":163,"author":{"gitId":"JackieNeoCEG"},"content":"        }","lastModifiedDate":"2024-02-22"},{"lineNumber":164,"author":{"gitId":"JackieNeoCEG"},"content":"        for (int i \u003d 0; i \u003c tasksList.size(); i++) {","lastModifiedDate":"2024-02-22"},{"lineNumber":165,"author":{"gitId":"JackieNeoCEG"},"content":"            System.out.println((i + 1) + \".\" + tasksList.get(i).toString());","lastModifiedDate":"2024-02-22"},{"lineNumber":166,"author":{"gitId":"JackieNeoCEG"},"content":"        }","lastModifiedDate":"2024-02-22"},{"lineNumber":167,"author":{"gitId":"JackieNeoCEG"},"content":"        System.out.println(LINE);","lastModifiedDate":"2024-02-22"},{"lineNumber":168,"author":{"gitId":"JackieNeoCEG"},"content":"    }","lastModifiedDate":"2024-02-22"},{"lineNumber":169,"author":{"gitId":"JackieNeoCEG"},"content":"","lastModifiedDate":"2024-02-22"},{"lineNumber":170,"author":{"gitId":"JackieNeoCEG"},"content":"    public static void markTask(String command, boolean mark) {","lastModifiedDate":"2024-02-22"},{"lineNumber":171,"author":{"gitId":"JackieNeoCEG"},"content":"        int taskIndex \u003d Integer.parseInt(command.substring(command.indexOf(\u0027 \u0027) + 1).trim()) - 1;","lastModifiedDate":"2024-02-22"},{"lineNumber":172,"author":{"gitId":"JackieNeoCEG"},"content":"        if (taskIndex \u003e\u003d 0 \u0026\u0026 taskIndex \u003c tasksList.size()) {","lastModifiedDate":"2024-02-22"},{"lineNumber":173,"author":{"gitId":"JackieNeoCEG"},"content":"            Task task \u003d tasksList.get(taskIndex);","lastModifiedDate":"2024-02-22"},{"lineNumber":174,"author":{"gitId":"JackieNeoCEG"},"content":"            if (mark) {","lastModifiedDate":"2024-02-22"},{"lineNumber":175,"author":{"gitId":"JackieNeoCEG"},"content":"                task.markAsDone();","lastModifiedDate":"2024-02-22"},{"lineNumber":176,"author":{"gitId":"JackieNeoCEG"},"content":"                System.out.println(LINE + \"\\nNice! I\u0027ve marked this task as done:\");","lastModifiedDate":"2024-02-23"},{"lineNumber":177,"author":{"gitId":"JackieNeoCEG"},"content":"            } else {","lastModifiedDate":"2024-02-22"},{"lineNumber":178,"author":{"gitId":"JackieNeoCEG"},"content":"                task.markAsUndone();","lastModifiedDate":"2024-02-22"},{"lineNumber":179,"author":{"gitId":"JackieNeoCEG"},"content":"                System.out.println(LINE + \"\\nOK, I\u0027ve marked this task as not done yet:\");","lastModifiedDate":"2024-02-23"},{"lineNumber":180,"author":{"gitId":"JackieNeoCEG"},"content":"            }","lastModifiedDate":"2024-02-22"},{"lineNumber":181,"author":{"gitId":"JackieNeoCEG"},"content":"            System.out.println(task.getTaskMark() + \" \" + task.description + \"\\n\" + LINE );","lastModifiedDate":"2024-02-22"},{"lineNumber":182,"author":{"gitId":"JackieNeoCEG"},"content":"        } else {","lastModifiedDate":"2024-02-22"},{"lineNumber":183,"author":{"gitId":"JackieNeoCEG"},"content":"            System.out.println(LINE + \"\\nInvalid task number.\\n\" + LINE);","lastModifiedDate":"2024-02-22"},{"lineNumber":184,"author":{"gitId":"JackieNeoCEG"},"content":"        }","lastModifiedDate":"2024-02-22"},{"lineNumber":185,"author":{"gitId":"JackieNeoCEG"},"content":"    }","lastModifiedDate":"2024-02-22"},{"lineNumber":186,"author":{"gitId":"JackieNeoCEG"},"content":"","lastModifiedDate":"2024-02-22"},{"lineNumber":187,"author":{"gitId":"JackieNeoCEG"},"content":"    private static void deleteTask(String command) {","lastModifiedDate":"2024-02-22"},{"lineNumber":188,"author":{"gitId":"JackieNeoCEG"},"content":"        int taskIndex \u003d Integer.parseInt(command.substring(command.indexOf(\u0027 \u0027) + 1).trim()) - 1;","lastModifiedDate":"2024-02-22"},{"lineNumber":189,"author":{"gitId":"JackieNeoCEG"},"content":"        if (taskIndex \u003e\u003d 0 \u0026\u0026 taskIndex \u003c tasksList.size()) {","lastModifiedDate":"2024-02-22"},{"lineNumber":190,"author":{"gitId":"JackieNeoCEG"},"content":"            Task deletedTask \u003d tasksList.remove(taskIndex);","lastModifiedDate":"2024-02-22"},{"lineNumber":191,"author":{"gitId":"JackieNeoCEG"},"content":"            System.out.println(LINE + \"\\nNoted. I\u0027ve removed this task:\\n\");","lastModifiedDate":"2024-02-22"},{"lineNumber":192,"author":{"gitId":"JackieNeoCEG"},"content":"            System.out.println(deletedTask.toString());","lastModifiedDate":"2024-02-22"},{"lineNumber":193,"author":{"gitId":"JackieNeoCEG"},"content":"            System.out.println(\"Now you have \" + tasksList.size() + \" tasks in the list.\\n\");","lastModifiedDate":"2024-02-22"},{"lineNumber":194,"author":{"gitId":"JackieNeoCEG"},"content":"        } else {","lastModifiedDate":"2024-02-22"},{"lineNumber":195,"author":{"gitId":"JackieNeoCEG"},"content":"            System.out.println(LINE + \"\\nInvalid task number.\\n\" + LINE);","lastModifiedDate":"2024-02-22"},{"lineNumber":196,"author":{"gitId":"JackieNeoCEG"},"content":"        }","lastModifiedDate":"2024-02-22"},{"lineNumber":197,"author":{"gitId":"JackieNeoCEG"},"content":"    }","lastModifiedDate":"2024-02-22"},{"lineNumber":198,"author":{"gitId":"JackieNeoCEG"},"content":"","lastModifiedDate":"2024-02-22"},{"lineNumber":199,"author":{"gitId":"JackieNeoCEG"},"content":"    private static void byeUser() {","lastModifiedDate":"2024-02-22"},{"lineNumber":200,"author":{"gitId":"JackieNeoCEG"},"content":"        System.out.println(LINE + \"\\nBye. Hope to see you again soon!\\n\" + LINE);","lastModifiedDate":"2024-02-23"},{"lineNumber":201,"author":{"gitId":"JackieNeoCEG"},"content":"    }","lastModifiedDate":"2024-02-23"},{"lineNumber":202,"author":{"gitId":"JackieNeoCEG"},"content":"","lastModifiedDate":"2024-02-23"},{"lineNumber":203,"author":{"gitId":"JackieNeoCEG"},"content":"    public static void printHelp() {","lastModifiedDate":"2024-02-23"},{"lineNumber":204,"author":{"gitId":"JackieNeoCEG"},"content":"        System.out.println(LINE + \"\\n\u0027list\u0027 lists all current tasks\");","lastModifiedDate":"2024-02-23"},{"lineNumber":205,"author":{"gitId":"JackieNeoCEG"},"content":"        System.out.println(\"\u0027mark \u003c#\u003e\u0027 marks tasks with X\");","lastModifiedDate":"2024-02-23"},{"lineNumber":206,"author":{"gitId":"JackieNeoCEG"},"content":"        System.out.println(\"\u0027unmark \u003c#\u003e\u0027 unmarks tasks by removing the X\");","lastModifiedDate":"2024-02-24"},{"lineNumber":207,"author":{"gitId":"JackieNeoCEG"},"content":"        System.out.println(\"\u0027todo \u003ctask\u003e\u0027 creates a to-do\");","lastModifiedDate":"2024-02-23"},{"lineNumber":208,"author":{"gitId":"JackieNeoCEG"},"content":"        System.out.println(\"\u0027deadline \u003ctask\u003e /by \u003ctime\u003e\u0027 creates a task with deadline\");","lastModifiedDate":"2024-02-23"},{"lineNumber":209,"author":{"gitId":"JackieNeoCEG"},"content":"        System.out.println(\"\u0027event \u003ctask\u003e /from \u003ctime\u003e /to \u003ctime\u003e\u0027 creates a to-do\");","lastModifiedDate":"2024-02-23"},{"lineNumber":210,"author":{"gitId":"JackieNeoCEG"},"content":"        System.out.println(\"\u0027bye\u0027 to quit\\n\" + LINE);","lastModifiedDate":"2024-02-23"},{"lineNumber":211,"author":{"gitId":"JackieNeoCEG"},"content":"","lastModifiedDate":"2024-02-23"},{"lineNumber":212,"author":{"gitId":"JackieNeoCEG"},"content":"    }","lastModifiedDate":"2024-02-22"},{"lineNumber":213,"author":{"gitId":"JackieNeoCEG"},"content":"}","lastModifiedDate":"2024-02-22"}],"authorContributionMap":{"JackieNeoCEG":213}},{"path":"src/main/java/BartException.java","fileType":"java","lines":[{"lineNumber":1,"author":{"gitId":"JackieNeoCEG"},"content":"public class BartException extends Exception{","lastModifiedDate":"2024-02-17"},{"lineNumber":2,"author":{"gitId":"JackieNeoCEG"},"content":"}","lastModifiedDate":"2024-02-17"}],"authorContributionMap":{"JackieNeoCEG":2}},{"path":"src/main/java/Deadline.java","fileType":"java","lines":[{"lineNumber":1,"author":{"gitId":"JackieNeoCEG"},"content":"import java.util.NoSuchElementException;","lastModifiedDate":"2024-02-23"},{"lineNumber":2,"author":{"gitId":"JackieNeoCEG"},"content":"","lastModifiedDate":"2024-02-22"},{"lineNumber":3,"author":{"gitId":"JackieNeoCEG"},"content":"public class Deadline extends Task {","lastModifiedDate":"2024-02-22"},{"lineNumber":4,"author":{"gitId":"JackieNeoCEG"},"content":"","lastModifiedDate":"2024-02-22"},{"lineNumber":5,"author":{"gitId":"JackieNeoCEG"},"content":"    protected String by;","lastModifiedDate":"2024-02-22"},{"lineNumber":6,"author":{"gitId":"JackieNeoCEG"},"content":"","lastModifiedDate":"2024-02-22"},{"lineNumber":7,"author":{"gitId":"JackieNeoCEG"},"content":"    public Deadline(String description) {","lastModifiedDate":"2024-02-22"},{"lineNumber":8,"author":{"gitId":"JackieNeoCEG"},"content":"        super(description);","lastModifiedDate":"2024-02-22"},{"lineNumber":9,"author":{"gitId":"JackieNeoCEG"},"content":"        String[] parts \u003d description.split(\" /by \", 2);","lastModifiedDate":"2024-02-22"},{"lineNumber":10,"author":{"gitId":"JackieNeoCEG"},"content":"        if (description.trim().equalsIgnoreCase(\"deadline\")) {","lastModifiedDate":"2024-02-22"},{"lineNumber":11,"author":{"gitId":"JackieNeoCEG"},"content":"            throw new IllegalArgumentException();","lastModifiedDate":"2024-02-22"},{"lineNumber":12,"author":{"gitId":"JackieNeoCEG"},"content":"        }","lastModifiedDate":"2024-02-22"},{"lineNumber":13,"author":{"gitId":"JackieNeoCEG"},"content":"        if (parts.length !\u003d 2) {","lastModifiedDate":"2024-02-23"},{"lineNumber":14,"author":{"gitId":"JackieNeoCEG"},"content":"            throw new NoSuchElementException();","lastModifiedDate":"2024-02-23"},{"lineNumber":15,"author":{"gitId":"JackieNeoCEG"},"content":"        }","lastModifiedDate":"2024-02-23"},{"lineNumber":16,"author":{"gitId":"JackieNeoCEG"},"content":"        this.description \u003d parts[0].substring(9).trim(); // Remove \"deadline\" and trim","lastModifiedDate":"2024-02-22"},{"lineNumber":17,"author":{"gitId":"JackieNeoCEG"},"content":"        this.by \u003d parts[1];","lastModifiedDate":"2024-02-22"},{"lineNumber":18,"author":{"gitId":"JackieNeoCEG"},"content":"        this.taskType \u003d \"[D]\";","lastModifiedDate":"2024-02-22"},{"lineNumber":19,"author":{"gitId":"JackieNeoCEG"},"content":"    }","lastModifiedDate":"2024-02-22"},{"lineNumber":20,"author":{"gitId":"JackieNeoCEG"},"content":"","lastModifiedDate":"2024-02-22"},{"lineNumber":21,"author":{"gitId":"JackieNeoCEG"},"content":"    @Override","lastModifiedDate":"2024-02-22"},{"lineNumber":22,"author":{"gitId":"JackieNeoCEG"},"content":"    public String toString() {","lastModifiedDate":"2024-02-22"},{"lineNumber":23,"author":{"gitId":"JackieNeoCEG"},"content":"        return super.toString() + \" (by: \" + by + \")\";","lastModifiedDate":"2024-02-22"},{"lineNumber":24,"author":{"gitId":"JackieNeoCEG"},"content":"    }","lastModifiedDate":"2024-02-22"},{"lineNumber":25,"author":{"gitId":"JackieNeoCEG"},"content":"","lastModifiedDate":"2024-02-24"},{"lineNumber":26,"author":{"gitId":"JackieNeoCEG"},"content":"    @Override","lastModifiedDate":"2024-02-24"},{"lineNumber":27,"author":{"gitId":"JackieNeoCEG"},"content":"    public String toFileString() {","lastModifiedDate":"2024-02-24"},{"lineNumber":28,"author":{"gitId":"JackieNeoCEG"},"content":"        return \"D | \" + super.toFileString();","lastModifiedDate":"2024-02-24"},{"lineNumber":29,"author":{"gitId":"JackieNeoCEG"},"content":"    }","lastModifiedDate":"2024-02-24"},{"lineNumber":30,"author":{"gitId":"JackieNeoCEG"},"content":"}","lastModifiedDate":"2024-02-22"}],"authorContributionMap":{"JackieNeoCEG":30}},{"path":"src/main/java/Event.java","fileType":"java","lines":[{"lineNumber":1,"author":{"gitId":"JackieNeoCEG"},"content":"import java.util.NoSuchElementException;","lastModifiedDate":"2024-02-23"},{"lineNumber":2,"author":{"gitId":"JackieNeoCEG"},"content":"","lastModifiedDate":"2024-02-22"},{"lineNumber":3,"author":{"gitId":"JackieNeoCEG"},"content":"public class Event extends Task {","lastModifiedDate":"2024-02-22"},{"lineNumber":4,"author":{"gitId":"JackieNeoCEG"},"content":"    protected String from;","lastModifiedDate":"2024-02-22"},{"lineNumber":5,"author":{"gitId":"JackieNeoCEG"},"content":"    protected String to;","lastModifiedDate":"2024-02-22"},{"lineNumber":6,"author":{"gitId":"JackieNeoCEG"},"content":"    public Event(String description) {","lastModifiedDate":"2024-02-22"},{"lineNumber":7,"author":{"gitId":"JackieNeoCEG"},"content":"        super(description);","lastModifiedDate":"2024-02-22"},{"lineNumber":8,"author":{"gitId":"JackieNeoCEG"},"content":"        extractDescription(description);","lastModifiedDate":"2024-02-22"},{"lineNumber":9,"author":{"gitId":"JackieNeoCEG"},"content":"        this.taskType \u003d \"[E]\";","lastModifiedDate":"2024-02-22"},{"lineNumber":10,"author":{"gitId":"JackieNeoCEG"},"content":"    }","lastModifiedDate":"2024-02-22"},{"lineNumber":11,"author":{"gitId":"JackieNeoCEG"},"content":"","lastModifiedDate":"2024-02-22"},{"lineNumber":12,"author":{"gitId":"JackieNeoCEG"},"content":"    private void extractDescription(String description) {","lastModifiedDate":"2024-02-22"},{"lineNumber":13,"author":{"gitId":"JackieNeoCEG"},"content":"        String[] parts \u003d description.split(\" /from \", 2);","lastModifiedDate":"2024-02-22"},{"lineNumber":14,"author":{"gitId":"JackieNeoCEG"},"content":"        if (description.trim().equalsIgnoreCase(\"event\")) {","lastModifiedDate":"2024-02-22"},{"lineNumber":15,"author":{"gitId":"JackieNeoCEG"},"content":"            throw new IllegalArgumentException();","lastModifiedDate":"2024-02-22"},{"lineNumber":16,"author":{"gitId":"JackieNeoCEG"},"content":"        }","lastModifiedDate":"2024-02-22"},{"lineNumber":17,"author":{"gitId":"JackieNeoCEG"},"content":"        this.description \u003d parts[0].substring(6).trim(); // Remove \"event\" command and trim spaces","lastModifiedDate":"2024-02-22"},{"lineNumber":18,"author":{"gitId":"JackieNeoCEG"},"content":"        if (parts.length !\u003d 2) {","lastModifiedDate":"2024-02-23"},{"lineNumber":19,"author":{"gitId":"JackieNeoCEG"},"content":"            throw new NoSuchElementException();","lastModifiedDate":"2024-02-23"},{"lineNumber":20,"author":{"gitId":"JackieNeoCEG"},"content":"        }","lastModifiedDate":"2024-02-23"},{"lineNumber":21,"author":{"gitId":"JackieNeoCEG"},"content":"        parts \u003d parts[1].split(\" /to \", 2);","lastModifiedDate":"2024-02-22"},{"lineNumber":22,"author":{"gitId":"JackieNeoCEG"},"content":"","lastModifiedDate":"2024-02-23"},{"lineNumber":23,"author":{"gitId":"JackieNeoCEG"},"content":"        this.from \u003d parts[0];","lastModifiedDate":"2024-02-22"},{"lineNumber":24,"author":{"gitId":"JackieNeoCEG"},"content":"        this.to \u003d parts[1];","lastModifiedDate":"2024-02-22"},{"lineNumber":25,"author":{"gitId":"JackieNeoCEG"},"content":"    }","lastModifiedDate":"2024-02-22"},{"lineNumber":26,"author":{"gitId":"JackieNeoCEG"},"content":"","lastModifiedDate":"2024-02-22"},{"lineNumber":27,"author":{"gitId":"JackieNeoCEG"},"content":"    @Override","lastModifiedDate":"2024-02-22"},{"lineNumber":28,"author":{"gitId":"JackieNeoCEG"},"content":"    public String toString() {","lastModifiedDate":"2024-02-22"},{"lineNumber":29,"author":{"gitId":"JackieNeoCEG"},"content":"        return super.toString() + \" (from: \" + from + \" to: \" + to + \")\";","lastModifiedDate":"2024-02-22"},{"lineNumber":30,"author":{"gitId":"JackieNeoCEG"},"content":"    }","lastModifiedDate":"2024-02-22"},{"lineNumber":31,"author":{"gitId":"JackieNeoCEG"},"content":"","lastModifiedDate":"2024-02-24"},{"lineNumber":32,"author":{"gitId":"JackieNeoCEG"},"content":"    @Override","lastModifiedDate":"2024-02-24"},{"lineNumber":33,"author":{"gitId":"JackieNeoCEG"},"content":"    public String toFileString() {","lastModifiedDate":"2024-02-24"},{"lineNumber":34,"author":{"gitId":"JackieNeoCEG"},"content":"        return \"E | \" + super.toFileString();","lastModifiedDate":"2024-02-24"},{"lineNumber":35,"author":{"gitId":"JackieNeoCEG"},"content":"    }","lastModifiedDate":"2024-02-24"},{"lineNumber":36,"author":{"gitId":"JackieNeoCEG"},"content":"}","lastModifiedDate":"2024-02-22"}],"authorContributionMap":{"JackieNeoCEG":36}},{"path":"src/main/java/Task.java","fileType":"java","lines":[{"lineNumber":1,"author":{"gitId":"JackieNeoCEG"},"content":"import java.util.ArrayList;","lastModifiedDate":"2024-02-24"},{"lineNumber":2,"author":{"gitId":"JackieNeoCEG"},"content":"public class Task {","lastModifiedDate":"2024-02-22"},{"lineNumber":3,"author":{"gitId":"JackieNeoCEG"},"content":"    private static ArrayList\u003cTask\u003e allTasks \u003d new ArrayList\u003c\u003e();","lastModifiedDate":"2024-02-24"},{"lineNumber":4,"author":{"gitId":"JackieNeoCEG"},"content":"    private static final String LINE \u003d \"____________________________________________________________\";","lastModifiedDate":"2024-02-22"},{"lineNumber":5,"author":{"gitId":"JackieNeoCEG"},"content":"    public String description;","lastModifiedDate":"2024-02-22"},{"lineNumber":6,"author":{"gitId":"JackieNeoCEG"},"content":"    protected String taskType;","lastModifiedDate":"2024-02-22"},{"lineNumber":7,"author":{"gitId":"JackieNeoCEG"},"content":"    protected boolean isDone;","lastModifiedDate":"2024-02-22"},{"lineNumber":8,"author":{"gitId":"JackieNeoCEG"},"content":"    public String status;","lastModifiedDate":"2024-02-24"},{"lineNumber":9,"author":{"gitId":"JackieNeoCEG"},"content":"","lastModifiedDate":"2024-02-22"},{"lineNumber":10,"author":{"gitId":"JackieNeoCEG"},"content":"    public Task(String description) {","lastModifiedDate":"2024-02-22"},{"lineNumber":11,"author":{"gitId":"JackieNeoCEG"},"content":"        this.description \u003d description;","lastModifiedDate":"2024-02-22"},{"lineNumber":12,"author":{"gitId":"JackieNeoCEG"},"content":"        this.isDone \u003d false;","lastModifiedDate":"2024-02-22"},{"lineNumber":13,"author":{"gitId":"JackieNeoCEG"},"content":"        this.taskType \u003d \"\";","lastModifiedDate":"2024-02-22"},{"lineNumber":14,"author":{"gitId":"JackieNeoCEG"},"content":"        allTasks.add(this);","lastModifiedDate":"2024-02-24"},{"lineNumber":15,"author":{"gitId":"JackieNeoCEG"},"content":"    }","lastModifiedDate":"2024-02-24"},{"lineNumber":16,"author":{"gitId":"JackieNeoCEG"},"content":"","lastModifiedDate":"2024-02-24"},{"lineNumber":17,"author":{"gitId":"JackieNeoCEG"},"content":"    public static ArrayList\u003cTask\u003e getAllTasks() {","lastModifiedDate":"2024-02-24"},{"lineNumber":18,"author":{"gitId":"JackieNeoCEG"},"content":"        return allTasks;","lastModifiedDate":"2024-02-24"},{"lineNumber":19,"author":{"gitId":"JackieNeoCEG"},"content":"    }","lastModifiedDate":"2024-02-22"},{"lineNumber":20,"author":{"gitId":"JackieNeoCEG"},"content":"","lastModifiedDate":"2024-02-22"},{"lineNumber":21,"author":{"gitId":"JackieNeoCEG"},"content":"    public String getTaskType() {","lastModifiedDate":"2024-02-22"},{"lineNumber":22,"author":{"gitId":"JackieNeoCEG"},"content":"        return taskType;","lastModifiedDate":"2024-02-22"},{"lineNumber":23,"author":{"gitId":"JackieNeoCEG"},"content":"    }","lastModifiedDate":"2024-02-22"},{"lineNumber":24,"author":{"gitId":"JackieNeoCEG"},"content":"","lastModifiedDate":"2024-02-22"},{"lineNumber":25,"author":{"gitId":"JackieNeoCEG"},"content":"    public String getTaskMark() {","lastModifiedDate":"2024-02-22"},{"lineNumber":26,"author":{"gitId":"JackieNeoCEG"},"content":"        return (isDone ? \"[X]\" : \"[ ]\");","lastModifiedDate":"2024-02-22"},{"lineNumber":27,"author":{"gitId":"JackieNeoCEG"},"content":"    }","lastModifiedDate":"2024-02-22"},{"lineNumber":28,"author":{"gitId":"JackieNeoCEG"},"content":"    public void markAsDone() {","lastModifiedDate":"2024-02-22"},{"lineNumber":29,"author":{"gitId":"JackieNeoCEG"},"content":"        isDone \u003d true;","lastModifiedDate":"2024-02-22"},{"lineNumber":30,"author":{"gitId":"JackieNeoCEG"},"content":"    }","lastModifiedDate":"2024-02-22"},{"lineNumber":31,"author":{"gitId":"JackieNeoCEG"},"content":"","lastModifiedDate":"2024-02-22"},{"lineNumber":32,"author":{"gitId":"JackieNeoCEG"},"content":"    public void markAsUndone() {","lastModifiedDate":"2024-02-22"},{"lineNumber":33,"author":{"gitId":"JackieNeoCEG"},"content":"        isDone \u003d false;","lastModifiedDate":"2024-02-22"},{"lineNumber":34,"author":{"gitId":"JackieNeoCEG"},"content":"    }","lastModifiedDate":"2024-02-22"},{"lineNumber":35,"author":{"gitId":"JackieNeoCEG"},"content":"","lastModifiedDate":"2024-02-22"},{"lineNumber":36,"author":{"gitId":"JackieNeoCEG"},"content":"    @Override","lastModifiedDate":"2024-02-22"},{"lineNumber":37,"author":{"gitId":"JackieNeoCEG"},"content":"    public String toString() {","lastModifiedDate":"2024-02-22"},{"lineNumber":38,"author":{"gitId":"JackieNeoCEG"},"content":"        return this.getTaskType() + this.getTaskMark() + \" \" + this.description;","lastModifiedDate":"2024-02-22"},{"lineNumber":39,"author":{"gitId":"JackieNeoCEG"},"content":"    }","lastModifiedDate":"2024-02-22"},{"lineNumber":40,"author":{"gitId":"JackieNeoCEG"},"content":"","lastModifiedDate":"2024-02-22"},{"lineNumber":41,"author":{"gitId":"JackieNeoCEG"},"content":"    public String toFileString() {","lastModifiedDate":"2024-02-24"},{"lineNumber":42,"author":{"gitId":"JackieNeoCEG"},"content":"        return (status \u003d isDone ? \"1\" : \"0\");","lastModifiedDate":"2024-02-24"},{"lineNumber":43,"author":{"gitId":"JackieNeoCEG"},"content":"    }","lastModifiedDate":"2024-02-24"},{"lineNumber":44,"author":{"gitId":"JackieNeoCEG"},"content":"    public void printTask(int count) {","lastModifiedDate":"2024-02-22"},{"lineNumber":45,"author":{"gitId":"JackieNeoCEG"},"content":"        System.out.println(LINE + \"\\nGot it. I\u0027ve added this task:\");","lastModifiedDate":"2024-02-22"},{"lineNumber":46,"author":{"gitId":"JackieNeoCEG"},"content":"        System.out.println(\"  \" + this);","lastModifiedDate":"2024-02-22"},{"lineNumber":47,"author":{"gitId":"JackieNeoCEG"},"content":"        System.out.println(\"Now you have \" + (count) + \" tasks in the list.\\n\" + LINE);","lastModifiedDate":"2024-02-22"},{"lineNumber":48,"author":{"gitId":"JackieNeoCEG"},"content":"","lastModifiedDate":"2024-02-22"},{"lineNumber":49,"author":{"gitId":"JackieNeoCEG"},"content":"    }","lastModifiedDate":"2024-02-22"},{"lineNumber":50,"author":{"gitId":"JackieNeoCEG"},"content":"}","lastModifiedDate":"2024-02-22"}],"authorContributionMap":{"JackieNeoCEG":50}},{"path":"src/main/java/Todo.java","fileType":"java","lines":[{"lineNumber":1,"author":{"gitId":"JackieNeoCEG"},"content":"public class Todo extends Task {","lastModifiedDate":"2024-02-22"},{"lineNumber":2,"author":{"gitId":"JackieNeoCEG"},"content":"","lastModifiedDate":"2024-02-22"},{"lineNumber":3,"author":{"gitId":"JackieNeoCEG"},"content":"    public Todo(String description) {","lastModifiedDate":"2024-02-22"},{"lineNumber":4,"author":{"gitId":"JackieNeoCEG"},"content":"            super(description);","lastModifiedDate":"2024-02-22"},{"lineNumber":5,"author":{"gitId":"JackieNeoCEG"},"content":"            if (description.trim().equalsIgnoreCase(\"todo\")) {","lastModifiedDate":"2024-02-22"},{"lineNumber":6,"author":{"gitId":"JackieNeoCEG"},"content":"                throw new IllegalArgumentException();","lastModifiedDate":"2024-02-22"},{"lineNumber":7,"author":{"gitId":"JackieNeoCEG"},"content":"            }","lastModifiedDate":"2024-02-22"},{"lineNumber":8,"author":{"gitId":"JackieNeoCEG"},"content":"            this.description \u003d description.substring(5).trim(); // Remove \"todo\" and trim","lastModifiedDate":"2024-02-22"},{"lineNumber":9,"author":{"gitId":"JackieNeoCEG"},"content":"            this.taskType \u003d \"[T]\";","lastModifiedDate":"2024-02-22"},{"lineNumber":10,"author":{"gitId":"JackieNeoCEG"},"content":"    }","lastModifiedDate":"2024-02-22"},{"lineNumber":11,"author":{"gitId":"JackieNeoCEG"},"content":"","lastModifiedDate":"2024-02-22"},{"lineNumber":12,"author":{"gitId":"JackieNeoCEG"},"content":"    @Override","lastModifiedDate":"2024-02-22"},{"lineNumber":13,"author":{"gitId":"JackieNeoCEG"},"content":"    public String toString() {","lastModifiedDate":"2024-02-22"},{"lineNumber":14,"author":{"gitId":"JackieNeoCEG"},"content":"        return super.toString();","lastModifiedDate":"2024-02-22"},{"lineNumber":15,"author":{"gitId":"JackieNeoCEG"},"content":"    }","lastModifiedDate":"2024-02-22"},{"lineNumber":16,"author":{"gitId":"JackieNeoCEG"},"content":"","lastModifiedDate":"2024-02-24"},{"lineNumber":17,"author":{"gitId":"JackieNeoCEG"},"content":"    @Override","lastModifiedDate":"2024-02-24"},{"lineNumber":18,"author":{"gitId":"JackieNeoCEG"},"content":"    public String toFileString() {","lastModifiedDate":"2024-02-24"},{"lineNumber":19,"author":{"gitId":"JackieNeoCEG"},"content":"        return \"T | \" + super.toFileString();","lastModifiedDate":"2024-02-24"},{"lineNumber":20,"author":{"gitId":"JackieNeoCEG"},"content":"    }","lastModifiedDate":"2024-02-24"},{"lineNumber":21,"author":{"gitId":"JackieNeoCEG"},"content":"}","lastModifiedDate":"2024-02-22"}],"authorContributionMap":{"JackieNeoCEG":21}},{"path":"text-ui-test/EXPECTED.txt","fileType":"txt","lines":[{"lineNumber":1,"author":{"gitId":"JackieNeoCEG"},"content":"____________________________________________________________","lastModifiedDate":"2024-02-08"},{"lineNumber":2,"author":{"gitId":"JackieNeoCEG"},"content":"Hello! I\u0027m Bartholomew, but you can call me Bart for short :)","lastModifiedDate":"2024-02-08"},{"lineNumber":3,"author":{"gitId":"JackieNeoCEG"},"content":"What can I do for you?","lastModifiedDate":"2024-02-08"},{"lineNumber":4,"author":{"gitId":"JackieNeoCEG"},"content":"____________________________________________________________","lastModifiedDate":"2024-02-08"},{"lineNumber":5,"author":{"gitId":"JackieNeoCEG"},"content":"todo siuu","lastModifiedDate":"2024-02-10"},{"lineNumber":6,"author":{"gitId":"JackieNeoCEG"},"content":"Got it. I\u0027ve added this task:","lastModifiedDate":"2024-02-08"},{"lineNumber":7,"author":{"gitId":"JackieNeoCEG"},"content":"  [T][ ] siuu","lastModifiedDate":"2024-02-10"},{"lineNumber":8,"author":{"gitId":"JackieNeoCEG"},"content":"Now you have 1 tasks in the list.","lastModifiedDate":"2024-02-08"},{"lineNumber":9,"author":{"gitId":"JackieNeoCEG"},"content":"____________________________________________________________","lastModifiedDate":"2024-02-08"},{"lineNumber":10,"author":{"gitId":"JackieNeoCEG"},"content":"todo siuuuuuuuuuuu","lastModifiedDate":"2024-02-10"},{"lineNumber":11,"author":{"gitId":"JackieNeoCEG"},"content":"Got it. I\u0027ve added this task:","lastModifiedDate":"2024-02-08"},{"lineNumber":12,"author":{"gitId":"JackieNeoCEG"},"content":"  [T][ ] siuuuuuuuuuuu","lastModifiedDate":"2024-02-10"},{"lineNumber":13,"author":{"gitId":"JackieNeoCEG"},"content":"Now you have 2 tasks in the list.","lastModifiedDate":"2024-02-08"},{"lineNumber":14,"author":{"gitId":"JackieNeoCEG"},"content":"____________________________________________________________","lastModifiedDate":"2024-02-08"},{"lineNumber":15,"author":{"gitId":"JackieNeoCEG"},"content":"siuuu","lastModifiedDate":"2024-02-10"},{"lineNumber":16,"author":{"gitId":"JackieNeoCEG"},"content":"Got it. I\u0027ve added this task:","lastModifiedDate":"2024-02-08"},{"lineNumber":17,"author":{"gitId":"JackieNeoCEG"},"content":"  [ ] siuuu","lastModifiedDate":"2024-02-10"},{"lineNumber":18,"author":{"gitId":"JackieNeoCEG"},"content":"Now you have 3 tasks in the list.","lastModifiedDate":"2024-02-08"},{"lineNumber":19,"author":{"gitId":"JackieNeoCEG"},"content":"____________________________________________________________","lastModifiedDate":"2024-02-08"},{"lineNumber":20,"author":{"gitId":"JackieNeoCEG"},"content":"deadline return book /by Sunday","lastModifiedDate":"2024-02-10"},{"lineNumber":21,"author":{"gitId":"JackieNeoCEG"},"content":"Got it. I\u0027ve added this task:","lastModifiedDate":"2024-02-10"},{"lineNumber":22,"author":{"gitId":"JackieNeoCEG"},"content":"  [D][ ] return book (by: Sunday)","lastModifiedDate":"2024-02-10"},{"lineNumber":23,"author":{"gitId":"JackieNeoCEG"},"content":"Now you have 4 tasks in the list.","lastModifiedDate":"2024-02-10"},{"lineNumber":24,"author":{"gitId":"JackieNeoCEG"},"content":"____________________________________________________________","lastModifiedDate":"2024-02-10"},{"lineNumber":25,"author":{"gitId":"JackieNeoCEG"},"content":"event project meeting /from Mon 2pm /to 4pm","lastModifiedDate":"2024-02-10"},{"lineNumber":26,"author":{"gitId":"JackieNeoCEG"},"content":"Got it. I\u0027ve added this task:","lastModifiedDate":"2024-02-10"},{"lineNumber":27,"author":{"gitId":"JackieNeoCEG"},"content":"  [E][ ] project meeting (from: Mon 2pm to: 4pm)","lastModifiedDate":"2024-02-10"},{"lineNumber":28,"author":{"gitId":"JackieNeoCEG"},"content":"Now you have 5 tasks in the list.","lastModifiedDate":"2024-02-10"},{"lineNumber":29,"author":{"gitId":"JackieNeoCEG"},"content":"____________________________________________________________","lastModifiedDate":"2024-02-10"},{"lineNumber":30,"author":{"gitId":"JackieNeoCEG"},"content":"list","lastModifiedDate":"2024-02-10"},{"lineNumber":31,"author":{"gitId":"JackieNeoCEG"},"content":"____________________________________________________________","lastModifiedDate":"2024-02-10"},{"lineNumber":32,"author":{"gitId":"JackieNeoCEG"},"content":"1.[T][ ] siuu","lastModifiedDate":"2024-02-10"},{"lineNumber":33,"author":{"gitId":"JackieNeoCEG"},"content":"2.[T][ ] siuuuuuuuuuuu","lastModifiedDate":"2024-02-10"},{"lineNumber":34,"author":{"gitId":"JackieNeoCEG"},"content":"3.[ ] siuuu","lastModifiedDate":"2024-02-10"},{"lineNumber":35,"author":{"gitId":"JackieNeoCEG"},"content":"4.[D][ ] return book (by: Sunday)","lastModifiedDate":"2024-02-10"},{"lineNumber":36,"author":{"gitId":"JackieNeoCEG"},"content":"5.[E][ ] project meeting (from: Mon 2pm to: 4pm)","lastModifiedDate":"2024-02-10"},{"lineNumber":37,"author":{"gitId":"JackieNeoCEG"},"content":"____________________________________________________________","lastModifiedDate":"2024-02-10"},{"lineNumber":38,"author":{"gitId":"JackieNeoCEG"},"content":"mark 3","lastModifiedDate":"2024-02-10"},{"lineNumber":39,"author":{"gitId":"JackieNeoCEG"},"content":"Nice! I\u0027ve marked this task as done:","lastModifiedDate":"2024-02-10"},{"lineNumber":40,"author":{"gitId":"JackieNeoCEG"},"content":"[X] siuuu","lastModifiedDate":"2024-02-10"},{"lineNumber":41,"author":{"gitId":"JackieNeoCEG"},"content":"____________________________________________________________","lastModifiedDate":"2024-02-10"},{"lineNumber":42,"author":{"gitId":"JackieNeoCEG"},"content":"mark 5","lastModifiedDate":"2024-02-10"},{"lineNumber":43,"author":{"gitId":"JackieNeoCEG"},"content":"Nice! I\u0027ve marked this task as done:","lastModifiedDate":"2024-02-10"},{"lineNumber":44,"author":{"gitId":"JackieNeoCEG"},"content":"[X] project meeting","lastModifiedDate":"2024-02-10"},{"lineNumber":45,"author":{"gitId":"JackieNeoCEG"},"content":"____________________________________________________________","lastModifiedDate":"2024-02-10"},{"lineNumber":46,"author":{"gitId":"JackieNeoCEG"},"content":"mark 1","lastModifiedDate":"2024-02-10"},{"lineNumber":47,"author":{"gitId":"JackieNeoCEG"},"content":"Nice! I\u0027ve marked this task as done:","lastModifiedDate":"2024-02-10"},{"lineNumber":48,"author":{"gitId":"JackieNeoCEG"},"content":"[X] siuu","lastModifiedDate":"2024-02-10"},{"lineNumber":49,"author":{"gitId":"JackieNeoCEG"},"content":"____________________________________________________________","lastModifiedDate":"2024-02-10"},{"lineNumber":50,"author":{"gitId":"JackieNeoCEG"},"content":"mark 0","lastModifiedDate":"2024-02-10"},{"lineNumber":51,"author":{"gitId":"JackieNeoCEG"},"content":"Invalid task number.","lastModifiedDate":"2024-02-10"},{"lineNumber":52,"author":{"gitId":"JackieNeoCEG"},"content":"____________________________________________________________","lastModifiedDate":"2024-02-10"},{"lineNumber":53,"author":{"gitId":"JackieNeoCEG"},"content":"list","lastModifiedDate":"2024-02-10"},{"lineNumber":54,"author":{"gitId":"JackieNeoCEG"},"content":"____________________________________________________________","lastModifiedDate":"2024-02-10"},{"lineNumber":55,"author":{"gitId":"JackieNeoCEG"},"content":"1.[T][X] siuu","lastModifiedDate":"2024-02-10"},{"lineNumber":56,"author":{"gitId":"JackieNeoCEG"},"content":"2.[T][ ] siuuuuuuuuuuu","lastModifiedDate":"2024-02-10"},{"lineNumber":57,"author":{"gitId":"JackieNeoCEG"},"content":"3.[X] siuuu","lastModifiedDate":"2024-02-10"},{"lineNumber":58,"author":{"gitId":"JackieNeoCEG"},"content":"4.[D][ ] return book (by: Sunday)","lastModifiedDate":"2024-02-10"},{"lineNumber":59,"author":{"gitId":"JackieNeoCEG"},"content":"5.[E][X] project meeting (from: Mon 2pm to: 4pm)","lastModifiedDate":"2024-02-10"},{"lineNumber":60,"author":{"gitId":"JackieNeoCEG"},"content":"____________________________________________________________","lastModifiedDate":"2024-02-10"},{"lineNumber":61,"author":{"gitId":"JackieNeoCEG"},"content":"bye","lastModifiedDate":"2024-02-08"},{"lineNumber":62,"author":{"gitId":"JackieNeoCEG"},"content":"Bye. Hope to see you again soon!","lastModifiedDate":"2024-02-08"},{"lineNumber":63,"author":{"gitId":"JackieNeoCEG"},"content":"____________________________________________________________","lastModifiedDate":"2024-02-08"}],"authorContributionMap":{"JackieNeoCEG":63}},{"path":"text-ui-test/input.txt","fileType":"txt","lines":[{"lineNumber":1,"author":{"gitId":"JackieNeoCEG"},"content":"todo siuu","lastModifiedDate":"2024-02-10"},{"lineNumber":2,"author":{"gitId":"JackieNeoCEG"},"content":"todo siuuuuuuuuuuu","lastModifiedDate":"2024-02-10"},{"lineNumber":3,"author":{"gitId":"JackieNeoCEG"},"content":"todo borrow book","lastModifiedDate":"2024-02-08"},{"lineNumber":4,"author":{"gitId":"JackieNeoCEG"},"content":"siuuu","lastModifiedDate":"2024-02-10"},{"lineNumber":5,"author":{"gitId":"JackieNeoCEG"},"content":"deadline return book /by Sunday","lastModifiedDate":"2024-02-08"},{"lineNumber":6,"author":{"gitId":"JackieNeoCEG"},"content":"event project meeting /from Mon 2pm /to 4pm","lastModifiedDate":"2024-02-08"},{"lineNumber":7,"author":{"gitId":"JackieNeoCEG"},"content":"list","lastModifiedDate":"2024-02-10"},{"lineNumber":8,"author":{"gitId":"JackieNeoCEG"},"content":"mark 3","lastModifiedDate":"2024-02-10"},{"lineNumber":9,"author":{"gitId":"JackieNeoCEG"},"content":"mark 5","lastModifiedDate":"2024-02-10"},{"lineNumber":10,"author":{"gitId":"JackieNeoCEG"},"content":"mark 1","lastModifiedDate":"2024-02-10"},{"lineNumber":11,"author":{"gitId":"JackieNeoCEG"},"content":"mark 0","lastModifiedDate":"2024-02-10"},{"lineNumber":12,"author":{"gitId":"JackieNeoCEG"},"content":"list","lastModifiedDate":"2024-02-10"},{"lineNumber":13,"author":{"gitId":"JackieNeoCEG"},"content":"bye","lastModifiedDate":"2024-02-08"}],"authorContributionMap":{"JackieNeoCEG":13}},{"path":"text-ui-test/runtest.bat","fileType":"bat","lines":[{"lineNumber":1,"author":{"gitId":"-"},"content":"@ECHO OFF","lastModifiedDate":"2020-05-25"},{"lineNumber":2,"author":{"gitId":"-"},"content":"","lastModifiedDate":"2020-05-25"},{"lineNumber":3,"author":{"gitId":"-"},"content":"REM create bin directory if it doesn\u0027t exist","lastModifiedDate":"2020-05-25"},{"lineNumber":4,"author":{"gitId":"-"},"content":"if not exist ..\\bin mkdir ..\\bin","lastModifiedDate":"2020-05-25"},{"lineNumber":5,"author":{"gitId":"-"},"content":"","lastModifiedDate":"2020-05-25"},{"lineNumber":6,"author":{"gitId":"-"},"content":"REM delete output from previous run","lastModifiedDate":"2020-05-25"},{"lineNumber":7,"author":{"gitId":"JackieNeoCEG"},"content":"del ACTUAL.TXT","lastModifiedDate":"2024-02-08"},{"lineNumber":8,"author":{"gitId":"-"},"content":"","lastModifiedDate":"2020-05-25"},{"lineNumber":9,"author":{"gitId":"-"},"content":"REM compile the code into the bin folder","lastModifiedDate":"2020-05-25"},{"lineNumber":10,"author":{"gitId":"-"},"content":"javac  -cp ..\\src\\main\\java -Xlint:none -d ..\\bin ..\\src\\main\\java\\*.java","lastModifiedDate":"2020-08-25"},{"lineNumber":11,"author":{"gitId":"-"},"content":"IF ERRORLEVEL 1 (","lastModifiedDate":"2020-05-25"},{"lineNumber":12,"author":{"gitId":"-"},"content":"    echo ********** BUILD FAILURE **********","lastModifiedDate":"2020-05-25"},{"lineNumber":13,"author":{"gitId":"-"},"content":"    exit /b 1","lastModifiedDate":"2020-05-25"},{"lineNumber":14,"author":{"gitId":"-"},"content":")","lastModifiedDate":"2020-05-25"},{"lineNumber":15,"author":{"gitId":"-"},"content":"REM no error here, errorlevel \u003d\u003d 0","lastModifiedDate":"2020-05-25"},{"lineNumber":16,"author":{"gitId":"-"},"content":"","lastModifiedDate":"2020-05-25"},{"lineNumber":17,"author":{"gitId":"-"},"content":"REM run the program, feed commands from input.txt file and redirect the output to the ACTUAL.TXT","lastModifiedDate":"2020-05-25"},{"lineNumber":18,"author":{"gitId":"JackieNeoCEG"},"content":"java -classpath ..\\bin Bart \u003c input.txt \u003e ACTUAL.TXT","lastModifiedDate":"2024-02-08"},{"lineNumber":19,"author":{"gitId":"-"},"content":"","lastModifiedDate":"2020-05-25"},{"lineNumber":20,"author":{"gitId":"-"},"content":"REM compare the output to the expected output","lastModifiedDate":"2020-05-25"},{"lineNumber":21,"author":{"gitId":"-"},"content":"FC ACTUAL.TXT EXPECTED.TXT","lastModifiedDate":"2020-05-25"}],"authorContributionMap":{"JackieNeoCEG":2,"-":19}}]
