[{"path":"src/main/java/Duke.java","fileType":"java","lines":[{"lineNumber":1,"author":{"gitId":"JackieNeoCEG"},"content":"import java.util.Scanner;","lastModifiedDate":"2024-02-04"},{"lineNumber":2,"author":{"gitId":"JackieNeoCEG"},"content":"","lastModifiedDate":"2024-02-05"},{"lineNumber":3,"author":{"gitId":"-"},"content":"public class Duke {","lastModifiedDate":"2019-07-29"},{"lineNumber":4,"author":{"gitId":"JackieNeoCEG"},"content":"    static String LINE \u003d \"____________________________________________________________\";","lastModifiedDate":"2024-02-04"},{"lineNumber":5,"author":{"gitId":"JackieNeoCEG"},"content":"    static Task[] tasksArray \u003d new Task[100];","lastModifiedDate":"2024-02-05"},{"lineNumber":6,"author":{"gitId":"JackieNeoCEG"},"content":"    static int taskCount \u003d 0;","lastModifiedDate":"2024-02-04"},{"lineNumber":7,"author":{"gitId":"-"},"content":"    public static void main(String[] args) {","lastModifiedDate":"2019-07-29"},{"lineNumber":8,"author":{"gitId":"JackieNeoCEG"},"content":"        greetUser();","lastModifiedDate":"2024-02-04"},{"lineNumber":9,"author":{"gitId":"JackieNeoCEG"},"content":"        manageTask();","lastModifiedDate":"2024-02-05"},{"lineNumber":10,"author":{"gitId":"JackieNeoCEG"},"content":"        byeUser();","lastModifiedDate":"2024-02-04"},{"lineNumber":11,"author":{"gitId":"JackieNeoCEG"},"content":"    }","lastModifiedDate":"2024-02-04"},{"lineNumber":12,"author":{"gitId":"JackieNeoCEG"},"content":"    public static void greetUser() {","lastModifiedDate":"2024-02-05"},{"lineNumber":13,"author":{"gitId":"JackieNeoCEG"},"content":"        System.out.println(LINE);","lastModifiedDate":"2024-02-04"},{"lineNumber":14,"author":{"gitId":"JackieNeoCEG"},"content":"        System.out.println(\"Hello! I\u0027m Bartholomew, but you can call me Bart for short :)\");","lastModifiedDate":"2024-02-04"},{"lineNumber":15,"author":{"gitId":"JackieNeoCEG"},"content":"        System.out.println(\"What can I do for you?\");","lastModifiedDate":"2024-02-04"},{"lineNumber":16,"author":{"gitId":"JackieNeoCEG"},"content":"        System.out.println(LINE);","lastModifiedDate":"2024-02-04"},{"lineNumber":17,"author":{"gitId":"JackieNeoCEG"},"content":"    }","lastModifiedDate":"2024-02-04"},{"lineNumber":18,"author":{"gitId":"JackieNeoCEG"},"content":"    public static void manageTask() {","lastModifiedDate":"2024-02-05"},{"lineNumber":19,"author":{"gitId":"JackieNeoCEG"},"content":"        Scanner in \u003d new Scanner(System.in);","lastModifiedDate":"2024-02-04"},{"lineNumber":20,"author":{"gitId":"JackieNeoCEG"},"content":"        String command \u003d \"\";","lastModifiedDate":"2024-02-04"},{"lineNumber":21,"author":{"gitId":"JackieNeoCEG"},"content":"        while (!command.equals(\"bye\")) {","lastModifiedDate":"2024-02-04"},{"lineNumber":22,"author":{"gitId":"JackieNeoCEG"},"content":"            command \u003d in.nextLine();","lastModifiedDate":"2024-02-04"},{"lineNumber":23,"author":{"gitId":"JackieNeoCEG"},"content":"            if (command.equals(\"list\")) {","lastModifiedDate":"2024-02-04"},{"lineNumber":24,"author":{"gitId":"JackieNeoCEG"},"content":"                listTasks();","lastModifiedDate":"2024-02-05"},{"lineNumber":25,"author":{"gitId":"JackieNeoCEG"},"content":"            } else if (command.startsWith(\"mark\")) {","lastModifiedDate":"2024-02-05"},{"lineNumber":26,"author":{"gitId":"JackieNeoCEG"},"content":"                markTask(command);","lastModifiedDate":"2024-02-05"},{"lineNumber":27,"author":{"gitId":"JackieNeoCEG"},"content":"            } else if (command.startsWith(\"unmark\")) {","lastModifiedDate":"2024-02-05"},{"lineNumber":28,"author":{"gitId":"JackieNeoCEG"},"content":"                unmarkTask(command);","lastModifiedDate":"2024-02-05"},{"lineNumber":29,"author":{"gitId":"JackieNeoCEG"},"content":"            } else {","lastModifiedDate":"2024-02-05"},{"lineNumber":30,"author":{"gitId":"JackieNeoCEG"},"content":"                if (taskCount \u003c tasksArray.length) {","lastModifiedDate":"2024-02-05"},{"lineNumber":31,"author":{"gitId":"JackieNeoCEG"},"content":"                    tasksArray[taskCount] \u003d new Task(command); // Create new Task object","lastModifiedDate":"2024-02-05"},{"lineNumber":32,"author":{"gitId":"JackieNeoCEG"},"content":"                    taskCount++;","lastModifiedDate":"2024-02-05"},{"lineNumber":33,"author":{"gitId":"JackieNeoCEG"},"content":"                    System.out.println(LINE);","lastModifiedDate":"2024-02-05"},{"lineNumber":34,"author":{"gitId":"JackieNeoCEG"},"content":"                    System.out.println(\"added: \" + command);","lastModifiedDate":"2024-02-05"},{"lineNumber":35,"author":{"gitId":"JackieNeoCEG"},"content":"                    System.out.println(LINE);","lastModifiedDate":"2024-02-05"},{"lineNumber":36,"author":{"gitId":"JackieNeoCEG"},"content":"                } else {","lastModifiedDate":"2024-02-05"},{"lineNumber":37,"author":{"gitId":"JackieNeoCEG"},"content":"                    System.out.println(\"Sorry, task list is full.\");","lastModifiedDate":"2024-02-05"},{"lineNumber":38,"author":{"gitId":"JackieNeoCEG"},"content":"                }","lastModifiedDate":"2024-02-05"},{"lineNumber":39,"author":{"gitId":"JackieNeoCEG"},"content":"            }","lastModifiedDate":"2024-02-05"},{"lineNumber":40,"author":{"gitId":"JackieNeoCEG"},"content":"        }","lastModifiedDate":"2024-02-05"},{"lineNumber":41,"author":{"gitId":"JackieNeoCEG"},"content":"    }","lastModifiedDate":"2024-02-05"},{"lineNumber":42,"author":{"gitId":"JackieNeoCEG"},"content":"    public static void listTasks() {","lastModifiedDate":"2024-02-05"},{"lineNumber":43,"author":{"gitId":"JackieNeoCEG"},"content":"        System.out.println(LINE);","lastModifiedDate":"2024-02-04"},{"lineNumber":44,"author":{"gitId":"JackieNeoCEG"},"content":"        //Edge case: If list empty","lastModifiedDate":"2024-02-05"},{"lineNumber":45,"author":{"gitId":"JackieNeoCEG"},"content":"        if (taskCount \u003d\u003d 0) {","lastModifiedDate":"2024-02-05"},{"lineNumber":46,"author":{"gitId":"JackieNeoCEG"},"content":"            System.out.println(\"Nothing added\");","lastModifiedDate":"2024-02-05"},{"lineNumber":47,"author":{"gitId":"JackieNeoCEG"},"content":"        }","lastModifiedDate":"2024-02-05"},{"lineNumber":48,"author":{"gitId":"JackieNeoCEG"},"content":"        for (int i \u003d 0; i \u003c taskCount; i++) {","lastModifiedDate":"2024-02-04"},{"lineNumber":49,"author":{"gitId":"JackieNeoCEG"},"content":"            System.out.println((i + 1) + \".\" + tasksArray[i].getStatusIcon() + \" \" + tasksArray[i].description);","lastModifiedDate":"2024-02-05"},{"lineNumber":50,"author":{"gitId":"JackieNeoCEG"},"content":"        }","lastModifiedDate":"2024-02-04"},{"lineNumber":51,"author":{"gitId":"JackieNeoCEG"},"content":"        System.out.println(LINE);","lastModifiedDate":"2024-02-04"},{"lineNumber":52,"author":{"gitId":"JackieNeoCEG"},"content":"    }","lastModifiedDate":"2024-02-05"},{"lineNumber":53,"author":{"gitId":"JackieNeoCEG"},"content":"","lastModifiedDate":"2024-02-05"},{"lineNumber":54,"author":{"gitId":"JackieNeoCEG"},"content":"    public static void markTask(String command) {","lastModifiedDate":"2024-02-05"},{"lineNumber":55,"author":{"gitId":"JackieNeoCEG"},"content":"        int taskIndex \u003d Integer.parseInt(command.substring(5).trim()) - 1;","lastModifiedDate":"2024-02-05"},{"lineNumber":56,"author":{"gitId":"JackieNeoCEG"},"content":"","lastModifiedDate":"2024-02-05"},{"lineNumber":57,"author":{"gitId":"JackieNeoCEG"},"content":"        // Check if the task index is within the valid range","lastModifiedDate":"2024-02-05"},{"lineNumber":58,"author":{"gitId":"JackieNeoCEG"},"content":"        if (taskIndex \u003e\u003d 0 \u0026\u0026 taskIndex \u003c taskCount) {","lastModifiedDate":"2024-02-05"},{"lineNumber":59,"author":{"gitId":"JackieNeoCEG"},"content":"            tasksArray[taskIndex].markAsDone();","lastModifiedDate":"2024-02-05"},{"lineNumber":60,"author":{"gitId":"JackieNeoCEG"},"content":"            System.out.println(\"Nice! I\u0027ve marked this task as done:\");","lastModifiedDate":"2024-02-05"},{"lineNumber":61,"author":{"gitId":"JackieNeoCEG"},"content":"            System.out.println(tasksArray[taskIndex].getStatusIcon() + \" \" + tasksArray[taskIndex].description);","lastModifiedDate":"2024-02-05"},{"lineNumber":62,"author":{"gitId":"JackieNeoCEG"},"content":"        } else {","lastModifiedDate":"2024-02-04"},{"lineNumber":63,"author":{"gitId":"JackieNeoCEG"},"content":"            System.out.println(\"Invalid task number.\");","lastModifiedDate":"2024-02-05"},{"lineNumber":64,"author":{"gitId":"JackieNeoCEG"},"content":"        }","lastModifiedDate":"2024-02-05"},{"lineNumber":65,"author":{"gitId":"JackieNeoCEG"},"content":"        System.out.println(LINE);","lastModifiedDate":"2024-02-04"},{"lineNumber":66,"author":{"gitId":"JackieNeoCEG"},"content":"    }","lastModifiedDate":"2024-02-04"},{"lineNumber":67,"author":{"gitId":"JackieNeoCEG"},"content":"","lastModifiedDate":"2024-02-05"},{"lineNumber":68,"author":{"gitId":"JackieNeoCEG"},"content":"    //similar to markTask","lastModifiedDate":"2024-02-05"},{"lineNumber":69,"author":{"gitId":"JackieNeoCEG"},"content":"    public static void unmarkTask(String command) {","lastModifiedDate":"2024-02-05"},{"lineNumber":70,"author":{"gitId":"JackieNeoCEG"},"content":"        int taskIndex \u003d Integer.parseInt(command.substring(7).trim()) - 1;","lastModifiedDate":"2024-02-05"},{"lineNumber":71,"author":{"gitId":"JackieNeoCEG"},"content":"        if (taskIndex \u003e\u003d 0 \u0026\u0026 taskIndex \u003c taskCount) {","lastModifiedDate":"2024-02-05"},{"lineNumber":72,"author":{"gitId":"JackieNeoCEG"},"content":"            tasksArray[taskIndex].markAsUndone();","lastModifiedDate":"2024-02-05"},{"lineNumber":73,"author":{"gitId":"JackieNeoCEG"},"content":"            System.out.println(\"OK, I\u0027ve marked this task as not done yet:\");","lastModifiedDate":"2024-02-05"},{"lineNumber":74,"author":{"gitId":"JackieNeoCEG"},"content":"            System.out.println(tasksArray[taskIndex].getStatusIcon() + \" \" + tasksArray[taskIndex].description);","lastModifiedDate":"2024-02-05"},{"lineNumber":75,"author":{"gitId":"JackieNeoCEG"},"content":"        } else {","lastModifiedDate":"2024-02-05"},{"lineNumber":76,"author":{"gitId":"JackieNeoCEG"},"content":"            System.out.println(\"Invalid task number.\");","lastModifiedDate":"2024-02-05"},{"lineNumber":77,"author":{"gitId":"JackieNeoCEG"},"content":"        }","lastModifiedDate":"2024-02-04"},{"lineNumber":78,"author":{"gitId":"JackieNeoCEG"},"content":"        System.out.println(LINE);","lastModifiedDate":"2024-02-05"},{"lineNumber":79,"author":{"gitId":"JackieNeoCEG"},"content":"    }","lastModifiedDate":"2024-02-04"},{"lineNumber":80,"author":{"gitId":"JackieNeoCEG"},"content":"","lastModifiedDate":"2024-02-04"},{"lineNumber":81,"author":{"gitId":"JackieNeoCEG"},"content":"    private static void byeUser() {","lastModifiedDate":"2024-02-04"},{"lineNumber":82,"author":{"gitId":"JackieNeoCEG"},"content":"        System.out.println(\"Bye. Hope to see you again soon!\");","lastModifiedDate":"2024-02-04"},{"lineNumber":83,"author":{"gitId":"JackieNeoCEG"},"content":"        System.out.println(LINE);","lastModifiedDate":"2024-02-04"},{"lineNumber":84,"author":{"gitId":"-"},"content":"    }","lastModifiedDate":"2019-07-29"},{"lineNumber":85,"author":{"gitId":"-"},"content":"}","lastModifiedDate":"2019-07-29"}],"authorContributionMap":{"JackieNeoCEG":81,"-":4}},{"path":"src/main/java/Task.java","fileType":"java","lines":[{"lineNumber":1,"author":{"gitId":"JackieNeoCEG"},"content":"// Use a Task class to represent tasks.","lastModifiedDate":"2024-02-05"},{"lineNumber":2,"author":{"gitId":"JackieNeoCEG"},"content":"public class Task {","lastModifiedDate":"2024-02-05"},{"lineNumber":3,"author":{"gitId":"JackieNeoCEG"},"content":"    protected String description;","lastModifiedDate":"2024-02-05"},{"lineNumber":4,"author":{"gitId":"JackieNeoCEG"},"content":"    protected boolean isDone;","lastModifiedDate":"2024-02-05"},{"lineNumber":5,"author":{"gitId":"JackieNeoCEG"},"content":"","lastModifiedDate":"2024-02-05"},{"lineNumber":6,"author":{"gitId":"JackieNeoCEG"},"content":"    public Task(String description) {","lastModifiedDate":"2024-02-05"},{"lineNumber":7,"author":{"gitId":"JackieNeoCEG"},"content":"        this.description \u003d description;","lastModifiedDate":"2024-02-05"},{"lineNumber":8,"author":{"gitId":"JackieNeoCEG"},"content":"        this.isDone \u003d false;","lastModifiedDate":"2024-02-05"},{"lineNumber":9,"author":{"gitId":"JackieNeoCEG"},"content":"    }","lastModifiedDate":"2024-02-05"},{"lineNumber":10,"author":{"gitId":"JackieNeoCEG"},"content":"","lastModifiedDate":"2024-02-05"},{"lineNumber":11,"author":{"gitId":"JackieNeoCEG"},"content":"    public String getStatusIcon() {","lastModifiedDate":"2024-02-05"},{"lineNumber":12,"author":{"gitId":"JackieNeoCEG"},"content":"        return (isDone ? \"[X]\" : \"[ ]\"); // mark done task with [X] and undone with [ ]","lastModifiedDate":"2024-02-05"},{"lineNumber":13,"author":{"gitId":"JackieNeoCEG"},"content":"    }","lastModifiedDate":"2024-02-05"},{"lineNumber":14,"author":{"gitId":"JackieNeoCEG"},"content":"","lastModifiedDate":"2024-02-05"},{"lineNumber":15,"author":{"gitId":"JackieNeoCEG"},"content":"    public void markAsDone() {","lastModifiedDate":"2024-02-05"},{"lineNumber":16,"author":{"gitId":"JackieNeoCEG"},"content":"        isDone \u003d true;","lastModifiedDate":"2024-02-05"},{"lineNumber":17,"author":{"gitId":"JackieNeoCEG"},"content":"    }","lastModifiedDate":"2024-02-05"},{"lineNumber":18,"author":{"gitId":"JackieNeoCEG"},"content":"","lastModifiedDate":"2024-02-05"},{"lineNumber":19,"author":{"gitId":"JackieNeoCEG"},"content":"    public void markAsUndone() {","lastModifiedDate":"2024-02-05"},{"lineNumber":20,"author":{"gitId":"JackieNeoCEG"},"content":"        isDone \u003d false;","lastModifiedDate":"2024-02-05"},{"lineNumber":21,"author":{"gitId":"JackieNeoCEG"},"content":"    }","lastModifiedDate":"2024-02-05"},{"lineNumber":22,"author":{"gitId":"JackieNeoCEG"},"content":"}","lastModifiedDate":"2024-02-05"}],"authorContributionMap":{"JackieNeoCEG":22}}]
