[{"path":"src/main/java/Sebastian.java","fileType":"java","lines":[{"lineNumber":1,"author":{"gitId":"dtaywd"},"content":"import java.util.Scanner;","lastModifiedDate":"2024-01-31"},{"lineNumber":2,"author":{"gitId":"dtaywd"},"content":"public class Sebastian {","lastModifiedDate":"2024-01-26"},{"lineNumber":3,"author":{"gitId":"dtaywd"},"content":"    public static void main(String[] args) {","lastModifiedDate":"2024-01-26"},{"lineNumber":4,"author":{"gitId":"dtaywd"},"content":"        Scanner myScanner \u003d new Scanner(System.in);","lastModifiedDate":"2024-01-31"},{"lineNumber":5,"author":{"gitId":"dtaywd"},"content":"        String logo \u003d \" ____       _               _   _ \\n\" +","lastModifiedDate":"2024-01-26"},{"lineNumber":6,"author":{"gitId":"dtaywd"},"content":"                \"/ ___|  ___| |__   __ _ ___| |_(_) __ _ _ __ \\n\" +","lastModifiedDate":"2024-01-26"},{"lineNumber":7,"author":{"gitId":"dtaywd"},"content":"                \"\\\\___ \\\\ / _ \\\\ \u0027_ \\\\ / _` / __| __| |/ _` | \u0027_ \\\\ \\n\" +","lastModifiedDate":"2024-01-26"},{"lineNumber":8,"author":{"gitId":"dtaywd"},"content":"                \" ___) |  __/ |_) | (_| \\\\__ \\\\ |_| | (_| | | | | \\n\" +","lastModifiedDate":"2024-01-26"},{"lineNumber":9,"author":{"gitId":"dtaywd"},"content":"                \"|____/ \\\\___|_.__/ \\\\__,_|___/\\\\__|_|\\\\__,_|_| |_| \\n\";","lastModifiedDate":"2024-01-26"},{"lineNumber":10,"author":{"gitId":"dtaywd"},"content":"","lastModifiedDate":"2024-01-26"},{"lineNumber":11,"author":{"gitId":"dtaywd"},"content":"        System.out.println(\"Hello from\\n\" + logo);","lastModifiedDate":"2024-01-26"},{"lineNumber":12,"author":{"gitId":"dtaywd"},"content":"        System.out.println(\"Hello! I\u0027m Sebastian, your humble butler\\n\" +","lastModifiedDate":"2024-01-26"},{"lineNumber":13,"author":{"gitId":"dtaywd"},"content":"                \"What can I do for you?\");","lastModifiedDate":"2024-01-26"},{"lineNumber":14,"author":{"gitId":"dtaywd"},"content":"","lastModifiedDate":"2024-01-31"},{"lineNumber":15,"author":{"gitId":"dtaywd"},"content":"        //List adding functionality","lastModifiedDate":"2024-02-01"},{"lineNumber":16,"author":{"gitId":"dtaywd"},"content":"        TaskManager taskManager \u003d new TaskManager();","lastModifiedDate":"2024-02-01"},{"lineNumber":17,"author":{"gitId":"dtaywd"},"content":"        String userInput \u003d myScanner.nextLine();","lastModifiedDate":"2024-01-31"},{"lineNumber":18,"author":{"gitId":"dtaywd"},"content":"        while (!userInput.equals(\"bye\")) {","lastModifiedDate":"2024-01-31"},{"lineNumber":19,"author":{"gitId":"dtaywd"},"content":"            if (userInput.equals(\"list\")) {","lastModifiedDate":"2024-02-01"},{"lineNumber":20,"author":{"gitId":"dtaywd"},"content":"                taskManager.showListContents();","lastModifiedDate":"2024-02-01"},{"lineNumber":21,"author":{"gitId":"dtaywd"},"content":"                userInput \u003d myScanner.nextLine();","lastModifiedDate":"2024-01-31"},{"lineNumber":22,"author":{"gitId":"dtaywd"},"content":"            } else if (userInput.contains(\"mark\")) {","lastModifiedDate":"2024-02-01"},{"lineNumber":23,"author":{"gitId":"dtaywd"},"content":"                taskManager.changeTaskStatus(userInput);","lastModifiedDate":"2024-02-01"},{"lineNumber":24,"author":{"gitId":"dtaywd"},"content":"                userInput \u003d myScanner.nextLine();","lastModifiedDate":"2024-02-01"},{"lineNumber":25,"author":{"gitId":"dtaywd"},"content":"            } else {","lastModifiedDate":"2024-02-01"},{"lineNumber":26,"author":{"gitId":"dtaywd"},"content":"                System.out.println(\"added: \" + userInput);","lastModifiedDate":"2024-02-01"},{"lineNumber":27,"author":{"gitId":"dtaywd"},"content":"                taskManager.addListContents(userInput);","lastModifiedDate":"2024-02-01"},{"lineNumber":28,"author":{"gitId":"dtaywd"},"content":"                userInput \u003d myScanner.nextLine();","lastModifiedDate":"2024-02-01"},{"lineNumber":29,"author":{"gitId":"dtaywd"},"content":"            }","lastModifiedDate":"2024-02-01"},{"lineNumber":30,"author":{"gitId":"dtaywd"},"content":"        }","lastModifiedDate":"2024-02-01"},{"lineNumber":31,"author":{"gitId":"dtaywd"},"content":"        System.out.println(\"Bye. Hope to see you again soon!\");","lastModifiedDate":"2024-01-26"},{"lineNumber":32,"author":{"gitId":"dtaywd"},"content":"    }","lastModifiedDate":"2024-01-26"},{"lineNumber":33,"author":{"gitId":"dtaywd"},"content":"}","lastModifiedDate":"2024-01-26"}],"authorContributionMap":{"dtaywd":33}},{"path":"src/main/java/Task.java","fileType":"java","lines":[{"lineNumber":1,"author":{"gitId":"dtaywd"},"content":"public class Task {","lastModifiedDate":"2024-02-01"},{"lineNumber":2,"author":{"gitId":"dtaywd"},"content":"    private int id;","lastModifiedDate":"2024-02-01"},{"lineNumber":3,"author":{"gitId":"dtaywd"},"content":"    private String content;","lastModifiedDate":"2024-02-01"},{"lineNumber":4,"author":{"gitId":"dtaywd"},"content":"    private boolean isDone;","lastModifiedDate":"2024-02-01"},{"lineNumber":5,"author":{"gitId":"dtaywd"},"content":"","lastModifiedDate":"2024-02-01"},{"lineNumber":6,"author":{"gitId":"dtaywd"},"content":"    public Task(int id, String content, boolean isDone) {","lastModifiedDate":"2024-02-01"},{"lineNumber":7,"author":{"gitId":"dtaywd"},"content":"        this.id \u003d id;","lastModifiedDate":"2024-02-01"},{"lineNumber":8,"author":{"gitId":"dtaywd"},"content":"        this.content \u003d content;","lastModifiedDate":"2024-02-01"},{"lineNumber":9,"author":{"gitId":"dtaywd"},"content":"        this.isDone \u003d isDone;","lastModifiedDate":"2024-02-01"},{"lineNumber":10,"author":{"gitId":"dtaywd"},"content":"    }","lastModifiedDate":"2024-02-01"},{"lineNumber":11,"author":{"gitId":"dtaywd"},"content":"","lastModifiedDate":"2024-02-01"},{"lineNumber":12,"author":{"gitId":"dtaywd"},"content":"    public int getId() {","lastModifiedDate":"2024-02-01"},{"lineNumber":13,"author":{"gitId":"dtaywd"},"content":"        return id;","lastModifiedDate":"2024-02-01"},{"lineNumber":14,"author":{"gitId":"dtaywd"},"content":"    }","lastModifiedDate":"2024-02-01"},{"lineNumber":15,"author":{"gitId":"dtaywd"},"content":"","lastModifiedDate":"2024-02-01"},{"lineNumber":16,"author":{"gitId":"dtaywd"},"content":"    public String getContent() {","lastModifiedDate":"2024-02-01"},{"lineNumber":17,"author":{"gitId":"dtaywd"},"content":"        return content;","lastModifiedDate":"2024-02-01"},{"lineNumber":18,"author":{"gitId":"dtaywd"},"content":"    }","lastModifiedDate":"2024-02-01"},{"lineNumber":19,"author":{"gitId":"dtaywd"},"content":"","lastModifiedDate":"2024-02-01"},{"lineNumber":20,"author":{"gitId":"dtaywd"},"content":"    public boolean isDone() {","lastModifiedDate":"2024-02-01"},{"lineNumber":21,"author":{"gitId":"dtaywd"},"content":"        return isDone;","lastModifiedDate":"2024-02-01"},{"lineNumber":22,"author":{"gitId":"dtaywd"},"content":"    }","lastModifiedDate":"2024-02-01"},{"lineNumber":23,"author":{"gitId":"dtaywd"},"content":"","lastModifiedDate":"2024-02-01"},{"lineNumber":24,"author":{"gitId":"dtaywd"},"content":"    public void setDone(boolean done) {","lastModifiedDate":"2024-02-01"},{"lineNumber":25,"author":{"gitId":"dtaywd"},"content":"        isDone \u003d done;","lastModifiedDate":"2024-02-01"},{"lineNumber":26,"author":{"gitId":"dtaywd"},"content":"    }","lastModifiedDate":"2024-02-01"},{"lineNumber":27,"author":{"gitId":"dtaywd"},"content":"}","lastModifiedDate":"2024-02-01"}],"authorContributionMap":{"dtaywd":27}},{"path":"src/main/java/TaskManager.java","fileType":"java","lines":[{"lineNumber":1,"author":{"gitId":"dtaywd"},"content":"public class TaskManager {","lastModifiedDate":"2024-02-01"},{"lineNumber":2,"author":{"gitId":"dtaywd"},"content":"    private int numItems;","lastModifiedDate":"2024-02-01"},{"lineNumber":3,"author":{"gitId":"dtaywd"},"content":"    private Task[] taskList;","lastModifiedDate":"2024-02-01"},{"lineNumber":4,"author":{"gitId":"dtaywd"},"content":"","lastModifiedDate":"2024-02-01"},{"lineNumber":5,"author":{"gitId":"dtaywd"},"content":"    public TaskManager() {","lastModifiedDate":"2024-02-01"},{"lineNumber":6,"author":{"gitId":"dtaywd"},"content":"        this.numItems \u003d 0;","lastModifiedDate":"2024-02-01"},{"lineNumber":7,"author":{"gitId":"dtaywd"},"content":"        this.taskList \u003d new Task[100];","lastModifiedDate":"2024-02-01"},{"lineNumber":8,"author":{"gitId":"dtaywd"},"content":"    }","lastModifiedDate":"2024-02-01"},{"lineNumber":9,"author":{"gitId":"dtaywd"},"content":"","lastModifiedDate":"2024-02-01"},{"lineNumber":10,"author":{"gitId":"dtaywd"},"content":"    public void addListContents(String content) {","lastModifiedDate":"2024-02-01"},{"lineNumber":11,"author":{"gitId":"dtaywd"},"content":"        this.taskList[numItems] \u003d new Task(numItems, content, false);","lastModifiedDate":"2024-02-01"},{"lineNumber":12,"author":{"gitId":"dtaywd"},"content":"        this.numItems +\u003d 1;","lastModifiedDate":"2024-02-01"},{"lineNumber":13,"author":{"gitId":"dtaywd"},"content":"    }","lastModifiedDate":"2024-02-01"},{"lineNumber":14,"author":{"gitId":"dtaywd"},"content":"","lastModifiedDate":"2024-02-01"},{"lineNumber":15,"author":{"gitId":"dtaywd"},"content":"    public void showListContents() {","lastModifiedDate":"2024-02-01"},{"lineNumber":16,"author":{"gitId":"dtaywd"},"content":"        if (this.numItems \u003d\u003d 0) {","lastModifiedDate":"2024-02-01"},{"lineNumber":17,"author":{"gitId":"dtaywd"},"content":"            System.out.println(\"List is empty. Please enter something first.\");","lastModifiedDate":"2024-02-01"},{"lineNumber":18,"author":{"gitId":"dtaywd"},"content":"        }","lastModifiedDate":"2024-02-01"},{"lineNumber":19,"author":{"gitId":"dtaywd"},"content":"        for (int i \u003d 0; i \u003c numItems; i +\u003d 1) {","lastModifiedDate":"2024-02-01"},{"lineNumber":20,"author":{"gitId":"dtaywd"},"content":"            boolean taskDone \u003d taskList[i].isDone();","lastModifiedDate":"2024-02-01"},{"lineNumber":21,"author":{"gitId":"dtaywd"},"content":"            String checkmark \u003d taskDone ? \"X\": \" \";","lastModifiedDate":"2024-02-01"},{"lineNumber":22,"author":{"gitId":"dtaywd"},"content":"            System.out.println(taskList[i].getId()+1 + \". [\" + checkmark + \"] \" + taskList[i].getContent());","lastModifiedDate":"2024-02-01"},{"lineNumber":23,"author":{"gitId":"dtaywd"},"content":"        }","lastModifiedDate":"2024-02-01"},{"lineNumber":24,"author":{"gitId":"dtaywd"},"content":"    }","lastModifiedDate":"2024-02-01"},{"lineNumber":25,"author":{"gitId":"dtaywd"},"content":"","lastModifiedDate":"2024-02-01"},{"lineNumber":26,"author":{"gitId":"dtaywd"},"content":"    public static boolean isStringInteger(String number ){","lastModifiedDate":"2024-02-01"},{"lineNumber":27,"author":{"gitId":"dtaywd"},"content":"        try{","lastModifiedDate":"2024-02-01"},{"lineNumber":28,"author":{"gitId":"dtaywd"},"content":"            Integer.parseInt(number);","lastModifiedDate":"2024-02-01"},{"lineNumber":29,"author":{"gitId":"dtaywd"},"content":"        }catch(Exception e ){","lastModifiedDate":"2024-02-01"},{"lineNumber":30,"author":{"gitId":"dtaywd"},"content":"            return false;","lastModifiedDate":"2024-02-01"},{"lineNumber":31,"author":{"gitId":"dtaywd"},"content":"        }","lastModifiedDate":"2024-02-01"},{"lineNumber":32,"author":{"gitId":"dtaywd"},"content":"        return true;","lastModifiedDate":"2024-02-01"},{"lineNumber":33,"author":{"gitId":"dtaywd"},"content":"    }","lastModifiedDate":"2024-02-01"},{"lineNumber":34,"author":{"gitId":"dtaywd"},"content":"","lastModifiedDate":"2024-02-01"},{"lineNumber":35,"author":{"gitId":"dtaywd"},"content":"    public void changeTaskStatus(String userInput) {","lastModifiedDate":"2024-02-01"},{"lineNumber":36,"author":{"gitId":"dtaywd"},"content":"        userInput \u003d userInput.toLowerCase();","lastModifiedDate":"2024-02-01"},{"lineNumber":37,"author":{"gitId":"dtaywd"},"content":"        String[] wordArray \u003d userInput.split(\" \");","lastModifiedDate":"2024-02-01"},{"lineNumber":38,"author":{"gitId":"dtaywd"},"content":"        // need to check if the 1st index of the array is a valid number and an actual number","lastModifiedDate":"2024-02-01"},{"lineNumber":39,"author":{"gitId":"dtaywd"},"content":"        if (wordArray.length !\u003d 2 || !isStringInteger(wordArray[1])) {","lastModifiedDate":"2024-02-01"},{"lineNumber":40,"author":{"gitId":"dtaywd"},"content":"            System.out.println(\"Please give a command in the structure of \\\"mark x\\\" or \\\"unmark x\\\"\" +","lastModifiedDate":"2024-02-01"},{"lineNumber":41,"author":{"gitId":"dtaywd"},"content":"                    \"where x is the task number\");","lastModifiedDate":"2024-02-01"},{"lineNumber":42,"author":{"gitId":"dtaywd"},"content":"            return;","lastModifiedDate":"2024-02-01"},{"lineNumber":43,"author":{"gitId":"dtaywd"},"content":"        }","lastModifiedDate":"2024-02-01"},{"lineNumber":44,"author":{"gitId":"dtaywd"},"content":"        int id \u003d Integer.parseInt(wordArray[1]) - 1;","lastModifiedDate":"2024-02-01"},{"lineNumber":45,"author":{"gitId":"dtaywd"},"content":"        if (userInput.contains(\"unmark\")) {","lastModifiedDate":"2024-02-01"},{"lineNumber":46,"author":{"gitId":"dtaywd"},"content":"            taskList[id].setDone(false);","lastModifiedDate":"2024-02-01"},{"lineNumber":47,"author":{"gitId":"dtaywd"},"content":"            System.out.println(\"OK, I\u0027ve marked this task as not done yet:\");","lastModifiedDate":"2024-02-01"},{"lineNumber":48,"author":{"gitId":"dtaywd"},"content":"            System.out.println(\"[ ] \" + taskList[id].getContent());","lastModifiedDate":"2024-02-01"},{"lineNumber":49,"author":{"gitId":"dtaywd"},"content":"        }","lastModifiedDate":"2024-02-01"},{"lineNumber":50,"author":{"gitId":"dtaywd"},"content":"        // must contain mark at this point","lastModifiedDate":"2024-02-01"},{"lineNumber":51,"author":{"gitId":"dtaywd"},"content":"        else {","lastModifiedDate":"2024-02-01"},{"lineNumber":52,"author":{"gitId":"dtaywd"},"content":"            taskList[id].setDone(true);","lastModifiedDate":"2024-02-01"},{"lineNumber":53,"author":{"gitId":"dtaywd"},"content":"            System.out.println(\"Nice! I\u0027ve marked this task as done:\");","lastModifiedDate":"2024-02-01"},{"lineNumber":54,"author":{"gitId":"dtaywd"},"content":"            System.out.println(\"[X] \" + taskList[id].getContent());","lastModifiedDate":"2024-02-01"},{"lineNumber":55,"author":{"gitId":"dtaywd"},"content":"        }","lastModifiedDate":"2024-02-01"},{"lineNumber":56,"author":{"gitId":"dtaywd"},"content":"    }","lastModifiedDate":"2024-02-01"},{"lineNumber":57,"author":{"gitId":"dtaywd"},"content":"}","lastModifiedDate":"2024-02-01"}],"authorContributionMap":{"dtaywd":57}}]
