[{"path":"src/main/java/Deadline.java","fileType":"java","lines":[{"lineNumber":1,"author":{"gitId":"dtaywd"},"content":"public class Deadline extends Task {","lastModifiedDate":"2024-02-06"},{"lineNumber":2,"author":{"gitId":"dtaywd"},"content":"","lastModifiedDate":"2024-02-06"},{"lineNumber":3,"author":{"gitId":"dtaywd"},"content":"    protected String by;","lastModifiedDate":"2024-02-06"},{"lineNumber":4,"author":{"gitId":"dtaywd"},"content":"","lastModifiedDate":"2024-02-06"},{"lineNumber":5,"author":{"gitId":"dtaywd"},"content":"    public Deadline(int id, String content, boolean isDone, String by) {","lastModifiedDate":"2024-02-06"},{"lineNumber":6,"author":{"gitId":"dtaywd"},"content":"        super(id, content, isDone);","lastModifiedDate":"2024-02-06"},{"lineNumber":7,"author":{"gitId":"dtaywd"},"content":"        this.by \u003d by;","lastModifiedDate":"2024-02-06"},{"lineNumber":8,"author":{"gitId":"dtaywd"},"content":"    }","lastModifiedDate":"2024-02-06"},{"lineNumber":9,"author":{"gitId":"dtaywd"},"content":"","lastModifiedDate":"2024-02-06"},{"lineNumber":10,"author":{"gitId":"dtaywd"},"content":"    @Override","lastModifiedDate":"2024-02-06"},{"lineNumber":11,"author":{"gitId":"dtaywd"},"content":"    public String toString() {","lastModifiedDate":"2024-02-06"},{"lineNumber":12,"author":{"gitId":"dtaywd"},"content":"        return \"[D]\" + super.toString() + \" (by: \" + by + \")\";","lastModifiedDate":"2024-02-06"},{"lineNumber":13,"author":{"gitId":"dtaywd"},"content":"    }","lastModifiedDate":"2024-02-06"},{"lineNumber":14,"author":{"gitId":"dtaywd"},"content":"}","lastModifiedDate":"2024-02-06"}],"authorContributionMap":{"dtaywd":14}},{"path":"src/main/java/Event.java","fileType":"java","lines":[{"lineNumber":1,"author":{"gitId":"dtaywd"},"content":"public class Event extends Task{","lastModifiedDate":"2024-02-06"},{"lineNumber":2,"author":{"gitId":"dtaywd"},"content":"    protected String from;","lastModifiedDate":"2024-02-06"},{"lineNumber":3,"author":{"gitId":"dtaywd"},"content":"    protected String to;","lastModifiedDate":"2024-02-06"},{"lineNumber":4,"author":{"gitId":"dtaywd"},"content":"","lastModifiedDate":"2024-02-06"},{"lineNumber":5,"author":{"gitId":"dtaywd"},"content":"    public Event(int id, String content, boolean isDone, String from, String to) {","lastModifiedDate":"2024-02-06"},{"lineNumber":6,"author":{"gitId":"dtaywd"},"content":"        super(id, content, isDone);","lastModifiedDate":"2024-02-06"},{"lineNumber":7,"author":{"gitId":"dtaywd"},"content":"        this.from \u003d from;","lastModifiedDate":"2024-02-06"},{"lineNumber":8,"author":{"gitId":"dtaywd"},"content":"        this.to \u003d to;","lastModifiedDate":"2024-02-06"},{"lineNumber":9,"author":{"gitId":"dtaywd"},"content":"    }","lastModifiedDate":"2024-02-06"},{"lineNumber":10,"author":{"gitId":"dtaywd"},"content":"","lastModifiedDate":"2024-02-06"},{"lineNumber":11,"author":{"gitId":"dtaywd"},"content":"    @Override","lastModifiedDate":"2024-02-06"},{"lineNumber":12,"author":{"gitId":"dtaywd"},"content":"    public String toString() {","lastModifiedDate":"2024-02-06"},{"lineNumber":13,"author":{"gitId":"dtaywd"},"content":"        return \"[E]\" + super.toString() + \" (from: \" + from + \"to: \" + to + \")\";","lastModifiedDate":"2024-02-06"},{"lineNumber":14,"author":{"gitId":"dtaywd"},"content":"    }","lastModifiedDate":"2024-02-06"},{"lineNumber":15,"author":{"gitId":"dtaywd"},"content":"}","lastModifiedDate":"2024-02-06"}],"authorContributionMap":{"dtaywd":15}},{"path":"src/main/java/Parser.java","fileType":"java","lines":[{"lineNumber":1,"author":{"gitId":"dtaywd"},"content":"public class Parser {","lastModifiedDate":"2024-02-06"},{"lineNumber":2,"author":{"gitId":"dtaywd"},"content":"    protected String userInput;","lastModifiedDate":"2024-02-06"},{"lineNumber":3,"author":{"gitId":"dtaywd"},"content":"    ","lastModifiedDate":"2024-02-06"},{"lineNumber":4,"author":{"gitId":"dtaywd"},"content":"    public Parser () {}","lastModifiedDate":"2024-02-06"},{"lineNumber":5,"author":{"gitId":"dtaywd"},"content":"    ","lastModifiedDate":"2024-02-06"},{"lineNumber":6,"author":{"gitId":"dtaywd"},"content":"    // no error checking for processing task information has been implemented (e.g. deadline but no /by)","lastModifiedDate":"2024-02-06"},{"lineNumber":7,"author":{"gitId":"dtaywd"},"content":"    public String[] processTaskInformation(String userInput) {","lastModifiedDate":"2024-02-06"},{"lineNumber":8,"author":{"gitId":"dtaywd"},"content":"        userInput \u003d userInput.toLowerCase();","lastModifiedDate":"2024-02-06"},{"lineNumber":9,"author":{"gitId":"dtaywd"},"content":"        String[] wordArray \u003d userInput.split(\" \");","lastModifiedDate":"2024-02-06"},{"lineNumber":10,"author":{"gitId":"dtaywd"},"content":"        String[] output \u003d new String[4];","lastModifiedDate":"2024-02-06"},{"lineNumber":11,"author":{"gitId":"dtaywd"},"content":"        if (wordArray[0].equals(\"todo\")) {","lastModifiedDate":"2024-02-06"},{"lineNumber":12,"author":{"gitId":"dtaywd"},"content":"            output[0] \u003d \"todo\";","lastModifiedDate":"2024-02-06"},{"lineNumber":13,"author":{"gitId":"dtaywd"},"content":"            output[1] \u003d userInput.substring(4);","lastModifiedDate":"2024-02-06"},{"lineNumber":14,"author":{"gitId":"dtaywd"},"content":"            return output;","lastModifiedDate":"2024-02-06"},{"lineNumber":15,"author":{"gitId":"dtaywd"},"content":"        } else if (wordArray[0].equals(\"deadline\")) {","lastModifiedDate":"2024-02-06"},{"lineNumber":16,"author":{"gitId":"dtaywd"},"content":"            output[0] \u003d \"deadline\";","lastModifiedDate":"2024-02-06"},{"lineNumber":17,"author":{"gitId":"dtaywd"},"content":"            int byIndex \u003d userInput.indexOf(\"/by\");","lastModifiedDate":"2024-02-06"},{"lineNumber":18,"author":{"gitId":"dtaywd"},"content":"            output[1] \u003d userInput.substring(8, byIndex);","lastModifiedDate":"2024-02-06"},{"lineNumber":19,"author":{"gitId":"dtaywd"},"content":"            output[2] \u003d userInput.substring(byIndex + 4);","lastModifiedDate":"2024-02-06"},{"lineNumber":20,"author":{"gitId":"dtaywd"},"content":"            return output;","lastModifiedDate":"2024-02-06"},{"lineNumber":21,"author":{"gitId":"dtaywd"},"content":"        } else if (wordArray[0].equals(\"event\")) {","lastModifiedDate":"2024-02-06"},{"lineNumber":22,"author":{"gitId":"dtaywd"},"content":"            output[0] \u003d \"event\";","lastModifiedDate":"2024-02-06"},{"lineNumber":23,"author":{"gitId":"dtaywd"},"content":"            int fromIndex \u003d userInput.indexOf(\"/from\");","lastModifiedDate":"2024-02-06"},{"lineNumber":24,"author":{"gitId":"dtaywd"},"content":"            output[1] \u003d userInput.substring(5, fromIndex);","lastModifiedDate":"2024-02-06"},{"lineNumber":25,"author":{"gitId":"dtaywd"},"content":"            int toIndex \u003d userInput.indexOf(\"/to\");","lastModifiedDate":"2024-02-06"},{"lineNumber":26,"author":{"gitId":"dtaywd"},"content":"            output[2] \u003d userInput.substring(fromIndex + 6, toIndex);","lastModifiedDate":"2024-02-06"},{"lineNumber":27,"author":{"gitId":"dtaywd"},"content":"            output[3] \u003d userInput.substring(toIndex + 4);","lastModifiedDate":"2024-02-06"},{"lineNumber":28,"author":{"gitId":"dtaywd"},"content":"            return output;","lastModifiedDate":"2024-02-06"},{"lineNumber":29,"author":{"gitId":"dtaywd"},"content":"        }","lastModifiedDate":"2024-02-06"},{"lineNumber":30,"author":{"gitId":"dtaywd"},"content":"        else {","lastModifiedDate":"2024-02-06"},{"lineNumber":31,"author":{"gitId":"dtaywd"},"content":"            output[0] \u003d \"error\";","lastModifiedDate":"2024-02-06"},{"lineNumber":32,"author":{"gitId":"dtaywd"},"content":"            return output;","lastModifiedDate":"2024-02-06"},{"lineNumber":33,"author":{"gitId":"dtaywd"},"content":"        }","lastModifiedDate":"2024-02-06"},{"lineNumber":34,"author":{"gitId":"dtaywd"},"content":"    }","lastModifiedDate":"2024-02-06"},{"lineNumber":35,"author":{"gitId":"dtaywd"},"content":"","lastModifiedDate":"2024-02-06"},{"lineNumber":36,"author":{"gitId":"dtaywd"},"content":"}","lastModifiedDate":"2024-02-06"}],"authorContributionMap":{"dtaywd":36}},{"path":"src/main/java/Sebastian.java","fileType":"java","lines":[{"lineNumber":1,"author":{"gitId":"dtaywd"},"content":"public class Sebastian {","lastModifiedDate":"2024-01-26"},{"lineNumber":2,"author":{"gitId":"dtaywd"},"content":"    public static void main(String[] args) {","lastModifiedDate":"2024-01-26"},{"lineNumber":3,"author":{"gitId":"dtaywd"},"content":"        String logo \u003d \" ____       _               _   _\\n\" +","lastModifiedDate":"2024-01-26"},{"lineNumber":4,"author":{"gitId":"dtaywd"},"content":"                \"/ ___|  ___| |__   __ _ ___| |_(_) __ _ _ __\\n\" +","lastModifiedDate":"2024-01-26"},{"lineNumber":5,"author":{"gitId":"dtaywd"},"content":"                \"\\\\___ \\\\ / _ \\\\ \u0027_ \\\\ / _` / __| __| |/ _` | \u0027_ \\\\\\n\" +","lastModifiedDate":"2024-01-26"},{"lineNumber":6,"author":{"gitId":"dtaywd"},"content":"                \" ___) |  __/ |_) | (_| \\\\__ \\\\ |_| | (_| | | | |\\n\" +","lastModifiedDate":"2024-01-26"},{"lineNumber":7,"author":{"gitId":"dtaywd"},"content":"                \"|____/ \\\\___|_.__/ \\\\__,_|___/\\\\__|_|\\\\__,_|_| |_|\\n\";","lastModifiedDate":"2024-01-26"},{"lineNumber":8,"author":{"gitId":"dtaywd"},"content":"","lastModifiedDate":"2024-01-26"},{"lineNumber":9,"author":{"gitId":"dtaywd"},"content":"        System.out.println(\"Hello from\\n\" + logo);","lastModifiedDate":"2024-01-26"},{"lineNumber":10,"author":{"gitId":"dtaywd"},"content":"        System.out.println(\"Hello! I\u0027m Sebastian, your humble butler\\n\" +","lastModifiedDate":"2024-01-26"},{"lineNumber":11,"author":{"gitId":"dtaywd"},"content":"                \"What can I do for you?\");","lastModifiedDate":"2024-01-26"},{"lineNumber":12,"author":{"gitId":"dtaywd"},"content":"        UserInterface myUserInterface \u003d new UserInterface();","lastModifiedDate":"2024-02-06"},{"lineNumber":13,"author":{"gitId":"dtaywd"},"content":"    }","lastModifiedDate":"2024-01-26"},{"lineNumber":14,"author":{"gitId":"dtaywd"},"content":"","lastModifiedDate":"2024-02-07"},{"lineNumber":15,"author":{"gitId":"dtaywd"},"content":"}","lastModifiedDate":"2024-01-26"}],"authorContributionMap":{"dtaywd":15}},{"path":"src/main/java/Task.java","fileType":"java","lines":[{"lineNumber":1,"author":{"gitId":"dtaywd"},"content":"public class Task {","lastModifiedDate":"2024-02-01"},{"lineNumber":2,"author":{"gitId":"dtaywd"},"content":"    private int id;","lastModifiedDate":"2024-02-01"},{"lineNumber":3,"author":{"gitId":"dtaywd"},"content":"    private String content;","lastModifiedDate":"2024-02-01"},{"lineNumber":4,"author":{"gitId":"dtaywd"},"content":"    private boolean isDone;","lastModifiedDate":"2024-02-01"},{"lineNumber":5,"author":{"gitId":"dtaywd"},"content":"","lastModifiedDate":"2024-02-01"},{"lineNumber":6,"author":{"gitId":"dtaywd"},"content":"    public Task(int id, String content, boolean isDone) {","lastModifiedDate":"2024-02-01"},{"lineNumber":7,"author":{"gitId":"dtaywd"},"content":"        this.id \u003d id;","lastModifiedDate":"2024-02-01"},{"lineNumber":8,"author":{"gitId":"dtaywd"},"content":"        this.content \u003d content;","lastModifiedDate":"2024-02-01"},{"lineNumber":9,"author":{"gitId":"dtaywd"},"content":"        this.isDone \u003d isDone;","lastModifiedDate":"2024-02-01"},{"lineNumber":10,"author":{"gitId":"dtaywd"},"content":"    }","lastModifiedDate":"2024-02-01"},{"lineNumber":11,"author":{"gitId":"dtaywd"},"content":"","lastModifiedDate":"2024-02-01"},{"lineNumber":12,"author":{"gitId":"dtaywd"},"content":"    public int getId() {","lastModifiedDate":"2024-02-01"},{"lineNumber":13,"author":{"gitId":"dtaywd"},"content":"        return id;","lastModifiedDate":"2024-02-01"},{"lineNumber":14,"author":{"gitId":"dtaywd"},"content":"    }","lastModifiedDate":"2024-02-01"},{"lineNumber":15,"author":{"gitId":"dtaywd"},"content":"","lastModifiedDate":"2024-02-01"},{"lineNumber":16,"author":{"gitId":"dtaywd"},"content":"    public String getContent() {","lastModifiedDate":"2024-02-01"},{"lineNumber":17,"author":{"gitId":"dtaywd"},"content":"        return content;","lastModifiedDate":"2024-02-01"},{"lineNumber":18,"author":{"gitId":"dtaywd"},"content":"    }","lastModifiedDate":"2024-02-01"},{"lineNumber":19,"author":{"gitId":"dtaywd"},"content":"","lastModifiedDate":"2024-02-01"},{"lineNumber":20,"author":{"gitId":"dtaywd"},"content":"    public boolean isDone() {","lastModifiedDate":"2024-02-01"},{"lineNumber":21,"author":{"gitId":"dtaywd"},"content":"        return isDone;","lastModifiedDate":"2024-02-01"},{"lineNumber":22,"author":{"gitId":"dtaywd"},"content":"    }","lastModifiedDate":"2024-02-01"},{"lineNumber":23,"author":{"gitId":"dtaywd"},"content":"","lastModifiedDate":"2024-02-01"},{"lineNumber":24,"author":{"gitId":"dtaywd"},"content":"    public void setDone(boolean done) {","lastModifiedDate":"2024-02-01"},{"lineNumber":25,"author":{"gitId":"dtaywd"},"content":"        isDone \u003d done;","lastModifiedDate":"2024-02-01"},{"lineNumber":26,"author":{"gitId":"dtaywd"},"content":"    }","lastModifiedDate":"2024-02-01"},{"lineNumber":27,"author":{"gitId":"dtaywd"},"content":"","lastModifiedDate":"2024-02-06"},{"lineNumber":28,"author":{"gitId":"dtaywd"},"content":"    @Override","lastModifiedDate":"2024-02-06"},{"lineNumber":29,"author":{"gitId":"dtaywd"},"content":"    public String toString() {","lastModifiedDate":"2024-02-06"},{"lineNumber":30,"author":{"gitId":"dtaywd"},"content":"        String checkmark \u003d isDone ? \"X\": \" \";","lastModifiedDate":"2024-02-06"},{"lineNumber":31,"author":{"gitId":"dtaywd"},"content":"        return  \" [\" + checkmark + \"] \" + content;","lastModifiedDate":"2024-02-06"},{"lineNumber":32,"author":{"gitId":"dtaywd"},"content":"    }","lastModifiedDate":"2024-02-06"},{"lineNumber":33,"author":{"gitId":"dtaywd"},"content":"}","lastModifiedDate":"2024-02-01"}],"authorContributionMap":{"dtaywd":33}},{"path":"src/main/java/TaskManager.java","fileType":"java","lines":[{"lineNumber":1,"author":{"gitId":"dtaywd"},"content":"public class TaskManager {","lastModifiedDate":"2024-02-01"},{"lineNumber":2,"author":{"gitId":"dtaywd"},"content":"    private int numItems;","lastModifiedDate":"2024-02-01"},{"lineNumber":3,"author":{"gitId":"dtaywd"},"content":"    private Task[] taskList;","lastModifiedDate":"2024-02-01"},{"lineNumber":4,"author":{"gitId":"dtaywd"},"content":"","lastModifiedDate":"2024-02-01"},{"lineNumber":5,"author":{"gitId":"dtaywd"},"content":"    public TaskManager() {","lastModifiedDate":"2024-02-01"},{"lineNumber":6,"author":{"gitId":"dtaywd"},"content":"        this.numItems \u003d 0;","lastModifiedDate":"2024-02-01"},{"lineNumber":7,"author":{"gitId":"dtaywd"},"content":"        this.taskList \u003d new Task[100];","lastModifiedDate":"2024-02-01"},{"lineNumber":8,"author":{"gitId":"dtaywd"},"content":"    }","lastModifiedDate":"2024-02-01"},{"lineNumber":9,"author":{"gitId":"dtaywd"},"content":"","lastModifiedDate":"2024-02-01"},{"lineNumber":10,"author":{"gitId":"dtaywd"},"content":"    public void addListContents(String userInput) {","lastModifiedDate":"2024-02-06"},{"lineNumber":11,"author":{"gitId":"dtaywd"},"content":"        Parser myParser \u003d new Parser();","lastModifiedDate":"2024-02-06"},{"lineNumber":12,"author":{"gitId":"dtaywd"},"content":"        String[] taskInfomation \u003d myParser.processTaskInformation(userInput);","lastModifiedDate":"2024-02-06"},{"lineNumber":13,"author":{"gitId":"dtaywd"},"content":"        switch (taskInfomation[0]) {","lastModifiedDate":"2024-02-06"},{"lineNumber":14,"author":{"gitId":"dtaywd"},"content":"        case (\"todo\"):","lastModifiedDate":"2024-02-06"},{"lineNumber":15,"author":{"gitId":"dtaywd"},"content":"            this.taskList[numItems] \u003d new Todo(numItems, taskInfomation[1], false);","lastModifiedDate":"2024-02-06"},{"lineNumber":16,"author":{"gitId":"dtaywd"},"content":"            break;","lastModifiedDate":"2024-02-06"},{"lineNumber":17,"author":{"gitId":"dtaywd"},"content":"","lastModifiedDate":"2024-02-06"},{"lineNumber":18,"author":{"gitId":"dtaywd"},"content":"        case (\"deadline\"):","lastModifiedDate":"2024-02-06"},{"lineNumber":19,"author":{"gitId":"dtaywd"},"content":"            this.taskList[numItems] \u003d new Deadline(numItems, taskInfomation[1], false, taskInfomation[2]);","lastModifiedDate":"2024-02-06"},{"lineNumber":20,"author":{"gitId":"dtaywd"},"content":"            break;","lastModifiedDate":"2024-02-06"},{"lineNumber":21,"author":{"gitId":"dtaywd"},"content":"","lastModifiedDate":"2024-02-06"},{"lineNumber":22,"author":{"gitId":"dtaywd"},"content":"        case (\"event\"):","lastModifiedDate":"2024-02-06"},{"lineNumber":23,"author":{"gitId":"dtaywd"},"content":"            this.taskList[numItems] \u003d new Event(numItems, taskInfomation[1], false, taskInfomation[2],","lastModifiedDate":"2024-02-06"},{"lineNumber":24,"author":{"gitId":"dtaywd"},"content":"                    taskInfomation[3]);","lastModifiedDate":"2024-02-06"},{"lineNumber":25,"author":{"gitId":"dtaywd"},"content":"            break;","lastModifiedDate":"2024-02-06"},{"lineNumber":26,"author":{"gitId":"dtaywd"},"content":"","lastModifiedDate":"2024-02-06"},{"lineNumber":27,"author":{"gitId":"dtaywd"},"content":"        case (\"error\"):","lastModifiedDate":"2024-02-06"},{"lineNumber":28,"author":{"gitId":"dtaywd"},"content":"            System.out.println(\"Please give a proper input\");","lastModifiedDate":"2024-02-06"},{"lineNumber":29,"author":{"gitId":"dtaywd"},"content":"            break;","lastModifiedDate":"2024-02-06"},{"lineNumber":30,"author":{"gitId":"dtaywd"},"content":"","lastModifiedDate":"2024-02-06"},{"lineNumber":31,"author":{"gitId":"dtaywd"},"content":"        default:","lastModifiedDate":"2024-02-06"},{"lineNumber":32,"author":{"gitId":"dtaywd"},"content":"            break;","lastModifiedDate":"2024-02-06"},{"lineNumber":33,"author":{"gitId":"dtaywd"},"content":"        }","lastModifiedDate":"2024-02-06"},{"lineNumber":34,"author":{"gitId":"dtaywd"},"content":"        System.out.println(taskList[numItems]);","lastModifiedDate":"2024-02-06"},{"lineNumber":35,"author":{"gitId":"dtaywd"},"content":"        this.numItems +\u003d 1;","lastModifiedDate":"2024-02-01"},{"lineNumber":36,"author":{"gitId":"dtaywd"},"content":"        String taskPluralString \u003d numItems \u003e 1 ? \" tasks\" : \" task\";","lastModifiedDate":"2024-02-07"},{"lineNumber":37,"author":{"gitId":"dtaywd"},"content":"        System.out.println(\"Now you have \" + numItems + taskPluralString + \" in the list.\");","lastModifiedDate":"2024-02-07"},{"lineNumber":38,"author":{"gitId":"dtaywd"},"content":"    }","lastModifiedDate":"2024-02-01"},{"lineNumber":39,"author":{"gitId":"dtaywd"},"content":"","lastModifiedDate":"2024-02-01"},{"lineNumber":40,"author":{"gitId":"dtaywd"},"content":"    public void showListContents() {","lastModifiedDate":"2024-02-01"},{"lineNumber":41,"author":{"gitId":"dtaywd"},"content":"        if (this.numItems \u003d\u003d 0) {","lastModifiedDate":"2024-02-01"},{"lineNumber":42,"author":{"gitId":"dtaywd"},"content":"            System.out.println(\"List is empty. Please enter something first.\");","lastModifiedDate":"2024-02-01"},{"lineNumber":43,"author":{"gitId":"dtaywd"},"content":"        }","lastModifiedDate":"2024-02-01"},{"lineNumber":44,"author":{"gitId":"dtaywd"},"content":"        else {","lastModifiedDate":"2024-02-07"},{"lineNumber":45,"author":{"gitId":"dtaywd"},"content":"            System.out.println(\"Here are the tasks in your list:\");","lastModifiedDate":"2024-02-07"},{"lineNumber":46,"author":{"gitId":"dtaywd"},"content":"            for (int i \u003d 0; i \u003c numItems; i +\u003d 1) {","lastModifiedDate":"2024-02-01"},{"lineNumber":47,"author":{"gitId":"dtaywd"},"content":"                System.out.print(taskList[i].getId() + 1 + \". \");","lastModifiedDate":"2024-02-06"},{"lineNumber":48,"author":{"gitId":"dtaywd"},"content":"                System.out.println(taskList[i]);","lastModifiedDate":"2024-02-06"},{"lineNumber":49,"author":{"gitId":"dtaywd"},"content":"            }","lastModifiedDate":"2024-02-01"},{"lineNumber":50,"author":{"gitId":"dtaywd"},"content":"        }","lastModifiedDate":"2024-02-01"},{"lineNumber":51,"author":{"gitId":"dtaywd"},"content":"    }","lastModifiedDate":"2024-02-07"},{"lineNumber":52,"author":{"gitId":"dtaywd"},"content":"","lastModifiedDate":"2024-02-01"},{"lineNumber":53,"author":{"gitId":"dtaywd"},"content":"    public static boolean isStringInteger(String number ){","lastModifiedDate":"2024-02-01"},{"lineNumber":54,"author":{"gitId":"dtaywd"},"content":"        try{","lastModifiedDate":"2024-02-01"},{"lineNumber":55,"author":{"gitId":"dtaywd"},"content":"            Integer.parseInt(number);","lastModifiedDate":"2024-02-01"},{"lineNumber":56,"author":{"gitId":"dtaywd"},"content":"        }catch(Exception e ){","lastModifiedDate":"2024-02-01"},{"lineNumber":57,"author":{"gitId":"dtaywd"},"content":"            return false;","lastModifiedDate":"2024-02-01"},{"lineNumber":58,"author":{"gitId":"dtaywd"},"content":"        }","lastModifiedDate":"2024-02-01"},{"lineNumber":59,"author":{"gitId":"dtaywd"},"content":"        return true;","lastModifiedDate":"2024-02-01"},{"lineNumber":60,"author":{"gitId":"dtaywd"},"content":"    }","lastModifiedDate":"2024-02-01"},{"lineNumber":61,"author":{"gitId":"dtaywd"},"content":"","lastModifiedDate":"2024-02-01"},{"lineNumber":62,"author":{"gitId":"dtaywd"},"content":"    public void changeTaskStatus(String userInput) {","lastModifiedDate":"2024-02-01"},{"lineNumber":63,"author":{"gitId":"dtaywd"},"content":"        userInput \u003d userInput.toLowerCase();","lastModifiedDate":"2024-02-01"},{"lineNumber":64,"author":{"gitId":"dtaywd"},"content":"        String[] wordArray \u003d userInput.split(\" \");","lastModifiedDate":"2024-02-01"},{"lineNumber":65,"author":{"gitId":"dtaywd"},"content":"        // need to check if the 1st index of the array is a valid number and an actual number","lastModifiedDate":"2024-02-01"},{"lineNumber":66,"author":{"gitId":"dtaywd"},"content":"        if (wordArray.length !\u003d 2 || !isStringInteger(wordArray[1])) {","lastModifiedDate":"2024-02-01"},{"lineNumber":67,"author":{"gitId":"dtaywd"},"content":"            System.out.println(\"Please give a command in the structure of \\\"mark x\\\" or \\\"unmark x\\\"\" +","lastModifiedDate":"2024-02-01"},{"lineNumber":68,"author":{"gitId":"dtaywd"},"content":"                    \"where x is the task number\");","lastModifiedDate":"2024-02-01"},{"lineNumber":69,"author":{"gitId":"dtaywd"},"content":"            return;","lastModifiedDate":"2024-02-01"},{"lineNumber":70,"author":{"gitId":"dtaywd"},"content":"        }","lastModifiedDate":"2024-02-01"},{"lineNumber":71,"author":{"gitId":"dtaywd"},"content":"","lastModifiedDate":"2024-02-06"},{"lineNumber":72,"author":{"gitId":"dtaywd"},"content":"        int id \u003d Integer.parseInt(wordArray[1]) - 1;","lastModifiedDate":"2024-02-01"},{"lineNumber":73,"author":{"gitId":"dtaywd"},"content":"        if (userInput.contains(\"unmark\")) {","lastModifiedDate":"2024-02-01"},{"lineNumber":74,"author":{"gitId":"dtaywd"},"content":"            taskList[id].setDone(false);","lastModifiedDate":"2024-02-01"},{"lineNumber":75,"author":{"gitId":"dtaywd"},"content":"            System.out.println(\"OK, I\u0027ve marked this task as not done yet:\");","lastModifiedDate":"2024-02-01"},{"lineNumber":76,"author":{"gitId":"dtaywd"},"content":"            System.out.println(\"[ ] \" + taskList[id].getContent());","lastModifiedDate":"2024-02-01"},{"lineNumber":77,"author":{"gitId":"dtaywd"},"content":"        }","lastModifiedDate":"2024-02-01"},{"lineNumber":78,"author":{"gitId":"dtaywd"},"content":"        // must contain mark at this point","lastModifiedDate":"2024-02-01"},{"lineNumber":79,"author":{"gitId":"dtaywd"},"content":"        else {","lastModifiedDate":"2024-02-01"},{"lineNumber":80,"author":{"gitId":"dtaywd"},"content":"            taskList[id].setDone(true);","lastModifiedDate":"2024-02-01"},{"lineNumber":81,"author":{"gitId":"dtaywd"},"content":"            System.out.println(\"Nice! I\u0027ve marked this task as done:\");","lastModifiedDate":"2024-02-01"},{"lineNumber":82,"author":{"gitId":"dtaywd"},"content":"            System.out.println(\"[X] \" + taskList[id].getContent());","lastModifiedDate":"2024-02-01"},{"lineNumber":83,"author":{"gitId":"dtaywd"},"content":"        }","lastModifiedDate":"2024-02-01"},{"lineNumber":84,"author":{"gitId":"dtaywd"},"content":"    }","lastModifiedDate":"2024-02-01"},{"lineNumber":85,"author":{"gitId":"dtaywd"},"content":"","lastModifiedDate":"2024-02-06"},{"lineNumber":86,"author":{"gitId":"dtaywd"},"content":"","lastModifiedDate":"2024-02-06"},{"lineNumber":87,"author":{"gitId":"dtaywd"},"content":"}","lastModifiedDate":"2024-02-01"}],"authorContributionMap":{"dtaywd":87}},{"path":"src/main/java/Todo.java","fileType":"java","lines":[{"lineNumber":1,"author":{"gitId":"dtaywd"},"content":"// class not very necesary now but just future proofing if I want to change the class Task","lastModifiedDate":"2024-02-06"},{"lineNumber":2,"author":{"gitId":"dtaywd"},"content":"public class Todo extends Task {","lastModifiedDate":"2024-02-06"},{"lineNumber":3,"author":{"gitId":"dtaywd"},"content":"    public Todo(int id, String content, boolean isDone) {","lastModifiedDate":"2024-02-06"},{"lineNumber":4,"author":{"gitId":"dtaywd"},"content":"        super(id, content, isDone);","lastModifiedDate":"2024-02-06"},{"lineNumber":5,"author":{"gitId":"dtaywd"},"content":"    }","lastModifiedDate":"2024-02-06"},{"lineNumber":6,"author":{"gitId":"dtaywd"},"content":"    @Override","lastModifiedDate":"2024-02-06"},{"lineNumber":7,"author":{"gitId":"dtaywd"},"content":"    public String toString() {","lastModifiedDate":"2024-02-06"},{"lineNumber":8,"author":{"gitId":"dtaywd"},"content":"        return \"[T]\" + super.toString();","lastModifiedDate":"2024-02-06"},{"lineNumber":9,"author":{"gitId":"dtaywd"},"content":"    }","lastModifiedDate":"2024-02-06"},{"lineNumber":10,"author":{"gitId":"dtaywd"},"content":"}","lastModifiedDate":"2024-02-06"}],"authorContributionMap":{"dtaywd":10}},{"path":"src/main/java/UserInterface.java","fileType":"java","lines":[{"lineNumber":1,"author":{"gitId":"dtaywd"},"content":"import java.util.Scanner;","lastModifiedDate":"2024-02-06"},{"lineNumber":2,"author":{"gitId":"dtaywd"},"content":"public class UserInterface {","lastModifiedDate":"2024-02-06"},{"lineNumber":3,"author":{"gitId":"dtaywd"},"content":"    Scanner myScanner \u003d new Scanner(System.in);","lastModifiedDate":"2024-02-06"},{"lineNumber":4,"author":{"gitId":"dtaywd"},"content":"    TaskManager taskManager \u003d new TaskManager();","lastModifiedDate":"2024-02-06"},{"lineNumber":5,"author":{"gitId":"dtaywd"},"content":"","lastModifiedDate":"2024-02-06"},{"lineNumber":6,"author":{"gitId":"dtaywd"},"content":"    public UserInterface() {","lastModifiedDate":"2024-02-06"},{"lineNumber":7,"author":{"gitId":"dtaywd"},"content":"        String userInput \u003d myScanner.nextLine();","lastModifiedDate":"2024-02-06"},{"lineNumber":8,"author":{"gitId":"dtaywd"},"content":"        processUserCommand(userInput);","lastModifiedDate":"2024-02-06"},{"lineNumber":9,"author":{"gitId":"dtaywd"},"content":"    }","lastModifiedDate":"2024-02-06"},{"lineNumber":10,"author":{"gitId":"dtaywd"},"content":"","lastModifiedDate":"2024-02-06"},{"lineNumber":11,"author":{"gitId":"dtaywd"},"content":"    public void processUserCommand(String userInput) {","lastModifiedDate":"2024-02-06"},{"lineNumber":12,"author":{"gitId":"dtaywd"},"content":"        userInput \u003d userInput.toLowerCase();","lastModifiedDate":"2024-02-07"},{"lineNumber":13,"author":{"gitId":"dtaywd"},"content":"        if (userInput.equals(\"bye\")) {","lastModifiedDate":"2024-02-06"},{"lineNumber":14,"author":{"gitId":"dtaywd"},"content":"            System.out.println(\"Bye. Hope to see you again soon!\");","lastModifiedDate":"2024-02-06"},{"lineNumber":15,"author":{"gitId":"dtaywd"},"content":"        } else if (userInput.equals(\"list\")) {","lastModifiedDate":"2024-02-06"},{"lineNumber":16,"author":{"gitId":"dtaywd"},"content":"            taskManager.showListContents();","lastModifiedDate":"2024-02-06"},{"lineNumber":17,"author":{"gitId":"dtaywd"},"content":"            userInput \u003d myScanner.nextLine();","lastModifiedDate":"2024-02-06"},{"lineNumber":18,"author":{"gitId":"dtaywd"},"content":"            processUserCommand(userInput);","lastModifiedDate":"2024-02-06"},{"lineNumber":19,"author":{"gitId":"dtaywd"},"content":"        } else if (userInput.contains(\"mark\")) {","lastModifiedDate":"2024-02-06"},{"lineNumber":20,"author":{"gitId":"dtaywd"},"content":"            taskManager.changeTaskStatus(userInput);","lastModifiedDate":"2024-02-06"},{"lineNumber":21,"author":{"gitId":"dtaywd"},"content":"            userInput \u003d myScanner.nextLine();","lastModifiedDate":"2024-02-06"},{"lineNumber":22,"author":{"gitId":"dtaywd"},"content":"            processUserCommand(userInput);","lastModifiedDate":"2024-02-06"},{"lineNumber":23,"author":{"gitId":"dtaywd"},"content":"        } else if (userInput.contains(\"todo\") || userInput.contains(\"event\") || userInput.contains(\"deadline\")){","lastModifiedDate":"2024-02-07"},{"lineNumber":24,"author":{"gitId":"dtaywd"},"content":"            System.out.println(\"Got it. I\u0027ve added this task:\");","lastModifiedDate":"2024-02-06"},{"lineNumber":25,"author":{"gitId":"dtaywd"},"content":"            taskManager.addListContents(userInput);","lastModifiedDate":"2024-02-06"},{"lineNumber":26,"author":{"gitId":"dtaywd"},"content":"            userInput \u003d myScanner.nextLine();","lastModifiedDate":"2024-02-06"},{"lineNumber":27,"author":{"gitId":"dtaywd"},"content":"            processUserCommand(userInput);","lastModifiedDate":"2024-02-06"},{"lineNumber":28,"author":{"gitId":"dtaywd"},"content":"        }","lastModifiedDate":"2024-02-06"},{"lineNumber":29,"author":{"gitId":"dtaywd"},"content":"        else {","lastModifiedDate":"2024-02-07"},{"lineNumber":30,"author":{"gitId":"dtaywd"},"content":"            System.out.println(\"Please enter a valid command.\");","lastModifiedDate":"2024-02-07"},{"lineNumber":31,"author":{"gitId":"dtaywd"},"content":"            userInput \u003d myScanner.nextLine();","lastModifiedDate":"2024-02-07"},{"lineNumber":32,"author":{"gitId":"dtaywd"},"content":"            processUserCommand(userInput);","lastModifiedDate":"2024-02-07"},{"lineNumber":33,"author":{"gitId":"dtaywd"},"content":"        }","lastModifiedDate":"2024-02-07"},{"lineNumber":34,"author":{"gitId":"dtaywd"},"content":"    }","lastModifiedDate":"2024-02-06"},{"lineNumber":35,"author":{"gitId":"dtaywd"},"content":"}","lastModifiedDate":"2024-02-06"}],"authorContributionMap":{"dtaywd":35}},{"path":"text-ui-test/input.txt","fileType":"txt","lines":[{"lineNumber":1,"author":{"gitId":"dtaywd"},"content":"todo borrow book","lastModifiedDate":"2024-02-07"},{"lineNumber":2,"author":{"gitId":"dtaywd"},"content":"list","lastModifiedDate":"2024-02-07"},{"lineNumber":3,"author":{"gitId":"dtaywd"},"content":"deadline return book /by Sunday","lastModifiedDate":"2024-02-07"},{"lineNumber":4,"author":{"gitId":"dtaywd"},"content":"event project meeting /from Mon 2pm /to 4pm","lastModifiedDate":"2024-02-07"},{"lineNumber":5,"author":{"gitId":"dtaywd"},"content":"bye","lastModifiedDate":"2024-02-07"}],"authorContributionMap":{"dtaywd":5}},{"path":"text-ui-test/runtest.bat","fileType":"bat","lines":[{"lineNumber":1,"author":{"gitId":"-"},"content":"@ECHO OFF","lastModifiedDate":"2020-05-25"},{"lineNumber":2,"author":{"gitId":"-"},"content":"","lastModifiedDate":"2020-05-25"},{"lineNumber":3,"author":{"gitId":"-"},"content":"REM create bin directory if it doesn\u0027t exist","lastModifiedDate":"2020-05-25"},{"lineNumber":4,"author":{"gitId":"-"},"content":"if not exist ..\\bin mkdir ..\\bin","lastModifiedDate":"2020-05-25"},{"lineNumber":5,"author":{"gitId":"-"},"content":"","lastModifiedDate":"2020-05-25"},{"lineNumber":6,"author":{"gitId":"-"},"content":"REM delete output from previous run","lastModifiedDate":"2020-05-25"},{"lineNumber":7,"author":{"gitId":"-"},"content":"if exist ACTUAL.TXT del ACTUAL.TXT","lastModifiedDate":"2020-08-25"},{"lineNumber":8,"author":{"gitId":"-"},"content":"","lastModifiedDate":"2020-05-25"},{"lineNumber":9,"author":{"gitId":"-"},"content":"REM compile the code into the bin folder","lastModifiedDate":"2020-05-25"},{"lineNumber":10,"author":{"gitId":"-"},"content":"javac  -cp ..\\src\\main\\java -Xlint:none -d ..\\bin ..\\src\\main\\java\\*.java","lastModifiedDate":"2020-08-25"},{"lineNumber":11,"author":{"gitId":"-"},"content":"IF ERRORLEVEL 1 (","lastModifiedDate":"2020-05-25"},{"lineNumber":12,"author":{"gitId":"-"},"content":"    echo ********** BUILD FAILURE **********","lastModifiedDate":"2020-05-25"},{"lineNumber":13,"author":{"gitId":"-"},"content":"    exit /b 1","lastModifiedDate":"2020-05-25"},{"lineNumber":14,"author":{"gitId":"-"},"content":")","lastModifiedDate":"2020-05-25"},{"lineNumber":15,"author":{"gitId":"-"},"content":"REM no error here, errorlevel \u003d\u003d 0","lastModifiedDate":"2020-05-25"},{"lineNumber":16,"author":{"gitId":"-"},"content":"","lastModifiedDate":"2020-05-25"},{"lineNumber":17,"author":{"gitId":"-"},"content":"REM run the program, feed commands from input.txt file and redirect the output to the ACTUAL.TXT","lastModifiedDate":"2020-05-25"},{"lineNumber":18,"author":{"gitId":"dtaywd"},"content":"java -classpath ..\\bin Sebastian \u003c input.txt \u003e ACTUAL.TXT","lastModifiedDate":"2024-02-07"},{"lineNumber":19,"author":{"gitId":"-"},"content":"","lastModifiedDate":"2020-05-25"},{"lineNumber":20,"author":{"gitId":"-"},"content":"REM compare the output to the expected output","lastModifiedDate":"2020-05-25"},{"lineNumber":21,"author":{"gitId":"-"},"content":"FC ACTUAL.TXT EXPECTED.TXT","lastModifiedDate":"2020-05-25"}],"authorContributionMap":{"dtaywd":1,"-":20}}]
