[{"path":"README.md","fileType":"md","lines":[{"lineNumber":1,"author":{"gitId":"ShyamKrishna33"},"content":"# Spike project template","lastModifiedDate":"2024-01-24"},{"lineNumber":2,"author":{"gitId":"-"},"content":"","lastModifiedDate":"2020-05-25"},{"lineNumber":3,"author":{"gitId":"-"},"content":"This is a project template for a greenfield Java project. It\u0027s named after the Java mascot _Duke_. Given below are instructions on how to use it.","lastModifiedDate":"2020-05-25"},{"lineNumber":4,"author":{"gitId":"-"},"content":"","lastModifiedDate":"2020-05-25"},{"lineNumber":5,"author":{"gitId":"-"},"content":"## Setting up in Intellij","lastModifiedDate":"2020-05-25"},{"lineNumber":6,"author":{"gitId":"-"},"content":"","lastModifiedDate":"2020-05-25"},{"lineNumber":7,"author":{"gitId":"-"},"content":"Prerequisites: JDK 11, update Intellij to the most recent version.","lastModifiedDate":"2020-05-25"},{"lineNumber":8,"author":{"gitId":"-"},"content":"","lastModifiedDate":"2020-05-25"},{"lineNumber":9,"author":{"gitId":"-"},"content":"1. Open Intellij (if you are not in the welcome screen, click `File` \u003e `Close Project` to close the existing project first)","lastModifiedDate":"2021-01-17"},{"lineNumber":10,"author":{"gitId":"-"},"content":"1. Open the project into Intellij as follows:","lastModifiedDate":"2021-01-17"},{"lineNumber":11,"author":{"gitId":"-"},"content":"   1. Click `Open`.","lastModifiedDate":"2021-01-17"},{"lineNumber":12,"author":{"gitId":"-"},"content":"   1. Select the project directory, and click `OK`.","lastModifiedDate":"2021-01-17"},{"lineNumber":13,"author":{"gitId":"-"},"content":"   1. If there are any further prompts, accept the defaults.","lastModifiedDate":"2020-05-25"},{"lineNumber":14,"author":{"gitId":"-"},"content":"1. Configure the project to use **JDK 11** (not other versions) as explained in [here](https://www.jetbrains.com/help/idea/sdk.html#set-up-jdk).\u003cbr\u003e","lastModifiedDate":"2021-07-29"},{"lineNumber":15,"author":{"gitId":"-"},"content":"   In the same dialog, set the **Project language level** field to the `SDK default` option.","lastModifiedDate":"2021-07-29"},{"lineNumber":16,"author":{"gitId":"ShyamKrishna33"},"content":"3. After that, locate the `src/main/java/Spike.java` file, right-click it, and choose `Run Spike.main()` (if the code editor is showing compile errors, try restarting the IDE). If the setup is correct, you should see something like the below as the output:","lastModifiedDate":"2024-01-24"},{"lineNumber":17,"author":{"gitId":"-"},"content":"   ```","lastModifiedDate":"2020-05-25"},{"lineNumber":18,"author":{"gitId":"-"},"content":"   Hello from","lastModifiedDate":"2020-05-25"},{"lineNumber":19,"author":{"gitId":"-"},"content":"    ____        _        ","lastModifiedDate":"2020-05-25"},{"lineNumber":20,"author":{"gitId":"-"},"content":"   |  _ \\ _   _| | _____ ","lastModifiedDate":"2020-05-25"},{"lineNumber":21,"author":{"gitId":"-"},"content":"   | | | | | | | |/ / _ \\","lastModifiedDate":"2020-05-25"},{"lineNumber":22,"author":{"gitId":"-"},"content":"   | |_| | |_| |   \u003c  __/","lastModifiedDate":"2020-05-25"},{"lineNumber":23,"author":{"gitId":"-"},"content":"   |____/ \\__,_|_|\\_\\___|","lastModifiedDate":"2020-05-25"},{"lineNumber":24,"author":{"gitId":"-"},"content":"   ```","lastModifiedDate":"2020-05-25"}],"authorContributionMap":{"ShyamKrishna33":2,"-":22}},{"path":"src/main/java/Deadline.java","fileType":"java","lines":[{"lineNumber":1,"author":{"gitId":"ShyamKrishna33"},"content":"public class Deadline extends Task {","lastModifiedDate":"2024-02-07"},{"lineNumber":2,"author":{"gitId":"ShyamKrishna33"},"content":"    private final static char badge \u003d \u0027D\u0027;","lastModifiedDate":"2024-02-07"},{"lineNumber":3,"author":{"gitId":"ShyamKrishna33"},"content":"","lastModifiedDate":"2024-02-07"},{"lineNumber":4,"author":{"gitId":"ShyamKrishna33"},"content":"    public char getBadge() {","lastModifiedDate":"2024-02-07"},{"lineNumber":5,"author":{"gitId":"ShyamKrishna33"},"content":"        return badge;","lastModifiedDate":"2024-02-07"},{"lineNumber":6,"author":{"gitId":"ShyamKrishna33"},"content":"    }","lastModifiedDate":"2024-02-07"},{"lineNumber":7,"author":{"gitId":"ShyamKrishna33"},"content":"","lastModifiedDate":"2024-02-07"},{"lineNumber":8,"author":{"gitId":"ShyamKrishna33"},"content":"","lastModifiedDate":"2024-02-07"},{"lineNumber":9,"author":{"gitId":"ShyamKrishna33"},"content":"    public Deadline(String description) {","lastModifiedDate":"2024-02-07"},{"lineNumber":10,"author":{"gitId":"ShyamKrishna33"},"content":"        super(description);","lastModifiedDate":"2024-02-07"},{"lineNumber":11,"author":{"gitId":"ShyamKrishna33"},"content":"    }","lastModifiedDate":"2024-02-07"},{"lineNumber":12,"author":{"gitId":"ShyamKrishna33"},"content":"}","lastModifiedDate":"2024-02-07"}],"authorContributionMap":{"ShyamKrishna33":12}},{"path":"src/main/java/Event.java","fileType":"java","lines":[{"lineNumber":1,"author":{"gitId":"ShyamKrishna33"},"content":"public class Event extends Task {","lastModifiedDate":"2024-02-07"},{"lineNumber":2,"author":{"gitId":"ShyamKrishna33"},"content":"    private final static char badge \u003d \u0027E\u0027;","lastModifiedDate":"2024-02-07"},{"lineNumber":3,"author":{"gitId":"ShyamKrishna33"},"content":"","lastModifiedDate":"2024-02-07"},{"lineNumber":4,"author":{"gitId":"ShyamKrishna33"},"content":"    public char getBadge() {","lastModifiedDate":"2024-02-07"},{"lineNumber":5,"author":{"gitId":"ShyamKrishna33"},"content":"        return badge;","lastModifiedDate":"2024-02-07"},{"lineNumber":6,"author":{"gitId":"ShyamKrishna33"},"content":"    }","lastModifiedDate":"2024-02-07"},{"lineNumber":7,"author":{"gitId":"ShyamKrishna33"},"content":"","lastModifiedDate":"2024-02-07"},{"lineNumber":8,"author":{"gitId":"ShyamKrishna33"},"content":"    public Event(String description) {","lastModifiedDate":"2024-02-07"},{"lineNumber":9,"author":{"gitId":"ShyamKrishna33"},"content":"        super(description);","lastModifiedDate":"2024-02-07"},{"lineNumber":10,"author":{"gitId":"ShyamKrishna33"},"content":"    }","lastModifiedDate":"2024-02-07"},{"lineNumber":11,"author":{"gitId":"ShyamKrishna33"},"content":"}","lastModifiedDate":"2024-02-07"}],"authorContributionMap":{"ShyamKrishna33":11}},{"path":"src/main/java/Spike.java","fileType":"java","lines":[{"lineNumber":1,"author":{"gitId":"ShyamKrishna33"},"content":"import java.util.Scanner;","lastModifiedDate":"2024-02-01"},{"lineNumber":2,"author":{"gitId":"ShyamKrishna33"},"content":"","lastModifiedDate":"2024-02-01"},{"lineNumber":3,"author":{"gitId":"ShyamKrishna33"},"content":"public class Spike {","lastModifiedDate":"2024-01-24"},{"lineNumber":4,"author":{"gitId":"ShyamKrishna33"},"content":"    private static final String CHATBOT \u003d \"Spike\";","lastModifiedDate":"2024-02-07"},{"lineNumber":5,"author":{"gitId":"ShyamKrishna33"},"content":"    public static final String DIVIDER \u003d \"_________________________________________________\";","lastModifiedDate":"2024-02-07"},{"lineNumber":6,"author":{"gitId":"ShyamKrishna33"},"content":"    public static final int MAX_TASK \u003d 100;","lastModifiedDate":"2024-02-07"},{"lineNumber":7,"author":{"gitId":"ShyamKrishna33"},"content":"","lastModifiedDate":"2024-02-07"},{"lineNumber":8,"author":{"gitId":"-"},"content":"    public static void main(String[] args) {","lastModifiedDate":"2019-07-29"},{"lineNumber":9,"author":{"gitId":"ShyamKrishna33"},"content":"        displayWelcomeMsg();","lastModifiedDate":"2024-02-07"},{"lineNumber":10,"author":{"gitId":"ShyamKrishna33"},"content":"","lastModifiedDate":"2024-02-01"},{"lineNumber":11,"author":{"gitId":"ShyamKrishna33"},"content":"        Task[] inputList \u003d new Task[MAX_TASK];","lastModifiedDate":"2024-02-07"},{"lineNumber":12,"author":{"gitId":"ShyamKrishna33"},"content":"        int iter \u003d 0;","lastModifiedDate":"2024-02-01"},{"lineNumber":13,"author":{"gitId":"ShyamKrishna33"},"content":"        int taskCount \u003d 0;","lastModifiedDate":"2024-02-07"},{"lineNumber":14,"author":{"gitId":"ShyamKrishna33"},"content":"        Scanner in \u003d new Scanner(System.in);","lastModifiedDate":"2024-02-01"},{"lineNumber":15,"author":{"gitId":"ShyamKrishna33"},"content":"","lastModifiedDate":"2024-02-05"},{"lineNumber":16,"author":{"gitId":"ShyamKrishna33"},"content":"        while (true) {","lastModifiedDate":"2024-02-05"},{"lineNumber":17,"author":{"gitId":"ShyamKrishna33"},"content":"            String input \u003d in.nextLine();","lastModifiedDate":"2024-02-01"},{"lineNumber":18,"author":{"gitId":"ShyamKrishna33"},"content":"            if (input.contentEquals(\"list\")) {","lastModifiedDate":"2024-02-01"},{"lineNumber":19,"author":{"gitId":"ShyamKrishna33"},"content":"                displayList(inputList);","lastModifiedDate":"2024-02-07"},{"lineNumber":20,"author":{"gitId":"ShyamKrishna33"},"content":"                iter -\u003d 1;","lastModifiedDate":"2024-02-07"},{"lineNumber":21,"author":{"gitId":"ShyamKrishna33"},"content":"            } else if (input.startsWith(\"mark\")) {","lastModifiedDate":"2024-02-07"},{"lineNumber":22,"author":{"gitId":"ShyamKrishna33"},"content":"                int index \u003d Integer.parseInt(input.substring(5)) - 1;","lastModifiedDate":"2024-02-07"},{"lineNumber":23,"author":{"gitId":"ShyamKrishna33"},"content":"                inputList[index].setDone(true);","lastModifiedDate":"2024-02-07"},{"lineNumber":24,"author":{"gitId":"ShyamKrishna33"},"content":"                displayMarkMsg(index, inputList);","lastModifiedDate":"2024-02-07"},{"lineNumber":25,"author":{"gitId":"ShyamKrishna33"},"content":"            } else if (input.startsWith(\"unmark\")) {","lastModifiedDate":"2024-02-07"},{"lineNumber":26,"author":{"gitId":"ShyamKrishna33"},"content":"                int index \u003d Integer.parseInt(input.substring(7)) - 1;","lastModifiedDate":"2024-02-07"},{"lineNumber":27,"author":{"gitId":"ShyamKrishna33"},"content":"                inputList[index].setDone(false);","lastModifiedDate":"2024-02-07"},{"lineNumber":28,"author":{"gitId":"ShyamKrishna33"},"content":"                displayUnmarkMsg(index, inputList);","lastModifiedDate":"2024-02-07"},{"lineNumber":29,"author":{"gitId":"ShyamKrishna33"},"content":"            } else if (input.startsWith(\"todo\")) {","lastModifiedDate":"2024-02-07"},{"lineNumber":30,"author":{"gitId":"ShyamKrishna33"},"content":"                inputList[iter] \u003d new Todo(processTodo(input));","lastModifiedDate":"2024-02-07"},{"lineNumber":31,"author":{"gitId":"ShyamKrishna33"},"content":"                displayAcknowledgement(inputList, iter);","lastModifiedDate":"2024-02-07"},{"lineNumber":32,"author":{"gitId":"ShyamKrishna33"},"content":"            } else if (input.startsWith(\"deadline\")) {","lastModifiedDate":"2024-02-07"},{"lineNumber":33,"author":{"gitId":"ShyamKrishna33"},"content":"                inputList[iter] \u003d new Deadline(processDeadline(input));","lastModifiedDate":"2024-02-07"},{"lineNumber":34,"author":{"gitId":"ShyamKrishna33"},"content":"                displayAcknowledgement(inputList, iter);","lastModifiedDate":"2024-02-07"},{"lineNumber":35,"author":{"gitId":"ShyamKrishna33"},"content":"            } else if (input.startsWith(\"event\")) {","lastModifiedDate":"2024-02-07"},{"lineNumber":36,"author":{"gitId":"ShyamKrishna33"},"content":"                inputList[iter] \u003d new Event(processEvent(input));","lastModifiedDate":"2024-02-07"},{"lineNumber":37,"author":{"gitId":"ShyamKrishna33"},"content":"                displayAcknowledgement(inputList, iter);","lastModifiedDate":"2024-02-07"},{"lineNumber":38,"author":{"gitId":"ShyamKrishna33"},"content":"            } else if (input.contentEquals(\"bye\")) {","lastModifiedDate":"2024-02-07"},{"lineNumber":39,"author":{"gitId":"ShyamKrishna33"},"content":"                break;","lastModifiedDate":"2024-02-07"},{"lineNumber":40,"author":{"gitId":"ShyamKrishna33"},"content":"            } else {","lastModifiedDate":"2024-02-07"},{"lineNumber":41,"author":{"gitId":"ShyamKrishna33"},"content":"                System.out.println(\"Not valid\");","lastModifiedDate":"2024-02-07"},{"lineNumber":42,"author":{"gitId":"ShyamKrishna33"},"content":"                iter -\u003d 1;","lastModifiedDate":"2024-02-07"},{"lineNumber":43,"author":{"gitId":"ShyamKrishna33"},"content":"            }","lastModifiedDate":"2024-02-07"},{"lineNumber":44,"author":{"gitId":"ShyamKrishna33"},"content":"            iter +\u003d 1;","lastModifiedDate":"2024-02-07"},{"lineNumber":45,"author":{"gitId":"ShyamKrishna33"},"content":"        }","lastModifiedDate":"2024-02-07"},{"lineNumber":46,"author":{"gitId":"ShyamKrishna33"},"content":"        displayByeMsg();","lastModifiedDate":"2024-02-07"},{"lineNumber":47,"author":{"gitId":"ShyamKrishna33"},"content":"    }","lastModifiedDate":"2024-02-07"},{"lineNumber":48,"author":{"gitId":"ShyamKrishna33"},"content":"","lastModifiedDate":"2024-02-07"},{"lineNumber":49,"author":{"gitId":"ShyamKrishna33"},"content":"    private static void displayAcknowledgement(Task[] inputList, int iter) {","lastModifiedDate":"2024-02-07"},{"lineNumber":50,"author":{"gitId":"ShyamKrishna33"},"content":"        char Badge \u003d getBadge(inputList[iter]);","lastModifiedDate":"2024-02-07"},{"lineNumber":51,"author":{"gitId":"ShyamKrishna33"},"content":"        System.out.println(DIVIDER);","lastModifiedDate":"2024-02-07"},{"lineNumber":52,"author":{"gitId":"ShyamKrishna33"},"content":"        System.out.println(\"Got it. I\u0027ve added this task:\");","lastModifiedDate":"2024-02-07"},{"lineNumber":53,"author":{"gitId":"ShyamKrishna33"},"content":"        System.out.println(\" [\" + Badge + \"]\" + \"[ ] \" + inputList[iter].description);","lastModifiedDate":"2024-02-07"},{"lineNumber":54,"author":{"gitId":"ShyamKrishna33"},"content":"        System.out.println(\"Now you have \" + (iter + 1) + \" tasks in the list.\");","lastModifiedDate":"2024-02-07"},{"lineNumber":55,"author":{"gitId":"ShyamKrishna33"},"content":"        System.out.println(DIVIDER);","lastModifiedDate":"2024-02-07"},{"lineNumber":56,"author":{"gitId":"ShyamKrishna33"},"content":"    }","lastModifiedDate":"2024-02-07"},{"lineNumber":57,"author":{"gitId":"ShyamKrishna33"},"content":"","lastModifiedDate":"2024-02-07"},{"lineNumber":58,"author":{"gitId":"ShyamKrishna33"},"content":"    private static String processEvent(String input) {","lastModifiedDate":"2024-02-07"},{"lineNumber":59,"author":{"gitId":"ShyamKrishna33"},"content":"        String event \u003d input.substring(6);","lastModifiedDate":"2024-02-07"},{"lineNumber":60,"author":{"gitId":"ShyamKrishna33"},"content":"        String[] parts \u003d event.split(\" /from \");","lastModifiedDate":"2024-02-07"},{"lineNumber":61,"author":{"gitId":"ShyamKrishna33"},"content":"        String[] time \u003d parts[1].split(\" /to \");","lastModifiedDate":"2024-02-07"},{"lineNumber":62,"author":{"gitId":"ShyamKrishna33"},"content":"        return parts[0] + \" (from: \" + time[0] + \" to: \" + time[1] + \")\";","lastModifiedDate":"2024-02-07"},{"lineNumber":63,"author":{"gitId":"ShyamKrishna33"},"content":"    }","lastModifiedDate":"2024-02-07"},{"lineNumber":64,"author":{"gitId":"ShyamKrishna33"},"content":"","lastModifiedDate":"2024-02-07"},{"lineNumber":65,"author":{"gitId":"ShyamKrishna33"},"content":"    private static String processDeadline(String input) {","lastModifiedDate":"2024-02-07"},{"lineNumber":66,"author":{"gitId":"ShyamKrishna33"},"content":"        String deadline \u003d input.substring(9);","lastModifiedDate":"2024-02-07"},{"lineNumber":67,"author":{"gitId":"ShyamKrishna33"},"content":"        String[] parts \u003d deadline.split(\" /by \");","lastModifiedDate":"2024-02-07"},{"lineNumber":68,"author":{"gitId":"ShyamKrishna33"},"content":"        return parts[0] + \" (by: \" + parts[1] + \")\";","lastModifiedDate":"2024-02-07"},{"lineNumber":69,"author":{"gitId":"ShyamKrishna33"},"content":"    }","lastModifiedDate":"2024-02-07"},{"lineNumber":70,"author":{"gitId":"ShyamKrishna33"},"content":"","lastModifiedDate":"2024-02-07"},{"lineNumber":71,"author":{"gitId":"ShyamKrishna33"},"content":"    private static String processTodo(String input) {","lastModifiedDate":"2024-02-07"},{"lineNumber":72,"author":{"gitId":"ShyamKrishna33"},"content":"        return input.substring(5);","lastModifiedDate":"2024-02-07"},{"lineNumber":73,"author":{"gitId":"ShyamKrishna33"},"content":"    }","lastModifiedDate":"2024-02-07"},{"lineNumber":74,"author":{"gitId":"ShyamKrishna33"},"content":"","lastModifiedDate":"2024-02-07"},{"lineNumber":75,"author":{"gitId":"ShyamKrishna33"},"content":"    private static void displayAddedMsg(String input) {","lastModifiedDate":"2024-02-07"},{"lineNumber":76,"author":{"gitId":"ShyamKrishna33"},"content":"        System.out.println(DIVIDER);","lastModifiedDate":"2024-02-07"},{"lineNumber":77,"author":{"gitId":"ShyamKrishna33"},"content":"        System.out.println(\"added: \" + input);","lastModifiedDate":"2024-02-07"},{"lineNumber":78,"author":{"gitId":"ShyamKrishna33"},"content":"        System.out.println(DIVIDER);","lastModifiedDate":"2024-02-07"},{"lineNumber":79,"author":{"gitId":"ShyamKrishna33"},"content":"    }","lastModifiedDate":"2024-02-07"},{"lineNumber":80,"author":{"gitId":"ShyamKrishna33"},"content":"","lastModifiedDate":"2024-02-07"},{"lineNumber":81,"author":{"gitId":"ShyamKrishna33"},"content":"    private static void displayList(Task[] inputList) {","lastModifiedDate":"2024-02-07"},{"lineNumber":82,"author":{"gitId":"ShyamKrishna33"},"content":"        System.out.println(DIVIDER);","lastModifiedDate":"2024-02-07"},{"lineNumber":83,"author":{"gitId":"ShyamKrishna33"},"content":"        System.out.println(\"Here are the tasks in your list:\");","lastModifiedDate":"2024-02-01"},{"lineNumber":84,"author":{"gitId":"ShyamKrishna33"},"content":"        for (int i \u003d 0; i \u003c inputList.length; i++) {","lastModifiedDate":"2024-02-01"},{"lineNumber":85,"author":{"gitId":"ShyamKrishna33"},"content":"            Task value \u003d inputList[i];","lastModifiedDate":"2024-02-01"},{"lineNumber":86,"author":{"gitId":"ShyamKrishna33"},"content":"            if (value \u003d\u003d null) {","lastModifiedDate":"2024-02-01"},{"lineNumber":87,"author":{"gitId":"ShyamKrishna33"},"content":"                break;","lastModifiedDate":"2024-02-01"},{"lineNumber":88,"author":{"gitId":"ShyamKrishna33"},"content":"            }","lastModifiedDate":"2024-02-01"},{"lineNumber":89,"author":{"gitId":"ShyamKrishna33"},"content":"            char Badge \u003d getBadge(value);","lastModifiedDate":"2024-02-07"},{"lineNumber":90,"author":{"gitId":"ShyamKrishna33"},"content":"            System.out.println((i + 1) + \".[\" + Badge + \"]\" + \"[\" + value.getStatusIcon() + \"] \" + value.description);","lastModifiedDate":"2024-02-07"},{"lineNumber":91,"author":{"gitId":"ShyamKrishna33"},"content":"        }","lastModifiedDate":"2024-02-01"},{"lineNumber":92,"author":{"gitId":"ShyamKrishna33"},"content":"        System.out.println(DIVIDER);","lastModifiedDate":"2024-02-07"},{"lineNumber":93,"author":{"gitId":"ShyamKrishna33"},"content":"    }","lastModifiedDate":"2024-02-05"},{"lineNumber":94,"author":{"gitId":"ShyamKrishna33"},"content":"","lastModifiedDate":"2024-02-07"},{"lineNumber":95,"author":{"gitId":"ShyamKrishna33"},"content":"    private static char getBadge(Task value) {","lastModifiedDate":"2024-02-07"},{"lineNumber":96,"author":{"gitId":"ShyamKrishna33"},"content":"        char Badge \u003d \u0027 \u0027;","lastModifiedDate":"2024-02-07"},{"lineNumber":97,"author":{"gitId":"ShyamKrishna33"},"content":"        if (value instanceof Todo) {","lastModifiedDate":"2024-02-07"},{"lineNumber":98,"author":{"gitId":"ShyamKrishna33"},"content":"            Badge \u003d ((Todo) value).getBadge();","lastModifiedDate":"2024-02-07"},{"lineNumber":99,"author":{"gitId":"ShyamKrishna33"},"content":"        } else if (value instanceof Deadline) {","lastModifiedDate":"2024-02-07"},{"lineNumber":100,"author":{"gitId":"ShyamKrishna33"},"content":"            Badge \u003d ((Deadline) value).getBadge();","lastModifiedDate":"2024-02-07"},{"lineNumber":101,"author":{"gitId":"ShyamKrishna33"},"content":"        } else if (value instanceof Event) {","lastModifiedDate":"2024-02-07"},{"lineNumber":102,"author":{"gitId":"ShyamKrishna33"},"content":"            Badge \u003d ((Event) value).getBadge();","lastModifiedDate":"2024-02-07"},{"lineNumber":103,"author":{"gitId":"ShyamKrishna33"},"content":"        }","lastModifiedDate":"2024-02-07"},{"lineNumber":104,"author":{"gitId":"ShyamKrishna33"},"content":"        return Badge;","lastModifiedDate":"2024-02-07"},{"lineNumber":105,"author":{"gitId":"ShyamKrishna33"},"content":"    }","lastModifiedDate":"2024-02-07"},{"lineNumber":106,"author":{"gitId":"ShyamKrishna33"},"content":"","lastModifiedDate":"2024-02-07"},{"lineNumber":107,"author":{"gitId":"ShyamKrishna33"},"content":"    private static void displayUnmarkMsg(int index, Task[] inputList) {","lastModifiedDate":"2024-02-07"},{"lineNumber":108,"author":{"gitId":"ShyamKrishna33"},"content":"        char Badge \u003d getBadge(inputList[index]);","lastModifiedDate":"2024-02-07"},{"lineNumber":109,"author":{"gitId":"ShyamKrishna33"},"content":"        System.out.println(DIVIDER);","lastModifiedDate":"2024-02-07"},{"lineNumber":110,"author":{"gitId":"ShyamKrishna33"},"content":"        System.out.println(\"OK, I\u0027ve marked this task as not done yet:\");","lastModifiedDate":"2024-02-01"},{"lineNumber":111,"author":{"gitId":"ShyamKrishna33"},"content":"        System.out.println((index + 1) + \".[\" + Badge + \"]\" + \"[ ] \" + inputList[index].description);","lastModifiedDate":"2024-02-07"},{"lineNumber":112,"author":{"gitId":"ShyamKrishna33"},"content":"        System.out.println(DIVIDER);","lastModifiedDate":"2024-02-07"},{"lineNumber":113,"author":{"gitId":"ShyamKrishna33"},"content":"    }","lastModifiedDate":"2024-02-01"},{"lineNumber":114,"author":{"gitId":"ShyamKrishna33"},"content":"","lastModifiedDate":"2024-02-07"},{"lineNumber":115,"author":{"gitId":"ShyamKrishna33"},"content":"    private static void displayMarkMsg(int index, Task[] inputList) {","lastModifiedDate":"2024-02-07"},{"lineNumber":116,"author":{"gitId":"ShyamKrishna33"},"content":"        char Badge \u003d getBadge(inputList[index]);","lastModifiedDate":"2024-02-07"},{"lineNumber":117,"author":{"gitId":"ShyamKrishna33"},"content":"        System.out.println(DIVIDER);","lastModifiedDate":"2024-02-07"},{"lineNumber":118,"author":{"gitId":"ShyamKrishna33"},"content":"        System.out.println(\"Nice! I\u0027ve marked this task as done:\");","lastModifiedDate":"2024-02-07"},{"lineNumber":119,"author":{"gitId":"ShyamKrishna33"},"content":"        System.out.println((index + 1) + \".[\" + Badge + \"]\" + \"[X] \" + inputList[index].description);","lastModifiedDate":"2024-02-07"},{"lineNumber":120,"author":{"gitId":"ShyamKrishna33"},"content":"        System.out.println(DIVIDER);","lastModifiedDate":"2024-02-07"},{"lineNumber":121,"author":{"gitId":"ShyamKrishna33"},"content":"    }","lastModifiedDate":"2024-02-01"},{"lineNumber":122,"author":{"gitId":"ShyamKrishna33"},"content":"","lastModifiedDate":"2024-02-01"},{"lineNumber":123,"author":{"gitId":"ShyamKrishna33"},"content":"    private static void displayByeMsg() {","lastModifiedDate":"2024-02-07"},{"lineNumber":124,"author":{"gitId":"ShyamKrishna33"},"content":"        System.out.println(DIVIDER);","lastModifiedDate":"2024-02-07"},{"lineNumber":125,"author":{"gitId":"ShyamKrishna33"},"content":"        System.out.println(\"Bye. Hope to see you again soon!\");","lastModifiedDate":"2024-01-24"},{"lineNumber":126,"author":{"gitId":"ShyamKrishna33"},"content":"        System.out.println(DIVIDER);","lastModifiedDate":"2024-02-07"},{"lineNumber":127,"author":{"gitId":"ShyamKrishna33"},"content":"    }","lastModifiedDate":"2024-02-07"},{"lineNumber":128,"author":{"gitId":"ShyamKrishna33"},"content":"","lastModifiedDate":"2024-02-07"},{"lineNumber":129,"author":{"gitId":"ShyamKrishna33"},"content":"    private static void displayWelcomeMsg() {","lastModifiedDate":"2024-02-07"},{"lineNumber":130,"author":{"gitId":"ShyamKrishna33"},"content":"        System.out.println(DIVIDER);","lastModifiedDate":"2024-02-07"},{"lineNumber":131,"author":{"gitId":"ShyamKrishna33"},"content":"        System.out.println(\"Hello! I\u0027m \" + CHATBOT);","lastModifiedDate":"2024-02-07"},{"lineNumber":132,"author":{"gitId":"ShyamKrishna33"},"content":"        System.out.println(\"What can I do for you?\\n\");","lastModifiedDate":"2024-02-07"},{"lineNumber":133,"author":{"gitId":"ShyamKrishna33"},"content":"        System.out.println(DIVIDER);","lastModifiedDate":"2024-02-07"},{"lineNumber":134,"author":{"gitId":"-"},"content":"    }","lastModifiedDate":"2019-07-29"},{"lineNumber":135,"author":{"gitId":"-"},"content":"}","lastModifiedDate":"2019-07-29"}],"authorContributionMap":{"ShyamKrishna33":132,"-":3}},{"path":"src/main/java/Task.java","fileType":"java","lines":[{"lineNumber":1,"author":{"gitId":"ShyamKrishna33"},"content":"public class Task {","lastModifiedDate":"2024-02-01"},{"lineNumber":2,"author":{"gitId":"ShyamKrishna33"},"content":"    protected String description;","lastModifiedDate":"2024-02-01"},{"lineNumber":3,"author":{"gitId":"ShyamKrishna33"},"content":"    protected boolean isDone;","lastModifiedDate":"2024-02-01"},{"lineNumber":4,"author":{"gitId":"ShyamKrishna33"},"content":"","lastModifiedDate":"2024-02-01"},{"lineNumber":5,"author":{"gitId":"ShyamKrishna33"},"content":"    public Task(String description) {","lastModifiedDate":"2024-02-01"},{"lineNumber":6,"author":{"gitId":"ShyamKrishna33"},"content":"        this.description \u003d description;","lastModifiedDate":"2024-02-01"},{"lineNumber":7,"author":{"gitId":"ShyamKrishna33"},"content":"        this.isDone \u003d false;","lastModifiedDate":"2024-02-01"},{"lineNumber":8,"author":{"gitId":"ShyamKrishna33"},"content":"    }","lastModifiedDate":"2024-02-01"},{"lineNumber":9,"author":{"gitId":"ShyamKrishna33"},"content":"","lastModifiedDate":"2024-02-01"},{"lineNumber":10,"author":{"gitId":"ShyamKrishna33"},"content":"    public String getStatusIcon() {","lastModifiedDate":"2024-02-01"},{"lineNumber":11,"author":{"gitId":"ShyamKrishna33"},"content":"        return (isDone ? \"X\" : \" \"); // mark done task with X","lastModifiedDate":"2024-02-01"},{"lineNumber":12,"author":{"gitId":"ShyamKrishna33"},"content":"    }","lastModifiedDate":"2024-02-01"},{"lineNumber":13,"author":{"gitId":"ShyamKrishna33"},"content":"","lastModifiedDate":"2024-02-01"},{"lineNumber":14,"author":{"gitId":"ShyamKrishna33"},"content":"    public void setDone(boolean done) {","lastModifiedDate":"2024-02-01"},{"lineNumber":15,"author":{"gitId":"ShyamKrishna33"},"content":"        this.isDone \u003d done;","lastModifiedDate":"2024-02-01"},{"lineNumber":16,"author":{"gitId":"ShyamKrishna33"},"content":"    }","lastModifiedDate":"2024-02-01"},{"lineNumber":17,"author":{"gitId":"ShyamKrishna33"},"content":"}","lastModifiedDate":"2024-02-01"}],"authorContributionMap":{"ShyamKrishna33":17}},{"path":"src/main/java/Todo.java","fileType":"java","lines":[{"lineNumber":1,"author":{"gitId":"ShyamKrishna33"},"content":"public class Todo extends Task {","lastModifiedDate":"2024-02-07"},{"lineNumber":2,"author":{"gitId":"ShyamKrishna33"},"content":"    private final static char badge \u003d \u0027T\u0027;","lastModifiedDate":"2024-02-07"},{"lineNumber":3,"author":{"gitId":"ShyamKrishna33"},"content":"","lastModifiedDate":"2024-02-07"},{"lineNumber":4,"author":{"gitId":"ShyamKrishna33"},"content":"    public char getBadge() {","lastModifiedDate":"2024-02-07"},{"lineNumber":5,"author":{"gitId":"ShyamKrishna33"},"content":"        return badge;","lastModifiedDate":"2024-02-07"},{"lineNumber":6,"author":{"gitId":"ShyamKrishna33"},"content":"    }","lastModifiedDate":"2024-02-07"},{"lineNumber":7,"author":{"gitId":"ShyamKrishna33"},"content":"","lastModifiedDate":"2024-02-07"},{"lineNumber":8,"author":{"gitId":"ShyamKrishna33"},"content":"    public Todo(String description) {","lastModifiedDate":"2024-02-07"},{"lineNumber":9,"author":{"gitId":"ShyamKrishna33"},"content":"        super(description);","lastModifiedDate":"2024-02-07"},{"lineNumber":10,"author":{"gitId":"ShyamKrishna33"},"content":"    }","lastModifiedDate":"2024-02-07"},{"lineNumber":11,"author":{"gitId":"ShyamKrishna33"},"content":"}","lastModifiedDate":"2024-02-07"}],"authorContributionMap":{"ShyamKrishna33":11}},{"path":"text-ui-test/runtest.bat","fileType":"bat","lines":[{"lineNumber":1,"author":{"gitId":"-"},"content":"@ECHO OFF","lastModifiedDate":"2020-05-25"},{"lineNumber":2,"author":{"gitId":"-"},"content":"","lastModifiedDate":"2020-05-25"},{"lineNumber":3,"author":{"gitId":"-"},"content":"REM create bin directory if it doesn\u0027t exist","lastModifiedDate":"2020-05-25"},{"lineNumber":4,"author":{"gitId":"-"},"content":"if not exist ..\\bin mkdir ..\\bin","lastModifiedDate":"2020-05-25"},{"lineNumber":5,"author":{"gitId":"-"},"content":"","lastModifiedDate":"2020-05-25"},{"lineNumber":6,"author":{"gitId":"-"},"content":"REM delete output from previous run","lastModifiedDate":"2020-05-25"},{"lineNumber":7,"author":{"gitId":"-"},"content":"if exist ACTUAL.TXT del ACTUAL.TXT","lastModifiedDate":"2020-08-25"},{"lineNumber":8,"author":{"gitId":"-"},"content":"","lastModifiedDate":"2020-05-25"},{"lineNumber":9,"author":{"gitId":"-"},"content":"REM compile the code into the bin folder","lastModifiedDate":"2020-05-25"},{"lineNumber":10,"author":{"gitId":"-"},"content":"javac  -cp ..\\src\\main\\java -Xlint:none -d ..\\bin ..\\src\\main\\java\\*.java","lastModifiedDate":"2020-08-25"},{"lineNumber":11,"author":{"gitId":"-"},"content":"IF ERRORLEVEL 1 (","lastModifiedDate":"2020-05-25"},{"lineNumber":12,"author":{"gitId":"-"},"content":"    echo ********** BUILD FAILURE **********","lastModifiedDate":"2020-05-25"},{"lineNumber":13,"author":{"gitId":"-"},"content":"    exit /b 1","lastModifiedDate":"2020-05-25"},{"lineNumber":14,"author":{"gitId":"-"},"content":")","lastModifiedDate":"2020-05-25"},{"lineNumber":15,"author":{"gitId":"-"},"content":"REM no error here, errorlevel \u003d\u003d 0","lastModifiedDate":"2020-05-25"},{"lineNumber":16,"author":{"gitId":"-"},"content":"","lastModifiedDate":"2020-05-25"},{"lineNumber":17,"author":{"gitId":"-"},"content":"REM run the program, feed commands from input.txt file and redirect the output to the ACTUAL.TXT","lastModifiedDate":"2020-05-25"},{"lineNumber":18,"author":{"gitId":"ShyamKrishna33"},"content":"java -classpath ..\\bin Spike \u003c input.txt \u003e ACTUAL.TXT","lastModifiedDate":"2024-01-24"},{"lineNumber":19,"author":{"gitId":"-"},"content":"","lastModifiedDate":"2020-05-25"},{"lineNumber":20,"author":{"gitId":"-"},"content":"REM compare the output to the expected output","lastModifiedDate":"2020-05-25"},{"lineNumber":21,"author":{"gitId":"-"},"content":"FC ACTUAL.TXT EXPECTED.TXT","lastModifiedDate":"2020-05-25"}],"authorContributionMap":{"ShyamKrishna33":1,"-":20}}]
