{"authorDailyContributionsMap":{"ShyamKrishna33":[{"date":"2024-01-24","commitResults":[{"hash":"8be7a1ca17b184794cb1a3c92130bd79d4f782bd","isMergeCommit":false,"messageTitle":"Rename chatbot to Spike","messageBody":"","fileTypesAndContributionMap":{"java":{"insertions":1,"deletions":1},"bat":{"insertions":1,"deletions":1},"md":{"insertions":2,"deletions":2}}},{"hash":"220253c9c17287c6f243cf2363ec0f2e7ad8ac49","isMergeCommit":false,"messageTitle":"level-0: Add greet and exit message","messageBody":"","tags":["Level0"],"fileTypesAndContributionMap":{"java":{"insertions":4,"deletions":6}}}]},{"date":"2024-02-01","commitResults":[{"hash":"901fc3df08dcf19891023cf657eaeb81ef6637d5","isMergeCommit":false,"messageTitle":"Add echo functionality","messageBody":"","tags":["Level1"],"fileTypesAndContributionMap":{"java":{"insertions":15,"deletions":0}}},{"hash":"eda5dcc34d669add99e6fef0b23e3a7873c824fc","isMergeCommit":false,"messageTitle":"Add list","messageBody":"","tags":["Level2"],"fileTypesAndContributionMap":{"java":{"insertions":15,"deletions":5}}},{"hash":"f2a9bbf5c90b6468491e238ebb72a262ceb91344","isMergeCommit":false,"messageTitle":"Add task functionality","messageBody":"","tags":["Level3"],"fileTypesAndContributionMap":{"java":{"insertions":34,"deletions":4}}}]},{"date":"2024-02-05","commitResults":[{"hash":"c81f05eae3c58b3ea9af05c84a417668ae01b23d","isMergeCommit":false,"messageTitle":"Update User Interface","messageBody":"","fileTypesAndContributionMap":{"java":{"insertions":24,"deletions":8}}}]},{"date":"2024-02-07","commitResults":[{"hash":"b46ca3d4824984ac60aca4f163c583c27fb6e3a5","isMergeCommit":false,"messageTitle":"Improve Code Quality","messageBody":"","tags":["A-CodingStandard"],"fileTypesAndContributionMap":{"java":{"insertions":57,"deletions":37}}},{"hash":"fdcac96fcb16a71d68e381d28392314bb6792620","isMergeCommit":false,"messageTitle":"Inherit Todo, Deadline, Event from Task","messageBody":"","fileTypesAndContributionMap":{"java":{"insertions":34,"deletions":0}}},{"hash":"eec7f487ec886dbc5e3cd894955287abf7befdc3","isMergeCommit":false,"messageTitle":"Bug fix by making badge variable static","messageBody":"","fileTypesAndContributionMap":{"java":{"insertions":3,"deletions":3}}},{"hash":"39e141db888087dce1147c401815dfba02dcabab","isMergeCommit":false,"messageTitle":"Add sub-task functionality","messageBody":"","tags":["Level4"],"fileTypesAndContributionMap":{"java":{"insertions":59,"deletions":6}}}]},{"date":"2024-02-12","commitResults":[{"hash":"dbe0a1f1fcddf3afe5b7b18389af0c33a2aca6c1","isMergeCommit":false,"messageTitle":"Improve code quality","messageBody":"","tags":["A-CodeQuality"],"fileTypesAndContributionMap":{"java":{"insertions":22,"deletions":15}}}]},{"date":"2024-02-14","commitResults":[{"hash":"2b895d8aa47d3608a57c498f721c0fc1cd346741","isMergeCommit":false,"messageTitle":"Refactor Spike Class conditionals to switch cases","messageBody":"","fileTypesAndContributionMap":{"java":{"insertions":25,"deletions":15}}},{"hash":"e0e21f25c7bde9a09e96d68d536d91056bcadfb8","isMergeCommit":false,"messageTitle":"Create a package for all the Task classes","messageBody":"","fileTypesAndContributionMap":{"java":{"insertions":22,"deletions":1}}},{"hash":"380eceac6b7f7a41342ac37d1c7727c8633b29cf","isMergeCommit":false,"messageTitle":"Create Exceptions package","messageBody":"","tags":["A-Exceptions"],"fileTypesAndContributionMap":{"java":{"insertions":5,"deletions":3}}},{"hash":"f3c440fe37f27d7e3b84951893253493499bc135","isMergeCommit":false,"messageTitle":"Add possible exceptions - Argument, Task and Command Not Found","messageBody":"","fileTypesAndContributionMap":{"java":{"insertions":13,"deletions":0}}},{"hash":"86b130a3d7d6a2e68de35337df092696ed9c10d3","isMergeCommit":false,"messageTitle":"Add error handling for Argument, Task, Command Not Found","messageBody":"","fileTypesAndContributionMap":{"java":{"insertions":53,"deletions":7}}},{"hash":"5e0d6e963c0f650cec7500f81f5b6575ec4a1138","isMergeCommit":false,"messageTitle":"Refactor the names of exceptions","messageBody":"","fileTypesAndContributionMap":{"java":{"insertions":0,"deletions":9}}}]},{"date":"2024-02-15","commitResults":[{"hash":"07ea0a7f4ae4de714cf2efcd68087d2db26c0f1d","isMergeCommit":true,"messageTitle":"Merge branch \u0027branch-level-5\u0027","messageBody":"","tags":["Level5"],"fileTypesAndContributionMap":{}}]},{"date":"2024-02-23","commitResults":[{"hash":"c8ed459ca1587787aaee9621dd053c06a768c041","isMergeCommit":false,"messageTitle":"Replaced fixed length Task List to ArrayList\u003c\u003e object","messageBody":"","fileTypesAndContributionMap":{"java":{"insertions":22,"deletions":21}}},{"hash":"adc86bbbe5e04319d3d7e375c74e4e6225dde138","isMergeCommit":false,"messageTitle":"Instantiate Delete Command","messageBody":"","fileTypesAndContributionMap":{"java":{"insertions":6,"deletions":0}}},{"hash":"1dea69099ecfb5eae3554de677e8d2cff4e032a7","isMergeCommit":false,"messageTitle":"Removed iterator iter and instead used ArrayList methods to access elements","messageBody":"","fileTypesAndContributionMap":{"java":{"insertions":15,"deletions":19}}},{"hash":"b233c4c33166f7547d402e27e0c71bc23613d150","isMergeCommit":false,"messageTitle":"Add display message for delete command","messageBody":"","fileTypesAndContributionMap":{"java":{"insertions":10,"deletions":0}}},{"hash":"9960585cc4b6d1cd791088524b46ff75521db743","isMergeCommit":false,"messageTitle":"Create class DataHandler","messageBody":"","fileTypesAndContributionMap":{"java":{"insertions":2,"deletions":0}}},{"hash":"a62eb75079927fa41346f85d6c7b411a8854ce6d","isMergeCommit":false,"messageTitle":"Create writeToFile method","messageBody":"","fileTypesAndContributionMap":{"java":{"insertions":6,"deletions":0}}},{"hash":"48acb9aab35b7f1bdea91920bb5428f7ad781e89","isMergeCommit":false,"messageTitle":"Add readFileContents method","messageBody":"","fileTypesAndContributionMap":{"java":{"insertions":39,"deletions":0}}},{"hash":"614e0235bc14f3f48cfeb8057f3d5da562c5ac04","isMergeCommit":false,"messageTitle":"Add getBadge method in Task class","messageBody":"","fileTypesAndContributionMap":{"java":{"insertions":8,"deletions":0}}},{"hash":"f1f564592ed25d2f89407174a21a23a41e845e01","isMergeCommit":false,"messageTitle":"Create tasksToFile method to convert Task objects into String","messageBody":"","fileTypesAndContributionMap":{"java":{"insertions":12,"deletions":3}}},{"hash":"9f4e375e6f71df90b7a05ffc2540375e795f97ca","isMergeCommit":false,"messageTitle":"Change signature of readFileContent to public","messageBody":"","fileTypesAndContributionMap":{"java":{"insertions":1,"deletions":1}}}]},{"date":"2024-02-24","commitResults":[{"hash":"e5f18add6c1c52eb18cffcb4f5c8b303538f6826","isMergeCommit":false,"messageTitle":"Add create file functionality on start","messageBody":"","fileTypesAndContributionMap":{"java":{"insertions":11,"deletions":3}}},{"hash":"77d3e338ad6edc8b00337aac51b2958ebe0accd4","isMergeCommit":false,"messageTitle":"Incorporate DataHandler to Spike Class","messageBody":"","fileTypesAndContributionMap":{"java":{"insertions":12,"deletions":4}}},{"hash":"becee9aaab8620c0224ad7fba179c46e260ec02c","isMergeCommit":true,"messageTitle":"Merge branch \u0027branch-level-6\u0027","messageBody":"","tags":["Level6"],"fileTypesAndContributionMap":{}},{"hash":"8e808b46187a67d16ebea906c14b9b293ad9fe6b","isMergeCommit":true,"messageTitle":"Merge branch \u0027branch-level-7\u0027 after resolving conflicts","messageBody":"","tags":["Level7"],"fileTypesAndContributionMap":{}}]}]},"authorFileTypeContributionMap":{"ShyamKrishna33":{"java":365,"md":2,"fxml":0,"sh":0,"bat":1,"gradle":0,"txt":0}},"authorContributionVariance":{"ShyamKrishna33":2315.4482},"authorDisplayNameMap":{"ShyamKrishna33":"CS2113-T15-2 ARUN..SHNA"}}
