{"authorDailyContributionsMap":{"damiwee":[{"date":"2024-01-28","commitResults":[{"hash":"d41b40e3a203adc5a8dc58fc893c39dff2824582","isMergeCommit":false,"messageTitle":"Feature: Add greet and exit messages","messageBody":"","tags":["Level-0"],"fileTypesAndContributionMap":{"java":{"insertions":24,"deletions":10}}},{"hash":"3aa8a6ffbd2442ce885eecc3bbe3f0b42ff7be8c","isMergeCommit":false,"messageTitle":"Feature: Add echo user command","messageBody":"","tags":["Level-1"],"fileTypesAndContributionMap":{"java":{"insertions":21,"deletions":1}}},{"hash":"922f4f6563eb20046cd53b8619ef26f862650631","isMergeCommit":false,"messageTitle":"Feature: Add task list for user input","messageBody":"","tags":["Level-2"],"fileTypesAndContributionMap":{"java":{"insertions":39,"deletions":5}}},{"hash":"2c151334e2775ba369781fae41933c442b7b3044","isMergeCommit":false,"messageTitle":"Feature: Add command to mark or unmark user input task as done","messageBody":"","tags":["Level-3"],"fileTypesAndContributionMap":{"java":{"insertions":66,"deletions":6}}},{"hash":"47703f91f39472bfcaa1256436f34b502d0edd7b","isMergeCommit":false,"messageTitle":"Style: Comply with coding standards","messageBody":"","fileTypesAndContributionMap":{"java":{"insertions":22,"deletions":19}}}]},{"date":"2024-01-29","commitResults":[{"hash":"074d2c3393f50437108fc1c65902e982de4723b7","isMergeCommit":false,"messageTitle":"Style: Capitalize constant variable","messageBody":"","fileTypesAndContributionMap":{"java":{"insertions":16,"deletions":16}}},{"hash":"314ce3027bade68f2d1f1422bb10ad2ca5362923","isMergeCommit":false,"messageTitle":"Style: Fix variable camelcase naming standard","messageBody":"","tags":["A-CodingStandard"],"fileTypesAndContributionMap":{"java":{"insertions":2,"deletions":2}}}]},{"date":"2024-02-03","commitResults":[{"hash":"7fe524a154af8fa3736894bfb16053792753c587","isMergeCommit":false,"messageTitle":"Feature: Add 3 types of tasks","messageBody":"The 3 task types are todo, deadline and event.\n\nTodo is a subclass of task class and both deadline\nand event are subclasses of todo class. Introduce\ninheritance for code reusability and promoting a\nhierarchical structure\n","tags":["Level-4"],"fileTypesAndContributionMap":{"java":{"insertions":210,"deletions":52}}},{"hash":"f44882a9bd6a938cbec375489aee3718d56772f5","isMergeCommit":false,"messageTitle":"Test: Pass output match test","messageBody":"","tags":["A-TextUiTesting"],"fileTypesAndContributionMap":{"txt":{"insertions":13,"deletions":0},"bat":{"insertions":2,"deletions":2}}},{"hash":"471b9c19fc52a2354d21ca3f7c5303ecf2b29a57","isMergeCommit":false,"messageTitle":"Refactor: Delete unused method","messageBody":"","fileTypesAndContributionMap":{"java":{"insertions":0,"deletions":4}}},{"hash":"8789bc51957ea419599cff250e32c1b74b674f3c","isMergeCommit":false,"messageTitle":"Style: Fix spacing","messageBody":"","fileTypesAndContributionMap":{"java":{"insertions":1,"deletions":1}}},{"hash":"b2b807b54641453ae2f253e23ec8b2ca28449e7d","isMergeCommit":false,"messageTitle":"Refactor: Extract echo method","messageBody":"","tags":["A-CodeQuality"],"fileTypesAndContributionMap":{"java":{"insertions":7,"deletions":4}}}]}]},"authorFileTypeContributionMap":{"damiwee":{"java":298,"md":0,"fxml":0,"sh":0,"bat":2,"gradle":0,"txt":13}},"authorContributionVariance":{"damiwee":7232.3086},"authorDisplayNameMap":{"damiwee":"DAMI..LONG"}}
