[{"path":"docs/README.md","fileType":"md","lines":[{"lineNumber":1,"author":{"gitId":"ningsongshen"},"content":"# Bob User Guide","lastModifiedDate":"2024-03-06"},{"lineNumber":2,"author":{"gitId":"ningsongshen"},"content":"","lastModifiedDate":"2024-03-06"},{"lineNumber":3,"author":{"gitId":"ningsongshen"},"content":"Bob is a desktop app for managing tasks, deadlines and events, optimized for use via a Command Line Interface (CLI) while still having the benefits of a Graphical User Interface (GUI). If you can type fast, Bob can get your task management done faster than traditional GUI apps.","lastModifiedDate":"2024-03-06"},{"lineNumber":4,"author":{"gitId":"-"},"content":"","lastModifiedDate":"2019-07-29"},{"lineNumber":5,"author":{"gitId":"-"},"content":"## Features ","lastModifiedDate":"2019-07-29"},{"lineNumber":6,"author":{"gitId":"-"},"content":"","lastModifiedDate":"2019-07-29"},{"lineNumber":7,"author":{"gitId":"ningsongshen"},"content":"### Todos","lastModifiedDate":"2024-03-06"},{"lineNumber":8,"author":{"gitId":"ningsongshen"},"content":"","lastModifiedDate":"2024-03-06"},{"lineNumber":9,"author":{"gitId":"ningsongshen"},"content":"Keep track of your todos.","lastModifiedDate":"2024-03-06"},{"lineNumber":10,"author":{"gitId":"ningsongshen"},"content":"","lastModifiedDate":"2024-03-06"},{"lineNumber":11,"author":{"gitId":"ningsongshen"},"content":"### Deadlines","lastModifiedDate":"2024-03-06"},{"lineNumber":12,"author":{"gitId":"-"},"content":"","lastModifiedDate":"2024-03-06"},{"lineNumber":13,"author":{"gitId":"ningsongshen"},"content":"Keep track of your deadlines with a date and time.","lastModifiedDate":"2024-03-06"},{"lineNumber":14,"author":{"gitId":"-"},"content":"","lastModifiedDate":"2024-03-06"},{"lineNumber":15,"author":{"gitId":"ningsongshen"},"content":"### Events","lastModifiedDate":"2024-03-06"},{"lineNumber":16,"author":{"gitId":"-"},"content":"","lastModifiedDate":"2024-03-06"},{"lineNumber":17,"author":{"gitId":"ningsongshen"},"content":"Keep track of your events with a start and end date and time.","lastModifiedDate":"2024-03-06"},{"lineNumber":18,"author":{"gitId":"-"},"content":"","lastModifiedDate":"2024-03-06"},{"lineNumber":19,"author":{"gitId":"ningsongshen"},"content":"## Commands","lastModifiedDate":"2024-03-06"},{"lineNumber":20,"author":{"gitId":"-"},"content":"","lastModifiedDate":"2024-03-06"},{"lineNumber":21,"author":{"gitId":"ningsongshen"},"content":"Note that everything is autosaved to a file called `bob.txt`, so you can close the app and reopen it and your list will still be there.","lastModifiedDate":"2024-03-06"},{"lineNumber":22,"author":{"gitId":"-"},"content":"","lastModifiedDate":"2024-03-06"},{"lineNumber":23,"author":{"gitId":"ningsongshen"},"content":"### `todo`","lastModifiedDate":"2024-03-06"},{"lineNumber":24,"author":{"gitId":"ningsongshen"},"content":"","lastModifiedDate":"2024-03-06"},{"lineNumber":25,"author":{"gitId":"ningsongshen"},"content":"Add a todo task to your list. Everything after the command","lastModifiedDate":"2024-03-06"},{"lineNumber":26,"author":{"gitId":"ningsongshen"},"content":"will be saved to the list, no quotations needed.","lastModifiedDate":"2024-03-06"},{"lineNumber":27,"author":{"gitId":"-"},"content":"","lastModifiedDate":"2024-03-06"},{"lineNumber":28,"author":{"gitId":"-"},"content":"Example of usage: ","lastModifiedDate":"2024-03-06"},{"lineNumber":29,"author":{"gitId":"-"},"content":"","lastModifiedDate":"2024-03-06"},{"lineNumber":30,"author":{"gitId":"ningsongshen"},"content":"`todo eat an apple a day to keep the doctor away`","lastModifiedDate":"2024-03-06"},{"lineNumber":31,"author":{"gitId":"ningsongshen"},"content":"","lastModifiedDate":"2024-03-06"},{"lineNumber":32,"author":{"gitId":"ningsongshen"},"content":"Expected outcome:","lastModifiedDate":"2024-03-06"},{"lineNumber":33,"author":{"gitId":"ningsongshen"},"content":"","lastModifiedDate":"2024-03-06"},{"lineNumber":34,"author":{"gitId":"ningsongshen"},"content":"Saves todo to list.","lastModifiedDate":"2024-03-06"},{"lineNumber":35,"author":{"gitId":"ningsongshen"},"content":"","lastModifiedDate":"2024-03-06"},{"lineNumber":36,"author":{"gitId":"ningsongshen"},"content":"### `deadline`","lastModifiedDate":"2024-03-06"},{"lineNumber":37,"author":{"gitId":"ningsongshen"},"content":"","lastModifiedDate":"2024-03-06"},{"lineNumber":38,"author":{"gitId":"ningsongshen"},"content":"Add a deadline task to your list. Everything after the command","lastModifiedDate":"2024-03-06"},{"lineNumber":39,"author":{"gitId":"ningsongshen"},"content":"will be saved to the list, no quotations needed. ","lastModifiedDate":"2024-03-06"},{"lineNumber":40,"author":{"gitId":"ningsongshen"},"content":"","lastModifiedDate":"2024-03-06"},{"lineNumber":41,"author":{"gitId":"ningsongshen"},"content":"Example of usage:","lastModifiedDate":"2024-03-06"},{"lineNumber":42,"author":{"gitId":"ningsongshen"},"content":"","lastModifiedDate":"2024-03-06"},{"lineNumber":43,"author":{"gitId":"ningsongshen"},"content":"`deadline finish homework /by 5pm`","lastModifiedDate":"2024-03-06"},{"lineNumber":44,"author":{"gitId":"ningsongshen"},"content":"","lastModifiedDate":"2024-03-06"},{"lineNumber":45,"author":{"gitId":"ningsongshen"},"content":"Expected outcome:","lastModifiedDate":"2024-03-06"},{"lineNumber":46,"author":{"gitId":"ningsongshen"},"content":"","lastModifiedDate":"2024-03-06"},{"lineNumber":47,"author":{"gitId":"ningsongshen"},"content":"Saves deadline to list.","lastModifiedDate":"2024-03-06"},{"lineNumber":48,"author":{"gitId":"-"},"content":"","lastModifiedDate":"2021-07-17"},{"lineNumber":49,"author":{"gitId":"ningsongshen"},"content":"### `event`","lastModifiedDate":"2024-03-06"},{"lineNumber":50,"author":{"gitId":"-"},"content":"","lastModifiedDate":"2021-07-17"},{"lineNumber":51,"author":{"gitId":"ningsongshen"},"content":"Add an event task to your list. Everything after the command","lastModifiedDate":"2024-03-06"},{"lineNumber":52,"author":{"gitId":"ningsongshen"},"content":"will be saved to the list, no quotations needed.","lastModifiedDate":"2024-03-06"},{"lineNumber":53,"author":{"gitId":"-"},"content":"","lastModifiedDate":"2021-07-17"},{"lineNumber":54,"author":{"gitId":"ningsongshen"},"content":"Example of usage:","lastModifiedDate":"2024-03-06"},{"lineNumber":55,"author":{"gitId":"ningsongshen"},"content":"","lastModifiedDate":"2024-03-06"},{"lineNumber":56,"author":{"gitId":"ningsongshen"},"content":"`event attend concert /from 5pm /to 7pm`","lastModifiedDate":"2024-03-06"},{"lineNumber":57,"author":{"gitId":"-"},"content":"","lastModifiedDate":"2019-07-29"},{"lineNumber":58,"author":{"gitId":"ningsongshen"},"content":"Expected outcome:","lastModifiedDate":"2024-03-06"},{"lineNumber":59,"author":{"gitId":"-"},"content":"","lastModifiedDate":"2019-07-29"},{"lineNumber":60,"author":{"gitId":"ningsongshen"},"content":"Saves event to list.","lastModifiedDate":"2024-03-06"},{"lineNumber":61,"author":{"gitId":"-"},"content":"","lastModifiedDate":"2019-07-29"},{"lineNumber":62,"author":{"gitId":"ningsongshen"},"content":"### `list`","lastModifiedDate":"2024-03-06"},{"lineNumber":63,"author":{"gitId":"ningsongshen"},"content":"","lastModifiedDate":"2024-03-06"},{"lineNumber":64,"author":{"gitId":"ningsongshen"},"content":"List all tasks in your list.","lastModifiedDate":"2024-03-06"},{"lineNumber":65,"author":{"gitId":"-"},"content":"","lastModifiedDate":"2019-07-29"},{"lineNumber":66,"author":{"gitId":"-"},"content":"Example of usage:","lastModifiedDate":"2019-07-29"},{"lineNumber":67,"author":{"gitId":"-"},"content":"","lastModifiedDate":"2019-07-29"},{"lineNumber":68,"author":{"gitId":"ningsongshen"},"content":"`list`","lastModifiedDate":"2024-03-06"},{"lineNumber":69,"author":{"gitId":"-"},"content":"","lastModifiedDate":"2019-07-29"},{"lineNumber":70,"author":{"gitId":"-"},"content":"Expected outcome:","lastModifiedDate":"2019-07-29"},{"lineNumber":71,"author":{"gitId":"-"},"content":"","lastModifiedDate":"2019-07-29"},{"lineNumber":72,"author":{"gitId":"ningsongshen"},"content":"Lists all tasks in your list.","lastModifiedDate":"2024-03-06"},{"lineNumber":73,"author":{"gitId":"ningsongshen"},"content":"","lastModifiedDate":"2024-03-06"},{"lineNumber":74,"author":{"gitId":"ningsongshen"},"content":"### `mark`","lastModifiedDate":"2024-03-06"},{"lineNumber":75,"author":{"gitId":"ningsongshen"},"content":"","lastModifiedDate":"2024-03-06"},{"lineNumber":76,"author":{"gitId":"ningsongshen"},"content":"Mark a task as done. Use number after command to denote the item you want to mark.","lastModifiedDate":"2024-03-06"},{"lineNumber":77,"author":{"gitId":"ningsongshen"},"content":"","lastModifiedDate":"2024-03-06"},{"lineNumber":78,"author":{"gitId":"ningsongshen"},"content":"Example of usage:","lastModifiedDate":"2024-03-06"},{"lineNumber":79,"author":{"gitId":"ningsongshen"},"content":"","lastModifiedDate":"2024-03-06"},{"lineNumber":80,"author":{"gitId":"ningsongshen"},"content":"`mark 1`","lastModifiedDate":"2024-03-06"},{"lineNumber":81,"author":{"gitId":"ningsongshen"},"content":"","lastModifiedDate":"2024-03-06"},{"lineNumber":82,"author":{"gitId":"ningsongshen"},"content":"Expected outcome:","lastModifiedDate":"2024-03-06"},{"lineNumber":83,"author":{"gitId":"ningsongshen"},"content":"","lastModifiedDate":"2024-03-06"},{"lineNumber":84,"author":{"gitId":"ningsongshen"},"content":"Marks the first item in the list as done.","lastModifiedDate":"2024-03-06"},{"lineNumber":85,"author":{"gitId":"ningsongshen"},"content":"","lastModifiedDate":"2024-03-06"},{"lineNumber":86,"author":{"gitId":"ningsongshen"},"content":"### `unmark`","lastModifiedDate":"2024-03-06"},{"lineNumber":87,"author":{"gitId":"ningsongshen"},"content":"","lastModifiedDate":"2024-03-06"},{"lineNumber":88,"author":{"gitId":"ningsongshen"},"content":"Unmark a task as done. Use number after command to denote the item you want to unmark.","lastModifiedDate":"2024-03-06"},{"lineNumber":89,"author":{"gitId":"ningsongshen"},"content":"","lastModifiedDate":"2024-03-06"},{"lineNumber":90,"author":{"gitId":"ningsongshen"},"content":"Example of usage:","lastModifiedDate":"2024-03-06"},{"lineNumber":91,"author":{"gitId":"ningsongshen"},"content":"","lastModifiedDate":"2024-03-06"},{"lineNumber":92,"author":{"gitId":"ningsongshen"},"content":"`unmark 1`","lastModifiedDate":"2024-03-06"},{"lineNumber":93,"author":{"gitId":"-"},"content":"","lastModifiedDate":"2024-03-06"},{"lineNumber":94,"author":{"gitId":"-"},"content":"Expected outcome:","lastModifiedDate":"2024-03-06"},{"lineNumber":95,"author":{"gitId":"-"},"content":"","lastModifiedDate":"2024-03-06"},{"lineNumber":96,"author":{"gitId":"ningsongshen"},"content":"Unmarks the first item in the list as done.","lastModifiedDate":"2024-03-06"},{"lineNumber":97,"author":{"gitId":"ningsongshen"},"content":"","lastModifiedDate":"2024-03-06"},{"lineNumber":98,"author":{"gitId":"ningsongshen"},"content":"### `delete`","lastModifiedDate":"2024-03-06"},{"lineNumber":99,"author":{"gitId":"ningsongshen"},"content":"","lastModifiedDate":"2024-03-06"},{"lineNumber":100,"author":{"gitId":"ningsongshen"},"content":"Delete a task from your list. Use number after command to denote the item you want to delete.","lastModifiedDate":"2024-03-06"},{"lineNumber":101,"author":{"gitId":"ningsongshen"},"content":"","lastModifiedDate":"2024-03-06"},{"lineNumber":102,"author":{"gitId":"ningsongshen"},"content":"Example of usage:","lastModifiedDate":"2024-03-06"},{"lineNumber":103,"author":{"gitId":"ningsongshen"},"content":"","lastModifiedDate":"2024-03-06"},{"lineNumber":104,"author":{"gitId":"ningsongshen"},"content":"`delete 1`","lastModifiedDate":"2024-03-06"},{"lineNumber":105,"author":{"gitId":"ningsongshen"},"content":"","lastModifiedDate":"2024-03-06"},{"lineNumber":106,"author":{"gitId":"ningsongshen"},"content":"Expected outcome:","lastModifiedDate":"2024-03-06"},{"lineNumber":107,"author":{"gitId":"ningsongshen"},"content":"","lastModifiedDate":"2024-03-06"},{"lineNumber":108,"author":{"gitId":"ningsongshen"},"content":"Deletes the first item in the list.","lastModifiedDate":"2024-03-06"},{"lineNumber":109,"author":{"gitId":"ningsongshen"},"content":"","lastModifiedDate":"2024-03-06"},{"lineNumber":110,"author":{"gitId":"ningsongshen"},"content":"### `find`","lastModifiedDate":"2024-03-06"},{"lineNumber":111,"author":{"gitId":"ningsongshen"},"content":"","lastModifiedDate":"2024-03-06"},{"lineNumber":112,"author":{"gitId":"ningsongshen"},"content":"Find a task from your list. Everything after the command will be saved to the list, no quotations needed.","lastModifiedDate":"2024-03-06"},{"lineNumber":113,"author":{"gitId":"ningsongshen"},"content":"","lastModifiedDate":"2024-03-06"},{"lineNumber":114,"author":{"gitId":"ningsongshen"},"content":"Example of usage:","lastModifiedDate":"2024-03-06"},{"lineNumber":115,"author":{"gitId":"ningsongshen"},"content":"","lastModifiedDate":"2024-03-06"},{"lineNumber":116,"author":{"gitId":"ningsongshen"},"content":"`find apple`","lastModifiedDate":"2024-03-06"},{"lineNumber":117,"author":{"gitId":"ningsongshen"},"content":"","lastModifiedDate":"2024-03-06"},{"lineNumber":118,"author":{"gitId":"ningsongshen"},"content":"Expected outcome:","lastModifiedDate":"2024-03-06"},{"lineNumber":119,"author":{"gitId":"ningsongshen"},"content":"","lastModifiedDate":"2024-03-06"},{"lineNumber":120,"author":{"gitId":"ningsongshen"},"content":"Finds all tasks with the word apple in it.","lastModifiedDate":"2024-03-06"},{"lineNumber":121,"author":{"gitId":"ningsongshen"},"content":"","lastModifiedDate":"2024-03-06"},{"lineNumber":122,"author":{"gitId":"ningsongshen"},"content":"### `bye`","lastModifiedDate":"2024-03-06"},{"lineNumber":123,"author":{"gitId":"ningsongshen"},"content":"","lastModifiedDate":"2024-03-06"},{"lineNumber":124,"author":{"gitId":"ningsongshen"},"content":"Exits the program.","lastModifiedDate":"2024-03-06"},{"lineNumber":125,"author":{"gitId":"ningsongshen"},"content":"","lastModifiedDate":"2024-03-06"},{"lineNumber":126,"author":{"gitId":"ningsongshen"},"content":"Example of usage:","lastModifiedDate":"2024-03-06"},{"lineNumber":127,"author":{"gitId":"ningsongshen"},"content":"","lastModifiedDate":"2024-03-06"},{"lineNumber":128,"author":{"gitId":"ningsongshen"},"content":"`bye`","lastModifiedDate":"2024-03-06"},{"lineNumber":129,"author":{"gitId":"ningsongshen"},"content":"","lastModifiedDate":"2024-03-06"},{"lineNumber":130,"author":{"gitId":"ningsongshen"},"content":"Expected outcome:","lastModifiedDate":"2024-03-06"},{"lineNumber":131,"author":{"gitId":"ningsongshen"},"content":"","lastModifiedDate":"2024-03-06"},{"lineNumber":132,"author":{"gitId":"ningsongshen"},"content":"Exits the program.","lastModifiedDate":"2024-03-06"},{"lineNumber":133,"author":{"gitId":"ningsongshen"},"content":"","lastModifiedDate":"2024-03-06"},{"lineNumber":134,"author":{"gitId":"ningsongshen"},"content":"### `save`","lastModifiedDate":"2024-03-06"},{"lineNumber":135,"author":{"gitId":"ningsongshen"},"content":"","lastModifiedDate":"2024-03-06"},{"lineNumber":136,"author":{"gitId":"ningsongshen"},"content":"Manually save the list to a file.","lastModifiedDate":"2024-03-06"},{"lineNumber":137,"author":{"gitId":"ningsongshen"},"content":"","lastModifiedDate":"2024-03-06"},{"lineNumber":138,"author":{"gitId":"ningsongshen"},"content":"Example of usage:","lastModifiedDate":"2024-03-06"},{"lineNumber":139,"author":{"gitId":"ningsongshen"},"content":"","lastModifiedDate":"2024-03-06"},{"lineNumber":140,"author":{"gitId":"ningsongshen"},"content":"`save`","lastModifiedDate":"2024-03-06"},{"lineNumber":141,"author":{"gitId":"ningsongshen"},"content":"","lastModifiedDate":"2024-03-06"},{"lineNumber":142,"author":{"gitId":"ningsongshen"},"content":"Expected outcome:","lastModifiedDate":"2024-03-06"},{"lineNumber":143,"author":{"gitId":"-"},"content":"","lastModifiedDate":"2021-07-17"},{"lineNumber":144,"author":{"gitId":"ningsongshen"},"content":"Saves the list to a file.","lastModifiedDate":"2024-03-06"}],"authorContributionMap":{"ningsongshen":116,"-":28}},{"path":"src/main/java/bob/Bob.java","fileType":"java","lines":[{"lineNumber":1,"author":{"gitId":"ningsongshen"},"content":"package bob;","lastModifiedDate":"2024-02-11"},{"lineNumber":2,"author":{"gitId":"ningsongshen"},"content":"","lastModifiedDate":"2024-02-11"},{"lineNumber":3,"author":{"gitId":"ningsongshen"},"content":"import java.util.Scanner;","lastModifiedDate":"2024-01-29"},{"lineNumber":4,"author":{"gitId":"ningsongshen"},"content":"","lastModifiedDate":"2024-01-29"},{"lineNumber":5,"author":{"gitId":"ningsongshen"},"content":"/**","lastModifiedDate":"2024-02-23"},{"lineNumber":6,"author":{"gitId":"ningsongshen"},"content":" * Represents the main class of the program.","lastModifiedDate":"2024-02-23"},{"lineNumber":7,"author":{"gitId":"ningsongshen"},"content":" */","lastModifiedDate":"2024-02-23"},{"lineNumber":8,"author":{"gitId":"ningsongshen"},"content":"public class Bob {","lastModifiedDate":"2024-01-19"},{"lineNumber":9,"author":{"gitId":"ningsongshen"},"content":"","lastModifiedDate":"2024-02-22"},{"lineNumber":10,"author":{"gitId":"ningsongshen"},"content":"    private final Storage storage;","lastModifiedDate":"2024-02-23"},{"lineNumber":11,"author":{"gitId":"ningsongshen"},"content":"    private final TaskList tasks;","lastModifiedDate":"2024-02-23"},{"lineNumber":12,"author":{"gitId":"ningsongshen"},"content":"    private final Ui ui;","lastModifiedDate":"2024-02-23"},{"lineNumber":13,"author":{"gitId":"ningsongshen"},"content":"","lastModifiedDate":"2024-02-22"},{"lineNumber":14,"author":{"gitId":"ningsongshen"},"content":"    Scanner in;","lastModifiedDate":"2024-02-23"},{"lineNumber":15,"author":{"gitId":"ningsongshen"},"content":"","lastModifiedDate":"2024-02-17"},{"lineNumber":16,"author":{"gitId":"ningsongshen"},"content":"    /**","lastModifiedDate":"2024-02-23"},{"lineNumber":17,"author":{"gitId":"ningsongshen"},"content":"     * Constructor for the Bob class.","lastModifiedDate":"2024-02-23"},{"lineNumber":18,"author":{"gitId":"ningsongshen"},"content":"     * @param filePath The file path to the file where the list is stored.","lastModifiedDate":"2024-02-23"},{"lineNumber":19,"author":{"gitId":"ningsongshen"},"content":"     */","lastModifiedDate":"2024-02-23"},{"lineNumber":20,"author":{"gitId":"ningsongshen"},"content":"    public Bob(String filePath) {","lastModifiedDate":"2024-02-23"},{"lineNumber":21,"author":{"gitId":"ningsongshen"},"content":"        ui \u003d new Ui();","lastModifiedDate":"2024-02-23"},{"lineNumber":22,"author":{"gitId":"ningsongshen"},"content":"        storage \u003d new Storage(filePath);","lastModifiedDate":"2024-02-23"},{"lineNumber":23,"author":{"gitId":"ningsongshen"},"content":"        tasks \u003d new TaskList(storage.generateListOnStartup());","lastModifiedDate":"2024-02-23"},{"lineNumber":24,"author":{"gitId":"ningsongshen"},"content":"","lastModifiedDate":"2024-02-17"},{"lineNumber":25,"author":{"gitId":"ningsongshen"},"content":"        ui.displayWelcomeMessage();","lastModifiedDate":"2024-02-23"},{"lineNumber":26,"author":{"gitId":"ningsongshen"},"content":"        in \u003d new Scanner(System.in);","lastModifiedDate":"2024-02-23"},{"lineNumber":27,"author":{"gitId":"ningsongshen"},"content":"    }","lastModifiedDate":"2024-02-23"},{"lineNumber":28,"author":{"gitId":"ningsongshen"},"content":"","lastModifiedDate":"2024-02-23"},{"lineNumber":29,"author":{"gitId":"ningsongshen"},"content":"    /**","lastModifiedDate":"2024-02-23"},{"lineNumber":30,"author":{"gitId":"ningsongshen"},"content":"     * Runs the main loop of the program.","lastModifiedDate":"2024-02-23"},{"lineNumber":31,"author":{"gitId":"ningsongshen"},"content":"     */","lastModifiedDate":"2024-02-23"},{"lineNumber":32,"author":{"gitId":"ningsongshen"},"content":"    public void run() {","lastModifiedDate":"2024-02-23"},{"lineNumber":33,"author":{"gitId":"ningsongshen"},"content":"","lastModifiedDate":"2024-01-29"},{"lineNumber":34,"author":{"gitId":"ningsongshen"},"content":"        while (true) {","lastModifiedDate":"2024-02-11"},{"lineNumber":35,"author":{"gitId":"ningsongshen"},"content":"            String line \u003d in.nextLine();","lastModifiedDate":"2024-02-06"},{"lineNumber":36,"author":{"gitId":"ningsongshen"},"content":"            String command \u003d line.split(\" \")[0];","lastModifiedDate":"2024-02-06"},{"lineNumber":37,"author":{"gitId":"ningsongshen"},"content":"            try {","lastModifiedDate":"2024-02-11"},{"lineNumber":38,"author":{"gitId":"ningsongshen"},"content":"                boolean endLoop \u003d Parser.processCommand(command, line, tasks, storage, ui);","lastModifiedDate":"2024-02-23"},{"lineNumber":39,"author":{"gitId":"ningsongshen"},"content":"","lastModifiedDate":"2024-02-11"},{"lineNumber":40,"author":{"gitId":"ningsongshen"},"content":"                if (endLoop) {","lastModifiedDate":"2024-02-11"},{"lineNumber":41,"author":{"gitId":"ningsongshen"},"content":"                    break;","lastModifiedDate":"2024-02-11"},{"lineNumber":42,"author":{"gitId":"ningsongshen"},"content":"                }","lastModifiedDate":"2024-02-11"},{"lineNumber":43,"author":{"gitId":"ningsongshen"},"content":"            } catch (BobException e) {","lastModifiedDate":"2024-02-15"},{"lineNumber":44,"author":{"gitId":"ningsongshen"},"content":"                ui.displayErrorMessage(e);","lastModifiedDate":"2024-02-23"},{"lineNumber":45,"author":{"gitId":"ningsongshen"},"content":"            }","lastModifiedDate":"2024-02-17"},{"lineNumber":46,"author":{"gitId":"ningsongshen"},"content":"        }","lastModifiedDate":"2024-02-17"},{"lineNumber":47,"author":{"gitId":"ningsongshen"},"content":"    }","lastModifiedDate":"2024-02-17"},{"lineNumber":48,"author":{"gitId":"ningsongshen"},"content":"","lastModifiedDate":"2024-02-23"},{"lineNumber":49,"author":{"gitId":"ningsongshen"},"content":"    /**","lastModifiedDate":"2024-02-23"},{"lineNumber":50,"author":{"gitId":"ningsongshen"},"content":"     * Main method of the program.","lastModifiedDate":"2024-02-23"},{"lineNumber":51,"author":{"gitId":"ningsongshen"},"content":"     * @param args Command line arguments.","lastModifiedDate":"2024-02-23"},{"lineNumber":52,"author":{"gitId":"ningsongshen"},"content":"     */","lastModifiedDate":"2024-02-23"},{"lineNumber":53,"author":{"gitId":"ningsongshen"},"content":"    public static void main(String[] args) {","lastModifiedDate":"2024-02-23"},{"lineNumber":54,"author":{"gitId":"ningsongshen"},"content":"        new Bob(\"bob.txt\").run();","lastModifiedDate":"2024-02-23"},{"lineNumber":55,"author":{"gitId":"ningsongshen"},"content":"    }","lastModifiedDate":"2024-01-19"},{"lineNumber":56,"author":{"gitId":"ningsongshen"},"content":"}","lastModifiedDate":"2024-01-19"}],"authorContributionMap":{"ningsongshen":56}},{"path":"src/main/java/bob/BobException.java","fileType":"java","lines":[{"lineNumber":1,"author":{"gitId":"ningsongshen"},"content":"package bob;","lastModifiedDate":"2024-02-15"},{"lineNumber":2,"author":{"gitId":"ningsongshen"},"content":"","lastModifiedDate":"2024-02-15"},{"lineNumber":3,"author":{"gitId":"ningsongshen"},"content":"/**","lastModifiedDate":"2024-02-23"},{"lineNumber":4,"author":{"gitId":"ningsongshen"},"content":" * Represents an exception that is thrown when an error occurs in the program.","lastModifiedDate":"2024-02-23"},{"lineNumber":5,"author":{"gitId":"ningsongshen"},"content":" */","lastModifiedDate":"2024-02-23"},{"lineNumber":6,"author":{"gitId":"ningsongshen"},"content":"public class BobException extends Exception {","lastModifiedDate":"2024-02-15"},{"lineNumber":7,"author":{"gitId":"ningsongshen"},"content":"","lastModifiedDate":"2024-02-23"},{"lineNumber":8,"author":{"gitId":"ningsongshen"},"content":"    /**","lastModifiedDate":"2024-02-23"},{"lineNumber":9,"author":{"gitId":"ningsongshen"},"content":"     * Constructor for the BobException class.","lastModifiedDate":"2024-02-23"},{"lineNumber":10,"author":{"gitId":"ningsongshen"},"content":"     * @param message The error message.","lastModifiedDate":"2024-02-23"},{"lineNumber":11,"author":{"gitId":"ningsongshen"},"content":"     */","lastModifiedDate":"2024-02-23"},{"lineNumber":12,"author":{"gitId":"ningsongshen"},"content":"    public BobException(String message) {","lastModifiedDate":"2024-02-15"},{"lineNumber":13,"author":{"gitId":"ningsongshen"},"content":"        super(\"ERROR: \" + message);","lastModifiedDate":"2024-02-15"},{"lineNumber":14,"author":{"gitId":"ningsongshen"},"content":"    }","lastModifiedDate":"2024-02-15"},{"lineNumber":15,"author":{"gitId":"ningsongshen"},"content":"}","lastModifiedDate":"2024-02-15"}],"authorContributionMap":{"ningsongshen":15}},{"path":"src/main/java/bob/Deadline.java","fileType":"java","lines":[{"lineNumber":1,"author":{"gitId":"ningsongshen"},"content":"package bob;","lastModifiedDate":"2024-02-11"},{"lineNumber":2,"author":{"gitId":"ningsongshen"},"content":"","lastModifiedDate":"2024-02-11"},{"lineNumber":3,"author":{"gitId":"ningsongshen"},"content":"/**","lastModifiedDate":"2024-02-23"},{"lineNumber":4,"author":{"gitId":"ningsongshen"},"content":" * Represents a task in the list.","lastModifiedDate":"2024-02-23"},{"lineNumber":5,"author":{"gitId":"ningsongshen"},"content":" */","lastModifiedDate":"2024-02-23"},{"lineNumber":6,"author":{"gitId":"ningsongshen"},"content":"public class Deadline extends Task {","lastModifiedDate":"2024-02-06"},{"lineNumber":7,"author":{"gitId":"ningsongshen"},"content":"","lastModifiedDate":"2024-02-06"},{"lineNumber":8,"author":{"gitId":"ningsongshen"},"content":"    /**","lastModifiedDate":"2024-02-23"},{"lineNumber":9,"author":{"gitId":"ningsongshen"},"content":"     * The deadline of the task.","lastModifiedDate":"2024-02-23"},{"lineNumber":10,"author":{"gitId":"ningsongshen"},"content":"     */","lastModifiedDate":"2024-02-23"},{"lineNumber":11,"author":{"gitId":"ningsongshen"},"content":"    protected String by;","lastModifiedDate":"2024-02-06"},{"lineNumber":12,"author":{"gitId":"ningsongshen"},"content":"","lastModifiedDate":"2024-02-06"},{"lineNumber":13,"author":{"gitId":"ningsongshen"},"content":"    /**","lastModifiedDate":"2024-02-23"},{"lineNumber":14,"author":{"gitId":"ningsongshen"},"content":"     * Constructor for the Deadline class.","lastModifiedDate":"2024-02-23"},{"lineNumber":15,"author":{"gitId":"ningsongshen"},"content":"     * @param description The description of the task.","lastModifiedDate":"2024-02-23"},{"lineNumber":16,"author":{"gitId":"ningsongshen"},"content":"     * @param by The deadline of the task.","lastModifiedDate":"2024-02-23"},{"lineNumber":17,"author":{"gitId":"ningsongshen"},"content":"     */","lastModifiedDate":"2024-02-23"},{"lineNumber":18,"author":{"gitId":"ningsongshen"},"content":"    public Deadline(String description, String by, boolean isDone) {","lastModifiedDate":"2024-02-17"},{"lineNumber":19,"author":{"gitId":"ningsongshen"},"content":"        super(description, isDone);","lastModifiedDate":"2024-02-17"},{"lineNumber":20,"author":{"gitId":"ningsongshen"},"content":"        this.by \u003d by;","lastModifiedDate":"2024-02-06"},{"lineNumber":21,"author":{"gitId":"ningsongshen"},"content":"    }","lastModifiedDate":"2024-02-06"},{"lineNumber":22,"author":{"gitId":"ningsongshen"},"content":"","lastModifiedDate":"2024-02-06"},{"lineNumber":23,"author":{"gitId":"ningsongshen"},"content":"    /**","lastModifiedDate":"2024-02-23"},{"lineNumber":24,"author":{"gitId":"ningsongshen"},"content":"     * Constructor for the Deadline class.","lastModifiedDate":"2024-02-23"},{"lineNumber":25,"author":{"gitId":"ningsongshen"},"content":"     * @param stringRepresentation The string representation of the task.","lastModifiedDate":"2024-02-23"},{"lineNumber":26,"author":{"gitId":"ningsongshen"},"content":"     */","lastModifiedDate":"2024-02-23"},{"lineNumber":27,"author":{"gitId":"ningsongshen"},"content":"    public Deadline (String stringRepresentation) {","lastModifiedDate":"2024-02-17"},{"lineNumber":28,"author":{"gitId":"ningsongshen"},"content":"        super(stringRepresentation);","lastModifiedDate":"2024-02-17"},{"lineNumber":29,"author":{"gitId":"ningsongshen"},"content":"        String[] split \u003d stringRepresentation.substring(7).split(\" [(]\");","lastModifiedDate":"2024-02-22"},{"lineNumber":30,"author":{"gitId":"ningsongshen"},"content":"        this.description \u003d split[0];","lastModifiedDate":"2024-02-17"},{"lineNumber":31,"author":{"gitId":"ningsongshen"},"content":"        this.by \u003d split[1].substring(4, split[1].length() - 1);","lastModifiedDate":"2024-02-22"},{"lineNumber":32,"author":{"gitId":"ningsongshen"},"content":"    }","lastModifiedDate":"2024-02-17"},{"lineNumber":33,"author":{"gitId":"ningsongshen"},"content":"","lastModifiedDate":"2024-02-17"},{"lineNumber":34,"author":{"gitId":"ningsongshen"},"content":"    /**","lastModifiedDate":"2024-02-23"},{"lineNumber":35,"author":{"gitId":"ningsongshen"},"content":"     * Returns the string representation of the task.","lastModifiedDate":"2024-02-23"},{"lineNumber":36,"author":{"gitId":"ningsongshen"},"content":"     * @return The string representation of the task.","lastModifiedDate":"2024-02-23"},{"lineNumber":37,"author":{"gitId":"ningsongshen"},"content":"     */","lastModifiedDate":"2024-02-23"},{"lineNumber":38,"author":{"gitId":"ningsongshen"},"content":"    @Override","lastModifiedDate":"2024-02-06"},{"lineNumber":39,"author":{"gitId":"ningsongshen"},"content":"    public String toString() {","lastModifiedDate":"2024-02-06"},{"lineNumber":40,"author":{"gitId":"ningsongshen"},"content":"        return Ui.DEADLINE_ICON + super.getListItem() + \" (by: \" + by + \")\";","lastModifiedDate":"2024-02-23"},{"lineNumber":41,"author":{"gitId":"ningsongshen"},"content":"    }","lastModifiedDate":"2024-02-06"},{"lineNumber":42,"author":{"gitId":"ningsongshen"},"content":"}","lastModifiedDate":"2024-02-06"}],"authorContributionMap":{"ningsongshen":42}},{"path":"src/main/java/bob/Event.java","fileType":"java","lines":[{"lineNumber":1,"author":{"gitId":"ningsongshen"},"content":"package bob;","lastModifiedDate":"2024-02-11"},{"lineNumber":2,"author":{"gitId":"ningsongshen"},"content":"","lastModifiedDate":"2024-02-11"},{"lineNumber":3,"author":{"gitId":"ningsongshen"},"content":"/**","lastModifiedDate":"2024-02-23"},{"lineNumber":4,"author":{"gitId":"ningsongshen"},"content":" * Represents an event in the list.","lastModifiedDate":"2024-02-23"},{"lineNumber":5,"author":{"gitId":"ningsongshen"},"content":" */","lastModifiedDate":"2024-02-23"},{"lineNumber":6,"author":{"gitId":"ningsongshen"},"content":"public class Event extends Deadline {","lastModifiedDate":"2024-02-06"},{"lineNumber":7,"author":{"gitId":"ningsongshen"},"content":"","lastModifiedDate":"2024-02-06"},{"lineNumber":8,"author":{"gitId":"ningsongshen"},"content":"    /**","lastModifiedDate":"2024-02-23"},{"lineNumber":9,"author":{"gitId":"ningsongshen"},"content":"     * The start of the event.","lastModifiedDate":"2024-02-23"},{"lineNumber":10,"author":{"gitId":"ningsongshen"},"content":"     */","lastModifiedDate":"2024-02-23"},{"lineNumber":11,"author":{"gitId":"ningsongshen"},"content":"    protected String start;","lastModifiedDate":"2024-02-06"},{"lineNumber":12,"author":{"gitId":"ningsongshen"},"content":"","lastModifiedDate":"2024-02-08"},{"lineNumber":13,"author":{"gitId":"ningsongshen"},"content":"    /**","lastModifiedDate":"2024-02-23"},{"lineNumber":14,"author":{"gitId":"ningsongshen"},"content":"     * Constructor for the Event class.","lastModifiedDate":"2024-02-23"},{"lineNumber":15,"author":{"gitId":"ningsongshen"},"content":"     * @param description The description of the task.","lastModifiedDate":"2024-02-23"},{"lineNumber":16,"author":{"gitId":"ningsongshen"},"content":"     * @param start The start of the task.","lastModifiedDate":"2024-02-23"},{"lineNumber":17,"author":{"gitId":"ningsongshen"},"content":"     * @param by The deadline of the task.","lastModifiedDate":"2024-02-23"},{"lineNumber":18,"author":{"gitId":"ningsongshen"},"content":"     */","lastModifiedDate":"2024-02-23"},{"lineNumber":19,"author":{"gitId":"ningsongshen"},"content":"    public Event(String description, String start, String by, boolean isDone) {","lastModifiedDate":"2024-02-17"},{"lineNumber":20,"author":{"gitId":"ningsongshen"},"content":"        super(description, by, isDone);","lastModifiedDate":"2024-02-17"},{"lineNumber":21,"author":{"gitId":"ningsongshen"},"content":"        this.start \u003d start;","lastModifiedDate":"2024-02-06"},{"lineNumber":22,"author":{"gitId":"ningsongshen"},"content":"    }","lastModifiedDate":"2024-02-06"},{"lineNumber":23,"author":{"gitId":"ningsongshen"},"content":"","lastModifiedDate":"2024-02-06"},{"lineNumber":24,"author":{"gitId":"ningsongshen"},"content":"    /**","lastModifiedDate":"2024-02-23"},{"lineNumber":25,"author":{"gitId":"ningsongshen"},"content":"     * Constructor for the Event class.","lastModifiedDate":"2024-02-23"},{"lineNumber":26,"author":{"gitId":"ningsongshen"},"content":"     * @param stringRepresentation The string representation of the task.","lastModifiedDate":"2024-02-23"},{"lineNumber":27,"author":{"gitId":"ningsongshen"},"content":"     */","lastModifiedDate":"2024-02-23"},{"lineNumber":28,"author":{"gitId":"ningsongshen"},"content":"    public Event(String stringRepresentation) {","lastModifiedDate":"2024-02-17"},{"lineNumber":29,"author":{"gitId":"ningsongshen"},"content":"        super(stringRepresentation);","lastModifiedDate":"2024-02-17"},{"lineNumber":30,"author":{"gitId":"ningsongshen"},"content":"        String[] split \u003d stringRepresentation.substring(7).split(\" \\\\(from: \");","lastModifiedDate":"2024-02-22"},{"lineNumber":31,"author":{"gitId":"ningsongshen"},"content":"        this.description \u003d split[0];","lastModifiedDate":"2024-02-17"},{"lineNumber":32,"author":{"gitId":"ningsongshen"},"content":"        String[] split2 \u003d split[1].split(\" to: \");","lastModifiedDate":"2024-02-22"},{"lineNumber":33,"author":{"gitId":"ningsongshen"},"content":"        this.start \u003d split2[0];","lastModifiedDate":"2024-02-22"},{"lineNumber":34,"author":{"gitId":"ningsongshen"},"content":"        this.by \u003d split2[1].substring(0, split2[1].length() - 1);","lastModifiedDate":"2024-02-22"},{"lineNumber":35,"author":{"gitId":"ningsongshen"},"content":"    }","lastModifiedDate":"2024-02-17"},{"lineNumber":36,"author":{"gitId":"ningsongshen"},"content":"","lastModifiedDate":"2024-02-17"},{"lineNumber":37,"author":{"gitId":"ningsongshen"},"content":"    /**","lastModifiedDate":"2024-02-23"},{"lineNumber":38,"author":{"gitId":"ningsongshen"},"content":"     * Returns the string representation of the task.","lastModifiedDate":"2024-02-23"},{"lineNumber":39,"author":{"gitId":"ningsongshen"},"content":"     * @return The string representation of the task.","lastModifiedDate":"2024-02-23"},{"lineNumber":40,"author":{"gitId":"ningsongshen"},"content":"     */","lastModifiedDate":"2024-02-23"},{"lineNumber":41,"author":{"gitId":"ningsongshen"},"content":"    @Override","lastModifiedDate":"2024-02-06"},{"lineNumber":42,"author":{"gitId":"ningsongshen"},"content":"    public String toString() {","lastModifiedDate":"2024-02-06"},{"lineNumber":43,"author":{"gitId":"ningsongshen"},"content":"        return Ui.EVENT_ICON + super.getListItem() + \" (from: \" + start + \" to: \" + by + \")\";","lastModifiedDate":"2024-02-23"},{"lineNumber":44,"author":{"gitId":"ningsongshen"},"content":"    }","lastModifiedDate":"2024-02-06"},{"lineNumber":45,"author":{"gitId":"ningsongshen"},"content":"","lastModifiedDate":"2024-02-06"},{"lineNumber":46,"author":{"gitId":"ningsongshen"},"content":"}","lastModifiedDate":"2024-02-06"}],"authorContributionMap":{"ningsongshen":46}},{"path":"src/main/java/bob/Parser.java","fileType":"java","lines":[{"lineNumber":1,"author":{"gitId":"ningsongshen"},"content":"package bob;","lastModifiedDate":"2024-02-23"},{"lineNumber":2,"author":{"gitId":"ningsongshen"},"content":"/**","lastModifiedDate":"2024-02-23"},{"lineNumber":3,"author":{"gitId":"ningsongshen"},"content":" * Parser class to handle user input.","lastModifiedDate":"2024-02-23"},{"lineNumber":4,"author":{"gitId":"ningsongshen"},"content":" */","lastModifiedDate":"2024-02-23"},{"lineNumber":5,"author":{"gitId":"ningsongshen"},"content":"public class Parser {","lastModifiedDate":"2024-02-23"},{"lineNumber":6,"author":{"gitId":"ningsongshen"},"content":"","lastModifiedDate":"2024-02-23"},{"lineNumber":7,"author":{"gitId":"ningsongshen"},"content":"    /**","lastModifiedDate":"2024-02-23"},{"lineNumber":8,"author":{"gitId":"ningsongshen"},"content":"     * Processes the user input and calls the appropriate methods.","lastModifiedDate":"2024-02-23"},{"lineNumber":9,"author":{"gitId":"ningsongshen"},"content":"     * @param command The command to be processed.","lastModifiedDate":"2024-02-23"},{"lineNumber":10,"author":{"gitId":"ningsongshen"},"content":"     * @param line The rest of the user input.","lastModifiedDate":"2024-02-23"},{"lineNumber":11,"author":{"gitId":"ningsongshen"},"content":"     * @param tasks The list of tasks.","lastModifiedDate":"2024-02-23"},{"lineNumber":12,"author":{"gitId":"ningsongshen"},"content":"     * @param storage The storage object.","lastModifiedDate":"2024-02-23"},{"lineNumber":13,"author":{"gitId":"ningsongshen"},"content":"     * @param ui The UI object.","lastModifiedDate":"2024-02-23"},{"lineNumber":14,"author":{"gitId":"ningsongshen"},"content":"     * @return True if the command is \"bye\", false otherwise.","lastModifiedDate":"2024-02-23"},{"lineNumber":15,"author":{"gitId":"ningsongshen"},"content":"     * @throws BobException If the command is not recognised.","lastModifiedDate":"2024-02-23"},{"lineNumber":16,"author":{"gitId":"ningsongshen"},"content":"     */","lastModifiedDate":"2024-02-23"},{"lineNumber":17,"author":{"gitId":"ningsongshen"},"content":"    static boolean processCommand(String command, String line, TaskList tasks, Storage storage, Ui ui) throws BobException {","lastModifiedDate":"2024-02-23"},{"lineNumber":18,"author":{"gitId":"ningsongshen"},"content":"","lastModifiedDate":"2024-02-23"},{"lineNumber":19,"author":{"gitId":"ningsongshen"},"content":"        switch (command) {","lastModifiedDate":"2024-02-23"},{"lineNumber":20,"author":{"gitId":"ningsongshen"},"content":"        case \"todo\":","lastModifiedDate":"2024-02-23"},{"lineNumber":21,"author":{"gitId":"ningsongshen"},"content":"            tasks.addTodo(line);","lastModifiedDate":"2024-02-23"},{"lineNumber":22,"author":{"gitId":"ningsongshen"},"content":"            storage.saveList(tasks.list);","lastModifiedDate":"2024-02-23"},{"lineNumber":23,"author":{"gitId":"ningsongshen"},"content":"            break;","lastModifiedDate":"2024-02-23"},{"lineNumber":24,"author":{"gitId":"ningsongshen"},"content":"        case \"deadline\":","lastModifiedDate":"2024-02-23"},{"lineNumber":25,"author":{"gitId":"ningsongshen"},"content":"            tasks.addDeadline(line);","lastModifiedDate":"2024-02-23"},{"lineNumber":26,"author":{"gitId":"ningsongshen"},"content":"            storage.saveList(tasks.list);","lastModifiedDate":"2024-02-23"},{"lineNumber":27,"author":{"gitId":"ningsongshen"},"content":"            ui.displaySaveMessage(storage.FILENAME);","lastModifiedDate":"2024-02-23"},{"lineNumber":28,"author":{"gitId":"ningsongshen"},"content":"            break;","lastModifiedDate":"2024-02-23"},{"lineNumber":29,"author":{"gitId":"ningsongshen"},"content":"        case \"event\":","lastModifiedDate":"2024-02-23"},{"lineNumber":30,"author":{"gitId":"ningsongshen"},"content":"            tasks.addEvent(line);","lastModifiedDate":"2024-02-23"},{"lineNumber":31,"author":{"gitId":"ningsongshen"},"content":"            storage.saveList(tasks.list);","lastModifiedDate":"2024-02-23"},{"lineNumber":32,"author":{"gitId":"ningsongshen"},"content":"            ui.displaySaveMessage(storage.FILENAME);","lastModifiedDate":"2024-02-23"},{"lineNumber":33,"author":{"gitId":"ningsongshen"},"content":"            break;","lastModifiedDate":"2024-02-23"},{"lineNumber":34,"author":{"gitId":"ningsongshen"},"content":"        case \"mark\":","lastModifiedDate":"2024-02-23"},{"lineNumber":35,"author":{"gitId":"ningsongshen"},"content":"            tasks.markTask(line);","lastModifiedDate":"2024-02-23"},{"lineNumber":36,"author":{"gitId":"ningsongshen"},"content":"            storage.saveList(tasks.list);","lastModifiedDate":"2024-02-23"},{"lineNumber":37,"author":{"gitId":"ningsongshen"},"content":"            ui.displaySaveMessage(storage.FILENAME);","lastModifiedDate":"2024-02-23"},{"lineNumber":38,"author":{"gitId":"ningsongshen"},"content":"            break;","lastModifiedDate":"2024-02-23"},{"lineNumber":39,"author":{"gitId":"ningsongshen"},"content":"        case \"unmark\":","lastModifiedDate":"2024-02-23"},{"lineNumber":40,"author":{"gitId":"ningsongshen"},"content":"            tasks.unmarkTask(line);","lastModifiedDate":"2024-02-23"},{"lineNumber":41,"author":{"gitId":"ningsongshen"},"content":"            storage.saveList(tasks.list);","lastModifiedDate":"2024-02-23"},{"lineNumber":42,"author":{"gitId":"ningsongshen"},"content":"            ui.displaySaveMessage(storage.FILENAME);","lastModifiedDate":"2024-02-23"},{"lineNumber":43,"author":{"gitId":"ningsongshen"},"content":"            break;","lastModifiedDate":"2024-02-23"},{"lineNumber":44,"author":{"gitId":"ningsongshen"},"content":"        case \"list\":","lastModifiedDate":"2024-02-23"},{"lineNumber":45,"author":{"gitId":"ningsongshen"},"content":"            ui.displayList(tasks.list);","lastModifiedDate":"2024-02-23"},{"lineNumber":46,"author":{"gitId":"ningsongshen"},"content":"            break;","lastModifiedDate":"2024-02-23"},{"lineNumber":47,"author":{"gitId":"ningsongshen"},"content":"        case \"delete\":","lastModifiedDate":"2024-02-23"},{"lineNumber":48,"author":{"gitId":"ningsongshen"},"content":"            tasks.deleteTask(line);","lastModifiedDate":"2024-02-23"},{"lineNumber":49,"author":{"gitId":"ningsongshen"},"content":"            storage.saveList(tasks.list);","lastModifiedDate":"2024-02-23"},{"lineNumber":50,"author":{"gitId":"ningsongshen"},"content":"            ui.displaySaveMessage(storage.FILENAME);","lastModifiedDate":"2024-02-23"},{"lineNumber":51,"author":{"gitId":"ningsongshen"},"content":"            break;","lastModifiedDate":"2024-02-23"},{"lineNumber":52,"author":{"gitId":"ningsongshen"},"content":"        case \"save\":","lastModifiedDate":"2024-02-23"},{"lineNumber":53,"author":{"gitId":"ningsongshen"},"content":"            storage.saveList(tasks.list);","lastModifiedDate":"2024-02-23"},{"lineNumber":54,"author":{"gitId":"ningsongshen"},"content":"            ui.displaySaveMessage(storage.FILENAME);","lastModifiedDate":"2024-02-23"},{"lineNumber":55,"author":{"gitId":"ningsongshen"},"content":"            break;","lastModifiedDate":"2024-02-23"},{"lineNumber":56,"author":{"gitId":"ningsongshen"},"content":"        case \"find\":","lastModifiedDate":"2024-02-23"},{"lineNumber":57,"author":{"gitId":"ningsongshen"},"content":"            tasks.findTask(line);","lastModifiedDate":"2024-02-23"},{"lineNumber":58,"author":{"gitId":"ningsongshen"},"content":"            break;","lastModifiedDate":"2024-02-23"},{"lineNumber":59,"author":{"gitId":"ningsongshen"},"content":"        case \"bye\":","lastModifiedDate":"2024-02-23"},{"lineNumber":60,"author":{"gitId":"ningsongshen"},"content":"            storage.saveList(tasks.list);","lastModifiedDate":"2024-02-23"},{"lineNumber":61,"author":{"gitId":"ningsongshen"},"content":"            ui.displaySaveMessage(storage.FILENAME);","lastModifiedDate":"2024-02-23"},{"lineNumber":62,"author":{"gitId":"ningsongshen"},"content":"            ui.displayExitMessage();","lastModifiedDate":"2024-02-23"},{"lineNumber":63,"author":{"gitId":"ningsongshen"},"content":"            return true;","lastModifiedDate":"2024-02-23"},{"lineNumber":64,"author":{"gitId":"ningsongshen"},"content":"        default:","lastModifiedDate":"2024-02-23"},{"lineNumber":65,"author":{"gitId":"ningsongshen"},"content":"            throw new BobException(\"I\u0027m sorry, but I don\u0027t know what that means :-(\");","lastModifiedDate":"2024-02-23"},{"lineNumber":66,"author":{"gitId":"ningsongshen"},"content":"        }","lastModifiedDate":"2024-02-23"},{"lineNumber":67,"author":{"gitId":"ningsongshen"},"content":"        return false;","lastModifiedDate":"2024-02-23"},{"lineNumber":68,"author":{"gitId":"ningsongshen"},"content":"    }","lastModifiedDate":"2024-02-23"},{"lineNumber":69,"author":{"gitId":"ningsongshen"},"content":"}","lastModifiedDate":"2024-02-23"}],"authorContributionMap":{"ningsongshen":69}},{"path":"src/main/java/bob/Storage.java","fileType":"java","lines":[{"lineNumber":1,"author":{"gitId":"ningsongshen"},"content":"package bob;","lastModifiedDate":"2024-02-23"},{"lineNumber":2,"author":{"gitId":"ningsongshen"},"content":"","lastModifiedDate":"2024-02-23"},{"lineNumber":3,"author":{"gitId":"ningsongshen"},"content":"import java.io.IOException;","lastModifiedDate":"2024-02-23"},{"lineNumber":4,"author":{"gitId":"ningsongshen"},"content":"import java.nio.charset.StandardCharsets;","lastModifiedDate":"2024-02-23"},{"lineNumber":5,"author":{"gitId":"ningsongshen"},"content":"import java.nio.file.Files;","lastModifiedDate":"2024-02-23"},{"lineNumber":6,"author":{"gitId":"ningsongshen"},"content":"import java.nio.file.Path;","lastModifiedDate":"2024-02-23"},{"lineNumber":7,"author":{"gitId":"ningsongshen"},"content":"import java.nio.file.Paths;","lastModifiedDate":"2024-02-23"},{"lineNumber":8,"author":{"gitId":"ningsongshen"},"content":"import java.util.ArrayList;","lastModifiedDate":"2024-02-23"},{"lineNumber":9,"author":{"gitId":"ningsongshen"},"content":"import java.util.List;","lastModifiedDate":"2024-02-23"},{"lineNumber":10,"author":{"gitId":"ningsongshen"},"content":"import java.util.Objects;","lastModifiedDate":"2024-02-23"},{"lineNumber":11,"author":{"gitId":"ningsongshen"},"content":"import java.util.stream.Collectors;","lastModifiedDate":"2024-02-23"},{"lineNumber":12,"author":{"gitId":"ningsongshen"},"content":"","lastModifiedDate":"2024-02-23"},{"lineNumber":13,"author":{"gitId":"ningsongshen"},"content":"/**","lastModifiedDate":"2024-02-23"},{"lineNumber":14,"author":{"gitId":"ningsongshen"},"content":" * Represents the storage of the program.","lastModifiedDate":"2024-02-23"},{"lineNumber":15,"author":{"gitId":"ningsongshen"},"content":" */","lastModifiedDate":"2024-02-23"},{"lineNumber":16,"author":{"gitId":"ningsongshen"},"content":"public class Storage {","lastModifiedDate":"2024-02-23"},{"lineNumber":17,"author":{"gitId":"ningsongshen"},"content":"","lastModifiedDate":"2024-02-23"},{"lineNumber":18,"author":{"gitId":"ningsongshen"},"content":"    /**","lastModifiedDate":"2024-02-23"},{"lineNumber":19,"author":{"gitId":"ningsongshen"},"content":"     * The file name of the file where the list is stored.","lastModifiedDate":"2024-02-23"},{"lineNumber":20,"author":{"gitId":"ningsongshen"},"content":"     */","lastModifiedDate":"2024-02-23"},{"lineNumber":21,"author":{"gitId":"ningsongshen"},"content":"    public final String FILENAME;","lastModifiedDate":"2024-02-23"},{"lineNumber":22,"author":{"gitId":"ningsongshen"},"content":"","lastModifiedDate":"2024-02-23"},{"lineNumber":23,"author":{"gitId":"ningsongshen"},"content":"    /**","lastModifiedDate":"2024-02-23"},{"lineNumber":24,"author":{"gitId":"ningsongshen"},"content":"     * Constructor for the Storage class.","lastModifiedDate":"2024-02-23"},{"lineNumber":25,"author":{"gitId":"ningsongshen"},"content":"     * @param filename The file name of the file where the list is stored.","lastModifiedDate":"2024-02-23"},{"lineNumber":26,"author":{"gitId":"ningsongshen"},"content":"     */","lastModifiedDate":"2024-02-23"},{"lineNumber":27,"author":{"gitId":"ningsongshen"},"content":"    public Storage(String filename) {","lastModifiedDate":"2024-02-23"},{"lineNumber":28,"author":{"gitId":"ningsongshen"},"content":"        this.FILENAME \u003d filename;","lastModifiedDate":"2024-02-23"},{"lineNumber":29,"author":{"gitId":"ningsongshen"},"content":"    }","lastModifiedDate":"2024-02-23"},{"lineNumber":30,"author":{"gitId":"ningsongshen"},"content":"","lastModifiedDate":"2024-02-23"},{"lineNumber":31,"author":{"gitId":"ningsongshen"},"content":"    /**","lastModifiedDate":"2024-02-23"},{"lineNumber":32,"author":{"gitId":"ningsongshen"},"content":"     * Generates the list of tasks on startup.","lastModifiedDate":"2024-02-23"},{"lineNumber":33,"author":{"gitId":"ningsongshen"},"content":"     * @return The list of tasks.","lastModifiedDate":"2024-02-23"},{"lineNumber":34,"author":{"gitId":"ningsongshen"},"content":"     */","lastModifiedDate":"2024-02-23"},{"lineNumber":35,"author":{"gitId":"ningsongshen"},"content":"    public List\u003cTask\u003e generateListOnStartup() {","lastModifiedDate":"2024-02-23"},{"lineNumber":36,"author":{"gitId":"ningsongshen"},"content":"        List\u003cString\u003e stringList;","lastModifiedDate":"2024-02-23"},{"lineNumber":37,"author":{"gitId":"ningsongshen"},"content":"        try {","lastModifiedDate":"2024-02-23"},{"lineNumber":38,"author":{"gitId":"ningsongshen"},"content":"            stringList \u003d Files.readAllLines(Paths.get(FILENAME));","lastModifiedDate":"2024-02-23"},{"lineNumber":39,"author":{"gitId":"ningsongshen"},"content":"        } catch (IOException e) {","lastModifiedDate":"2024-02-23"},{"lineNumber":40,"author":{"gitId":"ningsongshen"},"content":"            /* if there is any problem with the file or the file does","lastModifiedDate":"2024-02-23"},{"lineNumber":41,"author":{"gitId":"ningsongshen"},"content":"               not exist, return an empty list. this means if the file is","lastModifiedDate":"2024-02-23"},{"lineNumber":42,"author":{"gitId":"ningsongshen"},"content":"               corrupted it will not be used, and overwritten later */","lastModifiedDate":"2024-02-23"},{"lineNumber":43,"author":{"gitId":"ningsongshen"},"content":"            return new ArrayList\u003c\u003e();","lastModifiedDate":"2024-02-23"},{"lineNumber":44,"author":{"gitId":"ningsongshen"},"content":"        }","lastModifiedDate":"2024-02-23"},{"lineNumber":45,"author":{"gitId":"ningsongshen"},"content":"","lastModifiedDate":"2024-02-23"},{"lineNumber":46,"author":{"gitId":"ningsongshen"},"content":"        List\u003cTask\u003e list \u003d new ArrayList\u003c\u003e();","lastModifiedDate":"2024-02-23"},{"lineNumber":47,"author":{"gitId":"ningsongshen"},"content":"        for (String s : stringList) {","lastModifiedDate":"2024-02-23"},{"lineNumber":48,"author":{"gitId":"ningsongshen"},"content":"            switch (s.substring(0, 3)) {","lastModifiedDate":"2024-02-23"},{"lineNumber":49,"author":{"gitId":"ningsongshen"},"content":"            case Ui.TODO_ICON:","lastModifiedDate":"2024-02-23"},{"lineNumber":50,"author":{"gitId":"ningsongshen"},"content":"                list.add(new Task(s));","lastModifiedDate":"2024-02-23"},{"lineNumber":51,"author":{"gitId":"ningsongshen"},"content":"                break;","lastModifiedDate":"2024-02-23"},{"lineNumber":52,"author":{"gitId":"ningsongshen"},"content":"            case Ui.DEADLINE_ICON:","lastModifiedDate":"2024-02-23"},{"lineNumber":53,"author":{"gitId":"ningsongshen"},"content":"                list.add(new Deadline(s));","lastModifiedDate":"2024-02-23"},{"lineNumber":54,"author":{"gitId":"ningsongshen"},"content":"                break;","lastModifiedDate":"2024-02-23"},{"lineNumber":55,"author":{"gitId":"ningsongshen"},"content":"            case Ui.EVENT_ICON:","lastModifiedDate":"2024-02-23"},{"lineNumber":56,"author":{"gitId":"ningsongshen"},"content":"                list.add(new Event(s));","lastModifiedDate":"2024-02-23"},{"lineNumber":57,"author":{"gitId":"ningsongshen"},"content":"                break;","lastModifiedDate":"2024-02-23"},{"lineNumber":58,"author":{"gitId":"ningsongshen"},"content":"            }","lastModifiedDate":"2024-02-23"},{"lineNumber":59,"author":{"gitId":"ningsongshen"},"content":"        }","lastModifiedDate":"2024-02-23"},{"lineNumber":60,"author":{"gitId":"ningsongshen"},"content":"","lastModifiedDate":"2024-02-23"},{"lineNumber":61,"author":{"gitId":"ningsongshen"},"content":"        return list;","lastModifiedDate":"2024-02-23"},{"lineNumber":62,"author":{"gitId":"ningsongshen"},"content":"    }","lastModifiedDate":"2024-02-23"},{"lineNumber":63,"author":{"gitId":"ningsongshen"},"content":"","lastModifiedDate":"2024-02-23"},{"lineNumber":64,"author":{"gitId":"ningsongshen"},"content":"    /**","lastModifiedDate":"2024-02-23"},{"lineNumber":65,"author":{"gitId":"ningsongshen"},"content":"     * Saves the list of tasks to the file.","lastModifiedDate":"2024-02-23"},{"lineNumber":66,"author":{"gitId":"ningsongshen"},"content":"     * @param list The list of tasks.","lastModifiedDate":"2024-02-23"},{"lineNumber":67,"author":{"gitId":"ningsongshen"},"content":"     * @throws BobException If there is a problem with the computer.","lastModifiedDate":"2024-02-23"},{"lineNumber":68,"author":{"gitId":"ningsongshen"},"content":"     */","lastModifiedDate":"2024-02-23"},{"lineNumber":69,"author":{"gitId":"ningsongshen"},"content":"    public void saveList(List\u003cTask\u003e list) throws BobException {","lastModifiedDate":"2024-02-23"},{"lineNumber":70,"author":{"gitId":"ningsongshen"},"content":"","lastModifiedDate":"2024-02-23"},{"lineNumber":71,"author":{"gitId":"ningsongshen"},"content":"        // convert list of tasks objects to list of strings","lastModifiedDate":"2024-02-23"},{"lineNumber":72,"author":{"gitId":"ningsongshen"},"content":"        List\u003cString\u003e stringList \u003d list.stream()","lastModifiedDate":"2024-02-23"},{"lineNumber":73,"author":{"gitId":"ningsongshen"},"content":"                .map(object -\u003e Objects.toString(object, null))","lastModifiedDate":"2024-02-23"},{"lineNumber":74,"author":{"gitId":"ningsongshen"},"content":"                .collect(Collectors.toList());","lastModifiedDate":"2024-02-23"},{"lineNumber":75,"author":{"gitId":"ningsongshen"},"content":"","lastModifiedDate":"2024-02-23"},{"lineNumber":76,"author":{"gitId":"ningsongshen"},"content":"        Path file \u003d Paths.get(FILENAME);","lastModifiedDate":"2024-02-23"},{"lineNumber":77,"author":{"gitId":"ningsongshen"},"content":"","lastModifiedDate":"2024-02-23"},{"lineNumber":78,"author":{"gitId":"ningsongshen"},"content":"        try {","lastModifiedDate":"2024-02-23"},{"lineNumber":79,"author":{"gitId":"ningsongshen"},"content":"            Files.write(file, stringList, StandardCharsets.UTF_8);","lastModifiedDate":"2024-02-23"},{"lineNumber":80,"author":{"gitId":"ningsongshen"},"content":"        } catch (IOException e) {","lastModifiedDate":"2024-02-23"},{"lineNumber":81,"author":{"gitId":"ningsongshen"},"content":"            throw new BobException(\"Some problem with your computer, could not save list.\");","lastModifiedDate":"2024-02-23"},{"lineNumber":82,"author":{"gitId":"ningsongshen"},"content":"        }","lastModifiedDate":"2024-02-23"},{"lineNumber":83,"author":{"gitId":"ningsongshen"},"content":"    }","lastModifiedDate":"2024-02-23"},{"lineNumber":84,"author":{"gitId":"ningsongshen"},"content":"}","lastModifiedDate":"2024-02-23"}],"authorContributionMap":{"ningsongshen":84}},{"path":"src/main/java/bob/Task.java","fileType":"java","lines":[{"lineNumber":1,"author":{"gitId":"ningsongshen"},"content":"package bob;","lastModifiedDate":"2024-02-11"},{"lineNumber":2,"author":{"gitId":"ningsongshen"},"content":"","lastModifiedDate":"2024-02-11"},{"lineNumber":3,"author":{"gitId":"ningsongshen"},"content":"/**","lastModifiedDate":"2024-02-23"},{"lineNumber":4,"author":{"gitId":"ningsongshen"},"content":" * Represents a task in the list.","lastModifiedDate":"2024-02-23"},{"lineNumber":5,"author":{"gitId":"ningsongshen"},"content":" */","lastModifiedDate":"2024-02-23"},{"lineNumber":6,"author":{"gitId":"ningsongshen"},"content":"public class Task {","lastModifiedDate":"2024-01-29"},{"lineNumber":7,"author":{"gitId":"ningsongshen"},"content":"    protected String description;","lastModifiedDate":"2024-01-29"},{"lineNumber":8,"author":{"gitId":"ningsongshen"},"content":"    protected boolean isDone;","lastModifiedDate":"2024-01-29"},{"lineNumber":9,"author":{"gitId":"ningsongshen"},"content":"","lastModifiedDate":"2024-01-29"},{"lineNumber":10,"author":{"gitId":"ningsongshen"},"content":"    /**","lastModifiedDate":"2024-02-23"},{"lineNumber":11,"author":{"gitId":"ningsongshen"},"content":"     * Constructor for the Task class.","lastModifiedDate":"2024-02-23"},{"lineNumber":12,"author":{"gitId":"ningsongshen"},"content":"     * @param description The description of the task.","lastModifiedDate":"2024-02-23"},{"lineNumber":13,"author":{"gitId":"ningsongshen"},"content":"     */","lastModifiedDate":"2024-02-23"},{"lineNumber":14,"author":{"gitId":"ningsongshen"},"content":"    public Task(String description, boolean isDone) {","lastModifiedDate":"2024-02-17"},{"lineNumber":15,"author":{"gitId":"ningsongshen"},"content":"        this.description \u003d description;","lastModifiedDate":"2024-01-29"},{"lineNumber":16,"author":{"gitId":"ningsongshen"},"content":"        this.isDone \u003d false;","lastModifiedDate":"2024-01-29"},{"lineNumber":17,"author":{"gitId":"ningsongshen"},"content":"    }","lastModifiedDate":"2024-01-29"},{"lineNumber":18,"author":{"gitId":"ningsongshen"},"content":"","lastModifiedDate":"2024-01-29"},{"lineNumber":19,"author":{"gitId":"ningsongshen"},"content":"    /**","lastModifiedDate":"2024-02-23"},{"lineNumber":20,"author":{"gitId":"ningsongshen"},"content":"     * Constructor for the Task class.","lastModifiedDate":"2024-02-23"},{"lineNumber":21,"author":{"gitId":"ningsongshen"},"content":"     * @param stringRepresentation The string representation of the task.","lastModifiedDate":"2024-02-23"},{"lineNumber":22,"author":{"gitId":"ningsongshen"},"content":"     */","lastModifiedDate":"2024-02-23"},{"lineNumber":23,"author":{"gitId":"ningsongshen"},"content":"    public Task(String stringRepresentation) {","lastModifiedDate":"2024-02-17"},{"lineNumber":24,"author":{"gitId":"ningsongshen"},"content":"        this.isDone \u003d stringRepresentation.substring(0, 6).contains(\"X\");","lastModifiedDate":"2024-02-17"},{"lineNumber":25,"author":{"gitId":"ningsongshen"},"content":"        String[] split \u003d stringRepresentation.substring(7).split(\" \");","lastModifiedDate":"2024-02-17"},{"lineNumber":26,"author":{"gitId":"ningsongshen"},"content":"        this.description \u003d split[0];","lastModifiedDate":"2024-02-17"},{"lineNumber":27,"author":{"gitId":"ningsongshen"},"content":"    }","lastModifiedDate":"2024-02-17"},{"lineNumber":28,"author":{"gitId":"ningsongshen"},"content":"","lastModifiedDate":"2024-02-17"},{"lineNumber":29,"author":{"gitId":"ningsongshen"},"content":"    /**","lastModifiedDate":"2024-02-23"},{"lineNumber":30,"author":{"gitId":"ningsongshen"},"content":"     * Returns the status icon of the task.","lastModifiedDate":"2024-02-23"},{"lineNumber":31,"author":{"gitId":"ningsongshen"},"content":"     * @return The status icon of the task.","lastModifiedDate":"2024-02-23"},{"lineNumber":32,"author":{"gitId":"ningsongshen"},"content":"     */","lastModifiedDate":"2024-02-23"},{"lineNumber":33,"author":{"gitId":"ningsongshen"},"content":"    public String getStatusIcon() {","lastModifiedDate":"2024-01-29"},{"lineNumber":34,"author":{"gitId":"ningsongshen"},"content":"        return (isDone ? \"X\" : \" \"); // mark done task with X","lastModifiedDate":"2024-01-29"},{"lineNumber":35,"author":{"gitId":"ningsongshen"},"content":"    }","lastModifiedDate":"2024-01-29"},{"lineNumber":36,"author":{"gitId":"ningsongshen"},"content":"","lastModifiedDate":"2024-01-29"},{"lineNumber":37,"author":{"gitId":"ningsongshen"},"content":"    /**","lastModifiedDate":"2024-02-23"},{"lineNumber":38,"author":{"gitId":"ningsongshen"},"content":"     * Returns the description of the task.","lastModifiedDate":"2024-02-23"},{"lineNumber":39,"author":{"gitId":"ningsongshen"},"content":"     * @return The description of the task.","lastModifiedDate":"2024-02-23"},{"lineNumber":40,"author":{"gitId":"ningsongshen"},"content":"     */","lastModifiedDate":"2024-02-23"},{"lineNumber":41,"author":{"gitId":"ningsongshen"},"content":"    public String getDescription() {","lastModifiedDate":"2024-01-29"},{"lineNumber":42,"author":{"gitId":"ningsongshen"},"content":"        return description;","lastModifiedDate":"2024-01-29"},{"lineNumber":43,"author":{"gitId":"ningsongshen"},"content":"    }","lastModifiedDate":"2024-01-29"},{"lineNumber":44,"author":{"gitId":"ningsongshen"},"content":"","lastModifiedDate":"2024-01-29"},{"lineNumber":45,"author":{"gitId":"ningsongshen"},"content":"    /**","lastModifiedDate":"2024-02-23"},{"lineNumber":46,"author":{"gitId":"ningsongshen"},"content":"     * Returns the string representation of the task.","lastModifiedDate":"2024-02-23"},{"lineNumber":47,"author":{"gitId":"ningsongshen"},"content":"     * @return The string representation of the task.","lastModifiedDate":"2024-02-23"},{"lineNumber":48,"author":{"gitId":"ningsongshen"},"content":"     */","lastModifiedDate":"2024-02-23"},{"lineNumber":49,"author":{"gitId":"ningsongshen"},"content":"    public String getListItem() {","lastModifiedDate":"2024-01-29"},{"lineNumber":50,"author":{"gitId":"ningsongshen"},"content":"        return \"[\" + getStatusIcon() + \"] \" + getDescription();","lastModifiedDate":"2024-01-29"},{"lineNumber":51,"author":{"gitId":"ningsongshen"},"content":"    }","lastModifiedDate":"2024-01-29"},{"lineNumber":52,"author":{"gitId":"ningsongshen"},"content":"","lastModifiedDate":"2024-01-29"},{"lineNumber":53,"author":{"gitId":"ningsongshen"},"content":"    /**","lastModifiedDate":"2024-02-23"},{"lineNumber":54,"author":{"gitId":"ningsongshen"},"content":"     * Sets the task as done.","lastModifiedDate":"2024-02-23"},{"lineNumber":55,"author":{"gitId":"ningsongshen"},"content":"     * @param done The status of the task.","lastModifiedDate":"2024-02-23"},{"lineNumber":56,"author":{"gitId":"ningsongshen"},"content":"     */","lastModifiedDate":"2024-02-23"},{"lineNumber":57,"author":{"gitId":"ningsongshen"},"content":"    public void setDone(boolean done) {","lastModifiedDate":"2024-01-29"},{"lineNumber":58,"author":{"gitId":"ningsongshen"},"content":"        isDone \u003d done;","lastModifiedDate":"2024-01-29"},{"lineNumber":59,"author":{"gitId":"ningsongshen"},"content":"    }","lastModifiedDate":"2024-01-29"},{"lineNumber":60,"author":{"gitId":"ningsongshen"},"content":"","lastModifiedDate":"2024-02-06"},{"lineNumber":61,"author":{"gitId":"ningsongshen"},"content":"    /**","lastModifiedDate":"2024-02-23"},{"lineNumber":62,"author":{"gitId":"ningsongshen"},"content":"     * Returns the string representation of the task.","lastModifiedDate":"2024-02-23"},{"lineNumber":63,"author":{"gitId":"ningsongshen"},"content":"     * @return The string representation of the task.","lastModifiedDate":"2024-02-23"},{"lineNumber":64,"author":{"gitId":"ningsongshen"},"content":"     */","lastModifiedDate":"2024-02-23"},{"lineNumber":65,"author":{"gitId":"ningsongshen"},"content":"    public String toString() {","lastModifiedDate":"2024-02-06"},{"lineNumber":66,"author":{"gitId":"ningsongshen"},"content":"        return Ui.TODO_ICON + getListItem();","lastModifiedDate":"2024-02-23"},{"lineNumber":67,"author":{"gitId":"ningsongshen"},"content":"    }","lastModifiedDate":"2024-02-06"},{"lineNumber":68,"author":{"gitId":"ningsongshen"},"content":"}","lastModifiedDate":"2024-01-29"}],"authorContributionMap":{"ningsongshen":68}},{"path":"src/main/java/bob/TaskList.java","fileType":"java","lines":[{"lineNumber":1,"author":{"gitId":"ningsongshen"},"content":"package bob;","lastModifiedDate":"2024-02-23"},{"lineNumber":2,"author":{"gitId":"ningsongshen"},"content":"","lastModifiedDate":"2024-02-23"},{"lineNumber":3,"author":{"gitId":"ningsongshen"},"content":"import java.util.List;","lastModifiedDate":"2024-02-23"},{"lineNumber":4,"author":{"gitId":"ningsongshen"},"content":"import java.util.stream.Collectors;","lastModifiedDate":"2024-02-23"},{"lineNumber":5,"author":{"gitId":"ningsongshen"},"content":"","lastModifiedDate":"2024-02-23"},{"lineNumber":6,"author":{"gitId":"ningsongshen"},"content":"/**","lastModifiedDate":"2024-02-23"},{"lineNumber":7,"author":{"gitId":"ningsongshen"},"content":" * Represents the list of tasks in the program.","lastModifiedDate":"2024-02-23"},{"lineNumber":8,"author":{"gitId":"ningsongshen"},"content":" */","lastModifiedDate":"2024-02-23"},{"lineNumber":9,"author":{"gitId":"ningsongshen"},"content":"public class TaskList {","lastModifiedDate":"2024-02-23"},{"lineNumber":10,"author":{"gitId":"ningsongshen"},"content":"","lastModifiedDate":"2024-02-23"},{"lineNumber":11,"author":{"gitId":"ningsongshen"},"content":"    List\u003cTask\u003e list;","lastModifiedDate":"2024-02-23"},{"lineNumber":12,"author":{"gitId":"ningsongshen"},"content":"    Ui ui;","lastModifiedDate":"2024-02-23"},{"lineNumber":13,"author":{"gitId":"ningsongshen"},"content":"","lastModifiedDate":"2024-02-23"},{"lineNumber":14,"author":{"gitId":"ningsongshen"},"content":"    /**","lastModifiedDate":"2024-02-23"},{"lineNumber":15,"author":{"gitId":"ningsongshen"},"content":"     * Constructor for the TaskList class.","lastModifiedDate":"2024-02-23"},{"lineNumber":16,"author":{"gitId":"ningsongshen"},"content":"     * @param tasks The list of tasks.","lastModifiedDate":"2024-02-23"},{"lineNumber":17,"author":{"gitId":"ningsongshen"},"content":"     */","lastModifiedDate":"2024-02-23"},{"lineNumber":18,"author":{"gitId":"ningsongshen"},"content":"    public TaskList(List\u003cTask\u003e tasks) {","lastModifiedDate":"2024-02-23"},{"lineNumber":19,"author":{"gitId":"ningsongshen"},"content":"        list \u003d tasks;","lastModifiedDate":"2024-02-23"},{"lineNumber":20,"author":{"gitId":"ningsongshen"},"content":"        ui \u003d new Ui();","lastModifiedDate":"2024-02-23"},{"lineNumber":21,"author":{"gitId":"ningsongshen"},"content":"    }","lastModifiedDate":"2024-02-23"},{"lineNumber":22,"author":{"gitId":"ningsongshen"},"content":"","lastModifiedDate":"2024-02-23"},{"lineNumber":23,"author":{"gitId":"ningsongshen"},"content":"    /**","lastModifiedDate":"2024-02-23"},{"lineNumber":24,"author":{"gitId":"ningsongshen"},"content":"     * Deletes a task from the list.","lastModifiedDate":"2024-02-23"},{"lineNumber":25,"author":{"gitId":"ningsongshen"},"content":"     * @param line The command to delete a task.","lastModifiedDate":"2024-02-23"},{"lineNumber":26,"author":{"gitId":"ningsongshen"},"content":"     */","lastModifiedDate":"2024-02-23"},{"lineNumber":27,"author":{"gitId":"ningsongshen"},"content":"    public void deleteTask(String line) {","lastModifiedDate":"2024-02-23"},{"lineNumber":28,"author":{"gitId":"ningsongshen"},"content":"        String content;","lastModifiedDate":"2024-02-23"},{"lineNumber":29,"author":{"gitId":"ningsongshen"},"content":"        content \u003d line.split(\" \", 2)[1];","lastModifiedDate":"2024-02-23"},{"lineNumber":30,"author":{"gitId":"ningsongshen"},"content":"","lastModifiedDate":"2024-02-23"},{"lineNumber":31,"author":{"gitId":"ningsongshen"},"content":"        displayDeleteTaskMessage(content);","lastModifiedDate":"2024-02-23"},{"lineNumber":32,"author":{"gitId":"ningsongshen"},"content":"","lastModifiedDate":"2024-02-23"},{"lineNumber":33,"author":{"gitId":"ningsongshen"},"content":"        list.remove(Integer.parseInt(content) - 1);","lastModifiedDate":"2024-02-23"},{"lineNumber":34,"author":{"gitId":"ningsongshen"},"content":"","lastModifiedDate":"2024-02-23"},{"lineNumber":35,"author":{"gitId":"ningsongshen"},"content":"","lastModifiedDate":"2024-02-23"},{"lineNumber":36,"author":{"gitId":"ningsongshen"},"content":"    }","lastModifiedDate":"2024-02-23"},{"lineNumber":37,"author":{"gitId":"ningsongshen"},"content":"","lastModifiedDate":"2024-02-23"},{"lineNumber":38,"author":{"gitId":"ningsongshen"},"content":"    /**","lastModifiedDate":"2024-02-23"},{"lineNumber":39,"author":{"gitId":"ningsongshen"},"content":"     * Displays the message when a task is deleted.","lastModifiedDate":"2024-02-23"},{"lineNumber":40,"author":{"gitId":"ningsongshen"},"content":"     * @param content The content of the command.","lastModifiedDate":"2024-02-23"},{"lineNumber":41,"author":{"gitId":"ningsongshen"},"content":"     */","lastModifiedDate":"2024-02-23"},{"lineNumber":42,"author":{"gitId":"ningsongshen"},"content":"    private void displayDeleteTaskMessage(String content) {","lastModifiedDate":"2024-02-23"},{"lineNumber":43,"author":{"gitId":"ningsongshen"},"content":"        ui.displayHorizontalLine();","lastModifiedDate":"2024-02-23"},{"lineNumber":44,"author":{"gitId":"ningsongshen"},"content":"        System.out.println(\"Noted. I\u0027ve removed this task: \");","lastModifiedDate":"2024-02-23"},{"lineNumber":45,"author":{"gitId":"ningsongshen"},"content":"        System.out.println(list.get(Integer.parseInt(content) - 1).getListItem());","lastModifiedDate":"2024-02-23"},{"lineNumber":46,"author":{"gitId":"ningsongshen"},"content":"        System.out.println(\"Now you have \" + list.size() + \" tasks in the list.\");","lastModifiedDate":"2024-02-23"},{"lineNumber":47,"author":{"gitId":"ningsongshen"},"content":"        ui.displayHorizontalLine();","lastModifiedDate":"2024-02-23"},{"lineNumber":48,"author":{"gitId":"ningsongshen"},"content":"    }","lastModifiedDate":"2024-02-23"},{"lineNumber":49,"author":{"gitId":"ningsongshen"},"content":"","lastModifiedDate":"2024-02-23"},{"lineNumber":50,"author":{"gitId":"ningsongshen"},"content":"    /**","lastModifiedDate":"2024-02-23"},{"lineNumber":51,"author":{"gitId":"ningsongshen"},"content":"     * Unmarks a task from the list.","lastModifiedDate":"2024-02-23"},{"lineNumber":52,"author":{"gitId":"ningsongshen"},"content":"     * @param line The command to unmark a task.","lastModifiedDate":"2024-02-23"},{"lineNumber":53,"author":{"gitId":"ningsongshen"},"content":"     */","lastModifiedDate":"2024-02-23"},{"lineNumber":54,"author":{"gitId":"ningsongshen"},"content":"    public void unmarkTask(String line) {","lastModifiedDate":"2024-02-23"},{"lineNumber":55,"author":{"gitId":"ningsongshen"},"content":"        String content;","lastModifiedDate":"2024-02-23"},{"lineNumber":56,"author":{"gitId":"ningsongshen"},"content":"        content \u003d line.split(\" \", 2)[1];","lastModifiedDate":"2024-02-23"},{"lineNumber":57,"author":{"gitId":"ningsongshen"},"content":"        list.get(Integer.parseInt(content) - 1).setDone(false);","lastModifiedDate":"2024-02-23"},{"lineNumber":58,"author":{"gitId":"ningsongshen"},"content":"","lastModifiedDate":"2024-02-23"},{"lineNumber":59,"author":{"gitId":"ningsongshen"},"content":"        displayMarkTaskMessage(\"OK, I\u0027ve marked this task as not done yet:\", content);","lastModifiedDate":"2024-02-23"},{"lineNumber":60,"author":{"gitId":"ningsongshen"},"content":"    }","lastModifiedDate":"2024-02-23"},{"lineNumber":61,"author":{"gitId":"ningsongshen"},"content":"","lastModifiedDate":"2024-02-23"},{"lineNumber":62,"author":{"gitId":"ningsongshen"},"content":"    /**","lastModifiedDate":"2024-02-23"},{"lineNumber":63,"author":{"gitId":"ningsongshen"},"content":"     * Displays the message when a task is marked.","lastModifiedDate":"2024-02-23"},{"lineNumber":64,"author":{"gitId":"ningsongshen"},"content":"     * @param x The message to display.","lastModifiedDate":"2024-02-23"},{"lineNumber":65,"author":{"gitId":"ningsongshen"},"content":"     * @param content The content of the command.","lastModifiedDate":"2024-02-23"},{"lineNumber":66,"author":{"gitId":"ningsongshen"},"content":"     */","lastModifiedDate":"2024-02-23"},{"lineNumber":67,"author":{"gitId":"ningsongshen"},"content":"    private void displayMarkTaskMessage(String x, String content) {","lastModifiedDate":"2024-02-23"},{"lineNumber":68,"author":{"gitId":"ningsongshen"},"content":"        ui.displayHorizontalLine();","lastModifiedDate":"2024-02-23"},{"lineNumber":69,"author":{"gitId":"ningsongshen"},"content":"        System.out.println(x);","lastModifiedDate":"2024-02-23"},{"lineNumber":70,"author":{"gitId":"ningsongshen"},"content":"        System.out.println(list.get(Integer.parseInt(content) - 1).getListItem());","lastModifiedDate":"2024-02-23"},{"lineNumber":71,"author":{"gitId":"ningsongshen"},"content":"        ui.displayHorizontalLine();","lastModifiedDate":"2024-02-23"},{"lineNumber":72,"author":{"gitId":"ningsongshen"},"content":"    }","lastModifiedDate":"2024-02-23"},{"lineNumber":73,"author":{"gitId":"ningsongshen"},"content":"","lastModifiedDate":"2024-02-23"},{"lineNumber":74,"author":{"gitId":"ningsongshen"},"content":"    /**","lastModifiedDate":"2024-02-23"},{"lineNumber":75,"author":{"gitId":"ningsongshen"},"content":"     * Marks a task from the list.","lastModifiedDate":"2024-02-23"},{"lineNumber":76,"author":{"gitId":"ningsongshen"},"content":"     * @param line The command to mark a task.","lastModifiedDate":"2024-02-23"},{"lineNumber":77,"author":{"gitId":"ningsongshen"},"content":"     */","lastModifiedDate":"2024-02-23"},{"lineNumber":78,"author":{"gitId":"ningsongshen"},"content":"    public void markTask(String line) {","lastModifiedDate":"2024-02-23"},{"lineNumber":79,"author":{"gitId":"ningsongshen"},"content":"        String content;","lastModifiedDate":"2024-02-23"},{"lineNumber":80,"author":{"gitId":"ningsongshen"},"content":"        content \u003d line.split(\" \", 2)[1];","lastModifiedDate":"2024-02-23"},{"lineNumber":81,"author":{"gitId":"ningsongshen"},"content":"        list.get(Integer.parseInt(content) - 1).setDone(true);","lastModifiedDate":"2024-02-23"},{"lineNumber":82,"author":{"gitId":"ningsongshen"},"content":"","lastModifiedDate":"2024-02-23"},{"lineNumber":83,"author":{"gitId":"ningsongshen"},"content":"        displayMarkTaskMessage(\"Nice! I\u0027ve marked this task as done: \", content);","lastModifiedDate":"2024-02-23"},{"lineNumber":84,"author":{"gitId":"ningsongshen"},"content":"    }","lastModifiedDate":"2024-02-23"},{"lineNumber":85,"author":{"gitId":"ningsongshen"},"content":"","lastModifiedDate":"2024-02-23"},{"lineNumber":86,"author":{"gitId":"ningsongshen"},"content":"    /**","lastModifiedDate":"2024-02-23"},{"lineNumber":87,"author":{"gitId":"ningsongshen"},"content":"     * Adds an event to the list.","lastModifiedDate":"2024-02-23"},{"lineNumber":88,"author":{"gitId":"ningsongshen"},"content":"     * @param line The command to add an event.","lastModifiedDate":"2024-02-23"},{"lineNumber":89,"author":{"gitId":"ningsongshen"},"content":"     */","lastModifiedDate":"2024-02-23"},{"lineNumber":90,"author":{"gitId":"ningsongshen"},"content":"    public void addEvent(String line) throws BobException {","lastModifiedDate":"2024-02-23"},{"lineNumber":91,"author":{"gitId":"ningsongshen"},"content":"        String content, description, start, by;","lastModifiedDate":"2024-02-23"},{"lineNumber":92,"author":{"gitId":"ningsongshen"},"content":"","lastModifiedDate":"2024-02-23"},{"lineNumber":93,"author":{"gitId":"ningsongshen"},"content":"        try {","lastModifiedDate":"2024-02-23"},{"lineNumber":94,"author":{"gitId":"ningsongshen"},"content":"            content \u003d line.split(\" \", 2)[1];","lastModifiedDate":"2024-02-23"},{"lineNumber":95,"author":{"gitId":"ningsongshen"},"content":"","lastModifiedDate":"2024-02-23"},{"lineNumber":96,"author":{"gitId":"ningsongshen"},"content":"            description \u003d content.split(\" /from \")[0];","lastModifiedDate":"2024-02-23"},{"lineNumber":97,"author":{"gitId":"ningsongshen"},"content":"            start \u003d content.split(\" /from \")[1].split(\" /to \")[0];","lastModifiedDate":"2024-02-23"},{"lineNumber":98,"author":{"gitId":"ningsongshen"},"content":"            by \u003d content.split(\" /to \")[1];","lastModifiedDate":"2024-02-23"},{"lineNumber":99,"author":{"gitId":"ningsongshen"},"content":"","lastModifiedDate":"2024-02-23"},{"lineNumber":100,"author":{"gitId":"ningsongshen"},"content":"        } catch (ArrayIndexOutOfBoundsException e) {","lastModifiedDate":"2024-02-23"},{"lineNumber":101,"author":{"gitId":"ningsongshen"},"content":"            throw new BobException(\"An event must have a description, a start time, and an end time.\");","lastModifiedDate":"2024-02-23"},{"lineNumber":102,"author":{"gitId":"ningsongshen"},"content":"        }","lastModifiedDate":"2024-02-23"},{"lineNumber":103,"author":{"gitId":"ningsongshen"},"content":"","lastModifiedDate":"2024-02-23"},{"lineNumber":104,"author":{"gitId":"ningsongshen"},"content":"        Event e \u003d new Event(description, start, by, false);","lastModifiedDate":"2024-02-23"},{"lineNumber":105,"author":{"gitId":"ningsongshen"},"content":"        list.add(e);","lastModifiedDate":"2024-02-23"},{"lineNumber":106,"author":{"gitId":"ningsongshen"},"content":"","lastModifiedDate":"2024-02-23"},{"lineNumber":107,"author":{"gitId":"ningsongshen"},"content":"        displayAddTaskMessage(\"Got it. I\u0027ve added this event: \", e);","lastModifiedDate":"2024-02-23"},{"lineNumber":108,"author":{"gitId":"ningsongshen"},"content":"    }","lastModifiedDate":"2024-02-23"},{"lineNumber":109,"author":{"gitId":"ningsongshen"},"content":"","lastModifiedDate":"2024-02-23"},{"lineNumber":110,"author":{"gitId":"ningsongshen"},"content":"    /**","lastModifiedDate":"2024-02-23"},{"lineNumber":111,"author":{"gitId":"ningsongshen"},"content":"     * Adds a deadline to the list.","lastModifiedDate":"2024-02-23"},{"lineNumber":112,"author":{"gitId":"ningsongshen"},"content":"     * @param line The command to add a deadline.","lastModifiedDate":"2024-02-23"},{"lineNumber":113,"author":{"gitId":"ningsongshen"},"content":"     */","lastModifiedDate":"2024-02-23"},{"lineNumber":114,"author":{"gitId":"ningsongshen"},"content":"    public void addDeadline(String line) throws BobException {","lastModifiedDate":"2024-02-23"},{"lineNumber":115,"author":{"gitId":"ningsongshen"},"content":"        String content;","lastModifiedDate":"2024-02-23"},{"lineNumber":116,"author":{"gitId":"ningsongshen"},"content":"        try {","lastModifiedDate":"2024-02-23"},{"lineNumber":117,"author":{"gitId":"ningsongshen"},"content":"            content \u003d line.split(\" \", 2)[1];","lastModifiedDate":"2024-02-23"},{"lineNumber":118,"author":{"gitId":"ningsongshen"},"content":"        } catch (ArrayIndexOutOfBoundsException e) {","lastModifiedDate":"2024-02-23"},{"lineNumber":119,"author":{"gitId":"ningsongshen"},"content":"            throw new BobException(\"A deadline must have a description and a deadline.\");","lastModifiedDate":"2024-02-23"},{"lineNumber":120,"author":{"gitId":"ningsongshen"},"content":"        }","lastModifiedDate":"2024-02-23"},{"lineNumber":121,"author":{"gitId":"ningsongshen"},"content":"","lastModifiedDate":"2024-02-23"},{"lineNumber":122,"author":{"gitId":"ningsongshen"},"content":"        Deadline d \u003d new Deadline(content.split(\" /by \")[0], content.split(\" /by \")[1], false);","lastModifiedDate":"2024-02-23"},{"lineNumber":123,"author":{"gitId":"ningsongshen"},"content":"        list.add(d);","lastModifiedDate":"2024-02-23"},{"lineNumber":124,"author":{"gitId":"ningsongshen"},"content":"","lastModifiedDate":"2024-02-23"},{"lineNumber":125,"author":{"gitId":"ningsongshen"},"content":"        displayAddTaskMessage(\"Got it. I\u0027ve added this deadline: \", d);","lastModifiedDate":"2024-02-23"},{"lineNumber":126,"author":{"gitId":"ningsongshen"},"content":"    }","lastModifiedDate":"2024-02-23"},{"lineNumber":127,"author":{"gitId":"ningsongshen"},"content":"","lastModifiedDate":"2024-02-23"},{"lineNumber":128,"author":{"gitId":"ningsongshen"},"content":"    /**","lastModifiedDate":"2024-02-23"},{"lineNumber":129,"author":{"gitId":"ningsongshen"},"content":"     * Adds a todo to the list.","lastModifiedDate":"2024-02-23"},{"lineNumber":130,"author":{"gitId":"ningsongshen"},"content":"     * @param line The command to add a todo.","lastModifiedDate":"2024-02-23"},{"lineNumber":131,"author":{"gitId":"ningsongshen"},"content":"     */","lastModifiedDate":"2024-02-23"},{"lineNumber":132,"author":{"gitId":"ningsongshen"},"content":"    public void addTodo(String line) throws BobException {","lastModifiedDate":"2024-02-23"},{"lineNumber":133,"author":{"gitId":"ningsongshen"},"content":"        String content;","lastModifiedDate":"2024-02-23"},{"lineNumber":134,"author":{"gitId":"ningsongshen"},"content":"        try {","lastModifiedDate":"2024-02-23"},{"lineNumber":135,"author":{"gitId":"ningsongshen"},"content":"            content \u003d line.split(\" \", 2)[1];","lastModifiedDate":"2024-02-23"},{"lineNumber":136,"author":{"gitId":"ningsongshen"},"content":"        } catch (ArrayIndexOutOfBoundsException e) {","lastModifiedDate":"2024-02-23"},{"lineNumber":137,"author":{"gitId":"ningsongshen"},"content":"            throw new BobException(\"The description of a todo cannot be empty.\");","lastModifiedDate":"2024-02-23"},{"lineNumber":138,"author":{"gitId":"ningsongshen"},"content":"        }","lastModifiedDate":"2024-02-23"},{"lineNumber":139,"author":{"gitId":"ningsongshen"},"content":"","lastModifiedDate":"2024-02-23"},{"lineNumber":140,"author":{"gitId":"ningsongshen"},"content":"        Task t \u003d new Task(content, false);","lastModifiedDate":"2024-02-23"},{"lineNumber":141,"author":{"gitId":"ningsongshen"},"content":"        list.add(t);","lastModifiedDate":"2024-02-23"},{"lineNumber":142,"author":{"gitId":"ningsongshen"},"content":"","lastModifiedDate":"2024-02-23"},{"lineNumber":143,"author":{"gitId":"ningsongshen"},"content":"        displayAddTaskMessage(\"Got it. I\u0027ve added this todo: \", t);","lastModifiedDate":"2024-02-23"},{"lineNumber":144,"author":{"gitId":"ningsongshen"},"content":"    }","lastModifiedDate":"2024-02-23"},{"lineNumber":145,"author":{"gitId":"ningsongshen"},"content":"","lastModifiedDate":"2024-02-23"},{"lineNumber":146,"author":{"gitId":"ningsongshen"},"content":"    /**","lastModifiedDate":"2024-02-23"},{"lineNumber":147,"author":{"gitId":"ningsongshen"},"content":"     * Displays the message when a task is added.","lastModifiedDate":"2024-02-23"},{"lineNumber":148,"author":{"gitId":"ningsongshen"},"content":"     * @param x The message to display.","lastModifiedDate":"2024-02-23"},{"lineNumber":149,"author":{"gitId":"ningsongshen"},"content":"     * @param t The task to be added.","lastModifiedDate":"2024-02-23"},{"lineNumber":150,"author":{"gitId":"ningsongshen"},"content":"     */","lastModifiedDate":"2024-02-23"},{"lineNumber":151,"author":{"gitId":"ningsongshen"},"content":"    private void displayAddTaskMessage(String x, Task t) {","lastModifiedDate":"2024-02-23"},{"lineNumber":152,"author":{"gitId":"ningsongshen"},"content":"        ui.displayHorizontalLine();","lastModifiedDate":"2024-02-23"},{"lineNumber":153,"author":{"gitId":"ningsongshen"},"content":"        System.out.println(x);","lastModifiedDate":"2024-02-23"},{"lineNumber":154,"author":{"gitId":"ningsongshen"},"content":"        System.out.println(t);","lastModifiedDate":"2024-02-23"},{"lineNumber":155,"author":{"gitId":"ningsongshen"},"content":"        System.out.println(\"Now you have \" + list.size() + \" tasks in the list.\");","lastModifiedDate":"2024-02-23"},{"lineNumber":156,"author":{"gitId":"ningsongshen"},"content":"        ui.displayHorizontalLine();","lastModifiedDate":"2024-02-23"},{"lineNumber":157,"author":{"gitId":"ningsongshen"},"content":"    }","lastModifiedDate":"2024-02-23"},{"lineNumber":158,"author":{"gitId":"ningsongshen"},"content":"","lastModifiedDate":"2024-02-23"},{"lineNumber":159,"author":{"gitId":"ningsongshen"},"content":"    /**","lastModifiedDate":"2024-02-23"},{"lineNumber":160,"author":{"gitId":"ningsongshen"},"content":"     * Finds a task from the list.","lastModifiedDate":"2024-02-23"},{"lineNumber":161,"author":{"gitId":"ningsongshen"},"content":"     * @param line The command to find a task.","lastModifiedDate":"2024-02-23"},{"lineNumber":162,"author":{"gitId":"ningsongshen"},"content":"     */","lastModifiedDate":"2024-02-23"},{"lineNumber":163,"author":{"gitId":"ningsongshen"},"content":"    public void findTask(String line) {","lastModifiedDate":"2024-02-23"},{"lineNumber":164,"author":{"gitId":"ningsongshen"},"content":"        String content;","lastModifiedDate":"2024-02-23"},{"lineNumber":165,"author":{"gitId":"ningsongshen"},"content":"        content \u003d line.split(\" \", 2)[1];","lastModifiedDate":"2024-02-23"},{"lineNumber":166,"author":{"gitId":"ningsongshen"},"content":"","lastModifiedDate":"2024-02-23"},{"lineNumber":167,"author":{"gitId":"ningsongshen"},"content":"        List\u003cTask\u003e foundList \u003d list.stream()","lastModifiedDate":"2024-02-23"},{"lineNumber":168,"author":{"gitId":"ningsongshen"},"content":"                .filter(task -\u003e task.getDescription().contains(content))","lastModifiedDate":"2024-02-23"},{"lineNumber":169,"author":{"gitId":"ningsongshen"},"content":"                .collect(Collectors.toList());","lastModifiedDate":"2024-02-23"},{"lineNumber":170,"author":{"gitId":"ningsongshen"},"content":"","lastModifiedDate":"2024-02-23"},{"lineNumber":171,"author":{"gitId":"ningsongshen"},"content":"        ui.displayList(foundList);","lastModifiedDate":"2024-02-23"},{"lineNumber":172,"author":{"gitId":"ningsongshen"},"content":"    }","lastModifiedDate":"2024-02-23"},{"lineNumber":173,"author":{"gitId":"ningsongshen"},"content":"}","lastModifiedDate":"2024-02-23"}],"authorContributionMap":{"ningsongshen":173}},{"path":"src/main/java/bob/Ui.java","fileType":"java","lines":[{"lineNumber":1,"author":{"gitId":"ningsongshen"},"content":"package bob;","lastModifiedDate":"2024-02-23"},{"lineNumber":2,"author":{"gitId":"ningsongshen"},"content":"","lastModifiedDate":"2024-02-23"},{"lineNumber":3,"author":{"gitId":"ningsongshen"},"content":"import java.util.List;","lastModifiedDate":"2024-02-23"},{"lineNumber":4,"author":{"gitId":"ningsongshen"},"content":"","lastModifiedDate":"2024-02-23"},{"lineNumber":5,"author":{"gitId":"ningsongshen"},"content":"/**","lastModifiedDate":"2024-02-23"},{"lineNumber":6,"author":{"gitId":"ningsongshen"},"content":" * Represents the user interface of the program.","lastModifiedDate":"2024-02-23"},{"lineNumber":7,"author":{"gitId":"ningsongshen"},"content":" */","lastModifiedDate":"2024-02-23"},{"lineNumber":8,"author":{"gitId":"ningsongshen"},"content":"public class Ui {","lastModifiedDate":"2024-02-23"},{"lineNumber":9,"author":{"gitId":"ningsongshen"},"content":"    public static final String logo \u003d \" ____       _        \\n\"","lastModifiedDate":"2024-02-23"},{"lineNumber":10,"author":{"gitId":"ningsongshen"},"content":"            + \"|  _ \\\\_____|_|__ _\\n\"","lastModifiedDate":"2024-02-23"},{"lineNumber":11,"author":{"gitId":"ningsongshen"},"content":"            + \"| |_| | /\\\\ | |    \\\\ \\n\"","lastModifiedDate":"2024-02-23"},{"lineNumber":12,"author":{"gitId":"ningsongshen"},"content":"            + \"| |_| | \\\\/ | |  O /\\n\"","lastModifiedDate":"2024-02-23"},{"lineNumber":13,"author":{"gitId":"ningsongshen"},"content":"            + \"|____/ \\\\__,|_|\\\\__/\\n\";","lastModifiedDate":"2024-02-23"},{"lineNumber":14,"author":{"gitId":"ningsongshen"},"content":"    public static final String TODO_ICON \u003d \"[T]\";","lastModifiedDate":"2024-02-23"},{"lineNumber":15,"author":{"gitId":"ningsongshen"},"content":"    public static final String DEADLINE_ICON \u003d \"[D]\";","lastModifiedDate":"2024-02-23"},{"lineNumber":16,"author":{"gitId":"ningsongshen"},"content":"    public static final String EVENT_ICON \u003d \"[E]\";","lastModifiedDate":"2024-02-23"},{"lineNumber":17,"author":{"gitId":"ningsongshen"},"content":"","lastModifiedDate":"2024-02-23"},{"lineNumber":18,"author":{"gitId":"ningsongshen"},"content":"    /**","lastModifiedDate":"2024-02-23"},{"lineNumber":19,"author":{"gitId":"ningsongshen"},"content":"     * Constructor for the Ui class.","lastModifiedDate":"2024-02-23"},{"lineNumber":20,"author":{"gitId":"ningsongshen"},"content":"     */","lastModifiedDate":"2024-02-23"},{"lineNumber":21,"author":{"gitId":"ningsongshen"},"content":"    public void displayList(List\u003cTask\u003e list) {","lastModifiedDate":"2024-02-23"},{"lineNumber":22,"author":{"gitId":"ningsongshen"},"content":"        displayHorizontalLine();","lastModifiedDate":"2024-02-23"},{"lineNumber":23,"author":{"gitId":"ningsongshen"},"content":"        System.out.println(\"Here are the tasks in your list: \");","lastModifiedDate":"2024-02-23"},{"lineNumber":24,"author":{"gitId":"ningsongshen"},"content":"        for (int i \u003d 0; i \u003c list.size(); i++) {","lastModifiedDate":"2024-02-23"},{"lineNumber":25,"author":{"gitId":"ningsongshen"},"content":"            System.out.println((i + 1) + \".\" + list.get(i).toString());","lastModifiedDate":"2024-02-23"},{"lineNumber":26,"author":{"gitId":"ningsongshen"},"content":"        }","lastModifiedDate":"2024-02-23"},{"lineNumber":27,"author":{"gitId":"ningsongshen"},"content":"","lastModifiedDate":"2024-02-23"},{"lineNumber":28,"author":{"gitId":"ningsongshen"},"content":"        displayHorizontalLine();","lastModifiedDate":"2024-02-23"},{"lineNumber":29,"author":{"gitId":"ningsongshen"},"content":"    }","lastModifiedDate":"2024-02-23"},{"lineNumber":30,"author":{"gitId":"ningsongshen"},"content":"","lastModifiedDate":"2024-02-23"},{"lineNumber":31,"author":{"gitId":"ningsongshen"},"content":"    /**","lastModifiedDate":"2024-02-23"},{"lineNumber":32,"author":{"gitId":"ningsongshen"},"content":"     * Displays the welcome message of the program.","lastModifiedDate":"2024-02-23"},{"lineNumber":33,"author":{"gitId":"ningsongshen"},"content":"     */","lastModifiedDate":"2024-02-23"},{"lineNumber":34,"author":{"gitId":"ningsongshen"},"content":"    public void displayWelcomeMessage() {","lastModifiedDate":"2024-02-23"},{"lineNumber":35,"author":{"gitId":"ningsongshen"},"content":"","lastModifiedDate":"2024-02-23"},{"lineNumber":36,"author":{"gitId":"ningsongshen"},"content":"        System.out.println(\"Hello from\\n\" + logo);","lastModifiedDate":"2024-02-23"},{"lineNumber":37,"author":{"gitId":"ningsongshen"},"content":"","lastModifiedDate":"2024-02-23"},{"lineNumber":38,"author":{"gitId":"ningsongshen"},"content":"        displayHorizontalLine();","lastModifiedDate":"2024-02-23"},{"lineNumber":39,"author":{"gitId":"ningsongshen"},"content":"        System.out.println(\"Hello! I\u0027m Bob. Your personal task manager.\");","lastModifiedDate":"2024-02-23"},{"lineNumber":40,"author":{"gitId":"ningsongshen"},"content":"        System.out.println(\"What can I do for you?\");","lastModifiedDate":"2024-02-23"},{"lineNumber":41,"author":{"gitId":"ningsongshen"},"content":"        displayHorizontalLine();","lastModifiedDate":"2024-02-23"},{"lineNumber":42,"author":{"gitId":"ningsongshen"},"content":"    }","lastModifiedDate":"2024-02-23"},{"lineNumber":43,"author":{"gitId":"ningsongshen"},"content":"","lastModifiedDate":"2024-02-23"},{"lineNumber":44,"author":{"gitId":"ningsongshen"},"content":"    /**","lastModifiedDate":"2024-02-23"},{"lineNumber":45,"author":{"gitId":"ningsongshen"},"content":"     * Displays the exit message of the program.","lastModifiedDate":"2024-02-23"},{"lineNumber":46,"author":{"gitId":"ningsongshen"},"content":"     */","lastModifiedDate":"2024-02-23"},{"lineNumber":47,"author":{"gitId":"ningsongshen"},"content":"    public void displayExitMessage() {","lastModifiedDate":"2024-02-23"},{"lineNumber":48,"author":{"gitId":"ningsongshen"},"content":"        displayHorizontalLine();","lastModifiedDate":"2024-02-23"},{"lineNumber":49,"author":{"gitId":"ningsongshen"},"content":"        System.out.println(\"Bye. Hope to see you again soon!\");","lastModifiedDate":"2024-02-23"},{"lineNumber":50,"author":{"gitId":"ningsongshen"},"content":"        displayHorizontalLine();","lastModifiedDate":"2024-02-23"},{"lineNumber":51,"author":{"gitId":"ningsongshen"},"content":"    }","lastModifiedDate":"2024-02-23"},{"lineNumber":52,"author":{"gitId":"ningsongshen"},"content":"","lastModifiedDate":"2024-02-23"},{"lineNumber":53,"author":{"gitId":"ningsongshen"},"content":"    /**","lastModifiedDate":"2024-02-23"},{"lineNumber":54,"author":{"gitId":"ningsongshen"},"content":"     * Displays the horizontal line.","lastModifiedDate":"2024-02-23"},{"lineNumber":55,"author":{"gitId":"ningsongshen"},"content":"     */","lastModifiedDate":"2024-02-23"},{"lineNumber":56,"author":{"gitId":"ningsongshen"},"content":"    public void displayHorizontalLine() {","lastModifiedDate":"2024-02-23"},{"lineNumber":57,"author":{"gitId":"ningsongshen"},"content":"        System.out.println(\"____________________________________________________________\");","lastModifiedDate":"2024-02-23"},{"lineNumber":58,"author":{"gitId":"ningsongshen"},"content":"    }","lastModifiedDate":"2024-02-23"},{"lineNumber":59,"author":{"gitId":"ningsongshen"},"content":"","lastModifiedDate":"2024-02-23"},{"lineNumber":60,"author":{"gitId":"ningsongshen"},"content":"    /**","lastModifiedDate":"2024-02-23"},{"lineNumber":61,"author":{"gitId":"ningsongshen"},"content":"     * Displays the error message for adding a task.","lastModifiedDate":"2024-02-23"},{"lineNumber":62,"author":{"gitId":"ningsongshen"},"content":"     * @param e the error message","lastModifiedDate":"2024-02-23"},{"lineNumber":63,"author":{"gitId":"ningsongshen"},"content":"     */","lastModifiedDate":"2024-02-23"},{"lineNumber":64,"author":{"gitId":"ningsongshen"},"content":"    public void displayErrorMessage(BobException e) {","lastModifiedDate":"2024-02-23"},{"lineNumber":65,"author":{"gitId":"ningsongshen"},"content":"        displayHorizontalLine();","lastModifiedDate":"2024-02-23"},{"lineNumber":66,"author":{"gitId":"ningsongshen"},"content":"        System.out.println(e.getMessage());","lastModifiedDate":"2024-02-23"},{"lineNumber":67,"author":{"gitId":"ningsongshen"},"content":"        displayHorizontalLine();","lastModifiedDate":"2024-02-23"},{"lineNumber":68,"author":{"gitId":"ningsongshen"},"content":"    }","lastModifiedDate":"2024-02-23"},{"lineNumber":69,"author":{"gitId":"ningsongshen"},"content":"","lastModifiedDate":"2024-02-23"},{"lineNumber":70,"author":{"gitId":"ningsongshen"},"content":"    /**","lastModifiedDate":"2024-02-23"},{"lineNumber":71,"author":{"gitId":"ningsongshen"},"content":"     * Displays the message for saving a list.","lastModifiedDate":"2024-02-23"},{"lineNumber":72,"author":{"gitId":"ningsongshen"},"content":"     * @param filename The filename that was saved","lastModifiedDate":"2024-02-23"},{"lineNumber":73,"author":{"gitId":"ningsongshen"},"content":"     */","lastModifiedDate":"2024-02-23"},{"lineNumber":74,"author":{"gitId":"ningsongshen"},"content":"    public void displaySaveMessage(String filename) {","lastModifiedDate":"2024-02-23"},{"lineNumber":75,"author":{"gitId":"ningsongshen"},"content":"        displayHorizontalLine();","lastModifiedDate":"2024-02-23"},{"lineNumber":76,"author":{"gitId":"ningsongshen"},"content":"        System.out.println(\"Your list has been saved to \" + filename + \".\");","lastModifiedDate":"2024-02-23"},{"lineNumber":77,"author":{"gitId":"ningsongshen"},"content":"        displayHorizontalLine();","lastModifiedDate":"2024-02-23"},{"lineNumber":78,"author":{"gitId":"ningsongshen"},"content":"    }","lastModifiedDate":"2024-02-23"},{"lineNumber":79,"author":{"gitId":"ningsongshen"},"content":"}","lastModifiedDate":"2024-02-23"}],"authorContributionMap":{"ningsongshen":79}},{"path":"text-ui-test/runtest.bat","fileType":"bat","lines":[{"lineNumber":1,"author":{"gitId":"-"},"content":"@ECHO OFF","lastModifiedDate":"2020-05-25"},{"lineNumber":2,"author":{"gitId":"-"},"content":"","lastModifiedDate":"2020-05-25"},{"lineNumber":3,"author":{"gitId":"-"},"content":"REM create bin directory if it doesn\u0027t exist","lastModifiedDate":"2020-05-25"},{"lineNumber":4,"author":{"gitId":"-"},"content":"if not exist ..\\bin mkdir ..\\bin","lastModifiedDate":"2020-05-25"},{"lineNumber":5,"author":{"gitId":"-"},"content":"","lastModifiedDate":"2020-05-25"},{"lineNumber":6,"author":{"gitId":"-"},"content":"REM delete output from previous run","lastModifiedDate":"2020-05-25"},{"lineNumber":7,"author":{"gitId":"-"},"content":"if exist ACTUAL.TXT del ACTUAL.TXT","lastModifiedDate":"2020-08-25"},{"lineNumber":8,"author":{"gitId":"-"},"content":"","lastModifiedDate":"2020-05-25"},{"lineNumber":9,"author":{"gitId":"-"},"content":"REM compile the code into the bin folder","lastModifiedDate":"2020-05-25"},{"lineNumber":10,"author":{"gitId":"-"},"content":"javac  -cp ..\\src\\main\\java -Xlint:none -d ..\\bin ..\\src\\main\\java\\*.java","lastModifiedDate":"2020-08-25"},{"lineNumber":11,"author":{"gitId":"-"},"content":"IF ERRORLEVEL 1 (","lastModifiedDate":"2020-05-25"},{"lineNumber":12,"author":{"gitId":"-"},"content":"    echo ********** BUILD FAILURE **********","lastModifiedDate":"2020-05-25"},{"lineNumber":13,"author":{"gitId":"-"},"content":"    exit /b 1","lastModifiedDate":"2020-05-25"},{"lineNumber":14,"author":{"gitId":"-"},"content":")","lastModifiedDate":"2020-05-25"},{"lineNumber":15,"author":{"gitId":"-"},"content":"REM no error here, errorlevel \u003d\u003d 0","lastModifiedDate":"2020-05-25"},{"lineNumber":16,"author":{"gitId":"-"},"content":"","lastModifiedDate":"2020-05-25"},{"lineNumber":17,"author":{"gitId":"-"},"content":"REM run the program, feed commands from input.txt file and redirect the output to the ACTUAL.TXT","lastModifiedDate":"2020-05-25"},{"lineNumber":18,"author":{"gitId":"ningsongshen"},"content":"java -classpath ..\\bin bob.Bob \u003c input.txt \u003e ACTUAL.TXT","lastModifiedDate":"2024-02-11"},{"lineNumber":19,"author":{"gitId":"-"},"content":"","lastModifiedDate":"2020-05-25"},{"lineNumber":20,"author":{"gitId":"-"},"content":"REM compare the output to the expected output","lastModifiedDate":"2020-05-25"},{"lineNumber":21,"author":{"gitId":"-"},"content":"FC ACTUAL.TXT EXPECTED.TXT","lastModifiedDate":"2020-05-25"}],"authorContributionMap":{"-":20,"ningsongshen":1}}]
