[{"path":"src/main/java/duke/Duke.java","fileType":"java","lines":[{"lineNumber":1,"author":{"gitId":"wjunjie01"},"content":"package duke;","lastModifiedDate":"2024-02-14"},{"lineNumber":2,"author":{"gitId":"wjunjie01"},"content":"","lastModifiedDate":"2024-02-14"},{"lineNumber":3,"author":{"gitId":"wjunjie01"},"content":"import duke.command.Command;","lastModifiedDate":"2024-02-14"},{"lineNumber":4,"author":{"gitId":"wjunjie01"},"content":"import duke.parser.Parser;","lastModifiedDate":"2024-02-14"},{"lineNumber":5,"author":{"gitId":"wjunjie01"},"content":"import duke.task.TaskList;","lastModifiedDate":"2024-02-14"},{"lineNumber":6,"author":{"gitId":"wjunjie01"},"content":"import duke.ui.Ui;","lastModifiedDate":"2024-02-14"},{"lineNumber":7,"author":{"gitId":"wjunjie01"},"content":"","lastModifiedDate":"2024-02-14"},{"lineNumber":8,"author":{"gitId":"-"},"content":"public class Duke {","lastModifiedDate":"2019-07-29"},{"lineNumber":9,"author":{"gitId":"wjunjie01"},"content":"    public static boolean isExit;","lastModifiedDate":"2024-02-05"},{"lineNumber":10,"author":{"gitId":"wjunjie01"},"content":"    public TaskList taskList;","lastModifiedDate":"2024-02-05"},{"lineNumber":11,"author":{"gitId":"wjunjie01"},"content":"    public Duke(){","lastModifiedDate":"2024-02-05"},{"lineNumber":12,"author":{"gitId":"wjunjie01"},"content":"        isExit \u003d false;","lastModifiedDate":"2024-02-05"},{"lineNumber":13,"author":{"gitId":"wjunjie01"},"content":"        taskList \u003d new TaskList();","lastModifiedDate":"2024-02-05"},{"lineNumber":14,"author":{"gitId":"wjunjie01"},"content":"    }","lastModifiedDate":"2024-02-05"},{"lineNumber":15,"author":{"gitId":"wjunjie01"},"content":"    public static void main(String[] args) {","lastModifiedDate":"2024-02-03"},{"lineNumber":16,"author":{"gitId":"wjunjie01"},"content":"        Duke duke \u003d new Duke();","lastModifiedDate":"2024-02-05"},{"lineNumber":17,"author":{"gitId":"wjunjie01"},"content":"        Ui.printWelcomeMessage();","lastModifiedDate":"2024-02-03"},{"lineNumber":18,"author":{"gitId":"wjunjie01"},"content":"","lastModifiedDate":"2024-01-22"},{"lineNumber":19,"author":{"gitId":"wjunjie01"},"content":"        while (!isExit) {","lastModifiedDate":"2024-02-05"},{"lineNumber":20,"author":{"gitId":"wjunjie01"},"content":"            try {","lastModifiedDate":"2024-02-05"},{"lineNumber":21,"author":{"gitId":"wjunjie01"},"content":"                String input \u003d Ui.readUserInput();","lastModifiedDate":"2024-02-05"},{"lineNumber":22,"author":{"gitId":"wjunjie01"},"content":"                Command command \u003d Parser.parse(input, duke.taskList);","lastModifiedDate":"2024-02-05"},{"lineNumber":23,"author":{"gitId":"wjunjie01"},"content":"                command.execute(input, duke.taskList);","lastModifiedDate":"2024-02-05"},{"lineNumber":24,"author":{"gitId":"wjunjie01"},"content":"            } catch (DukeException e) {","lastModifiedDate":"2024-02-05"},{"lineNumber":25,"author":{"gitId":"wjunjie01"},"content":"                Ui.printLine();","lastModifiedDate":"2024-02-05"},{"lineNumber":26,"author":{"gitId":"wjunjie01"},"content":"                System.out.println(e.getMessage());","lastModifiedDate":"2024-02-05"},{"lineNumber":27,"author":{"gitId":"wjunjie01"},"content":"                Ui.printLine();","lastModifiedDate":"2024-02-05"},{"lineNumber":28,"author":{"gitId":"wjunjie01"},"content":"            }","lastModifiedDate":"2024-02-03"},{"lineNumber":29,"author":{"gitId":"wjunjie01"},"content":"        }","lastModifiedDate":"2024-01-23"},{"lineNumber":30,"author":{"gitId":"wjunjie01"},"content":"        Ui.printGoodbyeMessage();","lastModifiedDate":"2024-02-03"},{"lineNumber":31,"author":{"gitId":"wjunjie01"},"content":"    }","lastModifiedDate":"2024-02-03"},{"lineNumber":32,"author":{"gitId":"-"},"content":"}","lastModifiedDate":"2019-07-29"}],"authorContributionMap":{"wjunjie01":30,"-":2}},{"path":"src/main/java/duke/DukeException.java","fileType":"java","lines":[{"lineNumber":1,"author":{"gitId":"wjunjie01"},"content":"package duke;","lastModifiedDate":"2024-02-14"},{"lineNumber":2,"author":{"gitId":"wjunjie01"},"content":"","lastModifiedDate":"2024-02-14"},{"lineNumber":3,"author":{"gitId":"wjunjie01"},"content":"public class DukeException extends Exception{","lastModifiedDate":"2024-02-05"},{"lineNumber":4,"author":{"gitId":"wjunjie01"},"content":"    public DukeException(String errorMessage){","lastModifiedDate":"2024-02-05"},{"lineNumber":5,"author":{"gitId":"wjunjie01"},"content":"        //Constructor of super class, exception that prints the error message","lastModifiedDate":"2024-02-05"},{"lineNumber":6,"author":{"gitId":"wjunjie01"},"content":"        super(errorMessage);","lastModifiedDate":"2024-02-05"},{"lineNumber":7,"author":{"gitId":"wjunjie01"},"content":"    }","lastModifiedDate":"2024-02-05"},{"lineNumber":8,"author":{"gitId":"wjunjie01"},"content":"}","lastModifiedDate":"2024-02-05"}],"authorContributionMap":{"wjunjie01":8}},{"path":"src/main/java/duke/command/ByeCommand.java","fileType":"java","lines":[{"lineNumber":1,"author":{"gitId":"wjunjie01"},"content":"package duke.command;","lastModifiedDate":"2024-02-14"},{"lineNumber":2,"author":{"gitId":"wjunjie01"},"content":"","lastModifiedDate":"2024-02-14"},{"lineNumber":3,"author":{"gitId":"wjunjie01"},"content":"import duke.Duke;","lastModifiedDate":"2024-02-14"},{"lineNumber":4,"author":{"gitId":"wjunjie01"},"content":"import duke.task.TaskList;","lastModifiedDate":"2024-02-14"},{"lineNumber":5,"author":{"gitId":"wjunjie01"},"content":"public class ByeCommand implements Command {","lastModifiedDate":"2024-02-05"},{"lineNumber":6,"author":{"gitId":"wjunjie01"},"content":"    @Override","lastModifiedDate":"2024-02-05"},{"lineNumber":7,"author":{"gitId":"wjunjie01"},"content":"    public void execute(String input, TaskList taskList) {","lastModifiedDate":"2024-02-05"},{"lineNumber":8,"author":{"gitId":"wjunjie01"},"content":"        Duke.isExit \u003d true;","lastModifiedDate":"2024-02-05"},{"lineNumber":9,"author":{"gitId":"wjunjie01"},"content":"    }","lastModifiedDate":"2024-02-05"},{"lineNumber":10,"author":{"gitId":"wjunjie01"},"content":"}","lastModifiedDate":"2024-02-05"}],"authorContributionMap":{"wjunjie01":10}},{"path":"src/main/java/duke/command/Command.java","fileType":"java","lines":[{"lineNumber":1,"author":{"gitId":"wjunjie01"},"content":"package duke.command;","lastModifiedDate":"2024-02-14"},{"lineNumber":2,"author":{"gitId":"wjunjie01"},"content":"","lastModifiedDate":"2024-02-14"},{"lineNumber":3,"author":{"gitId":"wjunjie01"},"content":"import duke.task.TaskList;","lastModifiedDate":"2024-02-14"},{"lineNumber":4,"author":{"gitId":"wjunjie01"},"content":"","lastModifiedDate":"2024-02-14"},{"lineNumber":5,"author":{"gitId":"wjunjie01"},"content":"public interface Command {","lastModifiedDate":"2024-02-05"},{"lineNumber":6,"author":{"gitId":"wjunjie01"},"content":"    void execute(String input, TaskList taskList);","lastModifiedDate":"2024-02-05"},{"lineNumber":7,"author":{"gitId":"wjunjie01"},"content":"}","lastModifiedDate":"2024-02-05"}],"authorContributionMap":{"wjunjie01":7}},{"path":"src/main/java/duke/command/DeadlineCommand.java","fileType":"java","lines":[{"lineNumber":1,"author":{"gitId":"wjunjie01"},"content":"package duke.command;","lastModifiedDate":"2024-02-14"},{"lineNumber":2,"author":{"gitId":"wjunjie01"},"content":"","lastModifiedDate":"2024-02-14"},{"lineNumber":3,"author":{"gitId":"wjunjie01"},"content":"import duke.task.Deadline;","lastModifiedDate":"2024-02-14"},{"lineNumber":4,"author":{"gitId":"wjunjie01"},"content":"import duke.task.TaskList;","lastModifiedDate":"2024-02-14"},{"lineNumber":5,"author":{"gitId":"wjunjie01"},"content":"import duke.ui.Ui;","lastModifiedDate":"2024-02-14"},{"lineNumber":6,"author":{"gitId":"wjunjie01"},"content":"","lastModifiedDate":"2024-02-14"},{"lineNumber":7,"author":{"gitId":"wjunjie01"},"content":"public class DeadlineCommand implements Command {","lastModifiedDate":"2024-02-14"},{"lineNumber":8,"author":{"gitId":"wjunjie01"},"content":"    private final String TASK_DESCRIPTION;","lastModifiedDate":"2024-02-14"},{"lineNumber":9,"author":{"gitId":"wjunjie01"},"content":"    private final String BY;","lastModifiedDate":"2024-02-14"},{"lineNumber":10,"author":{"gitId":"wjunjie01"},"content":"    public DeadlineCommand(String taskDescription, String by) {","lastModifiedDate":"2024-02-14"},{"lineNumber":11,"author":{"gitId":"wjunjie01"},"content":"        this.TASK_DESCRIPTION \u003d taskDescription;","lastModifiedDate":"2024-02-14"},{"lineNumber":12,"author":{"gitId":"wjunjie01"},"content":"        this.BY \u003d by;","lastModifiedDate":"2024-02-14"},{"lineNumber":13,"author":{"gitId":"wjunjie01"},"content":"    }","lastModifiedDate":"2024-02-14"},{"lineNumber":14,"author":{"gitId":"wjunjie01"},"content":"    @Override","lastModifiedDate":"2024-02-14"},{"lineNumber":15,"author":{"gitId":"wjunjie01"},"content":"    public void execute(String input, TaskList taskList) {","lastModifiedDate":"2024-02-14"},{"lineNumber":16,"author":{"gitId":"wjunjie01"},"content":"        Deadline deadline \u003d new Deadline(TASK_DESCRIPTION, BY);","lastModifiedDate":"2024-02-14"},{"lineNumber":17,"author":{"gitId":"wjunjie01"},"content":"        taskList.addTask(deadline);","lastModifiedDate":"2024-02-14"},{"lineNumber":18,"author":{"gitId":"wjunjie01"},"content":"        Ui.printAddTask(TASK_DESCRIPTION);","lastModifiedDate":"2024-02-14"},{"lineNumber":19,"author":{"gitId":"wjunjie01"},"content":"    }","lastModifiedDate":"2024-02-14"},{"lineNumber":20,"author":{"gitId":"wjunjie01"},"content":"}","lastModifiedDate":"2024-02-14"}],"authorContributionMap":{"wjunjie01":20}},{"path":"src/main/java/duke/command/EventCommand.java","fileType":"java","lines":[{"lineNumber":1,"author":{"gitId":"wjunjie01"},"content":"package duke.command;","lastModifiedDate":"2024-02-14"},{"lineNumber":2,"author":{"gitId":"wjunjie01"},"content":"","lastModifiedDate":"2024-02-14"},{"lineNumber":3,"author":{"gitId":"wjunjie01"},"content":"import duke.task.Event;","lastModifiedDate":"2024-02-14"},{"lineNumber":4,"author":{"gitId":"wjunjie01"},"content":"import duke.task.TaskList;","lastModifiedDate":"2024-02-14"},{"lineNumber":5,"author":{"gitId":"wjunjie01"},"content":"import duke.ui.Ui;","lastModifiedDate":"2024-02-14"},{"lineNumber":6,"author":{"gitId":"wjunjie01"},"content":"","lastModifiedDate":"2024-02-14"},{"lineNumber":7,"author":{"gitId":"wjunjie01"},"content":"public class EventCommand implements Command{","lastModifiedDate":"2024-02-14"},{"lineNumber":8,"author":{"gitId":"wjunjie01"},"content":"    private final String TASK_DESCRIPTION;","lastModifiedDate":"2024-02-14"},{"lineNumber":9,"author":{"gitId":"wjunjie01"},"content":"    private final String FROM;","lastModifiedDate":"2024-02-14"},{"lineNumber":10,"author":{"gitId":"wjunjie01"},"content":"    private final String TO;","lastModifiedDate":"2024-02-14"},{"lineNumber":11,"author":{"gitId":"wjunjie01"},"content":"","lastModifiedDate":"2024-02-14"},{"lineNumber":12,"author":{"gitId":"wjunjie01"},"content":"    public EventCommand(String taskDescription, String from, String to) {","lastModifiedDate":"2024-02-14"},{"lineNumber":13,"author":{"gitId":"wjunjie01"},"content":"        this.TASK_DESCRIPTION \u003d taskDescription;","lastModifiedDate":"2024-02-14"},{"lineNumber":14,"author":{"gitId":"wjunjie01"},"content":"        this.FROM \u003d from;","lastModifiedDate":"2024-02-14"},{"lineNumber":15,"author":{"gitId":"wjunjie01"},"content":"        this.TO \u003d to;","lastModifiedDate":"2024-02-14"},{"lineNumber":16,"author":{"gitId":"wjunjie01"},"content":"    }","lastModifiedDate":"2024-02-14"},{"lineNumber":17,"author":{"gitId":"wjunjie01"},"content":"","lastModifiedDate":"2024-02-14"},{"lineNumber":18,"author":{"gitId":"wjunjie01"},"content":"    @Override","lastModifiedDate":"2024-02-14"},{"lineNumber":19,"author":{"gitId":"wjunjie01"},"content":"    public void execute(String input, TaskList taskList) {","lastModifiedDate":"2024-02-14"},{"lineNumber":20,"author":{"gitId":"wjunjie01"},"content":"        Event event \u003d new Event(TASK_DESCRIPTION, FROM, TO);","lastModifiedDate":"2024-02-14"},{"lineNumber":21,"author":{"gitId":"wjunjie01"},"content":"        taskList.addTask(event);","lastModifiedDate":"2024-02-14"},{"lineNumber":22,"author":{"gitId":"wjunjie01"},"content":"        Ui.printAddTask(TASK_DESCRIPTION);","lastModifiedDate":"2024-02-14"},{"lineNumber":23,"author":{"gitId":"wjunjie01"},"content":"    }","lastModifiedDate":"2024-02-14"},{"lineNumber":24,"author":{"gitId":"wjunjie01"},"content":"}","lastModifiedDate":"2024-02-14"}],"authorContributionMap":{"wjunjie01":24}},{"path":"src/main/java/duke/command/ListCommand.java","fileType":"java","lines":[{"lineNumber":1,"author":{"gitId":"wjunjie01"},"content":"package duke.command;","lastModifiedDate":"2024-02-14"},{"lineNumber":2,"author":{"gitId":"wjunjie01"},"content":"","lastModifiedDate":"2024-02-14"},{"lineNumber":3,"author":{"gitId":"wjunjie01"},"content":"import duke.task.TaskList;","lastModifiedDate":"2024-02-14"},{"lineNumber":4,"author":{"gitId":"wjunjie01"},"content":"import duke.ui.Ui;","lastModifiedDate":"2024-02-14"},{"lineNumber":5,"author":{"gitId":"wjunjie01"},"content":"","lastModifiedDate":"2024-02-14"},{"lineNumber":6,"author":{"gitId":"wjunjie01"},"content":"public class ListCommand implements Command {","lastModifiedDate":"2024-02-05"},{"lineNumber":7,"author":{"gitId":"wjunjie01"},"content":"    @Override","lastModifiedDate":"2024-02-05"},{"lineNumber":8,"author":{"gitId":"wjunjie01"},"content":"    public void execute(String input, TaskList taskList) {","lastModifiedDate":"2024-02-05"},{"lineNumber":9,"author":{"gitId":"wjunjie01"},"content":"        Ui.printListTasks(taskList);","lastModifiedDate":"2024-02-05"},{"lineNumber":10,"author":{"gitId":"wjunjie01"},"content":"    }","lastModifiedDate":"2024-02-05"},{"lineNumber":11,"author":{"gitId":"wjunjie01"},"content":"}","lastModifiedDate":"2024-02-05"}],"authorContributionMap":{"wjunjie01":11}},{"path":"src/main/java/duke/command/MarkCommand.java","fileType":"java","lines":[{"lineNumber":1,"author":{"gitId":"wjunjie01"},"content":"package duke.command;","lastModifiedDate":"2024-02-14"},{"lineNumber":2,"author":{"gitId":"wjunjie01"},"content":"","lastModifiedDate":"2024-02-14"},{"lineNumber":3,"author":{"gitId":"wjunjie01"},"content":"import duke.ui.Ui;","lastModifiedDate":"2024-02-14"},{"lineNumber":4,"author":{"gitId":"wjunjie01"},"content":"import duke.task.TaskList;","lastModifiedDate":"2024-02-14"},{"lineNumber":5,"author":{"gitId":"wjunjie01"},"content":"","lastModifiedDate":"2024-02-14"},{"lineNumber":6,"author":{"gitId":"wjunjie01"},"content":"public class MarkCommand implements Command{","lastModifiedDate":"2024-02-14"},{"lineNumber":7,"author":{"gitId":"wjunjie01"},"content":"    private final int TASK_INDEX;","lastModifiedDate":"2024-02-14"},{"lineNumber":8,"author":{"gitId":"wjunjie01"},"content":"    public MarkCommand(int taskIndex) {","lastModifiedDate":"2024-02-14"},{"lineNumber":9,"author":{"gitId":"wjunjie01"},"content":"        this.TASK_INDEX \u003d taskIndex;","lastModifiedDate":"2024-02-14"},{"lineNumber":10,"author":{"gitId":"wjunjie01"},"content":"    }","lastModifiedDate":"2024-02-14"},{"lineNumber":11,"author":{"gitId":"wjunjie01"},"content":"    @Override","lastModifiedDate":"2024-02-14"},{"lineNumber":12,"author":{"gitId":"wjunjie01"},"content":"    public void execute(String input, TaskList taskList) {","lastModifiedDate":"2024-02-14"},{"lineNumber":13,"author":{"gitId":"wjunjie01"},"content":"        taskList.taskList.get(TASK_INDEX - 1).markTask();","lastModifiedDate":"2024-02-14"},{"lineNumber":14,"author":{"gitId":"wjunjie01"},"content":"        Ui.printMarkTask(TASK_INDEX - 1, taskList);","lastModifiedDate":"2024-02-14"},{"lineNumber":15,"author":{"gitId":"wjunjie01"},"content":"    }","lastModifiedDate":"2024-02-14"},{"lineNumber":16,"author":{"gitId":"wjunjie01"},"content":"}","lastModifiedDate":"2024-02-14"}],"authorContributionMap":{"wjunjie01":16}},{"path":"src/main/java/duke/command/TodoCommand.java","fileType":"java","lines":[{"lineNumber":1,"author":{"gitId":"wjunjie01"},"content":"package duke.command;","lastModifiedDate":"2024-02-14"},{"lineNumber":2,"author":{"gitId":"wjunjie01"},"content":"","lastModifiedDate":"2024-02-14"},{"lineNumber":3,"author":{"gitId":"wjunjie01"},"content":"import duke.task.TaskList;","lastModifiedDate":"2024-02-14"},{"lineNumber":4,"author":{"gitId":"wjunjie01"},"content":"import duke.task.Todo;","lastModifiedDate":"2024-02-14"},{"lineNumber":5,"author":{"gitId":"wjunjie01"},"content":"import duke.ui.Ui;","lastModifiedDate":"2024-02-14"},{"lineNumber":6,"author":{"gitId":"wjunjie01"},"content":"","lastModifiedDate":"2024-02-14"},{"lineNumber":7,"author":{"gitId":"wjunjie01"},"content":"public class TodoCommand implements Command {","lastModifiedDate":"2024-02-05"},{"lineNumber":8,"author":{"gitId":"wjunjie01"},"content":"    public static final int BEGIN_TODO_INDEX \u003d 5;","lastModifiedDate":"2024-02-05"},{"lineNumber":9,"author":{"gitId":"wjunjie01"},"content":"    @Override","lastModifiedDate":"2024-02-05"},{"lineNumber":10,"author":{"gitId":"wjunjie01"},"content":"    public void execute(String input, TaskList taskList) {","lastModifiedDate":"2024-02-05"},{"lineNumber":11,"author":{"gitId":"wjunjie01"},"content":"        String taskDescription \u003d input.substring(BEGIN_TODO_INDEX);","lastModifiedDate":"2024-02-05"},{"lineNumber":12,"author":{"gitId":"wjunjie01"},"content":"        taskList.addTask(new Todo(taskDescription));","lastModifiedDate":"2024-02-05"},{"lineNumber":13,"author":{"gitId":"wjunjie01"},"content":"        Ui.printAddTask(taskDescription);","lastModifiedDate":"2024-02-05"},{"lineNumber":14,"author":{"gitId":"wjunjie01"},"content":"    }","lastModifiedDate":"2024-02-05"},{"lineNumber":15,"author":{"gitId":"wjunjie01"},"content":"}","lastModifiedDate":"2024-02-05"}],"authorContributionMap":{"wjunjie01":15}},{"path":"src/main/java/duke/command/UnmarkCommand.java","fileType":"java","lines":[{"lineNumber":1,"author":{"gitId":"wjunjie01"},"content":"package duke.command;","lastModifiedDate":"2024-02-14"},{"lineNumber":2,"author":{"gitId":"wjunjie01"},"content":"","lastModifiedDate":"2024-02-14"},{"lineNumber":3,"author":{"gitId":"wjunjie01"},"content":"import duke.task.TaskList;","lastModifiedDate":"2024-02-14"},{"lineNumber":4,"author":{"gitId":"wjunjie01"},"content":"import duke.ui.Ui;","lastModifiedDate":"2024-02-14"},{"lineNumber":5,"author":{"gitId":"wjunjie01"},"content":"public class UnmarkCommand implements Command{","lastModifiedDate":"2024-02-14"},{"lineNumber":6,"author":{"gitId":"wjunjie01"},"content":"    private final int TASK_INDEX;","lastModifiedDate":"2024-02-14"},{"lineNumber":7,"author":{"gitId":"wjunjie01"},"content":"    public UnmarkCommand(int taskIndex){","lastModifiedDate":"2024-02-14"},{"lineNumber":8,"author":{"gitId":"wjunjie01"},"content":"        this.TASK_INDEX \u003d taskIndex;","lastModifiedDate":"2024-02-14"},{"lineNumber":9,"author":{"gitId":"wjunjie01"},"content":"    }","lastModifiedDate":"2024-02-14"},{"lineNumber":10,"author":{"gitId":"wjunjie01"},"content":"    public void execute(String input, TaskList taskList) {","lastModifiedDate":"2024-02-14"},{"lineNumber":11,"author":{"gitId":"wjunjie01"},"content":"        taskList.taskList.get(TASK_INDEX - 1).unmarkTask();","lastModifiedDate":"2024-02-14"},{"lineNumber":12,"author":{"gitId":"wjunjie01"},"content":"        Ui.printUnmarkTask(TASK_INDEX - 1, taskList);","lastModifiedDate":"2024-02-14"},{"lineNumber":13,"author":{"gitId":"wjunjie01"},"content":"    }","lastModifiedDate":"2024-02-14"},{"lineNumber":14,"author":{"gitId":"wjunjie01"},"content":"}","lastModifiedDate":"2024-02-14"}],"authorContributionMap":{"wjunjie01":14}},{"path":"src/main/java/duke/parser/Parser.java","fileType":"java","lines":[{"lineNumber":1,"author":{"gitId":"wjunjie01"},"content":"package duke.parser;","lastModifiedDate":"2024-02-14"},{"lineNumber":2,"author":{"gitId":"wjunjie01"},"content":"","lastModifiedDate":"2024-02-14"},{"lineNumber":3,"author":{"gitId":"wjunjie01"},"content":"import duke.command.*;","lastModifiedDate":"2024-02-14"},{"lineNumber":4,"author":{"gitId":"wjunjie01"},"content":"import duke.task.TaskList;","lastModifiedDate":"2024-02-14"},{"lineNumber":5,"author":{"gitId":"wjunjie01"},"content":"import duke.DukeException;","lastModifiedDate":"2024-02-14"},{"lineNumber":6,"author":{"gitId":"wjunjie01"},"content":"","lastModifiedDate":"2024-02-14"},{"lineNumber":7,"author":{"gitId":"wjunjie01"},"content":"public class Parser {","lastModifiedDate":"2024-02-03"},{"lineNumber":8,"author":{"gitId":"wjunjie01"},"content":"    public static final int BEGIN_DEADLINE_INDEX \u003d 9;","lastModifiedDate":"2024-02-05"},{"lineNumber":9,"author":{"gitId":"wjunjie01"},"content":"    public static final int BEGIN_EVENT_INDEX \u003d 6;","lastModifiedDate":"2024-02-05"},{"lineNumber":10,"author":{"gitId":"wjunjie01"},"content":"","lastModifiedDate":"2024-02-05"},{"lineNumber":11,"author":{"gitId":"wjunjie01"},"content":"    public static Command parse(String input, TaskList taskList) throws DukeException {","lastModifiedDate":"2024-02-05"},{"lineNumber":12,"author":{"gitId":"wjunjie01"},"content":"        String firstWord \u003d input.split(\" \")[0];","lastModifiedDate":"2024-02-05"},{"lineNumber":13,"author":{"gitId":"wjunjie01"},"content":"","lastModifiedDate":"2024-02-05"},{"lineNumber":14,"author":{"gitId":"wjunjie01"},"content":"        switch (firstWord) {","lastModifiedDate":"2024-02-05"},{"lineNumber":15,"author":{"gitId":"wjunjie01"},"content":"        case \"bye\":","lastModifiedDate":"2024-02-14"},{"lineNumber":16,"author":{"gitId":"wjunjie01"},"content":"            return new ByeCommand();","lastModifiedDate":"2024-02-05"},{"lineNumber":17,"author":{"gitId":"wjunjie01"},"content":"        case \"mark\":","lastModifiedDate":"2024-02-14"},{"lineNumber":18,"author":{"gitId":"wjunjie01"},"content":"            return parseMarkTask(input, taskList);","lastModifiedDate":"2024-02-05"},{"lineNumber":19,"author":{"gitId":"wjunjie01"},"content":"        case \"unmark\":","lastModifiedDate":"2024-02-14"},{"lineNumber":20,"author":{"gitId":"wjunjie01"},"content":"            return parseUnmarkTask(input, taskList);","lastModifiedDate":"2024-02-05"},{"lineNumber":21,"author":{"gitId":"wjunjie01"},"content":"        case \"list\":","lastModifiedDate":"2024-02-14"},{"lineNumber":22,"author":{"gitId":"wjunjie01"},"content":"            return new ListCommand();","lastModifiedDate":"2024-02-05"},{"lineNumber":23,"author":{"gitId":"wjunjie01"},"content":"        case \"todo\":","lastModifiedDate":"2024-02-14"},{"lineNumber":24,"author":{"gitId":"wjunjie01"},"content":"            return parseTodoTask(input);","lastModifiedDate":"2024-02-05"},{"lineNumber":25,"author":{"gitId":"wjunjie01"},"content":"        case \"deadline\":","lastModifiedDate":"2024-02-14"},{"lineNumber":26,"author":{"gitId":"wjunjie01"},"content":"            return parseDeadlineTask(input);","lastModifiedDate":"2024-02-05"},{"lineNumber":27,"author":{"gitId":"wjunjie01"},"content":"        case \"event\":","lastModifiedDate":"2024-02-14"},{"lineNumber":28,"author":{"gitId":"wjunjie01"},"content":"            return parseEventTask(input);","lastModifiedDate":"2024-02-05"},{"lineNumber":29,"author":{"gitId":"wjunjie01"},"content":"        default:","lastModifiedDate":"2024-02-05"},{"lineNumber":30,"author":{"gitId":"wjunjie01"},"content":"            throw new DukeException(\"Not a valid command!!\");","lastModifiedDate":"2024-02-05"},{"lineNumber":31,"author":{"gitId":"wjunjie01"},"content":"        }","lastModifiedDate":"2024-02-05"},{"lineNumber":32,"author":{"gitId":"wjunjie01"},"content":"    }","lastModifiedDate":"2024-02-05"},{"lineNumber":33,"author":{"gitId":"wjunjie01"},"content":"","lastModifiedDate":"2024-02-05"},{"lineNumber":34,"author":{"gitId":"wjunjie01"},"content":"    public static Command parseMarkTask(String input, TaskList taskList) throws DukeException {","lastModifiedDate":"2024-02-05"},{"lineNumber":35,"author":{"gitId":"wjunjie01"},"content":"        String[] inputArray \u003d input.split(\" \");","lastModifiedDate":"2024-02-05"},{"lineNumber":36,"author":{"gitId":"wjunjie01"},"content":"","lastModifiedDate":"2024-02-03"},{"lineNumber":37,"author":{"gitId":"wjunjie01"},"content":"        if (inputArray.length \u003c 2) {","lastModifiedDate":"2024-02-05"},{"lineNumber":38,"author":{"gitId":"wjunjie01"},"content":"            throw new DukeException(\"Please specify a task number to mark! Correct usage: mark [duke.task.Task Number]\");","lastModifiedDate":"2024-02-14"},{"lineNumber":39,"author":{"gitId":"wjunjie01"},"content":"        }","lastModifiedDate":"2024-02-03"},{"lineNumber":40,"author":{"gitId":"wjunjie01"},"content":"","lastModifiedDate":"2024-02-03"},{"lineNumber":41,"author":{"gitId":"wjunjie01"},"content":"        int taskIndex;","lastModifiedDate":"2024-02-05"},{"lineNumber":42,"author":{"gitId":"wjunjie01"},"content":"","lastModifiedDate":"2024-02-05"},{"lineNumber":43,"author":{"gitId":"wjunjie01"},"content":"        try {","lastModifiedDate":"2024-02-05"},{"lineNumber":44,"author":{"gitId":"wjunjie01"},"content":"            taskIndex \u003d Integer.parseInt(inputArray[1]);","lastModifiedDate":"2024-02-05"},{"lineNumber":45,"author":{"gitId":"wjunjie01"},"content":"        } catch (NumberFormatException e) {","lastModifiedDate":"2024-02-05"},{"lineNumber":46,"author":{"gitId":"wjunjie01"},"content":"            throw new DukeException(\"duke.task.Task number must be in integer! Correct usage: mark [duke.task.Task Number]\");","lastModifiedDate":"2024-02-14"},{"lineNumber":47,"author":{"gitId":"wjunjie01"},"content":"        }","lastModifiedDate":"2024-02-05"},{"lineNumber":48,"author":{"gitId":"wjunjie01"},"content":"","lastModifiedDate":"2024-02-05"},{"lineNumber":49,"author":{"gitId":"wjunjie01"},"content":"        if (taskIndex \u003e taskList.taskList.size()) {","lastModifiedDate":"2024-02-05"},{"lineNumber":50,"author":{"gitId":"wjunjie01"},"content":"            throw new DukeException(\"Please specify a task number that is within the list! \"","lastModifiedDate":"2024-02-05"},{"lineNumber":51,"author":{"gitId":"wjunjie01"},"content":"                    + \"Correct usage: mark [duke.task.Task Number]\");","lastModifiedDate":"2024-02-14"},{"lineNumber":52,"author":{"gitId":"wjunjie01"},"content":"        }","lastModifiedDate":"2024-02-05"},{"lineNumber":53,"author":{"gitId":"wjunjie01"},"content":"        return new MarkCommand(taskIndex);","lastModifiedDate":"2024-02-05"},{"lineNumber":54,"author":{"gitId":"wjunjie01"},"content":"    }","lastModifiedDate":"2024-02-05"},{"lineNumber":55,"author":{"gitId":"wjunjie01"},"content":"","lastModifiedDate":"2024-02-05"},{"lineNumber":56,"author":{"gitId":"wjunjie01"},"content":"    public static Command parseUnmarkTask(String input, TaskList taskList) throws DukeException {","lastModifiedDate":"2024-02-05"},{"lineNumber":57,"author":{"gitId":"wjunjie01"},"content":"        String[] inputArray \u003d input.split(\" \");","lastModifiedDate":"2024-02-05"},{"lineNumber":58,"author":{"gitId":"wjunjie01"},"content":"","lastModifiedDate":"2024-02-05"},{"lineNumber":59,"author":{"gitId":"wjunjie01"},"content":"        if (inputArray.length \u003c 2) {","lastModifiedDate":"2024-02-05"},{"lineNumber":60,"author":{"gitId":"wjunjie01"},"content":"            throw new DukeException(\"Please specify a task number to mark! Correct usage: unmark [duke.task.Task Number]\");","lastModifiedDate":"2024-02-14"},{"lineNumber":61,"author":{"gitId":"wjunjie01"},"content":"        }","lastModifiedDate":"2024-02-05"},{"lineNumber":62,"author":{"gitId":"wjunjie01"},"content":"","lastModifiedDate":"2024-02-05"},{"lineNumber":63,"author":{"gitId":"wjunjie01"},"content":"        int taskIndex;","lastModifiedDate":"2024-02-05"},{"lineNumber":64,"author":{"gitId":"wjunjie01"},"content":"","lastModifiedDate":"2024-02-05"},{"lineNumber":65,"author":{"gitId":"wjunjie01"},"content":"        try {","lastModifiedDate":"2024-02-05"},{"lineNumber":66,"author":{"gitId":"wjunjie01"},"content":"            taskIndex \u003d Integer.parseInt(inputArray[1]);","lastModifiedDate":"2024-02-05"},{"lineNumber":67,"author":{"gitId":"wjunjie01"},"content":"        } catch (NumberFormatException e) {","lastModifiedDate":"2024-02-05"},{"lineNumber":68,"author":{"gitId":"wjunjie01"},"content":"            throw new DukeException(\"duke.task.Task number must be in integer! Correct usage: unmark [duke.task.Task Number]\");","lastModifiedDate":"2024-02-14"},{"lineNumber":69,"author":{"gitId":"wjunjie01"},"content":"        }","lastModifiedDate":"2024-02-03"},{"lineNumber":70,"author":{"gitId":"wjunjie01"},"content":"","lastModifiedDate":"2024-02-03"},{"lineNumber":71,"author":{"gitId":"wjunjie01"},"content":"        if (taskIndex \u003e taskList.taskList.size()) {","lastModifiedDate":"2024-02-05"},{"lineNumber":72,"author":{"gitId":"wjunjie01"},"content":"            throw new DukeException(\"Please specify a task number that is within the list! \"","lastModifiedDate":"2024-02-05"},{"lineNumber":73,"author":{"gitId":"wjunjie01"},"content":"                    + \"Correct usage: mark [duke.task.Task Number]\");","lastModifiedDate":"2024-02-14"},{"lineNumber":74,"author":{"gitId":"wjunjie01"},"content":"        }","lastModifiedDate":"2024-02-05"},{"lineNumber":75,"author":{"gitId":"wjunjie01"},"content":"","lastModifiedDate":"2024-02-05"},{"lineNumber":76,"author":{"gitId":"wjunjie01"},"content":"        return new UnmarkCommand(taskIndex);","lastModifiedDate":"2024-02-05"},{"lineNumber":77,"author":{"gitId":"wjunjie01"},"content":"    }","lastModifiedDate":"2024-02-05"},{"lineNumber":78,"author":{"gitId":"wjunjie01"},"content":"","lastModifiedDate":"2024-02-05"},{"lineNumber":79,"author":{"gitId":"wjunjie01"},"content":"    public static Command parseTodoTask(String input) throws DukeException {","lastModifiedDate":"2024-02-05"},{"lineNumber":80,"author":{"gitId":"wjunjie01"},"content":"        if (input.split(\" \").length \u003c 2){","lastModifiedDate":"2024-02-05"},{"lineNumber":81,"author":{"gitId":"wjunjie01"},"content":"            throw new DukeException(\"Your todo task cannot be empty! Correct usage: todo [Name of task]\");","lastModifiedDate":"2024-02-05"},{"lineNumber":82,"author":{"gitId":"wjunjie01"},"content":"        }","lastModifiedDate":"2024-02-05"},{"lineNumber":83,"author":{"gitId":"wjunjie01"},"content":"        return new TodoCommand();","lastModifiedDate":"2024-02-05"},{"lineNumber":84,"author":{"gitId":"wjunjie01"},"content":"    }","lastModifiedDate":"2024-02-05"},{"lineNumber":85,"author":{"gitId":"wjunjie01"},"content":"","lastModifiedDate":"2024-02-05"},{"lineNumber":86,"author":{"gitId":"wjunjie01"},"content":"    public static Command parseDeadlineTask(String input) throws DukeException {","lastModifiedDate":"2024-02-05"},{"lineNumber":87,"author":{"gitId":"wjunjie01"},"content":"        String taskInformation \u003d input.substring(BEGIN_DEADLINE_INDEX);","lastModifiedDate":"2024-02-05"},{"lineNumber":88,"author":{"gitId":"wjunjie01"},"content":"        String[] taskInfoArray \u003d taskInformation.split(\" /by \");","lastModifiedDate":"2024-02-05"},{"lineNumber":89,"author":{"gitId":"wjunjie01"},"content":"","lastModifiedDate":"2024-02-05"},{"lineNumber":90,"author":{"gitId":"wjunjie01"},"content":"        if (taskInfoArray[0].trim().isEmpty()){","lastModifiedDate":"2024-02-05"},{"lineNumber":91,"author":{"gitId":"wjunjie01"},"content":"            throw new DukeException(\"Your deadline task cannot be empty! \"","lastModifiedDate":"2024-02-05"},{"lineNumber":92,"author":{"gitId":"wjunjie01"},"content":"                    + \"Correct usage: deadline [Name of task] /by [duke.task.Deadline]\");","lastModifiedDate":"2024-02-14"},{"lineNumber":93,"author":{"gitId":"wjunjie01"},"content":"        }","lastModifiedDate":"2024-02-05"},{"lineNumber":94,"author":{"gitId":"wjunjie01"},"content":"","lastModifiedDate":"2024-02-05"},{"lineNumber":95,"author":{"gitId":"wjunjie01"},"content":"        if (taskInfoArray.length \u003c 2){","lastModifiedDate":"2024-02-05"},{"lineNumber":96,"author":{"gitId":"wjunjie01"},"content":"            throw new DukeException(\"You deadline task must include the \u0027/by\u0027 keyword! \"","lastModifiedDate":"2024-02-05"},{"lineNumber":97,"author":{"gitId":"wjunjie01"},"content":"                    + \"Correct usage: deadline [Name of task] /by [duke.task.Deadline]\");","lastModifiedDate":"2024-02-14"},{"lineNumber":98,"author":{"gitId":"wjunjie01"},"content":"        }","lastModifiedDate":"2024-02-05"},{"lineNumber":99,"author":{"gitId":"wjunjie01"},"content":"","lastModifiedDate":"2024-02-05"},{"lineNumber":100,"author":{"gitId":"wjunjie01"},"content":"        if (taskInfoArray[1].trim().isEmpty()){","lastModifiedDate":"2024-02-05"},{"lineNumber":101,"author":{"gitId":"wjunjie01"},"content":"            throw new DukeException(\"Your deadline cannot be empty! \"","lastModifiedDate":"2024-02-05"},{"lineNumber":102,"author":{"gitId":"wjunjie01"},"content":"                    + \"Correct usage: deadline [Name of task] /by [duke.task.Deadline]\");","lastModifiedDate":"2024-02-14"},{"lineNumber":103,"author":{"gitId":"wjunjie01"},"content":"        }","lastModifiedDate":"2024-02-05"},{"lineNumber":104,"author":{"gitId":"wjunjie01"},"content":"","lastModifiedDate":"2024-02-05"},{"lineNumber":105,"author":{"gitId":"wjunjie01"},"content":"        return new DeadlineCommand(taskInfoArray[0], taskInfoArray[1]);","lastModifiedDate":"2024-02-05"},{"lineNumber":106,"author":{"gitId":"wjunjie01"},"content":"    }","lastModifiedDate":"2024-02-05"},{"lineNumber":107,"author":{"gitId":"wjunjie01"},"content":"","lastModifiedDate":"2024-02-05"},{"lineNumber":108,"author":{"gitId":"wjunjie01"},"content":"    public static Command parseEventTask(String input) throws DukeException {","lastModifiedDate":"2024-02-05"},{"lineNumber":109,"author":{"gitId":"wjunjie01"},"content":"        String taskInformation \u003d input.substring(BEGIN_EVENT_INDEX);","lastModifiedDate":"2024-02-05"},{"lineNumber":110,"author":{"gitId":"wjunjie01"},"content":"        String[] fromSplitArray \u003d taskInformation.split(\" /from \");","lastModifiedDate":"2024-02-05"},{"lineNumber":111,"author":{"gitId":"wjunjie01"},"content":"","lastModifiedDate":"2024-02-05"},{"lineNumber":112,"author":{"gitId":"wjunjie01"},"content":"        if (fromSplitArray.length \u003c 2 || !fromSplitArray[1].contains(\" /to \")) {","lastModifiedDate":"2024-02-05"},{"lineNumber":113,"author":{"gitId":"wjunjie01"},"content":"            throw new DukeException(\"Your event task must include /from and /to ! \"","lastModifiedDate":"2024-02-05"},{"lineNumber":114,"author":{"gitId":"wjunjie01"},"content":"                    + \"Correct usage: event [Name of task] /from [Start date] /to [End date]\");","lastModifiedDate":"2024-02-05"},{"lineNumber":115,"author":{"gitId":"wjunjie01"},"content":"        }","lastModifiedDate":"2024-02-05"},{"lineNumber":116,"author":{"gitId":"wjunjie01"},"content":"","lastModifiedDate":"2024-02-05"},{"lineNumber":117,"author":{"gitId":"wjunjie01"},"content":"        String[] toSplitArray \u003d fromSplitArray[1].split(\" /to \");","lastModifiedDate":"2024-02-05"},{"lineNumber":118,"author":{"gitId":"wjunjie01"},"content":"        String taskDescription \u003d fromSplitArray[0].trim();","lastModifiedDate":"2024-02-05"},{"lineNumber":119,"author":{"gitId":"wjunjie01"},"content":"        String startDate \u003d toSplitArray[0].trim();","lastModifiedDate":"2024-02-05"},{"lineNumber":120,"author":{"gitId":"wjunjie01"},"content":"        String endDate \u003d toSplitArray[1].trim();","lastModifiedDate":"2024-02-05"},{"lineNumber":121,"author":{"gitId":"wjunjie01"},"content":"","lastModifiedDate":"2024-02-05"},{"lineNumber":122,"author":{"gitId":"wjunjie01"},"content":"        if (startDate.isEmpty() || endDate.isEmpty() || taskDescription.isEmpty()) {","lastModifiedDate":"2024-02-05"},{"lineNumber":123,"author":{"gitId":"wjunjie01"},"content":"            throw new DukeException(\"You have a missing field, in either your task, start date or end date! \"","lastModifiedDate":"2024-02-05"},{"lineNumber":124,"author":{"gitId":"wjunjie01"},"content":"                    + \"Correct usage: event [Name of task] /from [Start date] /to [End date]\");","lastModifiedDate":"2024-02-05"},{"lineNumber":125,"author":{"gitId":"wjunjie01"},"content":"        }","lastModifiedDate":"2024-02-03"},{"lineNumber":126,"author":{"gitId":"wjunjie01"},"content":"","lastModifiedDate":"2024-02-03"},{"lineNumber":127,"author":{"gitId":"wjunjie01"},"content":"        return new EventCommand(taskDescription, startDate, endDate);","lastModifiedDate":"2024-02-05"},{"lineNumber":128,"author":{"gitId":"wjunjie01"},"content":"    }","lastModifiedDate":"2024-02-03"},{"lineNumber":129,"author":{"gitId":"wjunjie01"},"content":"    ","lastModifiedDate":"2024-02-03"},{"lineNumber":130,"author":{"gitId":"wjunjie01"},"content":"}","lastModifiedDate":"2024-02-03"}],"authorContributionMap":{"wjunjie01":130}},{"path":"src/main/java/duke/task/Deadline.java","fileType":"java","lines":[{"lineNumber":1,"author":{"gitId":"wjunjie01"},"content":"package duke.task;","lastModifiedDate":"2024-02-14"},{"lineNumber":2,"author":{"gitId":"wjunjie01"},"content":"","lastModifiedDate":"2024-02-14"},{"lineNumber":3,"author":{"gitId":"wjunjie01"},"content":"public class Deadline extends Task {","lastModifiedDate":"2024-02-14"},{"lineNumber":4,"author":{"gitId":"wjunjie01"},"content":"    protected String by;","lastModifiedDate":"2024-02-14"},{"lineNumber":5,"author":{"gitId":"wjunjie01"},"content":"    public Deadline(String description, String by){","lastModifiedDate":"2024-02-14"},{"lineNumber":6,"author":{"gitId":"wjunjie01"},"content":"        super(description);","lastModifiedDate":"2024-02-14"},{"lineNumber":7,"author":{"gitId":"wjunjie01"},"content":"        this.by \u003d by;","lastModifiedDate":"2024-02-14"},{"lineNumber":8,"author":{"gitId":"wjunjie01"},"content":"    }","lastModifiedDate":"2024-02-14"},{"lineNumber":9,"author":{"gitId":"wjunjie01"},"content":"    @Override","lastModifiedDate":"2024-02-14"},{"lineNumber":10,"author":{"gitId":"wjunjie01"},"content":"    public String toString() {","lastModifiedDate":"2024-02-14"},{"lineNumber":11,"author":{"gitId":"wjunjie01"},"content":"        return \"[D]\" + super.toString() + \" (by: \" + by + \")\";","lastModifiedDate":"2024-02-14"},{"lineNumber":12,"author":{"gitId":"wjunjie01"},"content":"    }","lastModifiedDate":"2024-02-14"},{"lineNumber":13,"author":{"gitId":"wjunjie01"},"content":"}","lastModifiedDate":"2024-02-14"}],"authorContributionMap":{"wjunjie01":13}},{"path":"src/main/java/duke/task/Event.java","fileType":"java","lines":[{"lineNumber":1,"author":{"gitId":"wjunjie01"},"content":"package duke.task;","lastModifiedDate":"2024-02-14"},{"lineNumber":2,"author":{"gitId":"wjunjie01"},"content":"","lastModifiedDate":"2024-02-14"},{"lineNumber":3,"author":{"gitId":"wjunjie01"},"content":"public class Event extends Task {","lastModifiedDate":"2024-02-14"},{"lineNumber":4,"author":{"gitId":"wjunjie01"},"content":"    protected String from;","lastModifiedDate":"2024-02-14"},{"lineNumber":5,"author":{"gitId":"wjunjie01"},"content":"    protected String to;","lastModifiedDate":"2024-02-14"},{"lineNumber":6,"author":{"gitId":"wjunjie01"},"content":"    public Event(String description, String from, String to){","lastModifiedDate":"2024-02-14"},{"lineNumber":7,"author":{"gitId":"wjunjie01"},"content":"        super(description);","lastModifiedDate":"2024-02-14"},{"lineNumber":8,"author":{"gitId":"wjunjie01"},"content":"        this.from \u003d from;","lastModifiedDate":"2024-02-14"},{"lineNumber":9,"author":{"gitId":"wjunjie01"},"content":"        this.to \u003d to;","lastModifiedDate":"2024-02-14"},{"lineNumber":10,"author":{"gitId":"wjunjie01"},"content":"    }","lastModifiedDate":"2024-02-14"},{"lineNumber":11,"author":{"gitId":"wjunjie01"},"content":"    @Override","lastModifiedDate":"2024-02-14"},{"lineNumber":12,"author":{"gitId":"wjunjie01"},"content":"    public String toString() {","lastModifiedDate":"2024-02-14"},{"lineNumber":13,"author":{"gitId":"wjunjie01"},"content":"        return \"[E]\" + super.toString() + \" (from: \" + from + \" to: \" + to + \")\";","lastModifiedDate":"2024-02-14"},{"lineNumber":14,"author":{"gitId":"wjunjie01"},"content":"    }","lastModifiedDate":"2024-02-14"},{"lineNumber":15,"author":{"gitId":"wjunjie01"},"content":"}","lastModifiedDate":"2024-02-14"}],"authorContributionMap":{"wjunjie01":15}},{"path":"src/main/java/duke/task/Task.java","fileType":"java","lines":[{"lineNumber":1,"author":{"gitId":"wjunjie01"},"content":"package duke.task;","lastModifiedDate":"2024-02-14"},{"lineNumber":2,"author":{"gitId":"wjunjie01"},"content":"","lastModifiedDate":"2024-02-14"},{"lineNumber":3,"author":{"gitId":"wjunjie01"},"content":"public class Task {","lastModifiedDate":"2024-01-23"},{"lineNumber":4,"author":{"gitId":"wjunjie01"},"content":"    protected static int taskCount \u003d 0;","lastModifiedDate":"2024-01-31"},{"lineNumber":5,"author":{"gitId":"wjunjie01"},"content":"    protected String description;","lastModifiedDate":"2024-01-23"},{"lineNumber":6,"author":{"gitId":"wjunjie01"},"content":"    protected boolean isDone;","lastModifiedDate":"2024-01-23"},{"lineNumber":7,"author":{"gitId":"wjunjie01"},"content":"","lastModifiedDate":"2024-01-24"},{"lineNumber":8,"author":{"gitId":"wjunjie01"},"content":"    //constructor","lastModifiedDate":"2024-01-23"},{"lineNumber":9,"author":{"gitId":"wjunjie01"},"content":"    public Task(String description) {","lastModifiedDate":"2024-01-23"},{"lineNumber":10,"author":{"gitId":"wjunjie01"},"content":"        this.description \u003d description;","lastModifiedDate":"2024-01-23"},{"lineNumber":11,"author":{"gitId":"wjunjie01"},"content":"        this.isDone \u003d false;","lastModifiedDate":"2024-01-23"},{"lineNumber":12,"author":{"gitId":"wjunjie01"},"content":"        taskCount +\u003d 1;","lastModifiedDate":"2024-01-31"},{"lineNumber":13,"author":{"gitId":"wjunjie01"},"content":"    }","lastModifiedDate":"2024-01-23"},{"lineNumber":14,"author":{"gitId":"wjunjie01"},"content":"","lastModifiedDate":"2024-02-14"},{"lineNumber":15,"author":{"gitId":"wjunjie01"},"content":"    public String getStatus() {","lastModifiedDate":"2024-01-23"},{"lineNumber":16,"author":{"gitId":"wjunjie01"},"content":"        return (isDone ? \"X\": \" \");","lastModifiedDate":"2024-01-23"},{"lineNumber":17,"author":{"gitId":"wjunjie01"},"content":"    }","lastModifiedDate":"2024-01-23"},{"lineNumber":18,"author":{"gitId":"wjunjie01"},"content":"","lastModifiedDate":"2024-01-31"},{"lineNumber":19,"author":{"gitId":"wjunjie01"},"content":"    public static int getTaskCount() {","lastModifiedDate":"2024-01-31"},{"lineNumber":20,"author":{"gitId":"wjunjie01"},"content":"        return taskCount;","lastModifiedDate":"2024-01-31"},{"lineNumber":21,"author":{"gitId":"wjunjie01"},"content":"    }","lastModifiedDate":"2024-01-31"},{"lineNumber":22,"author":{"gitId":"wjunjie01"},"content":"","lastModifiedDate":"2024-01-31"},{"lineNumber":23,"author":{"gitId":"wjunjie01"},"content":"    public void markTask(){","lastModifiedDate":"2024-01-23"},{"lineNumber":24,"author":{"gitId":"wjunjie01"},"content":"        this.isDone \u003d true;","lastModifiedDate":"2024-01-23"},{"lineNumber":25,"author":{"gitId":"wjunjie01"},"content":"    }","lastModifiedDate":"2024-01-23"},{"lineNumber":26,"author":{"gitId":"wjunjie01"},"content":"    public void unmarkTask(){","lastModifiedDate":"2024-01-23"},{"lineNumber":27,"author":{"gitId":"wjunjie01"},"content":"        this.isDone \u003d false;","lastModifiedDate":"2024-01-23"},{"lineNumber":28,"author":{"gitId":"wjunjie01"},"content":"    }","lastModifiedDate":"2024-01-23"},{"lineNumber":29,"author":{"gitId":"wjunjie01"},"content":"    @Override","lastModifiedDate":"2024-01-31"},{"lineNumber":30,"author":{"gitId":"wjunjie01"},"content":"    public String toString(){","lastModifiedDate":"2024-01-31"},{"lineNumber":31,"author":{"gitId":"wjunjie01"},"content":"        return \"[\" + getStatus() + \"] \" + this.description;","lastModifiedDate":"2024-01-23"},{"lineNumber":32,"author":{"gitId":"wjunjie01"},"content":"    }","lastModifiedDate":"2024-01-23"},{"lineNumber":33,"author":{"gitId":"wjunjie01"},"content":"}","lastModifiedDate":"2024-01-23"}],"authorContributionMap":{"wjunjie01":33}},{"path":"src/main/java/duke/task/TaskList.java","fileType":"java","lines":[{"lineNumber":1,"author":{"gitId":"wjunjie01"},"content":"package duke.task;","lastModifiedDate":"2024-02-14"},{"lineNumber":2,"author":{"gitId":"wjunjie01"},"content":"","lastModifiedDate":"2024-02-14"},{"lineNumber":3,"author":{"gitId":"wjunjie01"},"content":"import java.util.ArrayList;","lastModifiedDate":"2024-02-05"},{"lineNumber":4,"author":{"gitId":"wjunjie01"},"content":"","lastModifiedDate":"2024-02-05"},{"lineNumber":5,"author":{"gitId":"wjunjie01"},"content":"public class TaskList {","lastModifiedDate":"2024-02-05"},{"lineNumber":6,"author":{"gitId":"wjunjie01"},"content":"    public ArrayList\u003cTask\u003e taskList;","lastModifiedDate":"2024-02-05"},{"lineNumber":7,"author":{"gitId":"wjunjie01"},"content":"    public TaskList() {","lastModifiedDate":"2024-02-05"},{"lineNumber":8,"author":{"gitId":"wjunjie01"},"content":"        taskList \u003d new ArrayList\u003c\u003e();","lastModifiedDate":"2024-02-05"},{"lineNumber":9,"author":{"gitId":"wjunjie01"},"content":"    }","lastModifiedDate":"2024-02-05"},{"lineNumber":10,"author":{"gitId":"wjunjie01"},"content":"    public void addTask(Task task) {","lastModifiedDate":"2024-02-05"},{"lineNumber":11,"author":{"gitId":"wjunjie01"},"content":"        taskList.add(task);","lastModifiedDate":"2024-02-05"},{"lineNumber":12,"author":{"gitId":"wjunjie01"},"content":"    }","lastModifiedDate":"2024-02-05"},{"lineNumber":13,"author":{"gitId":"wjunjie01"},"content":"}","lastModifiedDate":"2024-02-05"}],"authorContributionMap":{"wjunjie01":13}},{"path":"src/main/java/duke/task/Todo.java","fileType":"java","lines":[{"lineNumber":1,"author":{"gitId":"wjunjie01"},"content":"package duke.task;","lastModifiedDate":"2024-02-14"},{"lineNumber":2,"author":{"gitId":"wjunjie01"},"content":"","lastModifiedDate":"2024-02-14"},{"lineNumber":3,"author":{"gitId":"wjunjie01"},"content":"public class Todo extends Task {","lastModifiedDate":"2024-02-14"},{"lineNumber":4,"author":{"gitId":"wjunjie01"},"content":"    public Todo(String description){","lastModifiedDate":"2024-02-14"},{"lineNumber":5,"author":{"gitId":"wjunjie01"},"content":"        super(description);","lastModifiedDate":"2024-02-14"},{"lineNumber":6,"author":{"gitId":"wjunjie01"},"content":"    }","lastModifiedDate":"2024-02-14"},{"lineNumber":7,"author":{"gitId":"wjunjie01"},"content":"    @Override","lastModifiedDate":"2024-02-14"},{"lineNumber":8,"author":{"gitId":"wjunjie01"},"content":"    public String toString() {","lastModifiedDate":"2024-02-14"},{"lineNumber":9,"author":{"gitId":"wjunjie01"},"content":"        return \"[T]\" + super.toString();","lastModifiedDate":"2024-02-14"},{"lineNumber":10,"author":{"gitId":"wjunjie01"},"content":"    }","lastModifiedDate":"2024-02-14"},{"lineNumber":11,"author":{"gitId":"wjunjie01"},"content":"}","lastModifiedDate":"2024-02-14"}],"authorContributionMap":{"wjunjie01":11}},{"path":"src/main/java/duke/ui/Ui.java","fileType":"java","lines":[{"lineNumber":1,"author":{"gitId":"wjunjie01"},"content":"package duke.ui;","lastModifiedDate":"2024-02-14"},{"lineNumber":2,"author":{"gitId":"wjunjie01"},"content":"","lastModifiedDate":"2024-02-14"},{"lineNumber":3,"author":{"gitId":"wjunjie01"},"content":"import duke.task.Task;","lastModifiedDate":"2024-02-14"},{"lineNumber":4,"author":{"gitId":"wjunjie01"},"content":"import duke.task.TaskList;","lastModifiedDate":"2024-02-14"},{"lineNumber":5,"author":{"gitId":"wjunjie01"},"content":"","lastModifiedDate":"2024-02-14"},{"lineNumber":6,"author":{"gitId":"wjunjie01"},"content":"import java.util.Scanner;","lastModifiedDate":"2024-02-05"},{"lineNumber":7,"author":{"gitId":"wjunjie01"},"content":"","lastModifiedDate":"2024-02-05"},{"lineNumber":8,"author":{"gitId":"wjunjie01"},"content":"public class Ui {","lastModifiedDate":"2024-02-03"},{"lineNumber":9,"author":{"gitId":"wjunjie01"},"content":"    static Scanner in \u003d new Scanner(System.in);","lastModifiedDate":"2024-02-05"},{"lineNumber":10,"author":{"gitId":"wjunjie01"},"content":"    public static final String LINE \u003d \"---------------\";","lastModifiedDate":"2024-02-03"},{"lineNumber":11,"author":{"gitId":"wjunjie01"},"content":"    public static final String LOGO \u003d \"       __                 __ \\n\"","lastModifiedDate":"2024-02-03"},{"lineNumber":12,"author":{"gitId":"wjunjie01"},"content":"            + \"      / /___ _____  ___  / /_\\n\"","lastModifiedDate":"2024-02-03"},{"lineNumber":13,"author":{"gitId":"wjunjie01"},"content":"            + \" __  / / __ `/ __ \\\\/ _ \\\\/ __/\\n\"","lastModifiedDate":"2024-02-03"},{"lineNumber":14,"author":{"gitId":"wjunjie01"},"content":"            + \"/ /_/ / /_/ / / / /  __/ /_  \\n\"","lastModifiedDate":"2024-02-03"},{"lineNumber":15,"author":{"gitId":"wjunjie01"},"content":"            + \"\\\\____/\\\\__,_/_/ /_/\\\\___/\\\\__/  \\n\"","lastModifiedDate":"2024-02-03"},{"lineNumber":16,"author":{"gitId":"wjunjie01"},"content":"            + \"                             \\n\";","lastModifiedDate":"2024-02-03"},{"lineNumber":17,"author":{"gitId":"wjunjie01"},"content":"","lastModifiedDate":"2024-02-05"},{"lineNumber":18,"author":{"gitId":"wjunjie01"},"content":"    public static String readUserInput(){","lastModifiedDate":"2024-02-05"},{"lineNumber":19,"author":{"gitId":"wjunjie01"},"content":"        return in.nextLine();","lastModifiedDate":"2024-02-05"},{"lineNumber":20,"author":{"gitId":"wjunjie01"},"content":"    }","lastModifiedDate":"2024-02-05"},{"lineNumber":21,"author":{"gitId":"wjunjie01"},"content":"","lastModifiedDate":"2024-02-05"},{"lineNumber":22,"author":{"gitId":"wjunjie01"},"content":"    public static void printLine() {","lastModifiedDate":"2024-02-05"},{"lineNumber":23,"author":{"gitId":"wjunjie01"},"content":"        System.out.println(LINE);","lastModifiedDate":"2024-02-05"},{"lineNumber":24,"author":{"gitId":"wjunjie01"},"content":"    }","lastModifiedDate":"2024-02-05"},{"lineNumber":25,"author":{"gitId":"wjunjie01"},"content":"    public static void printGoodbyeMessage() {","lastModifiedDate":"2024-02-03"},{"lineNumber":26,"author":{"gitId":"wjunjie01"},"content":"        System.out.println(\"Goodbye! See you again!\");","lastModifiedDate":"2024-02-03"},{"lineNumber":27,"author":{"gitId":"wjunjie01"},"content":"        System.out.println(LINE);","lastModifiedDate":"2024-02-03"},{"lineNumber":28,"author":{"gitId":"wjunjie01"},"content":"    }","lastModifiedDate":"2024-02-03"},{"lineNumber":29,"author":{"gitId":"wjunjie01"},"content":"    public static void printWelcomeMessage() {","lastModifiedDate":"2024-02-03"},{"lineNumber":30,"author":{"gitId":"wjunjie01"},"content":"        System.out.println(LOGO);","lastModifiedDate":"2024-02-03"},{"lineNumber":31,"author":{"gitId":"wjunjie01"},"content":"        System.out.println(\"Hi! I\u0027m Janet, your personal assistant.\");","lastModifiedDate":"2024-02-03"},{"lineNumber":32,"author":{"gitId":"wjunjie01"},"content":"        System.out.println(\"What is your request?\");","lastModifiedDate":"2024-02-03"},{"lineNumber":33,"author":{"gitId":"wjunjie01"},"content":"        System.out.println(LINE);","lastModifiedDate":"2024-02-03"},{"lineNumber":34,"author":{"gitId":"wjunjie01"},"content":"    }","lastModifiedDate":"2024-02-03"},{"lineNumber":35,"author":{"gitId":"wjunjie01"},"content":"    public static void printListTasks(TaskList taskList) {","lastModifiedDate":"2024-02-05"},{"lineNumber":36,"author":{"gitId":"wjunjie01"},"content":"        System.out.println(\"The tasks in your list are: \");","lastModifiedDate":"2024-02-03"},{"lineNumber":37,"author":{"gitId":"wjunjie01"},"content":"        for (int i \u003d 0; i \u003c taskList.taskList.size(); i++) {","lastModifiedDate":"2024-02-05"},{"lineNumber":38,"author":{"gitId":"wjunjie01"},"content":"            System.out.println((i + 1) + \".\" + taskList.taskList.get(i).toString());","lastModifiedDate":"2024-02-05"},{"lineNumber":39,"author":{"gitId":"wjunjie01"},"content":"        }","lastModifiedDate":"2024-02-03"},{"lineNumber":40,"author":{"gitId":"wjunjie01"},"content":"        System.out.println(LINE);","lastModifiedDate":"2024-02-03"},{"lineNumber":41,"author":{"gitId":"wjunjie01"},"content":"    }","lastModifiedDate":"2024-02-03"},{"lineNumber":42,"author":{"gitId":"wjunjie01"},"content":"","lastModifiedDate":"2024-02-03"},{"lineNumber":43,"author":{"gitId":"wjunjie01"},"content":"    public static void printMarkTask(int taskIndex, TaskList taskList){","lastModifiedDate":"2024-02-05"},{"lineNumber":44,"author":{"gitId":"wjunjie01"},"content":"        System.out.println(\"Well done! This task is now done: \");","lastModifiedDate":"2024-02-03"},{"lineNumber":45,"author":{"gitId":"wjunjie01"},"content":"        System.out.println(taskList.taskList.get(taskIndex).toString());","lastModifiedDate":"2024-02-05"},{"lineNumber":46,"author":{"gitId":"wjunjie01"},"content":"        System.out.println(LINE);","lastModifiedDate":"2024-02-03"},{"lineNumber":47,"author":{"gitId":"wjunjie01"},"content":"    }","lastModifiedDate":"2024-02-03"},{"lineNumber":48,"author":{"gitId":"wjunjie01"},"content":"","lastModifiedDate":"2024-02-03"},{"lineNumber":49,"author":{"gitId":"wjunjie01"},"content":"    public static void printUnmarkTask(int taskIndex, TaskList taskList){","lastModifiedDate":"2024-02-05"},{"lineNumber":50,"author":{"gitId":"wjunjie01"},"content":"        System.out.println(\"Boo! This task is not done yet! \");","lastModifiedDate":"2024-02-03"},{"lineNumber":51,"author":{"gitId":"wjunjie01"},"content":"        System.out.println(taskList.taskList.get(taskIndex).toString());","lastModifiedDate":"2024-02-05"},{"lineNumber":52,"author":{"gitId":"wjunjie01"},"content":"        System.out.println(LINE);","lastModifiedDate":"2024-02-03"},{"lineNumber":53,"author":{"gitId":"wjunjie01"},"content":"    }","lastModifiedDate":"2024-02-03"},{"lineNumber":54,"author":{"gitId":"wjunjie01"},"content":"","lastModifiedDate":"2024-02-03"},{"lineNumber":55,"author":{"gitId":"wjunjie01"},"content":"    public static void printAddTask(String taskDescription){","lastModifiedDate":"2024-02-03"},{"lineNumber":56,"author":{"gitId":"wjunjie01"},"content":"        System.out.println(\"added: \" + taskDescription);","lastModifiedDate":"2024-02-14"},{"lineNumber":57,"author":{"gitId":"wjunjie01"},"content":"        System.out.println(\"You now have \" + Task.getTaskCount() + \" task(s) in the list.\");","lastModifiedDate":"2024-02-03"},{"lineNumber":58,"author":{"gitId":"wjunjie01"},"content":"        System.out.println(LINE);","lastModifiedDate":"2024-02-03"},{"lineNumber":59,"author":{"gitId":"wjunjie01"},"content":"    }","lastModifiedDate":"2024-02-03"},{"lineNumber":60,"author":{"gitId":"wjunjie01"},"content":"}","lastModifiedDate":"2024-02-03"}],"authorContributionMap":{"wjunjie01":60}},{"path":"text-ui-test/input.txt","fileType":"txt","lines":[{"lineNumber":1,"author":{"gitId":"wjunjie01"},"content":"todo listen to music","lastModifiedDate":"2024-02-08"},{"lineNumber":2,"author":{"gitId":"wjunjie01"},"content":"deadline do chores! /by 6pm","lastModifiedDate":"2024-02-08"},{"lineNumber":3,"author":{"gitId":"wjunjie01"},"content":"mark 1","lastModifiedDate":"2024-02-08"},{"lineNumber":4,"author":{"gitId":"wjunjie01"},"content":"list","lastModifiedDate":"2024-02-08"},{"lineNumber":5,"author":{"gitId":"wjunjie01"},"content":"event Attend CS2113T lecture /from Friday 4pm /to 6pm","lastModifiedDate":"2024-02-08"},{"lineNumber":6,"author":{"gitId":"wjunjie01"},"content":"unmark 1","lastModifiedDate":"2024-02-08"},{"lineNumber":7,"author":{"gitId":"wjunjie01"},"content":"list","lastModifiedDate":"2024-02-08"},{"lineNumber":8,"author":{"gitId":"wjunjie01"},"content":"bye","lastModifiedDate":"2024-02-08"}],"authorContributionMap":{"wjunjie01":8}}]
