{"authorDailyContributionsMap":{"wjunjie01":[{"date":"2024-01-20","commitResults":[{"hash":"fd380505e4873038d341f3e62b1d99712661b8c3","isMergeCommit":false,"messageTitle":"Replace Duke with Janet","messageBody":"","tags":["Level-0"],"fileTypesAndContributionMap":{"java":{"insertions":15,"deletions":6}}}]},{"date":"2024-01-22","commitResults":[{"hash":"b3bcbadc5697a310f2b3a296a8f0f882cfeb89e2","isMergeCommit":false,"messageTitle":"Add echo function","messageBody":"","tags":["Level-1"],"fileTypesAndContributionMap":{"java":{"insertions":15,"deletions":4}}},{"hash":"3f591b8e78f8e30919d14395c685d07d5f9996ab","isMergeCommit":false,"messageTitle":"Add record task list function","messageBody":"","tags":["Level-2"],"fileTypesAndContributionMap":{"java":{"insertions":23,"deletions":3}}}]},{"date":"2024-01-23","commitResults":[{"hash":"50a11f6ed7bd775f830e77e9717bff32f28a9140","isMergeCommit":false,"messageTitle":"Add mark task function in task list","messageBody":"","fileTypesAndContributionMap":{"java":{"insertions":42,"deletions":8}}},{"hash":"690ab5f5d1a95ecb03023e2de3e97332726107ca","isMergeCommit":false,"messageTitle":"Add unmark task function","messageBody":"","tags":["Level-3"],"fileTypesAndContributionMap":{"java":{"insertions":10,"deletions":0}}}]},{"date":"2024-01-24","commitResults":[{"hash":"0ee89972c67c5a79ee6fefa05a0c24f36923c758","isMergeCommit":false,"messageTitle":"Change the code to comply with coding standard","messageBody":"","fileTypesAndContributionMap":{"java":{"insertions":16,"deletions":16}}}]},{"date":"2024-01-27","commitResults":[{"hash":"a06c432ad8f8587094962563e1081f627f517b05","isMergeCommit":false,"messageTitle":"Change the method name to comply with coding standard","messageBody":"Variables name should be Nouns.\nClassName should be PascalCase.\nvariableName should be camelCase.\nCONSTANT_NAME should be in CAPS.\n\nMethod names should be a Verb.\n","tags":["A-CodingStandard"],"fileTypesAndContributionMap":{"java":{"insertions":4,"deletions":4}}}]},{"date":"2024-01-31","commitResults":[{"hash":"3bdbbb61b30bc5c3e6e580b1347fc5802a30854d","isMergeCommit":false,"messageTitle":"Add ToDo, Deadline, Event class","messageBody":"This is done using the inheritance function from the superclass Task.\nOverride in the function toString has been implemented to differentiate\nthe outputs between the classes.\n","fileTypesAndContributionMap":{"java":{"insertions":49,"deletions":2}}},{"hash":"c84826064aa5f4f5a72898c18867f2a7abb386f0","isMergeCommit":false,"messageTitle":"Add record function for the different task type: Todo, Deadline, Event","messageBody":"Able to display the task type along with its status.\n","tags":["Level-4"],"fileTypesAndContributionMap":{"java":{"insertions":41,"deletions":17}}}]},{"date":"2024-02-03","commitResults":[{"hash":"fabc4b029936b11c698a206193c1a1f97cbc19d7","isMergeCommit":false,"messageTitle":"Add Ui class","messageBody":"Major refactoring of code part 1, improving code quality by cleaning\nup code statements and adhering to code quality\n","fileTypesAndContributionMap":{"java":{"insertions":58,"deletions":37}}},{"hash":"a6822e8d790a10d346b95ac0f92f787b57c61ed1","isMergeCommit":false,"messageTitle":"Add Parser class","messageBody":"Major refactoring of code part 2\n","fileTypesAndContributionMap":{"java":{"insertions":86,"deletions":55}}}]},{"date":"2024-02-04","commitResults":[{"hash":"7ab0ff2d6de37040f135f48c645be9f3bf0e3a72","isMergeCommit":false,"messageTitle":"Clean up code quality","messageBody":"Minor indentation and spacing issues\n","tags":["A-CodeQuality"],"fileTypesAndContributionMap":{"java":{"insertions":0,"deletions":5}}}]},{"date":"2024-02-05","commitResults":[{"hash":"ddf7a819698d78b4dce64f2c70a596b73bd75714","isMergeCommit":false,"messageTitle":"Add Command classes for easier abstraction on the Parser class","messageBody":"","fileTypesAndContributionMap":{"java":{"insertions":79,"deletions":0}}},{"hash":"484aafbcfda46e3007a1e369b00035acfc8242cf","isMergeCommit":false,"messageTitle":"Add TaskList class","messageBody":"This is to access the tasks from the task list easily and dynamically.\n","fileTypesAndContributionMap":{"java":{"insertions":11,"deletions":0}}},{"hash":"3130b703a38e51468daee4dfec4b8edbaa90aced","isMergeCommit":false,"messageTitle":"Refactor the code for Parser and Duke class","messageBody":"This is done to make the flow in the main function more easy to follow.\nThis incorporates the error handling effectively.\n","tags":["A-Exceptions"],"fileTypesAndContributionMap":{"java":{"insertions":159,"deletions":85}}},{"hash":"a0f3abee69314fdc06913a85a0fb7ff9eeccc092","isMergeCommit":true,"messageTitle":"Merge branch \u0027branch-Level-5\u0027","messageBody":"","tags":["Level-5"],"fileTypesAndContributionMap":{}}]},{"date":"2024-02-08","commitResults":[{"hash":"0facf874b97c52c7f09203eb89be021031c947f7","isMergeCommit":false,"messageTitle":"Add automated text UI testing","messageBody":"","tags":["A-TextUiTesting"],"fileTypesAndContributionMap":{"txt":{"insertions":8,"deletions":0}}}]},{"date":"2024-02-14","commitResults":[{"hash":"b6d751059e2a0dbb846a2bac1bb53e64144826da","isMergeCommit":false,"messageTitle":"Improve code quality after reviewing comments on my first PR review","messageBody":"","fileTypesAndContributionMap":{"java":{"insertions":45,"deletions":57}}},{"hash":"141dedfb472be648a0e430684c834dd4ec3d31b5","isMergeCommit":false,"messageTitle":"Organize the classes into different packages","messageBody":"","fileTypesAndContributionMap":{"java":{"insertions":375,"deletions":307}}},{"hash":"ccf524d50c8b3b68eaf9625152ea5bde55cdc249","isMergeCommit":true,"messageTitle":"Merge branch \u0027branch-A-Packages\u0027","messageBody":"","tags":["A-Packages"],"fileTypesAndContributionMap":{}}]},{"date":"2024-02-15","commitResults":[{"hash":"5e771230313b243ef83d374d79cd995652e8f669","isMergeCommit":false,"messageTitle":"Add delete task function","messageBody":"Add delete function and fix some bugs with regards to an invalid index\nmark 0 or delete 0 that crashes the program.\n","tags":["Level-6","A-Collections"],"fileTypesAndContributionMap":{"java":{"insertions":62,"deletions":8}}}]},{"date":"2024-02-16","commitResults":[{"hash":"6866eefa15abf9dee70687d67ff5f6296c4222f9","isMergeCommit":false,"messageTitle":"Create storage class to load data and save data from the file","messageBody":"","fileTypesAndContributionMap":{"java":{"insertions":49,"deletions":0}}},{"hash":"bc083ef667ad4126c50ba89e43d07a3b4faed1d3","isMergeCommit":false,"messageTitle":"Add methods to the task classes to convert to file format","messageBody":"","fileTypesAndContributionMap":{"java":{"insertions":18,"deletions":0}}},{"hash":"70aec53d900bf2c035e2515407a23662443ce5ee","isMergeCommit":false,"messageTitle":"Add save file and load from file function","messageBody":"File path is given by data/duke.txt\n","tags":["Level-7"],"fileTypesAndContributionMap":{"txt":{"insertions":3,"deletions":0},"java":{"insertions":53,"deletions":0}}},{"hash":"3bcb9ab805e2b92ad31613a9ecfd75ad916bd5b8","isMergeCommit":true,"messageTitle":"Merge branch \u0027branch-Level-6\u0027","messageBody":"","fileTypesAndContributionMap":{}},{"hash":"eb6f3b3f82e37c6c05c749c70deeb6d329426955","isMergeCommit":true,"messageTitle":"Merge branch \u0027branch-Level-7\u0027","messageBody":"","fileTypesAndContributionMap":{}}]},{"date":"2024-02-18","commitResults":[{"hash":"d48d73d1f099f1c7326736e0d5f87c7836ec7db7","isMergeCommit":false,"messageTitle":"Add comments for Parser and Storage class","messageBody":"","fileTypesAndContributionMap":{"java":{"insertions":89,"deletions":2}}},{"hash":"18f01a5812e12076446c43b1f07fc38ffe4c8a7b","isMergeCommit":false,"messageTitle":"Add comments to Command classes","messageBody":"","fileTypesAndContributionMap":{"java":{"insertions":123,"deletions":0}}},{"hash":"96578c5f400f4c3358aabc6e70cc2c2d073d65cd","isMergeCommit":false,"messageTitle":"Modify code to align with code in A-MoreOOP","messageBody":"This is done by making the Command class abstract and\nsimplifying the code in Duke.java.\n","tags":["A-MoreOOP"],"fileTypesAndContributionMap":{"txt":{"insertions":1,"deletions":1},"java":{"insertions":20,"deletions":17}}}]},{"date":"2024-02-21","commitResults":[{"hash":"e95c8b92f2bd7dbca09446ab1707ecbe059a7281","isMergeCommit":false,"messageTitle":"Add comments to Task and its child classes","messageBody":"","fileTypesAndContributionMap":{"java":{"insertions":120,"deletions":2}}},{"hash":"5d9fb2dc297738691e3faa72754502347b3a5bd0","isMergeCommit":false,"messageTitle":"Add find command","messageBody":"","tags":["Level-9"],"fileTypesAndContributionMap":{"txt":{"insertions":1,"deletions":0},"java":{"insertions":54,"deletions":0}}}]},{"date":"2024-02-22","commitResults":[{"hash":"b1487be800ac1745d0ddee0086971cfe1a1fd0ae","isMergeCommit":true,"messageTitle":"Merge pull request #1 from wjunjie01/branch-Level-9","messageBody":"Add find command","fileTypesAndContributionMap":{}},{"hash":"d80e2ac3d12a5e5391f47f4d8178a62b048c673d","isMergeCommit":true,"messageTitle":"Merge branch \u0027master\u0027 into A-JavaDoc","messageBody":"","fileTypesAndContributionMap":{}},{"hash":"2235c9f6673b646c2f16430d69da74d41fcad5b7","isMergeCommit":true,"messageTitle":"Merge pull request #2 from wjunjie01/A-JavaDoc","messageBody":"Add JavaDoc comments","fileTypesAndContributionMap":{}},{"hash":"198f2425de11748e8cb7f55e461375e313b81f02","isMergeCommit":false,"messageTitle":"Clean up code after merging","messageBody":"- Add better print statements\n- Remove unnecessary methods and variable\n- Add missing comments to merged methods\n","fileTypesAndContributionMap":{"java":{"insertions":31,"deletions":21}}}]},{"date":"2024-02-23","commitResults":[{"hash":"9622454590932fba02c8587ee603234a92dde672","isMergeCommit":false,"messageTitle":"Clean up code to adhere to coding standards","messageBody":"- Mainly the bracket ({) that is supposed to have a spacing after the\nfunction\n","fileTypesAndContributionMap":{"java":{"insertions":26,"deletions":23}}},{"hash":"f734a0c71ae1739ecfcaac3437a33ba8b8a5b7f1","isMergeCommit":false,"messageTitle":"Clean up UI class","messageBody":"- Abstract out methods\n- Fix print statements and error message\n","fileTypesAndContributionMap":{"java":{"insertions":33,"deletions":31}}},{"hash":"f13da12283fb7c3de6d7be01ae509ebfa83ec3aa","isMergeCommit":false,"messageTitle":"Fix comments for all classes","messageBody":"- Add comments for find command\n- Fix comments for all the parameters of the classes\n- Remove unnecessary variable and method for Command class\n- Change Todo class\u0027s behavior\n","tags":["A-JavaDoc"],"fileTypesAndContributionMap":{"java":{"insertions":147,"deletions":133}}},{"hash":"9e6361805eb9f6b2e4c52be7827c5643e6b09892","isMergeCommit":false,"messageTitle":"Add basic User Guide(UG)","messageBody":"- Includes the basic features and structure\n- Change find command\u0027s search to be case insensitive\n- Some refinement on Parser class\n","fileTypesAndContributionMap":{"txt":{"insertions":4,"deletions":4},"java":{"insertions":7,"deletions":11},"md":{"insertions":110,"deletions":14}}}]},{"date":"2024-02-27","commitResults":[{"hash":"24aa6262a789186932149301f6a8bb9dd2d1814f","isMergeCommit":false,"messageTitle":"Update FAQ, Command summary section of UG","messageBody":"","fileTypesAndContributionMap":{"md":{"insertions":108,"deletions":33}}},{"hash":"c429c3eea4aa28e2e0a3cfdf0df34f0c62b78185","isMergeCommit":false,"messageTitle":"Update README.md to include warnings","messageBody":"","tags":["A-UserGuide"],"fileTypesAndContributionMap":{"md":{"insertions":31,"deletions":7}}}]},{"date":"2024-02-28","commitResults":[{"hash":"b261525642b09ed37f2a92728aebba7573878e0f","isMergeCommit":false,"messageTitle":"Update README.md change from IP to Janet","messageBody":"","fileTypesAndContributionMap":{"md":{"insertions":2,"deletions":2}}},{"hash":"affed24e87c43362b8101880e2589583b6b70ca0","isMergeCommit":false,"messageTitle":"Add new picture for Janet.jar for README","messageBody":"","tags":["A-Release"],"fileTypesAndContributionMap":{"md":{"insertions":2,"deletions":2}}}]}]},"authorFileTypeContributionMap":{"wjunjie01":{"java":1016,"md":202,"fxml":0,"sh":0,"bat":0,"gradle":0,"txt":12}},"authorContributionVariance":{"wjunjie01":24868.602},"authorDisplayNameMap":{"wjunjie01":"CS2113T-T09-3 WONG.. JIE"}}
