[{"path":"src/main/java/Deadline.java","fileType":"java","lines":[{"lineNumber":1,"author":{"gitId":"Andy123qq4"},"content":"public class Deadline extends Task {","lastModifiedDate":"2024-02-22"},{"lineNumber":2,"author":{"gitId":"Andy123qq4"},"content":"","lastModifiedDate":"2024-02-22"},{"lineNumber":3,"author":{"gitId":"Andy123qq4"},"content":"    private String deadline;","lastModifiedDate":"2024-02-22"},{"lineNumber":4,"author":{"gitId":"Andy123qq4"},"content":"","lastModifiedDate":"2024-02-22"},{"lineNumber":5,"author":{"gitId":"Andy123qq4"},"content":"    public Deadline(String description, String by) {","lastModifiedDate":"2024-02-22"},{"lineNumber":6,"author":{"gitId":"Andy123qq4"},"content":"        super(description);","lastModifiedDate":"2024-02-22"},{"lineNumber":7,"author":{"gitId":"Andy123qq4"},"content":"        this.deadline \u003d by;","lastModifiedDate":"2024-02-22"},{"lineNumber":8,"author":{"gitId":"Andy123qq4"},"content":"    }","lastModifiedDate":"2024-02-22"},{"lineNumber":9,"author":{"gitId":"Andy123qq4"},"content":"","lastModifiedDate":"2024-02-22"},{"lineNumber":10,"author":{"gitId":"Andy123qq4"},"content":"    public String getDeadline() {","lastModifiedDate":"2024-02-22"},{"lineNumber":11,"author":{"gitId":"Andy123qq4"},"content":"        return deadline;","lastModifiedDate":"2024-02-22"},{"lineNumber":12,"author":{"gitId":"Andy123qq4"},"content":"    }","lastModifiedDate":"2024-02-22"},{"lineNumber":13,"author":{"gitId":"Andy123qq4"},"content":"","lastModifiedDate":"2024-02-22"},{"lineNumber":14,"author":{"gitId":"Andy123qq4"},"content":"    @Override","lastModifiedDate":"2024-02-22"},{"lineNumber":15,"author":{"gitId":"Andy123qq4"},"content":"    public String getType() {","lastModifiedDate":"2024-02-22"},{"lineNumber":16,"author":{"gitId":"Andy123qq4"},"content":"        return \"D\";","lastModifiedDate":"2024-02-22"},{"lineNumber":17,"author":{"gitId":"Andy123qq4"},"content":"    }","lastModifiedDate":"2024-02-22"},{"lineNumber":18,"author":{"gitId":"Andy123qq4"},"content":"","lastModifiedDate":"2024-02-22"},{"lineNumber":19,"author":{"gitId":"Andy123qq4"},"content":"    @Override","lastModifiedDate":"2024-02-22"},{"lineNumber":20,"author":{"gitId":"Andy123qq4"},"content":"    public String toString() {","lastModifiedDate":"2024-02-22"},{"lineNumber":21,"author":{"gitId":"Andy123qq4"},"content":"        return super.toString() + \" (by: \" + deadline + \")\";","lastModifiedDate":"2024-02-22"},{"lineNumber":22,"author":{"gitId":"Andy123qq4"},"content":"    }","lastModifiedDate":"2024-02-22"},{"lineNumber":23,"author":{"gitId":"Andy123qq4"},"content":"}","lastModifiedDate":"2024-02-22"}],"authorContributionMap":{"Andy123qq4":23}},{"path":"src/main/java/Duke.java","fileType":"java","lines":[{"lineNumber":1,"author":{"gitId":"Andy123qq4"},"content":"import java.io.*;","lastModifiedDate":"2024-02-22"},{"lineNumber":2,"author":{"gitId":"Andy123qq4"},"content":"import java.util.ArrayList;","lastModifiedDate":"2024-02-10"},{"lineNumber":3,"author":{"gitId":"Andy123qq4"},"content":"import java.util.List;","lastModifiedDate":"2024-02-10"},{"lineNumber":4,"author":{"gitId":"Andy123qq4"},"content":"import java.util.Scanner;","lastModifiedDate":"2024-02-08"},{"lineNumber":5,"author":{"gitId":"Andy123qq4"},"content":"","lastModifiedDate":"2024-02-10"},{"lineNumber":6,"author":{"gitId":"-"},"content":"public class Duke {","lastModifiedDate":"2019-07-29"},{"lineNumber":7,"author":{"gitId":"Andy123qq4"},"content":"    private static final String FILE_PATH \u003d \"./data/duke.txt\";","lastModifiedDate":"2024-02-22"},{"lineNumber":8,"author":{"gitId":"Andy123qq4"},"content":"    private final String name;","lastModifiedDate":"2024-02-10"},{"lineNumber":9,"author":{"gitId":"Andy123qq4"},"content":"    private final List\u003cTask\u003e tasks;","lastModifiedDate":"2024-02-10"},{"lineNumber":10,"author":{"gitId":"Andy123qq4"},"content":"","lastModifiedDate":"2024-02-08"},{"lineNumber":11,"author":{"gitId":"Andy123qq4"},"content":"    public Duke(String name) {","lastModifiedDate":"2024-02-08"},{"lineNumber":12,"author":{"gitId":"Andy123qq4"},"content":"        this.name \u003d name;","lastModifiedDate":"2024-02-08"},{"lineNumber":13,"author":{"gitId":"Andy123qq4"},"content":"        this.tasks \u003d new ArrayList\u003c\u003e();","lastModifiedDate":"2024-02-10"},{"lineNumber":14,"author":{"gitId":"Andy123qq4"},"content":"    }","lastModifiedDate":"2024-02-08"},{"lineNumber":15,"author":{"gitId":"Andy123qq4"},"content":"","lastModifiedDate":"2024-02-08"},{"lineNumber":16,"author":{"gitId":"Andy123qq4"},"content":"    public void greet() {","lastModifiedDate":"2024-02-08"},{"lineNumber":17,"author":{"gitId":"Andy123qq4"},"content":"        System.out.println(\"\u003d\u003d\u003d\u003d\u003d\u003d\u003d\u003d\u003d\u003d\u003d\u003d\u003d\u003d\u003d\u003d\u003d\u003d\u003d\u003d\u003d\u003d\u003d\u003d\u003d\");","lastModifiedDate":"2024-02-08"},{"lineNumber":18,"author":{"gitId":"Andy123qq4"},"content":"        System.out.println(\"Hello! I\u0027m \" + name);","lastModifiedDate":"2024-02-08"},{"lineNumber":19,"author":{"gitId":"Andy123qq4"},"content":"        System.out.println(\"What can I do for you?\");","lastModifiedDate":"2024-02-08"},{"lineNumber":20,"author":{"gitId":"Andy123qq4"},"content":"    }","lastModifiedDate":"2024-02-08"},{"lineNumber":21,"author":{"gitId":"Andy123qq4"},"content":"","lastModifiedDate":"2024-02-08"},{"lineNumber":22,"author":{"gitId":"Andy123qq4"},"content":"    public void addTask(String description) throws DukeException{","lastModifiedDate":"2024-02-22"},{"lineNumber":23,"author":{"gitId":"Andy123qq4"},"content":"        Scanner scanner \u003d new Scanner(description);","lastModifiedDate":"2024-02-22"},{"lineNumber":24,"author":{"gitId":"Andy123qq4"},"content":"        scanner.useDelimiter(\" \");","lastModifiedDate":"2024-02-22"},{"lineNumber":25,"author":{"gitId":"Andy123qq4"},"content":"        String taskType \u003d scanner.next().toLowerCase();","lastModifiedDate":"2024-02-22"},{"lineNumber":26,"author":{"gitId":"Andy123qq4"},"content":"","lastModifiedDate":"2024-02-10"},{"lineNumber":27,"author":{"gitId":"Andy123qq4"},"content":"        String taskDescription;","lastModifiedDate":"2024-02-22"},{"lineNumber":28,"author":{"gitId":"Andy123qq4"},"content":"        if (scanner.hasNext()) {","lastModifiedDate":"2024-02-22"},{"lineNumber":29,"author":{"gitId":"Andy123qq4"},"content":"            taskDescription \u003d scanner.nextLine().trim();","lastModifiedDate":"2024-02-22"},{"lineNumber":30,"author":{"gitId":"Andy123qq4"},"content":"        } else {","lastModifiedDate":"2024-02-22"},{"lineNumber":31,"author":{"gitId":"Andy123qq4"},"content":"            taskDescription \u003d \"\";","lastModifiedDate":"2024-02-22"},{"lineNumber":32,"author":{"gitId":"Andy123qq4"},"content":"        }","lastModifiedDate":"2024-02-22"},{"lineNumber":33,"author":{"gitId":"Andy123qq4"},"content":"","lastModifiedDate":"2024-02-10"},{"lineNumber":34,"author":{"gitId":"Andy123qq4"},"content":"        Task task;","lastModifiedDate":"2024-02-10"},{"lineNumber":35,"author":{"gitId":"Andy123qq4"},"content":"        switch (taskType) {","lastModifiedDate":"2024-02-10"},{"lineNumber":36,"author":{"gitId":"Andy123qq4"},"content":"            case \"todo\":","lastModifiedDate":"2024-02-10"},{"lineNumber":37,"author":{"gitId":"Andy123qq4"},"content":"                if (taskDescription.isEmpty()) {","lastModifiedDate":"2024-02-22"},{"lineNumber":38,"author":{"gitId":"Andy123qq4"},"content":"                    throw new DukeException(\"NO!!! The description of a todo task cannot be empty!\");","lastModifiedDate":"2024-02-22"},{"lineNumber":39,"author":{"gitId":"Andy123qq4"},"content":"                }","lastModifiedDate":"2024-02-22"},{"lineNumber":40,"author":{"gitId":"Andy123qq4"},"content":"                task \u003d new Todo(taskDescription);","lastModifiedDate":"2024-02-10"},{"lineNumber":41,"author":{"gitId":"Andy123qq4"},"content":"                break;","lastModifiedDate":"2024-02-10"},{"lineNumber":42,"author":{"gitId":"Andy123qq4"},"content":"            case \"deadline\":","lastModifiedDate":"2024-02-10"},{"lineNumber":43,"author":{"gitId":"Andy123qq4"},"content":"                String[] deadlineParts \u003d taskDescription.split(\" /by \", 2);","lastModifiedDate":"2024-02-10"},{"lineNumber":44,"author":{"gitId":"Andy123qq4"},"content":"                String deadlineDescription \u003d deadlineParts[0];","lastModifiedDate":"2024-02-10"},{"lineNumber":45,"author":{"gitId":"Andy123qq4"},"content":"                String by \u003d deadlineParts.length \u003e 1 ? deadlineParts[1] : \"\";","lastModifiedDate":"2024-02-10"},{"lineNumber":46,"author":{"gitId":"Andy123qq4"},"content":"                task \u003d new Deadline(deadlineDescription, by);","lastModifiedDate":"2024-02-10"},{"lineNumber":47,"author":{"gitId":"Andy123qq4"},"content":"                break;","lastModifiedDate":"2024-02-10"},{"lineNumber":48,"author":{"gitId":"Andy123qq4"},"content":"            case \"event\":","lastModifiedDate":"2024-02-10"},{"lineNumber":49,"author":{"gitId":"Andy123qq4"},"content":"                String[] eventParts \u003d taskDescription.split(\" /from \", 3);","lastModifiedDate":"2024-02-22"},{"lineNumber":50,"author":{"gitId":"Andy123qq4"},"content":"                String eventDescription \u003d eventParts[0];","lastModifiedDate":"2024-02-10"},{"lineNumber":51,"author":{"gitId":"Andy123qq4"},"content":"                if (eventParts.length \u003c 2) {","lastModifiedDate":"2024-02-10"},{"lineNumber":52,"author":{"gitId":"Andy123qq4"},"content":"                    System.out.println(\"Invalid event task format. Please include the start and end times.\");","lastModifiedDate":"2024-02-10"},{"lineNumber":53,"author":{"gitId":"Andy123qq4"},"content":"                    return;","lastModifiedDate":"2024-02-10"},{"lineNumber":54,"author":{"gitId":"Andy123qq4"},"content":"                }","lastModifiedDate":"2024-02-10"},{"lineNumber":55,"author":{"gitId":"Andy123qq4"},"content":"                String[] timeParts \u003d eventParts[1].split(\" /to \", 2);","lastModifiedDate":"2024-02-10"},{"lineNumber":56,"author":{"gitId":"Andy123qq4"},"content":"                String start \u003d timeParts[0];","lastModifiedDate":"2024-02-10"},{"lineNumber":57,"author":{"gitId":"Andy123qq4"},"content":"                String end \u003d timeParts.length \u003e 1 ? timeParts[1] : \"\";","lastModifiedDate":"2024-02-10"},{"lineNumber":58,"author":{"gitId":"Andy123qq4"},"content":"                task \u003d new Event(eventDescription, start, end);","lastModifiedDate":"2024-02-10"},{"lineNumber":59,"author":{"gitId":"Andy123qq4"},"content":"                break;","lastModifiedDate":"2024-02-10"},{"lineNumber":60,"author":{"gitId":"Andy123qq4"},"content":"            default:","lastModifiedDate":"2024-02-10"},{"lineNumber":61,"author":{"gitId":"Andy123qq4"},"content":"                System.out.println(\"I dont understand what do you mean, please try again.\");","lastModifiedDate":"2024-02-22"},{"lineNumber":62,"author":{"gitId":"Andy123qq4"},"content":"                return;","lastModifiedDate":"2024-02-10"},{"lineNumber":63,"author":{"gitId":"Andy123qq4"},"content":"        }","lastModifiedDate":"2024-02-10"},{"lineNumber":64,"author":{"gitId":"Andy123qq4"},"content":"        tasks.add(task);","lastModifiedDate":"2024-02-10"},{"lineNumber":65,"author":{"gitId":"Andy123qq4"},"content":"        System.out.println(\"Added: \" + task);","lastModifiedDate":"2024-02-10"},{"lineNumber":66,"author":{"gitId":"Andy123qq4"},"content":"    }","lastModifiedDate":"2024-02-08"},{"lineNumber":67,"author":{"gitId":"Andy123qq4"},"content":"","lastModifiedDate":"2024-02-08"},{"lineNumber":68,"author":{"gitId":"Andy123qq4"},"content":"    public void deleteTask(int index) {","lastModifiedDate":"2024-02-22"},{"lineNumber":69,"author":{"gitId":"Andy123qq4"},"content":"        if (index \u003e\u003d 0 \u0026\u0026 index \u003c\u003d tasks.size()) {","lastModifiedDate":"2024-02-22"},{"lineNumber":70,"author":{"gitId":"Andy123qq4"},"content":"            Task deletedTask \u003d tasks.remove(index-1);","lastModifiedDate":"2024-02-22"},{"lineNumber":71,"author":{"gitId":"Andy123qq4"},"content":"            System.out.println(\"Noted. I\u0027ve removed this task:\");","lastModifiedDate":"2024-02-22"},{"lineNumber":72,"author":{"gitId":"Andy123qq4"},"content":"            System.out.println(deletedTask);","lastModifiedDate":"2024-02-22"},{"lineNumber":73,"author":{"gitId":"Andy123qq4"},"content":"            System.out.println(\"Now you have \" + tasks.size() + \" tasks in the list.\");","lastModifiedDate":"2024-02-22"},{"lineNumber":74,"author":{"gitId":"Andy123qq4"},"content":"        } else {","lastModifiedDate":"2024-02-22"},{"lineNumber":75,"author":{"gitId":"Andy123qq4"},"content":"            System.out.println(\"Invalid task index. Please provide a valid task number.\");","lastModifiedDate":"2024-02-22"},{"lineNumber":76,"author":{"gitId":"Andy123qq4"},"content":"        }","lastModifiedDate":"2024-02-22"},{"lineNumber":77,"author":{"gitId":"Andy123qq4"},"content":"    }","lastModifiedDate":"2024-02-22"},{"lineNumber":78,"author":{"gitId":"Andy123qq4"},"content":"","lastModifiedDate":"2024-02-22"},{"lineNumber":79,"author":{"gitId":"Andy123qq4"},"content":"    public static void saveTasksToFile(List\u003cTask\u003e tasks) {","lastModifiedDate":"2024-02-22"},{"lineNumber":80,"author":{"gitId":"Andy123qq4"},"content":"        try {","lastModifiedDate":"2024-02-22"},{"lineNumber":81,"author":{"gitId":"Andy123qq4"},"content":"            File file \u003d new File(FILE_PATH);","lastModifiedDate":"2024-02-22"},{"lineNumber":82,"author":{"gitId":"Andy123qq4"},"content":"            if (!file.getParentFile().exists()) {","lastModifiedDate":"2024-02-22"},{"lineNumber":83,"author":{"gitId":"Andy123qq4"},"content":"                file.getParentFile().mkdirs();","lastModifiedDate":"2024-02-22"},{"lineNumber":84,"author":{"gitId":"Andy123qq4"},"content":"            }","lastModifiedDate":"2024-02-22"},{"lineNumber":85,"author":{"gitId":"Andy123qq4"},"content":"            if (!file.exists()) {","lastModifiedDate":"2024-02-22"},{"lineNumber":86,"author":{"gitId":"Andy123qq4"},"content":"                file.createNewFile();","lastModifiedDate":"2024-02-22"},{"lineNumber":87,"author":{"gitId":"Andy123qq4"},"content":"            }","lastModifiedDate":"2024-02-22"},{"lineNumber":88,"author":{"gitId":"Andy123qq4"},"content":"","lastModifiedDate":"2024-02-22"},{"lineNumber":89,"author":{"gitId":"Andy123qq4"},"content":"            FileWriter fileWriter \u003d new FileWriter(file);","lastModifiedDate":"2024-02-22"},{"lineNumber":90,"author":{"gitId":"Andy123qq4"},"content":"            BufferedWriter bufferedWriter \u003d new BufferedWriter(fileWriter);","lastModifiedDate":"2024-02-22"},{"lineNumber":91,"author":{"gitId":"Andy123qq4"},"content":"","lastModifiedDate":"2024-02-22"},{"lineNumber":92,"author":{"gitId":"Andy123qq4"},"content":"            for (Task task : tasks) {","lastModifiedDate":"2024-02-22"},{"lineNumber":93,"author":{"gitId":"Andy123qq4"},"content":"                bufferedWriter.write(task.toString());","lastModifiedDate":"2024-02-22"},{"lineNumber":94,"author":{"gitId":"Andy123qq4"},"content":"                bufferedWriter.newLine();","lastModifiedDate":"2024-02-22"},{"lineNumber":95,"author":{"gitId":"Andy123qq4"},"content":"            }","lastModifiedDate":"2024-02-22"},{"lineNumber":96,"author":{"gitId":"Andy123qq4"},"content":"","lastModifiedDate":"2024-02-22"},{"lineNumber":97,"author":{"gitId":"Andy123qq4"},"content":"            bufferedWriter.close();","lastModifiedDate":"2024-02-22"},{"lineNumber":98,"author":{"gitId":"Andy123qq4"},"content":"            System.out.println(\"Tasks saved to file: \" + FILE_PATH);","lastModifiedDate":"2024-02-22"},{"lineNumber":99,"author":{"gitId":"Andy123qq4"},"content":"        } catch (IOException e) {","lastModifiedDate":"2024-02-22"},{"lineNumber":100,"author":{"gitId":"Andy123qq4"},"content":"            System.out.println(\"Error saving tasks to file: \" + e.getMessage());","lastModifiedDate":"2024-02-22"},{"lineNumber":101,"author":{"gitId":"Andy123qq4"},"content":"        }","lastModifiedDate":"2024-02-22"},{"lineNumber":102,"author":{"gitId":"Andy123qq4"},"content":"    }","lastModifiedDate":"2024-02-22"},{"lineNumber":103,"author":{"gitId":"Andy123qq4"},"content":"","lastModifiedDate":"2024-02-22"},{"lineNumber":104,"author":{"gitId":"Andy123qq4"},"content":"    public void listTasks() {","lastModifiedDate":"2024-02-08"},{"lineNumber":105,"author":{"gitId":"Andy123qq4"},"content":"        if (tasks.isEmpty()) {","lastModifiedDate":"2024-02-10"},{"lineNumber":106,"author":{"gitId":"Andy123qq4"},"content":"            System.out.println(\"No tasks added yet.\");","lastModifiedDate":"2024-02-08"},{"lineNumber":107,"author":{"gitId":"Andy123qq4"},"content":"        } else {","lastModifiedDate":"2024-02-08"},{"lineNumber":108,"author":{"gitId":"Andy123qq4"},"content":"            System.out.println(\"Here are the tasks in your list:\");","lastModifiedDate":"2024-02-08"},{"lineNumber":109,"author":{"gitId":"Andy123qq4"},"content":"            for (int i \u003d 0; i \u003c tasks.size(); i++) {","lastModifiedDate":"2024-02-10"},{"lineNumber":110,"author":{"gitId":"Andy123qq4"},"content":"                System.out.println((i + 1) + \".\" + tasks.get(i));","lastModifiedDate":"2024-02-10"},{"lineNumber":111,"author":{"gitId":"Andy123qq4"},"content":"            }","lastModifiedDate":"2024-02-10"},{"lineNumber":112,"author":{"gitId":"Andy123qq4"},"content":"        }","lastModifiedDate":"2024-02-10"},{"lineNumber":113,"author":{"gitId":"Andy123qq4"},"content":"    }","lastModifiedDate":"2024-02-08"},{"lineNumber":114,"author":{"gitId":"Andy123qq4"},"content":"","lastModifiedDate":"2024-02-10"},{"lineNumber":115,"author":{"gitId":"Andy123qq4"},"content":"    public void markTaskAsDone(String description) {","lastModifiedDate":"2024-02-10"},{"lineNumber":116,"author":{"gitId":"Andy123qq4"},"content":"        boolean found \u003d false;","lastModifiedDate":"2024-02-10"},{"lineNumber":117,"author":{"gitId":"Andy123qq4"},"content":"        for (Task task : tasks) {","lastModifiedDate":"2024-02-10"},{"lineNumber":118,"author":{"gitId":"Andy123qq4"},"content":"            if (task.getDescription().equals(description)) {","lastModifiedDate":"2024-02-10"},{"lineNumber":119,"author":{"gitId":"Andy123qq4"},"content":"                if (!task.isDone()) {","lastModifiedDate":"2024-02-10"},{"lineNumber":120,"author":{"gitId":"Andy123qq4"},"content":"                    task.markAsDone();","lastModifiedDate":"2024-02-10"},{"lineNumber":121,"author":{"gitId":"Andy123qq4"},"content":"                    System.out.println(\"Nice! I\u0027ve marked this task as done:\");","lastModifiedDate":"2024-02-10"},{"lineNumber":122,"author":{"gitId":"Andy123qq4"},"content":"                    System.out.println(task);","lastModifiedDate":"2024-02-10"},{"lineNumber":123,"author":{"gitId":"Andy123qq4"},"content":"                } else {","lastModifiedDate":"2024-02-10"},{"lineNumber":124,"author":{"gitId":"Andy123qq4"},"content":"                    System.out.println(\"Task already marked as done.\");","lastModifiedDate":"2024-02-10"},{"lineNumber":125,"author":{"gitId":"Andy123qq4"},"content":"                }","lastModifiedDate":"2024-02-10"},{"lineNumber":126,"author":{"gitId":"Andy123qq4"},"content":"                found \u003d true;","lastModifiedDate":"2024-02-10"},{"lineNumber":127,"author":{"gitId":"Andy123qq4"},"content":"                break;","lastModifiedDate":"2024-02-10"},{"lineNumber":128,"author":{"gitId":"Andy123qq4"},"content":"            }","lastModifiedDate":"2024-02-10"},{"lineNumber":129,"author":{"gitId":"Andy123qq4"},"content":"        }","lastModifiedDate":"2024-02-10"},{"lineNumber":130,"author":{"gitId":"Andy123qq4"},"content":"","lastModifiedDate":"2024-02-10"},{"lineNumber":131,"author":{"gitId":"Andy123qq4"},"content":"        if (!found) {","lastModifiedDate":"2024-02-10"},{"lineNumber":132,"author":{"gitId":"Andy123qq4"},"content":"            System.out.println(\"Task not found.\");","lastModifiedDate":"2024-02-10"},{"lineNumber":133,"author":{"gitId":"Andy123qq4"},"content":"        }","lastModifiedDate":"2024-02-10"},{"lineNumber":134,"author":{"gitId":"Andy123qq4"},"content":"    }","lastModifiedDate":"2024-02-10"},{"lineNumber":135,"author":{"gitId":"Andy123qq4"},"content":"","lastModifiedDate":"2024-02-10"},{"lineNumber":136,"author":{"gitId":"Andy123qq4"},"content":"    public void unmarkTaskAsDone(String description) {","lastModifiedDate":"2024-02-10"},{"lineNumber":137,"author":{"gitId":"Andy123qq4"},"content":"        boolean found \u003d false;","lastModifiedDate":"2024-02-10"},{"lineNumber":138,"author":{"gitId":"Andy123qq4"},"content":"        for (Task task : tasks) {","lastModifiedDate":"2024-02-10"},{"lineNumber":139,"author":{"gitId":"Andy123qq4"},"content":"            if (task.getDescription().equals(description)) {","lastModifiedDate":"2024-02-10"},{"lineNumber":140,"author":{"gitId":"Andy123qq4"},"content":"                if (task.isDone()) {","lastModifiedDate":"2024-02-10"},{"lineNumber":141,"author":{"gitId":"Andy123qq4"},"content":"                    task.markAsNotDone();","lastModifiedDate":"2024-02-10"},{"lineNumber":142,"author":{"gitId":"Andy123qq4"},"content":"                    System.out.println(\"OK, I\u0027ve marked this task as not done yet:\");","lastModifiedDate":"2024-02-10"},{"lineNumber":143,"author":{"gitId":"Andy123qq4"},"content":"                    System.out.println(task);","lastModifiedDate":"2024-02-10"},{"lineNumber":144,"author":{"gitId":"Andy123qq4"},"content":"                } else {","lastModifiedDate":"2024-02-10"},{"lineNumber":145,"author":{"gitId":"Andy123qq4"},"content":"                    System.out.println(\"Task is already marked as not done.\");","lastModifiedDate":"2024-02-10"},{"lineNumber":146,"author":{"gitId":"Andy123qq4"},"content":"                }","lastModifiedDate":"2024-02-10"},{"lineNumber":147,"author":{"gitId":"Andy123qq4"},"content":"                found \u003d true;","lastModifiedDate":"2024-02-10"},{"lineNumber":148,"author":{"gitId":"Andy123qq4"},"content":"                break;","lastModifiedDate":"2024-02-10"},{"lineNumber":149,"author":{"gitId":"Andy123qq4"},"content":"            }","lastModifiedDate":"2024-02-10"},{"lineNumber":150,"author":{"gitId":"Andy123qq4"},"content":"        }","lastModifiedDate":"2024-02-10"},{"lineNumber":151,"author":{"gitId":"Andy123qq4"},"content":"","lastModifiedDate":"2024-02-10"},{"lineNumber":152,"author":{"gitId":"Andy123qq4"},"content":"        if (!found) {","lastModifiedDate":"2024-02-10"},{"lineNumber":153,"author":{"gitId":"Andy123qq4"},"content":"            System.out.println(\"Task not found.\");","lastModifiedDate":"2024-02-10"},{"lineNumber":154,"author":{"gitId":"Andy123qq4"},"content":"        }","lastModifiedDate":"2024-02-08"},{"lineNumber":155,"author":{"gitId":"Andy123qq4"},"content":"    }","lastModifiedDate":"2024-02-08"},{"lineNumber":156,"author":{"gitId":"Andy123qq4"},"content":"","lastModifiedDate":"2024-02-08"},{"lineNumber":157,"author":{"gitId":"Andy123qq4"},"content":"    public void echoCommands() {","lastModifiedDate":"2024-02-08"},{"lineNumber":158,"author":{"gitId":"Andy123qq4"},"content":"        Scanner scanner \u003d new Scanner(System.in);","lastModifiedDate":"2024-02-08"},{"lineNumber":159,"author":{"gitId":"Andy123qq4"},"content":"        String command;","lastModifiedDate":"2024-02-08"},{"lineNumber":160,"author":{"gitId":"Andy123qq4"},"content":"","lastModifiedDate":"2024-02-08"},{"lineNumber":161,"author":{"gitId":"Andy123qq4"},"content":"        do {","lastModifiedDate":"2024-02-08"},{"lineNumber":162,"author":{"gitId":"Andy123qq4"},"content":"            command \u003d scanner.nextLine().trim();","lastModifiedDate":"2024-02-22"},{"lineNumber":163,"author":{"gitId":"Andy123qq4"},"content":"            if (command.equals(\"list\")) {","lastModifiedDate":"2024-02-22"},{"lineNumber":164,"author":{"gitId":"Andy123qq4"},"content":"                listTasks();","lastModifiedDate":"2024-02-08"},{"lineNumber":165,"author":{"gitId":"Andy123qq4"},"content":"            } else if (command.startsWith(\"mark \")) {","lastModifiedDate":"2024-02-10"},{"lineNumber":166,"author":{"gitId":"Andy123qq4"},"content":"                markTaskAsDone(command.substring(5));","lastModifiedDate":"2024-02-10"},{"lineNumber":167,"author":{"gitId":"Andy123qq4"},"content":"            } else if (command.startsWith(\"unmark \")) {","lastModifiedDate":"2024-02-10"},{"lineNumber":168,"author":{"gitId":"Andy123qq4"},"content":"                unmarkTaskAsDone(command.substring(7));","lastModifiedDate":"2024-02-10"},{"lineNumber":169,"author":{"gitId":"Andy123qq4"},"content":"            } else if (command.startsWith(\"delete\")) {","lastModifiedDate":"2024-02-22"},{"lineNumber":170,"author":{"gitId":"Andy123qq4"},"content":"                int index \u003d Integer.parseInt(command.substring(7));","lastModifiedDate":"2024-02-22"},{"lineNumber":171,"author":{"gitId":"Andy123qq4"},"content":"                deleteTask(index);","lastModifiedDate":"2024-02-22"},{"lineNumber":172,"author":{"gitId":"Andy123qq4"},"content":"//            } else if (command.equals(\"save\")) {","lastModifiedDate":"2024-02-22"},{"lineNumber":173,"author":{"gitId":"Andy123qq4"},"content":"//                saveTasksToFile(tasks);","lastModifiedDate":"2024-02-22"},{"lineNumber":174,"author":{"gitId":"Andy123qq4"},"content":"            } else if (!command.startsWith(\"bye\")) {","lastModifiedDate":"2024-02-10"},{"lineNumber":175,"author":{"gitId":"Andy123qq4"},"content":"                try {","lastModifiedDate":"2024-02-22"},{"lineNumber":176,"author":{"gitId":"Andy123qq4"},"content":"                    addTask(command);","lastModifiedDate":"2024-02-08"},{"lineNumber":177,"author":{"gitId":"Andy123qq4"},"content":"                } catch (DukeException e) {","lastModifiedDate":"2024-02-22"},{"lineNumber":178,"author":{"gitId":"Andy123qq4"},"content":"                    System.out.println(e.getMessage());","lastModifiedDate":"2024-02-22"},{"lineNumber":179,"author":{"gitId":"Andy123qq4"},"content":"                }","lastModifiedDate":"2024-02-22"},{"lineNumber":180,"author":{"gitId":"Andy123qq4"},"content":"            }","lastModifiedDate":"2024-02-08"},{"lineNumber":181,"author":{"gitId":"Andy123qq4"},"content":"        } while (!command.equals(\"bye\"));","lastModifiedDate":"2024-02-08"},{"lineNumber":182,"author":{"gitId":"Andy123qq4"},"content":"        scanner.close();","lastModifiedDate":"2024-02-08"},{"lineNumber":183,"author":{"gitId":"Andy123qq4"},"content":"    }","lastModifiedDate":"2024-02-08"},{"lineNumber":184,"author":{"gitId":"Andy123qq4"},"content":"","lastModifiedDate":"2024-02-10"},{"lineNumber":185,"author":{"gitId":"Andy123qq4"},"content":"    public void exit() {","lastModifiedDate":"2024-02-08"},{"lineNumber":186,"author":{"gitId":"Andy123qq4"},"content":"        System.out.println(\"Bye. Hope to see you again soon!\");","lastModifiedDate":"2024-02-08"},{"lineNumber":187,"author":{"gitId":"Andy123qq4"},"content":"        System.out.println(\"\u003d\u003d\u003d\u003d\u003d\u003d\u003d\u003d\u003d\u003d\u003d\u003d\u003d\u003d\u003d\u003d\u003d\u003d\u003d\u003d\u003d\u003d\u003d\u003d\u003d\");","lastModifiedDate":"2024-02-08"},{"lineNumber":188,"author":{"gitId":"Andy123qq4"},"content":"    }","lastModifiedDate":"2024-02-08"},{"lineNumber":189,"author":{"gitId":"Andy123qq4"},"content":"","lastModifiedDate":"2024-02-10"},{"lineNumber":190,"author":{"gitId":"-"},"content":"    public static void main(String[] args) {","lastModifiedDate":"2019-07-29"},{"lineNumber":191,"author":{"gitId":"Andy123qq4"},"content":"        Duke chatbot \u003d new Duke(\"aoliba\");","lastModifiedDate":"2024-02-08"},{"lineNumber":192,"author":{"gitId":"Andy123qq4"},"content":"","lastModifiedDate":"2024-02-22"},{"lineNumber":193,"author":{"gitId":"Andy123qq4"},"content":"        chatbot.greet();","lastModifiedDate":"2024-02-08"},{"lineNumber":194,"author":{"gitId":"Andy123qq4"},"content":"        chatbot.echoCommands();","lastModifiedDate":"2024-02-08"},{"lineNumber":195,"author":{"gitId":"Andy123qq4"},"content":"        saveTasksToFile(chatbot.tasks);","lastModifiedDate":"2024-02-22"},{"lineNumber":196,"author":{"gitId":"Andy123qq4"},"content":"        chatbot.exit();","lastModifiedDate":"2024-02-08"},{"lineNumber":197,"author":{"gitId":"-"},"content":"    }","lastModifiedDate":"2019-07-29"},{"lineNumber":198,"author":{"gitId":"Andy123qq4"},"content":"","lastModifiedDate":"2024-02-10"},{"lineNumber":199,"author":{"gitId":"-"},"content":"}","lastModifiedDate":"2019-07-29"}],"authorContributionMap":{"-":4,"Andy123qq4":195}},{"path":"src/main/java/DukeException.java","fileType":"java","lines":[{"lineNumber":1,"author":{"gitId":"Andy123qq4"},"content":"public class DukeException extends Exception {","lastModifiedDate":"2024-02-22"},{"lineNumber":2,"author":{"gitId":"Andy123qq4"},"content":"","lastModifiedDate":"2024-02-22"},{"lineNumber":3,"author":{"gitId":"Andy123qq4"},"content":"    public DukeException(String message) {","lastModifiedDate":"2024-02-22"},{"lineNumber":4,"author":{"gitId":"Andy123qq4"},"content":"        super(message);","lastModifiedDate":"2024-02-22"},{"lineNumber":5,"author":{"gitId":"Andy123qq4"},"content":"    }","lastModifiedDate":"2024-02-22"},{"lineNumber":6,"author":{"gitId":"Andy123qq4"},"content":"}","lastModifiedDate":"2024-02-22"}],"authorContributionMap":{"Andy123qq4":6}},{"path":"src/main/java/Event.java","fileType":"java","lines":[{"lineNumber":1,"author":{"gitId":"Andy123qq4"},"content":"public class Event extends Task {","lastModifiedDate":"2024-02-22"},{"lineNumber":2,"author":{"gitId":"Andy123qq4"},"content":"","lastModifiedDate":"2024-02-22"},{"lineNumber":3,"author":{"gitId":"Andy123qq4"},"content":"    private String start;","lastModifiedDate":"2024-02-22"},{"lineNumber":4,"author":{"gitId":"Andy123qq4"},"content":"    private String end;","lastModifiedDate":"2024-02-22"},{"lineNumber":5,"author":{"gitId":"Andy123qq4"},"content":"","lastModifiedDate":"2024-02-22"},{"lineNumber":6,"author":{"gitId":"Andy123qq4"},"content":"    public Event(String description, String start, String end) {","lastModifiedDate":"2024-02-22"},{"lineNumber":7,"author":{"gitId":"Andy123qq4"},"content":"        super(description);","lastModifiedDate":"2024-02-22"},{"lineNumber":8,"author":{"gitId":"Andy123qq4"},"content":"        this.start \u003d start;","lastModifiedDate":"2024-02-22"},{"lineNumber":9,"author":{"gitId":"Andy123qq4"},"content":"        this.end \u003d end;","lastModifiedDate":"2024-02-22"},{"lineNumber":10,"author":{"gitId":"Andy123qq4"},"content":"    }","lastModifiedDate":"2024-02-22"},{"lineNumber":11,"author":{"gitId":"Andy123qq4"},"content":"","lastModifiedDate":"2024-02-22"},{"lineNumber":12,"author":{"gitId":"Andy123qq4"},"content":"    public String getStart() {","lastModifiedDate":"2024-02-22"},{"lineNumber":13,"author":{"gitId":"Andy123qq4"},"content":"        return start;","lastModifiedDate":"2024-02-22"},{"lineNumber":14,"author":{"gitId":"Andy123qq4"},"content":"    }","lastModifiedDate":"2024-02-22"},{"lineNumber":15,"author":{"gitId":"Andy123qq4"},"content":"","lastModifiedDate":"2024-02-22"},{"lineNumber":16,"author":{"gitId":"Andy123qq4"},"content":"    public String getEnd() {","lastModifiedDate":"2024-02-22"},{"lineNumber":17,"author":{"gitId":"Andy123qq4"},"content":"        return end;","lastModifiedDate":"2024-02-22"},{"lineNumber":18,"author":{"gitId":"Andy123qq4"},"content":"    }","lastModifiedDate":"2024-02-22"},{"lineNumber":19,"author":{"gitId":"Andy123qq4"},"content":"","lastModifiedDate":"2024-02-22"},{"lineNumber":20,"author":{"gitId":"Andy123qq4"},"content":"    @Override","lastModifiedDate":"2024-02-22"},{"lineNumber":21,"author":{"gitId":"Andy123qq4"},"content":"    public String getType() {","lastModifiedDate":"2024-02-22"},{"lineNumber":22,"author":{"gitId":"Andy123qq4"},"content":"        return \"E\";","lastModifiedDate":"2024-02-22"},{"lineNumber":23,"author":{"gitId":"Andy123qq4"},"content":"    }","lastModifiedDate":"2024-02-22"},{"lineNumber":24,"author":{"gitId":"Andy123qq4"},"content":"","lastModifiedDate":"2024-02-22"},{"lineNumber":25,"author":{"gitId":"Andy123qq4"},"content":"    @Override","lastModifiedDate":"2024-02-22"},{"lineNumber":26,"author":{"gitId":"Andy123qq4"},"content":"    public String toString() {","lastModifiedDate":"2024-02-22"},{"lineNumber":27,"author":{"gitId":"Andy123qq4"},"content":"        return super.toString() + \" (from: \" + start + \" to: \" + end + \")\";","lastModifiedDate":"2024-02-22"},{"lineNumber":28,"author":{"gitId":"Andy123qq4"},"content":"    }","lastModifiedDate":"2024-02-22"},{"lineNumber":29,"author":{"gitId":"Andy123qq4"},"content":"}","lastModifiedDate":"2024-02-22"}],"authorContributionMap":{"Andy123qq4":29}},{"path":"src/main/java/Task.java","fileType":"java","lines":[{"lineNumber":1,"author":{"gitId":"Andy123qq4"},"content":"public abstract class Task {","lastModifiedDate":"2024-02-22"},{"lineNumber":2,"author":{"gitId":"Andy123qq4"},"content":"    private final String description;","lastModifiedDate":"2024-02-22"},{"lineNumber":3,"author":{"gitId":"Andy123qq4"},"content":"    private boolean isDone;","lastModifiedDate":"2024-02-22"},{"lineNumber":4,"author":{"gitId":"Andy123qq4"},"content":"","lastModifiedDate":"2024-02-22"},{"lineNumber":5,"author":{"gitId":"Andy123qq4"},"content":"    public abstract String getType();","lastModifiedDate":"2024-02-22"},{"lineNumber":6,"author":{"gitId":"Andy123qq4"},"content":"","lastModifiedDate":"2024-02-22"},{"lineNumber":7,"author":{"gitId":"Andy123qq4"},"content":"    public Task(String description) {","lastModifiedDate":"2024-02-22"},{"lineNumber":8,"author":{"gitId":"Andy123qq4"},"content":"        this.description \u003d description;","lastModifiedDate":"2024-02-22"},{"lineNumber":9,"author":{"gitId":"Andy123qq4"},"content":"        this.isDone \u003d false;","lastModifiedDate":"2024-02-22"},{"lineNumber":10,"author":{"gitId":"Andy123qq4"},"content":"    }","lastModifiedDate":"2024-02-22"},{"lineNumber":11,"author":{"gitId":"Andy123qq4"},"content":"","lastModifiedDate":"2024-02-22"},{"lineNumber":12,"author":{"gitId":"Andy123qq4"},"content":"    public void markAsDone() {","lastModifiedDate":"2024-02-22"},{"lineNumber":13,"author":{"gitId":"Andy123qq4"},"content":"        this.isDone \u003d true;","lastModifiedDate":"2024-02-22"},{"lineNumber":14,"author":{"gitId":"Andy123qq4"},"content":"    }","lastModifiedDate":"2024-02-22"},{"lineNumber":15,"author":{"gitId":"Andy123qq4"},"content":"","lastModifiedDate":"2024-02-22"},{"lineNumber":16,"author":{"gitId":"Andy123qq4"},"content":"    public void markAsNotDone() {","lastModifiedDate":"2024-02-22"},{"lineNumber":17,"author":{"gitId":"Andy123qq4"},"content":"        this.isDone \u003d false;","lastModifiedDate":"2024-02-22"},{"lineNumber":18,"author":{"gitId":"Andy123qq4"},"content":"    }","lastModifiedDate":"2024-02-22"},{"lineNumber":19,"author":{"gitId":"Andy123qq4"},"content":"","lastModifiedDate":"2024-02-22"},{"lineNumber":20,"author":{"gitId":"Andy123qq4"},"content":"    public String getDescription() {","lastModifiedDate":"2024-02-22"},{"lineNumber":21,"author":{"gitId":"Andy123qq4"},"content":"        return description;","lastModifiedDate":"2024-02-22"},{"lineNumber":22,"author":{"gitId":"Andy123qq4"},"content":"    }","lastModifiedDate":"2024-02-22"},{"lineNumber":23,"author":{"gitId":"Andy123qq4"},"content":"","lastModifiedDate":"2024-02-22"},{"lineNumber":24,"author":{"gitId":"Andy123qq4"},"content":"    public boolean isDone() {","lastModifiedDate":"2024-02-22"},{"lineNumber":25,"author":{"gitId":"Andy123qq4"},"content":"        return isDone;","lastModifiedDate":"2024-02-22"},{"lineNumber":26,"author":{"gitId":"Andy123qq4"},"content":"    }","lastModifiedDate":"2024-02-22"},{"lineNumber":27,"author":{"gitId":"Andy123qq4"},"content":"","lastModifiedDate":"2024-02-22"},{"lineNumber":28,"author":{"gitId":"Andy123qq4"},"content":"    @Override","lastModifiedDate":"2024-02-22"},{"lineNumber":29,"author":{"gitId":"Andy123qq4"},"content":"    public String toString() {","lastModifiedDate":"2024-02-22"},{"lineNumber":30,"author":{"gitId":"Andy123qq4"},"content":"        String status \u003d isDone ? \"[X]\" : \"[ ]\";","lastModifiedDate":"2024-02-22"},{"lineNumber":31,"author":{"gitId":"Andy123qq4"},"content":"        return \"[\" + getType() + \"]\" + status + \" \" + description;","lastModifiedDate":"2024-02-22"},{"lineNumber":32,"author":{"gitId":"Andy123qq4"},"content":"    }","lastModifiedDate":"2024-02-22"},{"lineNumber":33,"author":{"gitId":"Andy123qq4"},"content":"}","lastModifiedDate":"2024-02-22"}],"authorContributionMap":{"Andy123qq4":33}},{"path":"src/main/java/Todo.java","fileType":"java","lines":[{"lineNumber":1,"author":{"gitId":"Andy123qq4"},"content":"public class Todo extends Task {","lastModifiedDate":"2024-02-22"},{"lineNumber":2,"author":{"gitId":"Andy123qq4"},"content":"","lastModifiedDate":"2024-02-22"},{"lineNumber":3,"author":{"gitId":"Andy123qq4"},"content":"    public Todo(String description) {","lastModifiedDate":"2024-02-22"},{"lineNumber":4,"author":{"gitId":"Andy123qq4"},"content":"        super(description);","lastModifiedDate":"2024-02-22"},{"lineNumber":5,"author":{"gitId":"Andy123qq4"},"content":"    }","lastModifiedDate":"2024-02-22"},{"lineNumber":6,"author":{"gitId":"Andy123qq4"},"content":"","lastModifiedDate":"2024-02-22"},{"lineNumber":7,"author":{"gitId":"Andy123qq4"},"content":"    @Override","lastModifiedDate":"2024-02-22"},{"lineNumber":8,"author":{"gitId":"Andy123qq4"},"content":"    public String getType() {","lastModifiedDate":"2024-02-22"},{"lineNumber":9,"author":{"gitId":"Andy123qq4"},"content":"        return \"T\";","lastModifiedDate":"2024-02-22"},{"lineNumber":10,"author":{"gitId":"Andy123qq4"},"content":"    }","lastModifiedDate":"2024-02-22"},{"lineNumber":11,"author":{"gitId":"Andy123qq4"},"content":"}","lastModifiedDate":"2024-02-22"}],"authorContributionMap":{"Andy123qq4":11}}]
