[{"path":"src/main/java/Duke.java","fileType":"java","lines":[{"lineNumber":1,"author":{"gitId":"JustinSoh"},"content":"import classes.Deadline;","lastModifiedDate":"2024-02-13"},{"lineNumber":2,"author":{"gitId":"JustinSoh"},"content":"import classes.Event;","lastModifiedDate":"2024-02-13"},{"lineNumber":3,"author":{"gitId":"JustinSoh"},"content":"import classes.Task;","lastModifiedDate":"2024-02-13"},{"lineNumber":4,"author":{"gitId":"JustinSoh"},"content":"import classes.ToDo;","lastModifiedDate":"2024-02-13"},{"lineNumber":5,"author":{"gitId":"JustinSoh"},"content":"import exceptions.MimiException;","lastModifiedDate":"2024-02-13"},{"lineNumber":6,"author":{"gitId":"JustinSoh"},"content":"import exceptions.MimiException.TaskNotFound;","lastModifiedDate":"2024-02-13"},{"lineNumber":7,"author":{"gitId":"JustinSoh"},"content":"import exceptions.MimiException.InsufficientParameters;","lastModifiedDate":"2024-02-13"},{"lineNumber":8,"author":{"gitId":"JustinSoh"},"content":"import exceptions.MimiException.IncorrectFormat;","lastModifiedDate":"2024-02-13"},{"lineNumber":9,"author":{"gitId":"JustinSoh"},"content":"import java.util.ArrayList;","lastModifiedDate":"2024-02-20"},{"lineNumber":10,"author":{"gitId":"JustinSoh"},"content":"import exceptions.MimiException.FileCorrupted;","lastModifiedDate":"2024-02-20"},{"lineNumber":11,"author":{"gitId":"JustinSoh"},"content":"import java.io.File;","lastModifiedDate":"2024-02-20"},{"lineNumber":12,"author":{"gitId":"JustinSoh"},"content":"import java.io.FileWriter;","lastModifiedDate":"2024-02-20"},{"lineNumber":13,"author":{"gitId":"JustinSoh"},"content":"import java.io.IOException;","lastModifiedDate":"2024-02-20"},{"lineNumber":14,"author":{"gitId":"JustinSoh"},"content":"import java.util.Scanner;","lastModifiedDate":"2024-01-27"},{"lineNumber":15,"author":{"gitId":"JustinSoh"},"content":"","lastModifiedDate":"2024-01-27"},{"lineNumber":16,"author":{"gitId":"-"},"content":"public class Duke {","lastModifiedDate":"2019-07-29"},{"lineNumber":17,"author":{"gitId":"JustinSoh"},"content":"    final static String APP_NAME \u003d \"mimichat\";","lastModifiedDate":"2024-02-01"},{"lineNumber":18,"author":{"gitId":"JustinSoh"},"content":"    final static int INPUT_LIMIT \u003d 2;","lastModifiedDate":"2024-02-13"},{"lineNumber":19,"author":{"gitId":"JustinSoh"},"content":"    final static String FILE_PATH \u003d \"data/mimi.logs\";","lastModifiedDate":"2024-02-20"},{"lineNumber":20,"author":{"gitId":"JustinSoh"},"content":"","lastModifiedDate":"2024-02-13"},{"lineNumber":21,"author":{"gitId":"JustinSoh"},"content":"    static ArrayList\u003cTask\u003e taskList \u003d new ArrayList\u003c\u003e();","lastModifiedDate":"2024-02-20"},{"lineNumber":22,"author":{"gitId":"JustinSoh"},"content":"","lastModifiedDate":"2024-02-04"},{"lineNumber":23,"author":{"gitId":"JustinSoh"},"content":"    static boolean isRunning;","lastModifiedDate":"2024-02-04"},{"lineNumber":24,"author":{"gitId":"JustinSoh"},"content":"","lastModifiedDate":"2024-02-04"},{"lineNumber":25,"author":{"gitId":"JustinSoh"},"content":"    static Scanner scanner;","lastModifiedDate":"2024-02-04"},{"lineNumber":26,"author":{"gitId":"JustinSoh"},"content":"","lastModifiedDate":"2024-02-04"},{"lineNumber":27,"author":{"gitId":"JustinSoh"},"content":"","lastModifiedDate":"2024-02-04"},{"lineNumber":28,"author":{"gitId":"JustinSoh"},"content":"    // METHODS TO GET INPUT","lastModifiedDate":"2024-02-13"},{"lineNumber":29,"author":{"gitId":"JustinSoh"},"content":"    private static String[] getInput() {","lastModifiedDate":"2024-02-13"},{"lineNumber":30,"author":{"gitId":"JustinSoh"},"content":"        String input \u003d scanner.nextLine();","lastModifiedDate":"2024-02-13"},{"lineNumber":31,"author":{"gitId":"JustinSoh"},"content":"        return input.split(\" \", INPUT_LIMIT);","lastModifiedDate":"2024-02-13"},{"lineNumber":32,"author":{"gitId":"JustinSoh"},"content":"    }","lastModifiedDate":"2024-02-04"},{"lineNumber":33,"author":{"gitId":"JustinSoh"},"content":"","lastModifiedDate":"2024-02-04"},{"lineNumber":34,"author":{"gitId":"JustinSoh"},"content":"    private static void addToDo(String[] inputs) {","lastModifiedDate":"2024-02-20"},{"lineNumber":35,"author":{"gitId":"JustinSoh"},"content":"","lastModifiedDate":"2024-02-13"},{"lineNumber":36,"author":{"gitId":"JustinSoh"},"content":"        try {","lastModifiedDate":"2024-02-13"},{"lineNumber":37,"author":{"gitId":"JustinSoh"},"content":"            if (inputs.length !\u003d 2) {","lastModifiedDate":"2024-02-13"},{"lineNumber":38,"author":{"gitId":"JustinSoh"},"content":"                throw new InsufficientParameters(MimiException.INSUFFICIENT_TODO_PARAMETERS_MSG);","lastModifiedDate":"2024-02-20"},{"lineNumber":39,"author":{"gitId":"JustinSoh"},"content":"            }","lastModifiedDate":"2024-02-13"},{"lineNumber":40,"author":{"gitId":"JustinSoh"},"content":"            if (inputs[1].isBlank()) {","lastModifiedDate":"2024-02-13"},{"lineNumber":41,"author":{"gitId":"JustinSoh"},"content":"                throw new IncorrectFormat(MimiException.INCORRECT_TODO_FORMAT_MSG);","lastModifiedDate":"2024-02-20"},{"lineNumber":42,"author":{"gitId":"JustinSoh"},"content":"            }","lastModifiedDate":"2024-02-13"},{"lineNumber":43,"author":{"gitId":"JustinSoh"},"content":"","lastModifiedDate":"2024-02-13"},{"lineNumber":44,"author":{"gitId":"JustinSoh"},"content":"            ToDo toDo \u003d new ToDo(inputs[1]);","lastModifiedDate":"2024-02-13"},{"lineNumber":45,"author":{"gitId":"JustinSoh"},"content":"            appendIntoTaskList(toDo);","lastModifiedDate":"2024-02-04"},{"lineNumber":46,"author":{"gitId":"JustinSoh"},"content":"            printSuccessMessage(toDo);","lastModifiedDate":"2024-02-04"},{"lineNumber":47,"author":{"gitId":"JustinSoh"},"content":"        } catch (InsufficientParameters | IncorrectFormat e) {","lastModifiedDate":"2024-02-13"},{"lineNumber":48,"author":{"gitId":"JustinSoh"},"content":"            System.out.println(e.getMessage());","lastModifiedDate":"2024-02-13"},{"lineNumber":49,"author":{"gitId":"JustinSoh"},"content":"        }","lastModifiedDate":"2024-02-13"},{"lineNumber":50,"author":{"gitId":"JustinSoh"},"content":"    }","lastModifiedDate":"2024-01-27"},{"lineNumber":51,"author":{"gitId":"JustinSoh"},"content":"","lastModifiedDate":"2024-02-13"},{"lineNumber":52,"author":{"gitId":"JustinSoh"},"content":"    private static void addDeadline(String[] inputs) {","lastModifiedDate":"2024-02-20"},{"lineNumber":53,"author":{"gitId":"JustinSoh"},"content":"","lastModifiedDate":"2024-02-04"},{"lineNumber":54,"author":{"gitId":"JustinSoh"},"content":"        try {","lastModifiedDate":"2024-02-13"},{"lineNumber":55,"author":{"gitId":"JustinSoh"},"content":"            // Throws exception if deadline parameters are incomplete","lastModifiedDate":"2024-02-13"},{"lineNumber":56,"author":{"gitId":"JustinSoh"},"content":"            if (inputs.length \u003c 2) {","lastModifiedDate":"2024-02-13"},{"lineNumber":57,"author":{"gitId":"JustinSoh"},"content":"                throw new InsufficientParameters(MimiException.INSUFFICIENT_DEADLINE_PARAMETERS_MSG);","lastModifiedDate":"2024-02-20"},{"lineNumber":58,"author":{"gitId":"JustinSoh"},"content":"            }","lastModifiedDate":"2024-02-13"},{"lineNumber":59,"author":{"gitId":"JustinSoh"},"content":"","lastModifiedDate":"2024-02-20"},{"lineNumber":60,"author":{"gitId":"JustinSoh"},"content":"            String[] splitInputs \u003d inputs[1].split(\"/by\", 2);","lastModifiedDate":"2024-02-13"},{"lineNumber":61,"author":{"gitId":"JustinSoh"},"content":"            Deadline deadline \u003d Deadline.processDeadline(splitInputs);","lastModifiedDate":"2024-02-20"},{"lineNumber":62,"author":{"gitId":"JustinSoh"},"content":"            appendIntoTaskList(deadline);","lastModifiedDate":"2024-02-04"},{"lineNumber":63,"author":{"gitId":"JustinSoh"},"content":"            printSuccessMessage(deadline);","lastModifiedDate":"2024-02-04"},{"lineNumber":64,"author":{"gitId":"JustinSoh"},"content":"        } catch (InsufficientParameters | IncorrectFormat e) {","lastModifiedDate":"2024-02-13"},{"lineNumber":65,"author":{"gitId":"JustinSoh"},"content":"            System.out.println(e.getMessage());","lastModifiedDate":"2024-02-13"},{"lineNumber":66,"author":{"gitId":"JustinSoh"},"content":"        }","lastModifiedDate":"2024-02-13"},{"lineNumber":67,"author":{"gitId":"JustinSoh"},"content":"    }","lastModifiedDate":"2024-02-13"},{"lineNumber":68,"author":{"gitId":"JustinSoh"},"content":"","lastModifiedDate":"2024-02-13"},{"lineNumber":69,"author":{"gitId":"JustinSoh"},"content":"    private static void addEvent(String[] inputs) {","lastModifiedDate":"2024-02-20"},{"lineNumber":70,"author":{"gitId":"JustinSoh"},"content":"        try {","lastModifiedDate":"2024-02-13"},{"lineNumber":71,"author":{"gitId":"JustinSoh"},"content":"            if (inputs.length !\u003d 2) {","lastModifiedDate":"2024-02-13"},{"lineNumber":72,"author":{"gitId":"JustinSoh"},"content":"                throw new InsufficientParameters(MimiException.INSUFFICIENT_EVENT_PARAMETERS_MSG);","lastModifiedDate":"2024-02-20"},{"lineNumber":73,"author":{"gitId":"JustinSoh"},"content":"            }","lastModifiedDate":"2024-02-13"},{"lineNumber":74,"author":{"gitId":"JustinSoh"},"content":"","lastModifiedDate":"2024-02-13"},{"lineNumber":75,"author":{"gitId":"JustinSoh"},"content":"            Event event \u003d Event.processEvent(inputs[1]);","lastModifiedDate":"2024-02-20"},{"lineNumber":76,"author":{"gitId":"JustinSoh"},"content":"            appendIntoTaskList(event);","lastModifiedDate":"2024-02-13"},{"lineNumber":77,"author":{"gitId":"JustinSoh"},"content":"            printSuccessMessage(event);","lastModifiedDate":"2024-02-13"},{"lineNumber":78,"author":{"gitId":"JustinSoh"},"content":"        } catch (InsufficientParameters | IncorrectFormat e) {","lastModifiedDate":"2024-02-13"},{"lineNumber":79,"author":{"gitId":"JustinSoh"},"content":"            System.out.println(e.getMessage());","lastModifiedDate":"2024-02-13"},{"lineNumber":80,"author":{"gitId":"JustinSoh"},"content":"        }","lastModifiedDate":"2024-02-13"},{"lineNumber":81,"author":{"gitId":"JustinSoh"},"content":"","lastModifiedDate":"2024-02-13"},{"lineNumber":82,"author":{"gitId":"JustinSoh"},"content":"    }","lastModifiedDate":"2024-02-13"},{"lineNumber":83,"author":{"gitId":"JustinSoh"},"content":"","lastModifiedDate":"2024-02-13"},{"lineNumber":84,"author":{"gitId":"JustinSoh"},"content":"    private static void appendIntoTaskList(Task newTask) {","lastModifiedDate":"2024-02-04"},{"lineNumber":85,"author":{"gitId":"JustinSoh"},"content":"        taskList.add(newTask);","lastModifiedDate":"2024-02-20"},{"lineNumber":86,"author":{"gitId":"JustinSoh"},"content":"    }","lastModifiedDate":"2024-01-27"},{"lineNumber":87,"author":{"gitId":"JustinSoh"},"content":"","lastModifiedDate":"2024-01-27"},{"lineNumber":88,"author":{"gitId":"JustinSoh"},"content":"    public static void listTasks(ArrayList\u003cTask\u003e list) {","lastModifiedDate":"2024-02-20"},{"lineNumber":89,"author":{"gitId":"JustinSoh"},"content":"        System.out.println(\"-------------------------------------------\");","lastModifiedDate":"2024-01-27"},{"lineNumber":90,"author":{"gitId":"JustinSoh"},"content":"        System.out.println(\"Here are the tasks in your list:\");","lastModifiedDate":"2024-01-27"},{"lineNumber":91,"author":{"gitId":"JustinSoh"},"content":"        for (Task t: list) {","lastModifiedDate":"2024-02-20"},{"lineNumber":92,"author":{"gitId":"JustinSoh"},"content":"            System.out.println(formatTask(t, list.indexOf(t)));","lastModifiedDate":"2024-02-20"},{"lineNumber":93,"author":{"gitId":"JustinSoh"},"content":"        }","lastModifiedDate":"2024-01-27"},{"lineNumber":94,"author":{"gitId":"JustinSoh"},"content":"        System.out.println(\"-------------------------------------------\");","lastModifiedDate":"2024-01-27"},{"lineNumber":95,"author":{"gitId":"JustinSoh"},"content":"    }","lastModifiedDate":"2024-01-27"},{"lineNumber":96,"author":{"gitId":"JustinSoh"},"content":"","lastModifiedDate":"2024-01-27"},{"lineNumber":97,"author":{"gitId":"JustinSoh"},"content":"    public static void deleteTask(ArrayList\u003cTask\u003e list, String[] inputs){","lastModifiedDate":"2024-02-20"},{"lineNumber":98,"author":{"gitId":"JustinSoh"},"content":"        try {","lastModifiedDate":"2024-02-20"},{"lineNumber":99,"author":{"gitId":"JustinSoh"},"content":"            int index \u003d checkValidityOfIndex(inputs);","lastModifiedDate":"2024-02-20"},{"lineNumber":100,"author":{"gitId":"JustinSoh"},"content":"            Task removedTask \u003d list.get(index);","lastModifiedDate":"2024-02-20"},{"lineNumber":101,"author":{"gitId":"JustinSoh"},"content":"            list.remove(index);","lastModifiedDate":"2024-02-20"},{"lineNumber":102,"author":{"gitId":"JustinSoh"},"content":"            printDeleteMessage(removedTask);","lastModifiedDate":"2024-02-20"},{"lineNumber":103,"author":{"gitId":"JustinSoh"},"content":"            ","lastModifiedDate":"2024-02-20"},{"lineNumber":104,"author":{"gitId":"JustinSoh"},"content":"        } catch (TaskNotFound | InsufficientParameters | IncorrectFormat e) {","lastModifiedDate":"2024-02-20"},{"lineNumber":105,"author":{"gitId":"JustinSoh"},"content":"            System.out.println(e.getMessage());","lastModifiedDate":"2024-02-20"},{"lineNumber":106,"author":{"gitId":"JustinSoh"},"content":"        }","lastModifiedDate":"2024-02-20"},{"lineNumber":107,"author":{"gitId":"JustinSoh"},"content":"    }","lastModifiedDate":"2024-02-20"},{"lineNumber":108,"author":{"gitId":"JustinSoh"},"content":"","lastModifiedDate":"2024-02-20"},{"lineNumber":109,"author":{"gitId":"JustinSoh"},"content":"    public static void markTask(ArrayList\u003cTask\u003e list, String[] inputs) {","lastModifiedDate":"2024-02-20"},{"lineNumber":110,"author":{"gitId":"JustinSoh"},"content":"","lastModifiedDate":"2024-02-13"},{"lineNumber":111,"author":{"gitId":"JustinSoh"},"content":"        try {","lastModifiedDate":"2024-02-13"},{"lineNumber":112,"author":{"gitId":"JustinSoh"},"content":"            int index \u003d checkValidityOfIndex(inputs);","lastModifiedDate":"2024-02-20"},{"lineNumber":113,"author":{"gitId":"JustinSoh"},"content":"            list.get(index).markAsDone();","lastModifiedDate":"2024-02-20"},{"lineNumber":114,"author":{"gitId":"JustinSoh"},"content":"            printMarkTask(list, index);","lastModifiedDate":"2024-02-20"},{"lineNumber":115,"author":{"gitId":"JustinSoh"},"content":"        } catch (TaskNotFound | InsufficientParameters | IncorrectFormat e) {","lastModifiedDate":"2024-02-13"},{"lineNumber":116,"author":{"gitId":"JustinSoh"},"content":"            System.out.println(e.getMessage());","lastModifiedDate":"2024-02-13"},{"lineNumber":117,"author":{"gitId":"JustinSoh"},"content":"        }","lastModifiedDate":"2024-02-13"},{"lineNumber":118,"author":{"gitId":"JustinSoh"},"content":"    }","lastModifiedDate":"2024-01-27"},{"lineNumber":119,"author":{"gitId":"JustinSoh"},"content":"","lastModifiedDate":"2024-01-27"},{"lineNumber":120,"author":{"gitId":"JustinSoh"},"content":"    private static int checkValidityOfIndex(String[] inputs) throws TaskNotFound,","lastModifiedDate":"2024-02-20"},{"lineNumber":121,"author":{"gitId":"JustinSoh"},"content":"            InsufficientParameters, IncorrectFormat {","lastModifiedDate":"2024-02-13"},{"lineNumber":122,"author":{"gitId":"JustinSoh"},"content":"        if (inputs.length !\u003d 2) {","lastModifiedDate":"2024-02-13"},{"lineNumber":123,"author":{"gitId":"JustinSoh"},"content":"            // Throws an error if parameters is incomplete","lastModifiedDate":"2024-02-13"},{"lineNumber":124,"author":{"gitId":"JustinSoh"},"content":"            throw new InsufficientParameters(MimiException.INSUFFICIENT_INDEX_PARAMETERS_MSG);","lastModifiedDate":"2024-02-20"},{"lineNumber":125,"author":{"gitId":"JustinSoh"},"content":"        }","lastModifiedDate":"2024-02-13"},{"lineNumber":126,"author":{"gitId":"JustinSoh"},"content":"","lastModifiedDate":"2024-02-13"},{"lineNumber":127,"author":{"gitId":"JustinSoh"},"content":"        try {","lastModifiedDate":"2024-02-13"},{"lineNumber":128,"author":{"gitId":"JustinSoh"},"content":"            int index \u003d Integer.parseInt(inputs[1]) - 1;","lastModifiedDate":"2024-02-13"},{"lineNumber":129,"author":{"gitId":"JustinSoh"},"content":"            if (index \u003c 0 || index \u003e\u003d taskList.size()) {","lastModifiedDate":"2024-02-20"},{"lineNumber":130,"author":{"gitId":"JustinSoh"},"content":"                // Throws an error if task is not found","lastModifiedDate":"2024-02-13"},{"lineNumber":131,"author":{"gitId":"JustinSoh"},"content":"                throw new TaskNotFound(MimiException.TASK_NOT_FOUND_MSG);","lastModifiedDate":"2024-02-20"},{"lineNumber":132,"author":{"gitId":"JustinSoh"},"content":"            }","lastModifiedDate":"2024-02-13"},{"lineNumber":133,"author":{"gitId":"JustinSoh"},"content":"            return index;","lastModifiedDate":"2024-02-13"},{"lineNumber":134,"author":{"gitId":"JustinSoh"},"content":"        } catch (NumberFormatException e) {","lastModifiedDate":"2024-02-13"},{"lineNumber":135,"author":{"gitId":"JustinSoh"},"content":"            // Throws an error if the format is incorrect","lastModifiedDate":"2024-02-13"},{"lineNumber":136,"author":{"gitId":"JustinSoh"},"content":"            throw new IncorrectFormat(MimiException.INCORRECT_INDEX_FORMAT_MSG);","lastModifiedDate":"2024-02-20"},{"lineNumber":137,"author":{"gitId":"JustinSoh"},"content":"        }","lastModifiedDate":"2024-02-13"},{"lineNumber":138,"author":{"gitId":"JustinSoh"},"content":"    }","lastModifiedDate":"2024-02-13"},{"lineNumber":139,"author":{"gitId":"JustinSoh"},"content":"","lastModifiedDate":"2024-02-13"},{"lineNumber":140,"author":{"gitId":"JustinSoh"},"content":"    public static void unmarkTask(ArrayList\u003cTask\u003e list, String[] inputs) {","lastModifiedDate":"2024-02-20"},{"lineNumber":141,"author":{"gitId":"JustinSoh"},"content":"        try {","lastModifiedDate":"2024-02-13"},{"lineNumber":142,"author":{"gitId":"JustinSoh"},"content":"            int index \u003d checkValidityOfIndex(inputs);","lastModifiedDate":"2024-02-20"},{"lineNumber":143,"author":{"gitId":"JustinSoh"},"content":"            list.get(index).markAsUndone();","lastModifiedDate":"2024-02-20"},{"lineNumber":144,"author":{"gitId":"JustinSoh"},"content":"            printUnmarkTask(list, index);","lastModifiedDate":"2024-02-20"},{"lineNumber":145,"author":{"gitId":"JustinSoh"},"content":"        } catch (TaskNotFound |","lastModifiedDate":"2024-02-13"},{"lineNumber":146,"author":{"gitId":"JustinSoh"},"content":"                 InsufficientParameters |","lastModifiedDate":"2024-02-13"},{"lineNumber":147,"author":{"gitId":"JustinSoh"},"content":"                 IncorrectFormat e) {","lastModifiedDate":"2024-02-13"},{"lineNumber":148,"author":{"gitId":"JustinSoh"},"content":"            System.out.println(e.getMessage());","lastModifiedDate":"2024-02-13"},{"lineNumber":149,"author":{"gitId":"JustinSoh"},"content":"        }","lastModifiedDate":"2024-02-13"},{"lineNumber":150,"author":{"gitId":"JustinSoh"},"content":"","lastModifiedDate":"2024-02-13"},{"lineNumber":151,"author":{"gitId":"JustinSoh"},"content":"    }","lastModifiedDate":"2024-01-27"},{"lineNumber":152,"author":{"gitId":"JustinSoh"},"content":"","lastModifiedDate":"2024-01-27"},{"lineNumber":153,"author":{"gitId":"JustinSoh"},"content":"","lastModifiedDate":"2024-02-20"},{"lineNumber":154,"author":{"gitId":"JustinSoh"},"content":"","lastModifiedDate":"2024-02-20"},{"lineNumber":155,"author":{"gitId":"JustinSoh"},"content":"    // METHOD REGARDING PRINT FORMATTING","lastModifiedDate":"2024-02-04"},{"lineNumber":156,"author":{"gitId":"JustinSoh"},"content":"    private static void printMarkTask(ArrayList\u003cTask\u003e list, int index) {","lastModifiedDate":"2024-02-20"},{"lineNumber":157,"author":{"gitId":"JustinSoh"},"content":"        System.out.println(\"-------------------------------------------\");","lastModifiedDate":"2024-02-20"},{"lineNumber":158,"author":{"gitId":"JustinSoh"},"content":"        System.out.println(\"OK, I\u0027ve marked this task as done\");","lastModifiedDate":"2024-02-20"},{"lineNumber":159,"author":{"gitId":"JustinSoh"},"content":"        System.out.println(formatTask(list.get(index), index));","lastModifiedDate":"2024-02-20"},{"lineNumber":160,"author":{"gitId":"JustinSoh"},"content":"        System.out.println(\"-------------------------------------------\");","lastModifiedDate":"2024-02-20"},{"lineNumber":161,"author":{"gitId":"JustinSoh"},"content":"    }","lastModifiedDate":"2024-02-20"},{"lineNumber":162,"author":{"gitId":"JustinSoh"},"content":"","lastModifiedDate":"2024-02-20"},{"lineNumber":163,"author":{"gitId":"JustinSoh"},"content":"    private static void printUnmarkTask(ArrayList\u003cTask\u003e list, int index) {","lastModifiedDate":"2024-02-20"},{"lineNumber":164,"author":{"gitId":"JustinSoh"},"content":"        System.out.println(\"-------------------------------------------\");","lastModifiedDate":"2024-02-20"},{"lineNumber":165,"author":{"gitId":"JustinSoh"},"content":"        System.out.println(\"OK, I\u0027ve marked this task as not done yet\");","lastModifiedDate":"2024-02-20"},{"lineNumber":166,"author":{"gitId":"JustinSoh"},"content":"        System.out.println(formatTask(list.get(index), index));","lastModifiedDate":"2024-02-20"},{"lineNumber":167,"author":{"gitId":"JustinSoh"},"content":"        System.out.println(\"-------------------------------------------\");","lastModifiedDate":"2024-02-20"},{"lineNumber":168,"author":{"gitId":"JustinSoh"},"content":"    }","lastModifiedDate":"2024-02-20"},{"lineNumber":169,"author":{"gitId":"JustinSoh"},"content":"","lastModifiedDate":"2024-02-20"},{"lineNumber":170,"author":{"gitId":"JustinSoh"},"content":"    public static void printDescription(String input) {","lastModifiedDate":"2024-02-04"},{"lineNumber":171,"author":{"gitId":"JustinSoh"},"content":"        System.out.println(\"-------------------------------------------\");","lastModifiedDate":"2024-02-04"},{"lineNumber":172,"author":{"gitId":"JustinSoh"},"content":"        System.out.println(input);","lastModifiedDate":"2024-02-04"},{"lineNumber":173,"author":{"gitId":"JustinSoh"},"content":"        System.out.println(\"-------------------------------------------\");","lastModifiedDate":"2024-02-04"},{"lineNumber":174,"author":{"gitId":"JustinSoh"},"content":"    }","lastModifiedDate":"2024-02-04"},{"lineNumber":175,"author":{"gitId":"JustinSoh"},"content":"","lastModifiedDate":"2024-02-04"},{"lineNumber":176,"author":{"gitId":"JustinSoh"},"content":"    private static void printSuccessMessage(Task task) {","lastModifiedDate":"2024-02-04"},{"lineNumber":177,"author":{"gitId":"JustinSoh"},"content":"        System.out.println(\"-------------------------------------------\");","lastModifiedDate":"2024-02-04"},{"lineNumber":178,"author":{"gitId":"JustinSoh"},"content":"        System.out.println(\"Got it. I\u0027ve added this task:\");","lastModifiedDate":"2024-02-04"},{"lineNumber":179,"author":{"gitId":"JustinSoh"},"content":"        System.out.println(\"\\t\" + formatTask(task));","lastModifiedDate":"2024-02-04"},{"lineNumber":180,"author":{"gitId":"JustinSoh"},"content":"        System.out.println(\"Now you have \" + Integer.toString(taskList.size()) + \" tasks in the list\");","lastModifiedDate":"2024-02-20"},{"lineNumber":181,"author":{"gitId":"JustinSoh"},"content":"        System.out.println(\"-------------------------------------------\");","lastModifiedDate":"2024-02-20"},{"lineNumber":182,"author":{"gitId":"JustinSoh"},"content":"    }","lastModifiedDate":"2024-02-20"},{"lineNumber":183,"author":{"gitId":"JustinSoh"},"content":"","lastModifiedDate":"2024-02-20"},{"lineNumber":184,"author":{"gitId":"JustinSoh"},"content":"    private static void printDeleteMessage(Task task) {","lastModifiedDate":"2024-02-20"},{"lineNumber":185,"author":{"gitId":"JustinSoh"},"content":"        System.out.println(\"-------------------------------------------\");","lastModifiedDate":"2024-02-20"},{"lineNumber":186,"author":{"gitId":"JustinSoh"},"content":"        System.out.println(\"Noted. I\u0027ve removed this task:\");","lastModifiedDate":"2024-02-20"},{"lineNumber":187,"author":{"gitId":"JustinSoh"},"content":"        System.out.println(\"\\t\" + formatTask(task));","lastModifiedDate":"2024-02-20"},{"lineNumber":188,"author":{"gitId":"JustinSoh"},"content":"        System.out.println(\"Now you have \" + Integer.toString(taskList.size()) + \" tasks in the list\");","lastModifiedDate":"2024-02-20"},{"lineNumber":189,"author":{"gitId":"JustinSoh"},"content":"        System.out.println(\"-------------------------------------------\");","lastModifiedDate":"2024-02-04"},{"lineNumber":190,"author":{"gitId":"JustinSoh"},"content":"    }","lastModifiedDate":"2024-02-04"},{"lineNumber":191,"author":{"gitId":"JustinSoh"},"content":"","lastModifiedDate":"2024-02-04"},{"lineNumber":192,"author":{"gitId":"JustinSoh"},"content":"    public static String formatTask(Task task) {","lastModifiedDate":"2024-02-04"},{"lineNumber":193,"author":{"gitId":"JustinSoh"},"content":"        return \"\\t\" + task;","lastModifiedDate":"2024-02-04"},{"lineNumber":194,"author":{"gitId":"JustinSoh"},"content":"    }","lastModifiedDate":"2024-02-04"},{"lineNumber":195,"author":{"gitId":"JustinSoh"},"content":"","lastModifiedDate":"2024-02-04"},{"lineNumber":196,"author":{"gitId":"JustinSoh"},"content":"    public static String formatTask(Task task, int index) {","lastModifiedDate":"2024-02-04"},{"lineNumber":197,"author":{"gitId":"JustinSoh"},"content":"        String indexNumber \u003d Integer.toString(index + 1);","lastModifiedDate":"2024-02-04"},{"lineNumber":198,"author":{"gitId":"JustinSoh"},"content":"        return indexNumber + \". \" + task;","lastModifiedDate":"2024-02-04"},{"lineNumber":199,"author":{"gitId":"JustinSoh"},"content":"    }","lastModifiedDate":"2024-02-04"},{"lineNumber":200,"author":{"gitId":"JustinSoh"},"content":"","lastModifiedDate":"2024-02-04"},{"lineNumber":201,"author":{"gitId":"JustinSoh"},"content":"    // STARTUP AND SHUTDOWN SEQUENCES","lastModifiedDate":"2024-02-04"},{"lineNumber":202,"author":{"gitId":"JustinSoh"},"content":"    public static void startupSequence() {","lastModifiedDate":"2024-02-04"},{"lineNumber":203,"author":{"gitId":"JustinSoh"},"content":"        System.out.println(\"-------------------------------------------\");","lastModifiedDate":"2024-02-04"},{"lineNumber":204,"author":{"gitId":"JustinSoh"},"content":"        System.out.println(\"Hello! I\u0027m \" + APP_NAME);","lastModifiedDate":"2024-02-04"},{"lineNumber":205,"author":{"gitId":"JustinSoh"},"content":"        System.out.println(\"What can I do for you?\");","lastModifiedDate":"2024-02-04"},{"lineNumber":206,"author":{"gitId":"JustinSoh"},"content":"        System.out.println(\"-------------------------------------------\");","lastModifiedDate":"2024-02-04"},{"lineNumber":207,"author":{"gitId":"JustinSoh"},"content":"        isRunning \u003d true;","lastModifiedDate":"2024-02-04"},{"lineNumber":208,"author":{"gitId":"JustinSoh"},"content":"        scanner \u003d new Scanner(System.in);","lastModifiedDate":"2024-02-04"},{"lineNumber":209,"author":{"gitId":"JustinSoh"},"content":"    }","lastModifiedDate":"2024-02-04"},{"lineNumber":210,"author":{"gitId":"JustinSoh"},"content":"","lastModifiedDate":"2024-02-04"},{"lineNumber":211,"author":{"gitId":"JustinSoh"},"content":"    private static void shutdownSequence() {","lastModifiedDate":"2024-02-04"},{"lineNumber":212,"author":{"gitId":"JustinSoh"},"content":"        printDescription(\"Bye. Hope to see you again soon!\");","lastModifiedDate":"2024-02-01"},{"lineNumber":213,"author":{"gitId":"JustinSoh"},"content":"        isRunning \u003d false;","lastModifiedDate":"2024-01-27"},{"lineNumber":214,"author":{"gitId":"JustinSoh"},"content":"        scanner.close();","lastModifiedDate":"2024-02-01"},{"lineNumber":215,"author":{"gitId":"-"},"content":"    }","lastModifiedDate":"2019-07-29"},{"lineNumber":216,"author":{"gitId":"JustinSoh"},"content":"","lastModifiedDate":"2024-02-04"},{"lineNumber":217,"author":{"gitId":"JustinSoh"},"content":"    private static void saveFile(ArrayList\u003cTask\u003e taskList , String filePath){","lastModifiedDate":"2024-02-20"},{"lineNumber":218,"author":{"gitId":"JustinSoh"},"content":"        try {","lastModifiedDate":"2024-02-20"},{"lineNumber":219,"author":{"gitId":"JustinSoh"},"content":"            File file \u003d new File(filePath);","lastModifiedDate":"2024-02-20"},{"lineNumber":220,"author":{"gitId":"JustinSoh"},"content":"            FileWriter writer \u003d new FileWriter(file);","lastModifiedDate":"2024-02-20"},{"lineNumber":221,"author":{"gitId":"JustinSoh"},"content":"            for (Task t: taskList) {","lastModifiedDate":"2024-02-20"},{"lineNumber":222,"author":{"gitId":"JustinSoh"},"content":"                writer.write(t.toFileString() + \"\\n\");","lastModifiedDate":"2024-02-20"},{"lineNumber":223,"author":{"gitId":"JustinSoh"},"content":"            }","lastModifiedDate":"2024-02-20"},{"lineNumber":224,"author":{"gitId":"JustinSoh"},"content":"            writer.close();","lastModifiedDate":"2024-02-20"},{"lineNumber":225,"author":{"gitId":"JustinSoh"},"content":"        } catch (IOException e) {","lastModifiedDate":"2024-02-20"},{"lineNumber":226,"author":{"gitId":"JustinSoh"},"content":"            System.out.println(\"\\u001B[31mError:Unable to save file as \" + filePath + \" does not exists. Please create a \" +","lastModifiedDate":"2024-02-20"},{"lineNumber":227,"author":{"gitId":"JustinSoh"},"content":"                    \"/data folder in the root directory first.\\u001B[0m\");","lastModifiedDate":"2024-02-20"},{"lineNumber":228,"author":{"gitId":"JustinSoh"},"content":"        }","lastModifiedDate":"2024-02-20"},{"lineNumber":229,"author":{"gitId":"JustinSoh"},"content":"    }","lastModifiedDate":"2024-02-20"},{"lineNumber":230,"author":{"gitId":"JustinSoh"},"content":"","lastModifiedDate":"2024-02-20"},{"lineNumber":231,"author":{"gitId":"JustinSoh"},"content":"    private static void loadFile(String filePath) throws FileCorrupted {","lastModifiedDate":"2024-02-20"},{"lineNumber":232,"author":{"gitId":"JustinSoh"},"content":"        try {","lastModifiedDate":"2024-02-20"},{"lineNumber":233,"author":{"gitId":"JustinSoh"},"content":"            File file \u003d new File(filePath);","lastModifiedDate":"2024-02-20"},{"lineNumber":234,"author":{"gitId":"JustinSoh"},"content":"            Scanner fileScanner \u003d new Scanner(file);","lastModifiedDate":"2024-02-20"},{"lineNumber":235,"author":{"gitId":"JustinSoh"},"content":"            fileScanner.useDelimiter(\"\\n\");","lastModifiedDate":"2024-02-20"},{"lineNumber":236,"author":{"gitId":"JustinSoh"},"content":"            while(fileScanner.hasNext()){","lastModifiedDate":"2024-02-20"},{"lineNumber":237,"author":{"gitId":"JustinSoh"},"content":"                String[] task \u003d fileScanner.next().split(\",\");","lastModifiedDate":"2024-02-20"},{"lineNumber":238,"author":{"gitId":"JustinSoh"},"content":"","lastModifiedDate":"2024-02-20"},{"lineNumber":239,"author":{"gitId":"JustinSoh"},"content":"                if(task.length \u003c 3) {","lastModifiedDate":"2024-02-20"},{"lineNumber":240,"author":{"gitId":"JustinSoh"},"content":"                    throw new FileCorrupted(MimiException.FILE_CORRUPTED_MSG);","lastModifiedDate":"2024-02-20"},{"lineNumber":241,"author":{"gitId":"JustinSoh"},"content":"                }","lastModifiedDate":"2024-02-20"},{"lineNumber":242,"author":{"gitId":"JustinSoh"},"content":"","lastModifiedDate":"2024-02-20"},{"lineNumber":243,"author":{"gitId":"JustinSoh"},"content":"                String taskType \u003d task[0];","lastModifiedDate":"2024-02-20"},{"lineNumber":244,"author":{"gitId":"JustinSoh"},"content":"                String taskStatus \u003d task[1];","lastModifiedDate":"2024-02-20"},{"lineNumber":245,"author":{"gitId":"JustinSoh"},"content":"                String taskName \u003d task[2];","lastModifiedDate":"2024-02-20"},{"lineNumber":246,"author":{"gitId":"JustinSoh"},"content":"","lastModifiedDate":"2024-02-20"},{"lineNumber":247,"author":{"gitId":"JustinSoh"},"content":"                if (!taskStatus.equals(\"true\") \u0026\u0026 !taskStatus.equals(\"false\")) {","lastModifiedDate":"2024-02-20"},{"lineNumber":248,"author":{"gitId":"JustinSoh"},"content":"                    throw new FileCorrupted(MimiException.FILE_CORRUPTED_MSG);","lastModifiedDate":"2024-02-20"},{"lineNumber":249,"author":{"gitId":"JustinSoh"},"content":"                }","lastModifiedDate":"2024-02-20"},{"lineNumber":250,"author":{"gitId":"JustinSoh"},"content":"","lastModifiedDate":"2024-02-20"},{"lineNumber":251,"author":{"gitId":"JustinSoh"},"content":"                switch (taskType) {","lastModifiedDate":"2024-02-20"},{"lineNumber":252,"author":{"gitId":"JustinSoh"},"content":"                case \"T\":","lastModifiedDate":"2024-02-20"},{"lineNumber":253,"author":{"gitId":"JustinSoh"},"content":"                    ToDo toDo \u003d loadToDo(taskName, taskStatus);","lastModifiedDate":"2024-02-20"},{"lineNumber":254,"author":{"gitId":"JustinSoh"},"content":"                    appendIntoTaskList(toDo);","lastModifiedDate":"2024-02-20"},{"lineNumber":255,"author":{"gitId":"JustinSoh"},"content":"                    break;","lastModifiedDate":"2024-02-20"},{"lineNumber":256,"author":{"gitId":"JustinSoh"},"content":"                case \"D\":","lastModifiedDate":"2024-02-20"},{"lineNumber":257,"author":{"gitId":"JustinSoh"},"content":"                    String until \u003d task[3];","lastModifiedDate":"2024-02-20"},{"lineNumber":258,"author":{"gitId":"JustinSoh"},"content":"                    String[] deadlineParameter \u003d {taskName, until};","lastModifiedDate":"2024-02-20"},{"lineNumber":259,"author":{"gitId":"JustinSoh"},"content":"                    Deadline deadline \u003d Deadline.processDeadline(deadlineParameter);","lastModifiedDate":"2024-02-20"},{"lineNumber":260,"author":{"gitId":"JustinSoh"},"content":"                    appendIntoTaskList(deadline);","lastModifiedDate":"2024-02-20"},{"lineNumber":261,"author":{"gitId":"JustinSoh"},"content":"                    break;","lastModifiedDate":"2024-02-20"},{"lineNumber":262,"author":{"gitId":"JustinSoh"},"content":"                case \"E\":","lastModifiedDate":"2024-02-20"},{"lineNumber":263,"author":{"gitId":"JustinSoh"},"content":"                    String to \u003d task[3];","lastModifiedDate":"2024-02-20"},{"lineNumber":264,"author":{"gitId":"JustinSoh"},"content":"                    String from \u003d task[4];","lastModifiedDate":"2024-02-20"},{"lineNumber":265,"author":{"gitId":"JustinSoh"},"content":"                    Event event \u003d Event.processEvent(taskName, to, from);","lastModifiedDate":"2024-02-20"},{"lineNumber":266,"author":{"gitId":"JustinSoh"},"content":"                    if (taskStatus.equals(\"true\")) {","lastModifiedDate":"2024-02-20"},{"lineNumber":267,"author":{"gitId":"JustinSoh"},"content":"                        event.markAsDone();","lastModifiedDate":"2024-02-20"},{"lineNumber":268,"author":{"gitId":"JustinSoh"},"content":"                    }","lastModifiedDate":"2024-02-20"},{"lineNumber":269,"author":{"gitId":"JustinSoh"},"content":"                    appendIntoTaskList(event);","lastModifiedDate":"2024-02-20"},{"lineNumber":270,"author":{"gitId":"JustinSoh"},"content":"                    break;","lastModifiedDate":"2024-02-20"},{"lineNumber":271,"author":{"gitId":"JustinSoh"},"content":"                default:","lastModifiedDate":"2024-02-20"},{"lineNumber":272,"author":{"gitId":"JustinSoh"},"content":"                    throw new FileCorrupted(MimiException.FILE_CORRUPTED_MSG);","lastModifiedDate":"2024-02-20"},{"lineNumber":273,"author":{"gitId":"JustinSoh"},"content":"                }","lastModifiedDate":"2024-02-20"},{"lineNumber":274,"author":{"gitId":"JustinSoh"},"content":"","lastModifiedDate":"2024-02-20"},{"lineNumber":275,"author":{"gitId":"JustinSoh"},"content":"                if(taskStatus.equals(\"true\")) {","lastModifiedDate":"2024-02-20"},{"lineNumber":276,"author":{"gitId":"JustinSoh"},"content":"                    taskList.get(taskList.size()-1).markAsDone();","lastModifiedDate":"2024-02-20"},{"lineNumber":277,"author":{"gitId":"JustinSoh"},"content":"                }","lastModifiedDate":"2024-02-20"},{"lineNumber":278,"author":{"gitId":"JustinSoh"},"content":"            }","lastModifiedDate":"2024-02-20"},{"lineNumber":279,"author":{"gitId":"JustinSoh"},"content":"            saveFile(taskList, FILE_PATH);","lastModifiedDate":"2024-02-20"},{"lineNumber":280,"author":{"gitId":"JustinSoh"},"content":"","lastModifiedDate":"2024-02-20"},{"lineNumber":281,"author":{"gitId":"JustinSoh"},"content":"        } catch (IOException e) {","lastModifiedDate":"2024-02-20"},{"lineNumber":282,"author":{"gitId":"JustinSoh"},"content":"            System.out.println(\"\\u001B[31mError:Unable to load file as \" + filePath + \" does not exists\\u001B[0m\");","lastModifiedDate":"2024-02-20"},{"lineNumber":283,"author":{"gitId":"JustinSoh"},"content":"        } catch(IncorrectFormat | InsufficientParameters | ArrayIndexOutOfBoundsException e) {","lastModifiedDate":"2024-02-20"},{"lineNumber":284,"author":{"gitId":"JustinSoh"},"content":"            throw new FileCorrupted(MimiException.FILE_CORRUPTED_MSG);","lastModifiedDate":"2024-02-20"},{"lineNumber":285,"author":{"gitId":"JustinSoh"},"content":"        }","lastModifiedDate":"2024-02-20"},{"lineNumber":286,"author":{"gitId":"JustinSoh"},"content":"    }","lastModifiedDate":"2024-02-20"},{"lineNumber":287,"author":{"gitId":"JustinSoh"},"content":"","lastModifiedDate":"2024-02-20"},{"lineNumber":288,"author":{"gitId":"JustinSoh"},"content":"","lastModifiedDate":"2024-02-20"},{"lineNumber":289,"author":{"gitId":"JustinSoh"},"content":"","lastModifiedDate":"2024-02-20"},{"lineNumber":290,"author":{"gitId":"JustinSoh"},"content":"    private static ToDo loadToDo(String taskName, String taskStatus) throws FileCorrupted {","lastModifiedDate":"2024-02-20"},{"lineNumber":291,"author":{"gitId":"JustinSoh"},"content":"        ToDo toDo \u003d new ToDo(taskName);","lastModifiedDate":"2024-02-20"},{"lineNumber":292,"author":{"gitId":"JustinSoh"},"content":"","lastModifiedDate":"2024-02-20"},{"lineNumber":293,"author":{"gitId":"JustinSoh"},"content":"        if (taskStatus.equals(\"true\")) {","lastModifiedDate":"2024-02-20"},{"lineNumber":294,"author":{"gitId":"JustinSoh"},"content":"            // mark as done","lastModifiedDate":"2024-02-20"},{"lineNumber":295,"author":{"gitId":"JustinSoh"},"content":"            toDo.markAsDone();","lastModifiedDate":"2024-02-20"},{"lineNumber":296,"author":{"gitId":"JustinSoh"},"content":"        }","lastModifiedDate":"2024-02-20"},{"lineNumber":297,"author":{"gitId":"JustinSoh"},"content":"        else if (taskStatus.equals(\"false\")){","lastModifiedDate":"2024-02-20"},{"lineNumber":298,"author":{"gitId":"JustinSoh"},"content":"            toDo.markAsUndone();","lastModifiedDate":"2024-02-20"},{"lineNumber":299,"author":{"gitId":"JustinSoh"},"content":"        }","lastModifiedDate":"2024-02-20"},{"lineNumber":300,"author":{"gitId":"JustinSoh"},"content":"        else{","lastModifiedDate":"2024-02-20"},{"lineNumber":301,"author":{"gitId":"JustinSoh"},"content":"            throw new FileCorrupted(MimiException.FILE_CORRUPTED_MSG);","lastModifiedDate":"2024-02-20"},{"lineNumber":302,"author":{"gitId":"JustinSoh"},"content":"        }","lastModifiedDate":"2024-02-20"},{"lineNumber":303,"author":{"gitId":"JustinSoh"},"content":"","lastModifiedDate":"2024-02-20"},{"lineNumber":304,"author":{"gitId":"JustinSoh"},"content":"        return toDo;","lastModifiedDate":"2024-02-20"},{"lineNumber":305,"author":{"gitId":"JustinSoh"},"content":"    }","lastModifiedDate":"2024-02-20"},{"lineNumber":306,"author":{"gitId":"JustinSoh"},"content":"","lastModifiedDate":"2024-02-20"},{"lineNumber":307,"author":{"gitId":"JustinSoh"},"content":"","lastModifiedDate":"2024-02-20"},{"lineNumber":308,"author":{"gitId":"-"},"content":"    public static void main(String[] args) {","lastModifiedDate":"2024-02-20"},{"lineNumber":309,"author":{"gitId":"JustinSoh"},"content":"","lastModifiedDate":"2024-02-20"},{"lineNumber":310,"author":{"gitId":"JustinSoh"},"content":"        // Initial welcome message","lastModifiedDate":"2024-02-20"},{"lineNumber":311,"author":{"gitId":"JustinSoh"},"content":"        startupSequence();","lastModifiedDate":"2024-02-20"},{"lineNumber":312,"author":{"gitId":"JustinSoh"},"content":"","lastModifiedDate":"2024-02-20"},{"lineNumber":313,"author":{"gitId":"JustinSoh"},"content":"        try{","lastModifiedDate":"2024-02-20"},{"lineNumber":314,"author":{"gitId":"JustinSoh"},"content":"            loadFile(FILE_PATH);","lastModifiedDate":"2024-02-20"},{"lineNumber":315,"author":{"gitId":"JustinSoh"},"content":"        } catch (FileCorrupted e){","lastModifiedDate":"2024-02-20"},{"lineNumber":316,"author":{"gitId":"JustinSoh"},"content":"            System.out.println(e.getMessage());","lastModifiedDate":"2024-02-20"},{"lineNumber":317,"author":{"gitId":"JustinSoh"},"content":"        }","lastModifiedDate":"2024-02-20"},{"lineNumber":318,"author":{"gitId":"JustinSoh"},"content":"","lastModifiedDate":"2024-02-20"},{"lineNumber":319,"author":{"gitId":"JustinSoh"},"content":"        while (isRunning) {","lastModifiedDate":"2024-02-20"},{"lineNumber":320,"author":{"gitId":"JustinSoh"},"content":"            String[] inputs \u003d getInput();","lastModifiedDate":"2024-02-20"},{"lineNumber":321,"author":{"gitId":"JustinSoh"},"content":"            switch (inputs[0]) {","lastModifiedDate":"2024-02-20"},{"lineNumber":322,"author":{"gitId":"JustinSoh"},"content":"            case \"bye\":","lastModifiedDate":"2024-02-20"},{"lineNumber":323,"author":{"gitId":"JustinSoh"},"content":"                shutdownSequence();","lastModifiedDate":"2024-02-20"},{"lineNumber":324,"author":{"gitId":"JustinSoh"},"content":"                break;","lastModifiedDate":"2024-02-20"},{"lineNumber":325,"author":{"gitId":"JustinSoh"},"content":"            case \"list\":","lastModifiedDate":"2024-02-20"},{"lineNumber":326,"author":{"gitId":"JustinSoh"},"content":"                listTasks(taskList);","lastModifiedDate":"2024-02-20"},{"lineNumber":327,"author":{"gitId":"JustinSoh"},"content":"                break;","lastModifiedDate":"2024-02-20"},{"lineNumber":328,"author":{"gitId":"JustinSoh"},"content":"            case \"mark\":","lastModifiedDate":"2024-02-20"},{"lineNumber":329,"author":{"gitId":"JustinSoh"},"content":"                markTask(taskList, inputs);","lastModifiedDate":"2024-02-20"},{"lineNumber":330,"author":{"gitId":"JustinSoh"},"content":"                break;","lastModifiedDate":"2024-02-20"},{"lineNumber":331,"author":{"gitId":"JustinSoh"},"content":"            case \"unmark\":","lastModifiedDate":"2024-02-20"},{"lineNumber":332,"author":{"gitId":"JustinSoh"},"content":"                unmarkTask(taskList, inputs);","lastModifiedDate":"2024-02-20"},{"lineNumber":333,"author":{"gitId":"JustinSoh"},"content":"                break;","lastModifiedDate":"2024-02-20"},{"lineNumber":334,"author":{"gitId":"JustinSoh"},"content":"            case \"todo\":","lastModifiedDate":"2024-02-20"},{"lineNumber":335,"author":{"gitId":"JustinSoh"},"content":"                addToDo(inputs);","lastModifiedDate":"2024-02-20"},{"lineNumber":336,"author":{"gitId":"JustinSoh"},"content":"                break;","lastModifiedDate":"2024-02-20"},{"lineNumber":337,"author":{"gitId":"JustinSoh"},"content":"            case \"deadline\":","lastModifiedDate":"2024-02-20"},{"lineNumber":338,"author":{"gitId":"JustinSoh"},"content":"                addDeadline(inputs);","lastModifiedDate":"2024-02-20"},{"lineNumber":339,"author":{"gitId":"JustinSoh"},"content":"                break;","lastModifiedDate":"2024-02-20"},{"lineNumber":340,"author":{"gitId":"JustinSoh"},"content":"            case \"event\":","lastModifiedDate":"2024-02-20"},{"lineNumber":341,"author":{"gitId":"JustinSoh"},"content":"                addEvent(inputs);","lastModifiedDate":"2024-02-20"},{"lineNumber":342,"author":{"gitId":"JustinSoh"},"content":"                break;","lastModifiedDate":"2024-02-20"},{"lineNumber":343,"author":{"gitId":"JustinSoh"},"content":"            case \"delete\":","lastModifiedDate":"2024-02-20"},{"lineNumber":344,"author":{"gitId":"JustinSoh"},"content":"                deleteTask(taskList, inputs);","lastModifiedDate":"2024-02-20"},{"lineNumber":345,"author":{"gitId":"JustinSoh"},"content":"                break;","lastModifiedDate":"2024-02-20"},{"lineNumber":346,"author":{"gitId":"JustinSoh"},"content":"            default:","lastModifiedDate":"2024-02-20"},{"lineNumber":347,"author":{"gitId":"JustinSoh"},"content":"                // raise invalid instruction","lastModifiedDate":"2024-02-20"},{"lineNumber":348,"author":{"gitId":"JustinSoh"},"content":"                try {","lastModifiedDate":"2024-02-20"},{"lineNumber":349,"author":{"gitId":"JustinSoh"},"content":"                    throw new IncorrectFormat(MimiException.INCORRECT_INSTRUCTION_MSG);","lastModifiedDate":"2024-02-20"},{"lineNumber":350,"author":{"gitId":"JustinSoh"},"content":"                } catch (IncorrectFormat e) {","lastModifiedDate":"2024-02-20"},{"lineNumber":351,"author":{"gitId":"JustinSoh"},"content":"                    System.out.println(e.getMessage());","lastModifiedDate":"2024-02-20"},{"lineNumber":352,"author":{"gitId":"JustinSoh"},"content":"                }","lastModifiedDate":"2024-02-20"},{"lineNumber":353,"author":{"gitId":"JustinSoh"},"content":"                break;","lastModifiedDate":"2024-02-20"},{"lineNumber":354,"author":{"gitId":"JustinSoh"},"content":"            }","lastModifiedDate":"2024-02-20"},{"lineNumber":355,"author":{"gitId":"JustinSoh"},"content":"","lastModifiedDate":"2024-02-20"},{"lineNumber":356,"author":{"gitId":"JustinSoh"},"content":"            saveFile(taskList, FILE_PATH);","lastModifiedDate":"2024-02-20"},{"lineNumber":357,"author":{"gitId":"JustinSoh"},"content":"        }","lastModifiedDate":"2024-02-20"},{"lineNumber":358,"author":{"gitId":"-"},"content":"    }","lastModifiedDate":"2024-02-20"},{"lineNumber":359,"author":{"gitId":"JustinSoh"},"content":"","lastModifiedDate":"2024-02-20"},{"lineNumber":360,"author":{"gitId":"JustinSoh"},"content":"","lastModifiedDate":"2024-02-20"},{"lineNumber":361,"author":{"gitId":"-"},"content":"}","lastModifiedDate":"2019-07-29"}],"authorContributionMap":{"JustinSoh":356,"-":5}},{"path":"src/main/java/classes/Deadline.java","fileType":"java","lines":[{"lineNumber":1,"author":{"gitId":"JustinSoh"},"content":"package classes;","lastModifiedDate":"2024-02-13"},{"lineNumber":2,"author":{"gitId":"JustinSoh"},"content":"","lastModifiedDate":"2024-02-13"},{"lineNumber":3,"author":{"gitId":"JustinSoh"},"content":"import exceptions.MimiException;","lastModifiedDate":"2024-02-20"},{"lineNumber":4,"author":{"gitId":"JustinSoh"},"content":"","lastModifiedDate":"2024-02-20"},{"lineNumber":5,"author":{"gitId":"JustinSoh"},"content":"public class Deadline extends Task {","lastModifiedDate":"2024-02-04"},{"lineNumber":6,"author":{"gitId":"JustinSoh"},"content":"    private String deadline;","lastModifiedDate":"2024-02-04"},{"lineNumber":7,"author":{"gitId":"JustinSoh"},"content":"    public Deadline(String name, String deadline) {","lastModifiedDate":"2024-02-04"},{"lineNumber":8,"author":{"gitId":"JustinSoh"},"content":"        super(name);","lastModifiedDate":"2024-02-04"},{"lineNumber":9,"author":{"gitId":"JustinSoh"},"content":"        this.deadline \u003d deadline;","lastModifiedDate":"2024-02-04"},{"lineNumber":10,"author":{"gitId":"JustinSoh"},"content":"","lastModifiedDate":"2024-02-04"},{"lineNumber":11,"author":{"gitId":"JustinSoh"},"content":"    }","lastModifiedDate":"2024-02-04"},{"lineNumber":12,"author":{"gitId":"JustinSoh"},"content":"    public String getDeadline() {","lastModifiedDate":"2024-02-04"},{"lineNumber":13,"author":{"gitId":"JustinSoh"},"content":"        return deadline;","lastModifiedDate":"2024-02-04"},{"lineNumber":14,"author":{"gitId":"JustinSoh"},"content":"    }","lastModifiedDate":"2024-02-04"},{"lineNumber":15,"author":{"gitId":"JustinSoh"},"content":"","lastModifiedDate":"2024-02-04"},{"lineNumber":16,"author":{"gitId":"JustinSoh"},"content":"    public void setDeadline(String deadline) {","lastModifiedDate":"2024-02-04"},{"lineNumber":17,"author":{"gitId":"JustinSoh"},"content":"        this.deadline \u003d deadline;","lastModifiedDate":"2024-02-04"},{"lineNumber":18,"author":{"gitId":"JustinSoh"},"content":"    }","lastModifiedDate":"2024-02-04"},{"lineNumber":19,"author":{"gitId":"JustinSoh"},"content":"","lastModifiedDate":"2024-02-04"},{"lineNumber":20,"author":{"gitId":"JustinSoh"},"content":"    @Override","lastModifiedDate":"2024-02-04"},{"lineNumber":21,"author":{"gitId":"JustinSoh"},"content":"    public String toString(){","lastModifiedDate":"2024-02-04"},{"lineNumber":22,"author":{"gitId":"JustinSoh"},"content":"        return \"[D]\" + super.toString() + \"(by: \" + this.getDeadline() + \")\";","lastModifiedDate":"2024-02-04"},{"lineNumber":23,"author":{"gitId":"JustinSoh"},"content":"    }","lastModifiedDate":"2024-02-04"},{"lineNumber":24,"author":{"gitId":"JustinSoh"},"content":"","lastModifiedDate":"2024-02-04"},{"lineNumber":25,"author":{"gitId":"JustinSoh"},"content":"    public static Deadline processDeadline(String[] inputs) throws","lastModifiedDate":"2024-02-20"},{"lineNumber":26,"author":{"gitId":"JustinSoh"},"content":"            MimiException.InsufficientParameters,","lastModifiedDate":"2024-02-20"},{"lineNumber":27,"author":{"gitId":"JustinSoh"},"content":"            MimiException.IncorrectFormat {","lastModifiedDate":"2024-02-20"},{"lineNumber":28,"author":{"gitId":"JustinSoh"},"content":"","lastModifiedDate":"2024-02-20"},{"lineNumber":29,"author":{"gitId":"JustinSoh"},"content":"        if (inputs.length \u003c 2) {","lastModifiedDate":"2024-02-20"},{"lineNumber":30,"author":{"gitId":"JustinSoh"},"content":"            // Throws an error if /by is missing","lastModifiedDate":"2024-02-20"},{"lineNumber":31,"author":{"gitId":"JustinSoh"},"content":"            throw new MimiException.IncorrectFormat(MimiException.INCORRECT_DEADLINE_FORMAT_MSG);","lastModifiedDate":"2024-02-20"},{"lineNumber":32,"author":{"gitId":"JustinSoh"},"content":"        }","lastModifiedDate":"2024-02-20"},{"lineNumber":33,"author":{"gitId":"JustinSoh"},"content":"","lastModifiedDate":"2024-02-20"},{"lineNumber":34,"author":{"gitId":"JustinSoh"},"content":"        for (String s : inputs) {","lastModifiedDate":"2024-02-20"},{"lineNumber":35,"author":{"gitId":"JustinSoh"},"content":"            // Throws an error if parameters is incomplete","lastModifiedDate":"2024-02-20"},{"lineNumber":36,"author":{"gitId":"JustinSoh"},"content":"            if (s \u003d\u003d null || s.isEmpty()) {","lastModifiedDate":"2024-02-20"},{"lineNumber":37,"author":{"gitId":"JustinSoh"},"content":"                throw new MimiException.InsufficientParameters(MimiException.INSUFFICIENT_DEADLINE_PARAMETERS_MSG);","lastModifiedDate":"2024-02-20"},{"lineNumber":38,"author":{"gitId":"JustinSoh"},"content":"            }","lastModifiedDate":"2024-02-20"},{"lineNumber":39,"author":{"gitId":"JustinSoh"},"content":"        }","lastModifiedDate":"2024-02-20"},{"lineNumber":40,"author":{"gitId":"JustinSoh"},"content":"","lastModifiedDate":"2024-02-20"},{"lineNumber":41,"author":{"gitId":"JustinSoh"},"content":"        if (inputs[1].strip().isBlank()){","lastModifiedDate":"2024-02-20"},{"lineNumber":42,"author":{"gitId":"JustinSoh"},"content":"            throw new MimiException.InsufficientParameters(MimiException.INSUFFICIENT_DEADLINE_PARAMETERS_MSG);","lastModifiedDate":"2024-02-20"},{"lineNumber":43,"author":{"gitId":"JustinSoh"},"content":"        }","lastModifiedDate":"2024-02-20"},{"lineNumber":44,"author":{"gitId":"JustinSoh"},"content":"","lastModifiedDate":"2024-02-20"},{"lineNumber":45,"author":{"gitId":"JustinSoh"},"content":"        String taskName \u003d inputs[0];","lastModifiedDate":"2024-02-20"},{"lineNumber":46,"author":{"gitId":"JustinSoh"},"content":"        String dueDate \u003d inputs[1].strip();","lastModifiedDate":"2024-02-20"},{"lineNumber":47,"author":{"gitId":"JustinSoh"},"content":"","lastModifiedDate":"2024-02-20"},{"lineNumber":48,"author":{"gitId":"JustinSoh"},"content":"        return new Deadline(taskName, dueDate);","lastModifiedDate":"2024-02-20"},{"lineNumber":49,"author":{"gitId":"JustinSoh"},"content":"","lastModifiedDate":"2024-02-20"},{"lineNumber":50,"author":{"gitId":"JustinSoh"},"content":"    }","lastModifiedDate":"2024-02-20"},{"lineNumber":51,"author":{"gitId":"JustinSoh"},"content":"","lastModifiedDate":"2024-02-04"},{"lineNumber":52,"author":{"gitId":"JustinSoh"},"content":"    @Override","lastModifiedDate":"2024-02-20"},{"lineNumber":53,"author":{"gitId":"JustinSoh"},"content":"    public String toFileString(){","lastModifiedDate":"2024-02-20"},{"lineNumber":54,"author":{"gitId":"JustinSoh"},"content":"        return \"D\" +  \",\" + super.toFileString() + \",\" + this.getDeadline();","lastModifiedDate":"2024-02-20"},{"lineNumber":55,"author":{"gitId":"JustinSoh"},"content":"    }","lastModifiedDate":"2024-02-20"},{"lineNumber":56,"author":{"gitId":"JustinSoh"},"content":"","lastModifiedDate":"2024-02-20"},{"lineNumber":57,"author":{"gitId":"JustinSoh"},"content":"}","lastModifiedDate":"2024-02-04"}],"authorContributionMap":{"JustinSoh":57}},{"path":"src/main/java/classes/Event.java","fileType":"java","lines":[{"lineNumber":1,"author":{"gitId":"JustinSoh"},"content":"package classes;","lastModifiedDate":"2024-02-13"},{"lineNumber":2,"author":{"gitId":"JustinSoh"},"content":"","lastModifiedDate":"2024-02-13"},{"lineNumber":3,"author":{"gitId":"JustinSoh"},"content":"import exceptions.MimiException;","lastModifiedDate":"2024-02-20"},{"lineNumber":4,"author":{"gitId":"JustinSoh"},"content":"","lastModifiedDate":"2024-02-20"},{"lineNumber":5,"author":{"gitId":"JustinSoh"},"content":"public class Event extends Task {","lastModifiedDate":"2024-02-04"},{"lineNumber":6,"author":{"gitId":"JustinSoh"},"content":"    private String startTime;","lastModifiedDate":"2024-02-04"},{"lineNumber":7,"author":{"gitId":"JustinSoh"},"content":"    private String endTime;","lastModifiedDate":"2024-02-04"},{"lineNumber":8,"author":{"gitId":"JustinSoh"},"content":"    public Event(String name, String startTime, String endTime) {","lastModifiedDate":"2024-02-04"},{"lineNumber":9,"author":{"gitId":"JustinSoh"},"content":"        super(name);","lastModifiedDate":"2024-02-04"},{"lineNumber":10,"author":{"gitId":"JustinSoh"},"content":"        this.startTime \u003d startTime;","lastModifiedDate":"2024-02-04"},{"lineNumber":11,"author":{"gitId":"JustinSoh"},"content":"        this.endTime \u003d endTime;","lastModifiedDate":"2024-02-04"},{"lineNumber":12,"author":{"gitId":"JustinSoh"},"content":"    }","lastModifiedDate":"2024-02-04"},{"lineNumber":13,"author":{"gitId":"JustinSoh"},"content":"","lastModifiedDate":"2024-02-04"},{"lineNumber":14,"author":{"gitId":"JustinSoh"},"content":"    public String getStartTime() {","lastModifiedDate":"2024-02-04"},{"lineNumber":15,"author":{"gitId":"JustinSoh"},"content":"        return startTime;","lastModifiedDate":"2024-02-04"},{"lineNumber":16,"author":{"gitId":"JustinSoh"},"content":"    }","lastModifiedDate":"2024-02-04"},{"lineNumber":17,"author":{"gitId":"JustinSoh"},"content":"","lastModifiedDate":"2024-02-04"},{"lineNumber":18,"author":{"gitId":"JustinSoh"},"content":"    public void setStartTime(String startTime) {","lastModifiedDate":"2024-02-04"},{"lineNumber":19,"author":{"gitId":"JustinSoh"},"content":"        this.startTime \u003d startTime;","lastModifiedDate":"2024-02-04"},{"lineNumber":20,"author":{"gitId":"JustinSoh"},"content":"    }","lastModifiedDate":"2024-02-04"},{"lineNumber":21,"author":{"gitId":"JustinSoh"},"content":"","lastModifiedDate":"2024-02-04"},{"lineNumber":22,"author":{"gitId":"JustinSoh"},"content":"    public String getEndTime() {","lastModifiedDate":"2024-02-04"},{"lineNumber":23,"author":{"gitId":"JustinSoh"},"content":"        return endTime;","lastModifiedDate":"2024-02-04"},{"lineNumber":24,"author":{"gitId":"JustinSoh"},"content":"    }","lastModifiedDate":"2024-02-04"},{"lineNumber":25,"author":{"gitId":"JustinSoh"},"content":"","lastModifiedDate":"2024-02-04"},{"lineNumber":26,"author":{"gitId":"JustinSoh"},"content":"    public void setEndTime(String endTime) {","lastModifiedDate":"2024-02-04"},{"lineNumber":27,"author":{"gitId":"JustinSoh"},"content":"        this.endTime \u003d endTime;","lastModifiedDate":"2024-02-04"},{"lineNumber":28,"author":{"gitId":"JustinSoh"},"content":"    }","lastModifiedDate":"2024-02-04"},{"lineNumber":29,"author":{"gitId":"JustinSoh"},"content":"","lastModifiedDate":"2024-02-04"},{"lineNumber":30,"author":{"gitId":"JustinSoh"},"content":"    public static Event processEvent(String input) throws","lastModifiedDate":"2024-02-20"},{"lineNumber":31,"author":{"gitId":"JustinSoh"},"content":"            MimiException.IncorrectFormat,","lastModifiedDate":"2024-02-20"},{"lineNumber":32,"author":{"gitId":"JustinSoh"},"content":"            MimiException.InsufficientParameters {","lastModifiedDate":"2024-02-20"},{"lineNumber":33,"author":{"gitId":"JustinSoh"},"content":"","lastModifiedDate":"2024-02-20"},{"lineNumber":34,"author":{"gitId":"JustinSoh"},"content":"        // Further process the deadline input","lastModifiedDate":"2024-02-20"},{"lineNumber":35,"author":{"gitId":"JustinSoh"},"content":"        try {","lastModifiedDate":"2024-02-20"},{"lineNumber":36,"author":{"gitId":"JustinSoh"},"content":"            String[] inputs \u003d input.split(\"/from\", 2);","lastModifiedDate":"2024-02-20"},{"lineNumber":37,"author":{"gitId":"JustinSoh"},"content":"            String[] duration \u003d inputs[1].split(\"/to\", 2);","lastModifiedDate":"2024-02-20"},{"lineNumber":38,"author":{"gitId":"JustinSoh"},"content":"","lastModifiedDate":"2024-02-20"},{"lineNumber":39,"author":{"gitId":"JustinSoh"},"content":"            // Check if the inputs are complete","lastModifiedDate":"2024-02-20"},{"lineNumber":40,"author":{"gitId":"JustinSoh"},"content":"            String taskName \u003d inputs[0];","lastModifiedDate":"2024-02-20"},{"lineNumber":41,"author":{"gitId":"JustinSoh"},"content":"            String startDate \u003d duration[0].strip();","lastModifiedDate":"2024-02-20"},{"lineNumber":42,"author":{"gitId":"JustinSoh"},"content":"            String endDate \u003d duration[1].strip();","lastModifiedDate":"2024-02-20"},{"lineNumber":43,"author":{"gitId":"JustinSoh"},"content":"","lastModifiedDate":"2024-02-20"},{"lineNumber":44,"author":{"gitId":"JustinSoh"},"content":"            // Throws an error if parameters is incomplete","lastModifiedDate":"2024-02-20"},{"lineNumber":45,"author":{"gitId":"JustinSoh"},"content":"            if (taskName.isBlank() || startDate.isBlank() || endDate.isBlank()) {","lastModifiedDate":"2024-02-20"},{"lineNumber":46,"author":{"gitId":"JustinSoh"},"content":"                throw new MimiException.IncorrectFormat(MimiException.INCORRECT_EVENT_FORMAT_MSG);","lastModifiedDate":"2024-02-20"},{"lineNumber":47,"author":{"gitId":"JustinSoh"},"content":"            }","lastModifiedDate":"2024-02-20"},{"lineNumber":48,"author":{"gitId":"JustinSoh"},"content":"","lastModifiedDate":"2024-02-20"},{"lineNumber":49,"author":{"gitId":"JustinSoh"},"content":"            return new Event(taskName, startDate, endDate);","lastModifiedDate":"2024-02-20"},{"lineNumber":50,"author":{"gitId":"JustinSoh"},"content":"","lastModifiedDate":"2024-02-20"},{"lineNumber":51,"author":{"gitId":"JustinSoh"},"content":"        } catch (ArrayIndexOutOfBoundsException e) {","lastModifiedDate":"2024-02-20"},{"lineNumber":52,"author":{"gitId":"JustinSoh"},"content":"            throw new MimiException.InsufficientParameters(MimiException.INSUFFICIENT_EVENT_PARAMETERS_MSG);","lastModifiedDate":"2024-02-20"},{"lineNumber":53,"author":{"gitId":"JustinSoh"},"content":"        }","lastModifiedDate":"2024-02-20"},{"lineNumber":54,"author":{"gitId":"JustinSoh"},"content":"    }","lastModifiedDate":"2024-02-20"},{"lineNumber":55,"author":{"gitId":"JustinSoh"},"content":"","lastModifiedDate":"2024-02-04"},{"lineNumber":56,"author":{"gitId":"JustinSoh"},"content":"    public static Event processEvent(String taskName, String startDate, String endDate) throws","lastModifiedDate":"2024-02-20"},{"lineNumber":57,"author":{"gitId":"JustinSoh"},"content":"            MimiException.IncorrectFormat,","lastModifiedDate":"2024-02-20"},{"lineNumber":58,"author":{"gitId":"JustinSoh"},"content":"            MimiException.InsufficientParameters {","lastModifiedDate":"2024-02-20"},{"lineNumber":59,"author":{"gitId":"JustinSoh"},"content":"","lastModifiedDate":"2024-02-20"},{"lineNumber":60,"author":{"gitId":"JustinSoh"},"content":"        // Further process the deadline input","lastModifiedDate":"2024-02-20"},{"lineNumber":61,"author":{"gitId":"JustinSoh"},"content":"        try {","lastModifiedDate":"2024-02-20"},{"lineNumber":62,"author":{"gitId":"JustinSoh"},"content":"            // Check if the inputs are complete","lastModifiedDate":"2024-02-20"},{"lineNumber":63,"author":{"gitId":"JustinSoh"},"content":"            // Throws an error if parameters is incomplete","lastModifiedDate":"2024-02-20"},{"lineNumber":64,"author":{"gitId":"JustinSoh"},"content":"            if (taskName.isBlank() || startDate.isBlank() || endDate.isBlank()) {","lastModifiedDate":"2024-02-20"},{"lineNumber":65,"author":{"gitId":"JustinSoh"},"content":"                throw new MimiException.IncorrectFormat(MimiException.INCORRECT_EVENT_FORMAT_MSG);","lastModifiedDate":"2024-02-20"},{"lineNumber":66,"author":{"gitId":"JustinSoh"},"content":"            }","lastModifiedDate":"2024-02-20"},{"lineNumber":67,"author":{"gitId":"JustinSoh"},"content":"            return new Event(taskName, startDate, endDate);","lastModifiedDate":"2024-02-20"},{"lineNumber":68,"author":{"gitId":"JustinSoh"},"content":"","lastModifiedDate":"2024-02-20"},{"lineNumber":69,"author":{"gitId":"JustinSoh"},"content":"        } catch (ArrayIndexOutOfBoundsException e) {","lastModifiedDate":"2024-02-20"},{"lineNumber":70,"author":{"gitId":"JustinSoh"},"content":"            throw new MimiException.InsufficientParameters(MimiException.INSUFFICIENT_EVENT_PARAMETERS_MSG);","lastModifiedDate":"2024-02-20"},{"lineNumber":71,"author":{"gitId":"JustinSoh"},"content":"        }","lastModifiedDate":"2024-02-20"},{"lineNumber":72,"author":{"gitId":"JustinSoh"},"content":"    }","lastModifiedDate":"2024-02-20"},{"lineNumber":73,"author":{"gitId":"JustinSoh"},"content":"","lastModifiedDate":"2024-02-20"},{"lineNumber":74,"author":{"gitId":"JustinSoh"},"content":"","lastModifiedDate":"2024-02-20"},{"lineNumber":75,"author":{"gitId":"JustinSoh"},"content":"    @Override","lastModifiedDate":"2024-02-04"},{"lineNumber":76,"author":{"gitId":"JustinSoh"},"content":"    public String toString(){","lastModifiedDate":"2024-02-04"},{"lineNumber":77,"author":{"gitId":"JustinSoh"},"content":"        String duration \u003d \"(from: \" + this.getStartTime() + \" to: \" + this.getEndTime() + \")\";","lastModifiedDate":"2024-02-04"},{"lineNumber":78,"author":{"gitId":"JustinSoh"},"content":"        return \"[E]\" + super.toString() + duration;","lastModifiedDate":"2024-02-04"},{"lineNumber":79,"author":{"gitId":"JustinSoh"},"content":"    }","lastModifiedDate":"2024-02-04"},{"lineNumber":80,"author":{"gitId":"JustinSoh"},"content":"","lastModifiedDate":"2024-02-20"},{"lineNumber":81,"author":{"gitId":"JustinSoh"},"content":"    @Override","lastModifiedDate":"2024-02-20"},{"lineNumber":82,"author":{"gitId":"JustinSoh"},"content":"    public String toFileString(){","lastModifiedDate":"2024-02-20"},{"lineNumber":83,"author":{"gitId":"JustinSoh"},"content":"        return \"E\" +  \",\" + super.toFileString() + \",\" + this.getStartTime() + \",\" + this.getEndTime();","lastModifiedDate":"2024-02-20"},{"lineNumber":84,"author":{"gitId":"JustinSoh"},"content":"    }","lastModifiedDate":"2024-02-20"},{"lineNumber":85,"author":{"gitId":"JustinSoh"},"content":"}","lastModifiedDate":"2024-02-04"}],"authorContributionMap":{"JustinSoh":85}},{"path":"src/main/java/classes/Task.java","fileType":"java","lines":[{"lineNumber":1,"author":{"gitId":"JustinSoh"},"content":"package classes;","lastModifiedDate":"2024-02-13"},{"lineNumber":2,"author":{"gitId":"JustinSoh"},"content":"","lastModifiedDate":"2024-02-13"},{"lineNumber":3,"author":{"gitId":"JustinSoh"},"content":"public class Task {","lastModifiedDate":"2024-01-27"},{"lineNumber":4,"author":{"gitId":"JustinSoh"},"content":"    private String name;","lastModifiedDate":"2024-01-27"},{"lineNumber":5,"author":{"gitId":"JustinSoh"},"content":"    private boolean isDone;","lastModifiedDate":"2024-01-27"},{"lineNumber":6,"author":{"gitId":"JustinSoh"},"content":"","lastModifiedDate":"2024-01-27"},{"lineNumber":7,"author":{"gitId":"JustinSoh"},"content":"","lastModifiedDate":"2024-02-04"},{"lineNumber":8,"author":{"gitId":"JustinSoh"},"content":"    public Task(String name) {","lastModifiedDate":"2024-01-27"},{"lineNumber":9,"author":{"gitId":"JustinSoh"},"content":"        this.name \u003d name;","lastModifiedDate":"2024-01-27"},{"lineNumber":10,"author":{"gitId":"JustinSoh"},"content":"        this.isDone \u003d false;","lastModifiedDate":"2024-01-27"},{"lineNumber":11,"author":{"gitId":"JustinSoh"},"content":"    }","lastModifiedDate":"2024-01-27"},{"lineNumber":12,"author":{"gitId":"JustinSoh"},"content":"","lastModifiedDate":"2024-01-27"},{"lineNumber":13,"author":{"gitId":"JustinSoh"},"content":"    public String getName() {","lastModifiedDate":"2024-01-27"},{"lineNumber":14,"author":{"gitId":"JustinSoh"},"content":"        return name;","lastModifiedDate":"2024-01-27"},{"lineNumber":15,"author":{"gitId":"JustinSoh"},"content":"    }","lastModifiedDate":"2024-01-27"},{"lineNumber":16,"author":{"gitId":"JustinSoh"},"content":"","lastModifiedDate":"2024-01-27"},{"lineNumber":17,"author":{"gitId":"JustinSoh"},"content":"    public void setName(String name) {","lastModifiedDate":"2024-01-27"},{"lineNumber":18,"author":{"gitId":"JustinSoh"},"content":"        this.name \u003d name;","lastModifiedDate":"2024-01-27"},{"lineNumber":19,"author":{"gitId":"JustinSoh"},"content":"    }","lastModifiedDate":"2024-01-27"},{"lineNumber":20,"author":{"gitId":"JustinSoh"},"content":"","lastModifiedDate":"2024-01-27"},{"lineNumber":21,"author":{"gitId":"JustinSoh"},"content":"    public void setDone(boolean done) {","lastModifiedDate":"2024-01-27"},{"lineNumber":22,"author":{"gitId":"JustinSoh"},"content":"        isDone \u003d done;","lastModifiedDate":"2024-01-27"},{"lineNumber":23,"author":{"gitId":"JustinSoh"},"content":"    }","lastModifiedDate":"2024-01-27"},{"lineNumber":24,"author":{"gitId":"JustinSoh"},"content":"","lastModifiedDate":"2024-01-27"},{"lineNumber":25,"author":{"gitId":"JustinSoh"},"content":"    public String getStatusIcon() {","lastModifiedDate":"2024-01-27"},{"lineNumber":26,"author":{"gitId":"JustinSoh"},"content":"        return (isDone ? \"X\" : \" \");","lastModifiedDate":"2024-01-27"},{"lineNumber":27,"author":{"gitId":"JustinSoh"},"content":"    }","lastModifiedDate":"2024-01-27"},{"lineNumber":28,"author":{"gitId":"JustinSoh"},"content":"","lastModifiedDate":"2024-01-27"},{"lineNumber":29,"author":{"gitId":"JustinSoh"},"content":"    public void markAsDone() {","lastModifiedDate":"2024-01-27"},{"lineNumber":30,"author":{"gitId":"JustinSoh"},"content":"        setDone(true);","lastModifiedDate":"2024-02-01"},{"lineNumber":31,"author":{"gitId":"JustinSoh"},"content":"    }","lastModifiedDate":"2024-01-27"},{"lineNumber":32,"author":{"gitId":"JustinSoh"},"content":"","lastModifiedDate":"2024-01-27"},{"lineNumber":33,"author":{"gitId":"JustinSoh"},"content":"    public void markAsUndone() {","lastModifiedDate":"2024-01-27"},{"lineNumber":34,"author":{"gitId":"JustinSoh"},"content":"        setDone(false);","lastModifiedDate":"2024-02-01"},{"lineNumber":35,"author":{"gitId":"JustinSoh"},"content":"    }","lastModifiedDate":"2024-01-27"},{"lineNumber":36,"author":{"gitId":"JustinSoh"},"content":"","lastModifiedDate":"2024-02-04"},{"lineNumber":37,"author":{"gitId":"JustinSoh"},"content":"    @Override","lastModifiedDate":"2024-02-04"},{"lineNumber":38,"author":{"gitId":"JustinSoh"},"content":"    public String toString(){","lastModifiedDate":"2024-02-04"},{"lineNumber":39,"author":{"gitId":"JustinSoh"},"content":"        return \"[\" + this.getStatusIcon() + \"] \" + this.getName();","lastModifiedDate":"2024-02-04"},{"lineNumber":40,"author":{"gitId":"JustinSoh"},"content":"    }","lastModifiedDate":"2024-02-04"},{"lineNumber":41,"author":{"gitId":"JustinSoh"},"content":"","lastModifiedDate":"2024-02-20"},{"lineNumber":42,"author":{"gitId":"JustinSoh"},"content":"    public String toFileString(){","lastModifiedDate":"2024-02-20"},{"lineNumber":43,"author":{"gitId":"JustinSoh"},"content":"        return  this.isDone +  \",\" + this.getName();","lastModifiedDate":"2024-02-20"},{"lineNumber":44,"author":{"gitId":"JustinSoh"},"content":"    }","lastModifiedDate":"2024-02-20"},{"lineNumber":45,"author":{"gitId":"JustinSoh"},"content":"","lastModifiedDate":"2024-02-20"},{"lineNumber":46,"author":{"gitId":"JustinSoh"},"content":"","lastModifiedDate":"2024-02-20"},{"lineNumber":47,"author":{"gitId":"JustinSoh"},"content":"}","lastModifiedDate":"2024-01-27"}],"authorContributionMap":{"JustinSoh":47}},{"path":"src/main/java/classes/ToDo.java","fileType":"java","lines":[{"lineNumber":1,"author":{"gitId":"JustinSoh"},"content":"package classes;","lastModifiedDate":"2024-02-13"},{"lineNumber":2,"author":{"gitId":"JustinSoh"},"content":"","lastModifiedDate":"2024-02-13"},{"lineNumber":3,"author":{"gitId":"JustinSoh"},"content":"import classes.Task;","lastModifiedDate":"2024-02-13"},{"lineNumber":4,"author":{"gitId":"JustinSoh"},"content":"","lastModifiedDate":"2024-02-13"},{"lineNumber":5,"author":{"gitId":"JustinSoh"},"content":"public class ToDo extends Task {","lastModifiedDate":"2024-02-04"},{"lineNumber":6,"author":{"gitId":"JustinSoh"},"content":"","lastModifiedDate":"2024-02-04"},{"lineNumber":7,"author":{"gitId":"JustinSoh"},"content":"    public ToDo(String name) {","lastModifiedDate":"2024-02-04"},{"lineNumber":8,"author":{"gitId":"JustinSoh"},"content":"        super(name);","lastModifiedDate":"2024-02-04"},{"lineNumber":9,"author":{"gitId":"JustinSoh"},"content":"    }","lastModifiedDate":"2024-02-04"},{"lineNumber":10,"author":{"gitId":"JustinSoh"},"content":"","lastModifiedDate":"2024-02-04"},{"lineNumber":11,"author":{"gitId":"JustinSoh"},"content":"    @Override","lastModifiedDate":"2024-02-04"},{"lineNumber":12,"author":{"gitId":"JustinSoh"},"content":"    public String toString(){","lastModifiedDate":"2024-02-04"},{"lineNumber":13,"author":{"gitId":"JustinSoh"},"content":"        return \"[T]\" + super.toString() ;","lastModifiedDate":"2024-02-04"},{"lineNumber":14,"author":{"gitId":"JustinSoh"},"content":"    }","lastModifiedDate":"2024-02-04"},{"lineNumber":15,"author":{"gitId":"JustinSoh"},"content":"","lastModifiedDate":"2024-02-04"},{"lineNumber":16,"author":{"gitId":"JustinSoh"},"content":"    @Override","lastModifiedDate":"2024-02-20"},{"lineNumber":17,"author":{"gitId":"JustinSoh"},"content":"    public String toFileString(){","lastModifiedDate":"2024-02-20"},{"lineNumber":18,"author":{"gitId":"JustinSoh"},"content":"        return \"T\" +  \",\" + super.toFileString();","lastModifiedDate":"2024-02-20"},{"lineNumber":19,"author":{"gitId":"JustinSoh"},"content":"    }","lastModifiedDate":"2024-02-20"},{"lineNumber":20,"author":{"gitId":"JustinSoh"},"content":"}","lastModifiedDate":"2024-02-04"}],"authorContributionMap":{"JustinSoh":20}},{"path":"src/main/java/exceptions/MimiException.java","fileType":"java","lines":[{"lineNumber":1,"author":{"gitId":"JustinSoh"},"content":"package exceptions;","lastModifiedDate":"2024-02-13"},{"lineNumber":2,"author":{"gitId":"JustinSoh"},"content":"","lastModifiedDate":"2024-02-13"},{"lineNumber":3,"author":{"gitId":"JustinSoh"},"content":"public class MimiException {","lastModifiedDate":"2024-02-13"},{"lineNumber":4,"author":{"gitId":"JustinSoh"},"content":"","lastModifiedDate":"2024-02-13"},{"lineNumber":5,"author":{"gitId":"JustinSoh"},"content":"    // Error messages","lastModifiedDate":"2024-02-13"},{"lineNumber":6,"author":{"gitId":"JustinSoh"},"content":"    public final static String INCORRECT_INSTRUCTION_MSG \u003d \"unknown instruction. \" +","lastModifiedDate":"2024-02-20"},{"lineNumber":7,"author":{"gitId":"JustinSoh"},"content":"            \"Type of instructions available [deadline/todo/event/list/bye]\";","lastModifiedDate":"2024-02-13"},{"lineNumber":8,"author":{"gitId":"JustinSoh"},"content":"    public final static String INCORRECT_TODO_FORMAT_MSG \u003d \"todo format is invalid. \" +","lastModifiedDate":"2024-02-20"},{"lineNumber":9,"author":{"gitId":"JustinSoh"},"content":"            \"Proper syntax: todo [task]\";","lastModifiedDate":"2024-02-13"},{"lineNumber":10,"author":{"gitId":"JustinSoh"},"content":"    public final static String INCORRECT_DEADLINE_FORMAT_MSG \u003d \"deadline format is invalid. \" +","lastModifiedDate":"2024-02-20"},{"lineNumber":11,"author":{"gitId":"JustinSoh"},"content":"            \"Proper syntax: deadline [instruction] /by [deadline]\";","lastModifiedDate":"2024-02-13"},{"lineNumber":12,"author":{"gitId":"JustinSoh"},"content":"    public final static String INCORRECT_EVENT_FORMAT_MSG \u003d \"event format is invalid. \" +","lastModifiedDate":"2024-02-20"},{"lineNumber":13,"author":{"gitId":"JustinSoh"},"content":"            \"Proper syntax: event [eventName] /from [startDate] /to [endDate]\";","lastModifiedDate":"2024-02-13"},{"lineNumber":14,"author":{"gitId":"JustinSoh"},"content":"","lastModifiedDate":"2024-02-13"},{"lineNumber":15,"author":{"gitId":"JustinSoh"},"content":"    public final static String INCORRECT_INDEX_FORMAT_MSG \u003d \"delete/mark/unmark format is invalid. \" +","lastModifiedDate":"2024-02-20"},{"lineNumber":16,"author":{"gitId":"JustinSoh"},"content":"            \"Proper syntax: delete/mark/unmark [task number]\";","lastModifiedDate":"2024-02-20"},{"lineNumber":17,"author":{"gitId":"JustinSoh"},"content":"    public final static String INSUFFICIENT_TODO_PARAMETERS_MSG \u003d \"todo parameters is incomplete. \" +","lastModifiedDate":"2024-02-20"},{"lineNumber":18,"author":{"gitId":"JustinSoh"},"content":"            \"Proper syntax: todo [task number]\";","lastModifiedDate":"2024-02-20"},{"lineNumber":19,"author":{"gitId":"JustinSoh"},"content":"    public final static String INSUFFICIENT_DEADLINE_PARAMETERS_MSG \u003d \"deadline parameters is incomplete. \" +","lastModifiedDate":"2024-02-20"},{"lineNumber":20,"author":{"gitId":"JustinSoh"},"content":"            \"Proper syntax: deadline [instruction] /by [deadline]\";","lastModifiedDate":"2024-02-13"},{"lineNumber":21,"author":{"gitId":"JustinSoh"},"content":"    public final static String INSUFFICIENT_EVENT_PARAMETERS_MSG \u003d \"event parameters is incomplete. \" +","lastModifiedDate":"2024-02-20"},{"lineNumber":22,"author":{"gitId":"JustinSoh"},"content":"            \"Proper syntax: event [eventName] /from [startDate] /to [endDate]\";","lastModifiedDate":"2024-02-13"},{"lineNumber":23,"author":{"gitId":"JustinSoh"},"content":"    public final static String INSUFFICIENT_INDEX_PARAMETERS_MSG \u003d \"delete/mark/unmark parameters is incomplete. \" +","lastModifiedDate":"2024-02-20"},{"lineNumber":24,"author":{"gitId":"JustinSoh"},"content":"            \"Proper syntax: delete/mark/unmark [task number]\";","lastModifiedDate":"2024-02-20"},{"lineNumber":25,"author":{"gitId":"JustinSoh"},"content":"    public final static String TASK_NOT_FOUND_MSG \u003d \"task not found. \" + \"Please check the task number again.\";","lastModifiedDate":"2024-02-20"},{"lineNumber":26,"author":{"gitId":"JustinSoh"},"content":"","lastModifiedDate":"2024-02-20"},{"lineNumber":27,"author":{"gitId":"JustinSoh"},"content":"    public final static String FILE_CORRUPTED_MSG \u003d \"file is corrupted. \" + \"Please check the file again.\";","lastModifiedDate":"2024-02-20"},{"lineNumber":28,"author":{"gitId":"JustinSoh"},"content":"","lastModifiedDate":"2024-02-13"},{"lineNumber":29,"author":{"gitId":"JustinSoh"},"content":"    public static class InsufficientParameters extends Exception {","lastModifiedDate":"2024-02-13"},{"lineNumber":30,"author":{"gitId":"JustinSoh"},"content":"        public InsufficientParameters(String message) {","lastModifiedDate":"2024-02-13"},{"lineNumber":31,"author":{"gitId":"JustinSoh"},"content":"            super(\"\\u001B[31mError: \" + message + \"\\u001B[0m\");","lastModifiedDate":"2024-02-13"},{"lineNumber":32,"author":{"gitId":"JustinSoh"},"content":"        }","lastModifiedDate":"2024-02-13"},{"lineNumber":33,"author":{"gitId":"JustinSoh"},"content":"    }","lastModifiedDate":"2024-02-13"},{"lineNumber":34,"author":{"gitId":"JustinSoh"},"content":"","lastModifiedDate":"2024-02-13"},{"lineNumber":35,"author":{"gitId":"JustinSoh"},"content":"    public static class IncorrectFormat extends Exception {","lastModifiedDate":"2024-02-13"},{"lineNumber":36,"author":{"gitId":"JustinSoh"},"content":"        public IncorrectFormat(String message) {","lastModifiedDate":"2024-02-13"},{"lineNumber":37,"author":{"gitId":"JustinSoh"},"content":"            super(\"\\u001B[31mError: \" + message + \"\\u001B[0m\");","lastModifiedDate":"2024-02-13"},{"lineNumber":38,"author":{"gitId":"JustinSoh"},"content":"        }","lastModifiedDate":"2024-02-13"},{"lineNumber":39,"author":{"gitId":"JustinSoh"},"content":"    }","lastModifiedDate":"2024-02-13"},{"lineNumber":40,"author":{"gitId":"JustinSoh"},"content":"","lastModifiedDate":"2024-02-13"},{"lineNumber":41,"author":{"gitId":"JustinSoh"},"content":"    public static class TaskNotFound extends Exception {","lastModifiedDate":"2024-02-13"},{"lineNumber":42,"author":{"gitId":"JustinSoh"},"content":"        public TaskNotFound(String message) {","lastModifiedDate":"2024-02-13"},{"lineNumber":43,"author":{"gitId":"JustinSoh"},"content":"            super(\"\\u001B[31mError: \" + message + \"\\u001B[0m\");","lastModifiedDate":"2024-02-13"},{"lineNumber":44,"author":{"gitId":"JustinSoh"},"content":"        }","lastModifiedDate":"2024-02-13"},{"lineNumber":45,"author":{"gitId":"JustinSoh"},"content":"    }","lastModifiedDate":"2024-02-13"},{"lineNumber":46,"author":{"gitId":"JustinSoh"},"content":"","lastModifiedDate":"2024-02-20"},{"lineNumber":47,"author":{"gitId":"JustinSoh"},"content":"    public static class FileCorrupted extends Exception {","lastModifiedDate":"2024-02-20"},{"lineNumber":48,"author":{"gitId":"JustinSoh"},"content":"        public FileCorrupted(String message) {","lastModifiedDate":"2024-02-20"},{"lineNumber":49,"author":{"gitId":"JustinSoh"},"content":"            super(\"\\u001B[31mError: \" + message + \"\\u001B[0m\");","lastModifiedDate":"2024-02-20"},{"lineNumber":50,"author":{"gitId":"JustinSoh"},"content":"        }","lastModifiedDate":"2024-02-20"},{"lineNumber":51,"author":{"gitId":"JustinSoh"},"content":"    }","lastModifiedDate":"2024-02-20"},{"lineNumber":52,"author":{"gitId":"JustinSoh"},"content":"}","lastModifiedDate":"2024-02-13"}],"authorContributionMap":{"JustinSoh":52}},{"path":"text-ui-test/input.txt","fileType":"txt","lines":[{"lineNumber":1,"author":{"gitId":"JustinSoh"},"content":"mark","lastModifiedDate":"2024-02-13"},{"lineNumber":2,"author":{"gitId":"JustinSoh"},"content":"mark 1","lastModifiedDate":"2024-02-13"},{"lineNumber":3,"author":{"gitId":"JustinSoh"},"content":"mark","lastModifiedDate":"2024-02-13"},{"lineNumber":4,"author":{"gitId":"JustinSoh"},"content":"unmark","lastModifiedDate":"2024-02-13"},{"lineNumber":5,"author":{"gitId":"JustinSoh"},"content":"unmark 1","lastModifiedDate":"2024-02-13"},{"lineNumber":6,"author":{"gitId":"JustinSoh"},"content":"unmark","lastModifiedDate":"2024-02-13"},{"lineNumber":7,"author":{"gitId":"JustinSoh"},"content":"todo borrow book","lastModifiedDate":"2024-02-04"},{"lineNumber":8,"author":{"gitId":"JustinSoh"},"content":"todo","lastModifiedDate":"2024-02-13"},{"lineNumber":9,"author":{"gitId":"JustinSoh"},"content":"todooooooooo","lastModifiedDate":"2024-02-13"},{"lineNumber":10,"author":{"gitId":"JustinSoh"},"content":"todo borrow calculator","lastModifiedDate":"2024-02-04"},{"lineNumber":11,"author":{"gitId":"JustinSoh"},"content":"list","lastModifiedDate":"2024-02-04"},{"lineNumber":12,"author":{"gitId":"JustinSoh"},"content":"deadline return book /by Sunday","lastModifiedDate":"2024-02-04"},{"lineNumber":13,"author":{"gitId":"JustinSoh"},"content":"deadline","lastModifiedDate":"2024-02-13"},{"lineNumber":14,"author":{"gitId":"JustinSoh"},"content":"deadline /by","lastModifiedDate":"2024-02-13"},{"lineNumber":15,"author":{"gitId":"JustinSoh"},"content":"deadline by","lastModifiedDate":"2024-02-13"},{"lineNumber":16,"author":{"gitId":"JustinSoh"},"content":"deadline return book /by","lastModifiedDate":"2024-02-13"},{"lineNumber":17,"author":{"gitId":"JustinSoh"},"content":"event project meeting /from Mon 2pm /to 4pm","lastModifiedDate":"2024-02-04"},{"lineNumber":18,"author":{"gitId":"JustinSoh"},"content":"event","lastModifiedDate":"2024-02-13"},{"lineNumber":19,"author":{"gitId":"JustinSoh"},"content":"event testing","lastModifiedDate":"2024-02-13"},{"lineNumber":20,"author":{"gitId":"JustinSoh"},"content":"event testing /from /to","lastModifiedDate":"2024-02-13"},{"lineNumber":21,"author":{"gitId":"JustinSoh"},"content":"event testing /from Mon 3pm /to","lastModifiedDate":"2024-02-13"},{"lineNumber":22,"author":{"gitId":"JustinSoh"},"content":"list","lastModifiedDate":"2024-02-04"},{"lineNumber":23,"author":{"gitId":"JustinSoh"},"content":"mark 1","lastModifiedDate":"2024-02-04"},{"lineNumber":24,"author":{"gitId":"JustinSoh"},"content":"list","lastModifiedDate":"2024-02-04"},{"lineNumber":25,"author":{"gitId":"JustinSoh"},"content":"delete 10","lastModifiedDate":"2024-02-20"},{"lineNumber":26,"author":{"gitId":"JustinSoh"},"content":"delete -0","lastModifiedDate":"2024-02-20"},{"lineNumber":27,"author":{"gitId":"JustinSoh"},"content":"delete 1111","lastModifiedDate":"2024-02-20"},{"lineNumber":28,"author":{"gitId":"JustinSoh"},"content":"delete 1 1 1","lastModifiedDate":"2024-02-20"},{"lineNumber":29,"author":{"gitId":"JustinSoh"},"content":"delete","lastModifiedDate":"2024-02-20"},{"lineNumber":30,"author":{"gitId":"JustinSoh"},"content":"delete 1","lastModifiedDate":"2024-02-20"},{"lineNumber":31,"author":{"gitId":"JustinSoh"},"content":"bye","lastModifiedDate":"2024-02-04"}],"authorContributionMap":{"JustinSoh":31}},{"path":"text-ui-test/runtest.sh","fileType":"sh","lines":[{"lineNumber":1,"author":{"gitId":"-"},"content":"#!/usr/bin/env bash","lastModifiedDate":"2020-05-25"},{"lineNumber":2,"author":{"gitId":"-"},"content":"","lastModifiedDate":"2020-05-25"},{"lineNumber":3,"author":{"gitId":"-"},"content":"# create bin directory if it doesn\u0027t exist","lastModifiedDate":"2020-05-25"},{"lineNumber":4,"author":{"gitId":"-"},"content":"if [ ! -d \"../bin\" ]","lastModifiedDate":"2020-05-25"},{"lineNumber":5,"author":{"gitId":"-"},"content":"then","lastModifiedDate":"2020-05-25"},{"lineNumber":6,"author":{"gitId":"-"},"content":"    mkdir ../bin","lastModifiedDate":"2020-05-25"},{"lineNumber":7,"author":{"gitId":"-"},"content":"fi","lastModifiedDate":"2020-05-25"},{"lineNumber":8,"author":{"gitId":"-"},"content":"","lastModifiedDate":"2020-05-25"},{"lineNumber":9,"author":{"gitId":"JustinSoh"},"content":"","lastModifiedDate":"2024-02-20"},{"lineNumber":10,"author":{"gitId":"JustinSoh"},"content":"# create data directory if it doesn\u0027t exist","lastModifiedDate":"2024-02-20"},{"lineNumber":11,"author":{"gitId":"JustinSoh"},"content":"if [ ! -d \"../data\" ]","lastModifiedDate":"2024-02-20"},{"lineNumber":12,"author":{"gitId":"JustinSoh"},"content":"then","lastModifiedDate":"2024-02-20"},{"lineNumber":13,"author":{"gitId":"JustinSoh"},"content":"    mkdir ../data","lastModifiedDate":"2024-02-20"},{"lineNumber":14,"author":{"gitId":"JustinSoh"},"content":"fi","lastModifiedDate":"2024-02-20"},{"lineNumber":15,"author":{"gitId":"JustinSoh"},"content":"","lastModifiedDate":"2024-02-20"},{"lineNumber":16,"author":{"gitId":"JustinSoh"},"content":"# if previous copy of EXPECTED_FILE.logs exists, then create new copy it","lastModifiedDate":"2024-02-20"},{"lineNumber":17,"author":{"gitId":"JustinSoh"},"content":"if [ -e \"../data/mimi.logs\" ]","lastModifiedDate":"2024-02-20"},{"lineNumber":18,"author":{"gitId":"JustinSoh"},"content":"then","lastModifiedDate":"2024-02-20"},{"lineNumber":19,"author":{"gitId":"JustinSoh"},"content":"    rm ../data/mimi.logs","lastModifiedDate":"2024-02-20"},{"lineNumber":20,"author":{"gitId":"JustinSoh"},"content":"fi","lastModifiedDate":"2024-02-20"},{"lineNumber":21,"author":{"gitId":"JustinSoh"},"content":"","lastModifiedDate":"2024-02-20"},{"lineNumber":22,"author":{"gitId":"JustinSoh"},"content":"if [ ! -e \"../data/mimi.logs\" ]","lastModifiedDate":"2024-02-20"},{"lineNumber":23,"author":{"gitId":"JustinSoh"},"content":"then","lastModifiedDate":"2024-02-20"},{"lineNumber":24,"author":{"gitId":"JustinSoh"},"content":"    touch ../data/mimi.logs","lastModifiedDate":"2024-02-20"},{"lineNumber":25,"author":{"gitId":"JustinSoh"},"content":"fi","lastModifiedDate":"2024-02-20"},{"lineNumber":26,"author":{"gitId":"JustinSoh"},"content":"","lastModifiedDate":"2024-02-20"},{"lineNumber":27,"author":{"gitId":"JustinSoh"},"content":"","lastModifiedDate":"2024-02-20"},{"lineNumber":28,"author":{"gitId":"-"},"content":"# delete output from previous run","lastModifiedDate":"2020-05-25"},{"lineNumber":29,"author":{"gitId":"-"},"content":"if [ -e \"./ACTUAL.TXT\" ]","lastModifiedDate":"2020-05-25"},{"lineNumber":30,"author":{"gitId":"-"},"content":"then","lastModifiedDate":"2020-05-25"},{"lineNumber":31,"author":{"gitId":"-"},"content":"    rm ACTUAL.TXT","lastModifiedDate":"2020-05-25"},{"lineNumber":32,"author":{"gitId":"-"},"content":"fi","lastModifiedDate":"2020-05-25"},{"lineNumber":33,"author":{"gitId":"-"},"content":"","lastModifiedDate":"2020-05-25"},{"lineNumber":34,"author":{"gitId":"JustinSoh"},"content":"","lastModifiedDate":"2024-02-20"},{"lineNumber":35,"author":{"gitId":"-"},"content":"# compile the code into the bin folder, terminates if error occurred","lastModifiedDate":"2020-05-25"},{"lineNumber":36,"author":{"gitId":"-"},"content":"if ! javac -cp ../src/main/java -Xlint:none -d ../bin ../src/main/java/*.java","lastModifiedDate":"2020-08-25"},{"lineNumber":37,"author":{"gitId":"-"},"content":"then","lastModifiedDate":"2020-05-25"},{"lineNumber":38,"author":{"gitId":"-"},"content":"    echo \"********** BUILD FAILURE **********\"","lastModifiedDate":"2020-05-25"},{"lineNumber":39,"author":{"gitId":"-"},"content":"    exit 1","lastModifiedDate":"2020-05-25"},{"lineNumber":40,"author":{"gitId":"-"},"content":"fi","lastModifiedDate":"2020-05-25"},{"lineNumber":41,"author":{"gitId":"JustinSoh"},"content":"cd ../","lastModifiedDate":"2024-02-20"},{"lineNumber":42,"author":{"gitId":"-"},"content":"# run the program, feed commands from input.txt file and redirect the output to the ACTUAL.TXT","lastModifiedDate":"2020-05-25"},{"lineNumber":43,"author":{"gitId":"JustinSoh"},"content":"java -classpath bin Duke \u003c text-ui-test/input.txt \u003e text-ui-test/ACTUAL.TXT","lastModifiedDate":"2024-02-20"},{"lineNumber":44,"author":{"gitId":"-"},"content":"","lastModifiedDate":"2020-05-25"},{"lineNumber":45,"author":{"gitId":"JustinSoh"},"content":"cd text-ui-test","lastModifiedDate":"2024-02-20"},{"lineNumber":46,"author":{"gitId":"-"},"content":"# convert to UNIX format","lastModifiedDate":"2020-05-25"},{"lineNumber":47,"author":{"gitId":"-"},"content":"cp EXPECTED.TXT EXPECTED-UNIX.TXT","lastModifiedDate":"2020-05-25"},{"lineNumber":48,"author":{"gitId":"-"},"content":"dos2unix ACTUAL.TXT EXPECTED-UNIX.TXT","lastModifiedDate":"2020-05-25"},{"lineNumber":49,"author":{"gitId":"-"},"content":"","lastModifiedDate":"2020-05-25"},{"lineNumber":50,"author":{"gitId":"-"},"content":"# compare the output to the expected output","lastModifiedDate":"2020-05-25"},{"lineNumber":51,"author":{"gitId":"-"},"content":"diff ACTUAL.TXT EXPECTED-UNIX.TXT","lastModifiedDate":"2020-05-25"},{"lineNumber":52,"author":{"gitId":"-"},"content":"if [ $? -eq 0 ]","lastModifiedDate":"2020-05-25"},{"lineNumber":53,"author":{"gitId":"-"},"content":"then","lastModifiedDate":"2024-02-20"},{"lineNumber":54,"author":{"gitId":"JustinSoh"},"content":"    diff ../data/mimi.logs EXPECTED_FILE.logs","lastModifiedDate":"2024-02-20"},{"lineNumber":55,"author":{"gitId":"JustinSoh"},"content":"    if [ $? -eq 0 ]","lastModifiedDate":"2024-02-20"},{"lineNumber":56,"author":{"gitId":"-"},"content":"    then","lastModifiedDate":"2020-05-25"},{"lineNumber":57,"author":{"gitId":"-"},"content":"        echo \"Test result: PASSED\"","lastModifiedDate":"2020-05-25"},{"lineNumber":58,"author":{"gitId":"-"},"content":"        exit 0","lastModifiedDate":"2020-05-25"},{"lineNumber":59,"author":{"gitId":"-"},"content":"    else","lastModifiedDate":"2020-05-25"},{"lineNumber":60,"author":{"gitId":"-"},"content":"        echo \"Test result: FAILED\"","lastModifiedDate":"2020-05-25"},{"lineNumber":61,"author":{"gitId":"-"},"content":"        exit 1","lastModifiedDate":"2020-05-25"},{"lineNumber":62,"author":{"gitId":"-"},"content":"    fi","lastModifiedDate":"2020-05-25"},{"lineNumber":63,"author":{"gitId":"-"},"content":"else","lastModifiedDate":"2024-02-20"},{"lineNumber":64,"author":{"gitId":"-"},"content":"    echo \"Test result: FAILED\"","lastModifiedDate":"2024-02-20"},{"lineNumber":65,"author":{"gitId":"-"},"content":"    exit 1","lastModifiedDate":"2024-02-20"},{"lineNumber":66,"author":{"gitId":"JustinSoh"},"content":"fi","lastModifiedDate":"2024-02-20"},{"lineNumber":67,"author":{"gitId":"JustinSoh"},"content":"","lastModifiedDate":"2024-02-20"}],"authorContributionMap":{"JustinSoh":27,"-":40}}]
