{"authorDailyContributionsMap":{"BestDownLoader365":[{"date":"2024-01-26","commitResults":[{"hash":"a8eba799c25fa133cbccec12b76138b758c4553b","isMergeCommit":false,"messageTitle":"Level-0","messageBody":"","tags":["v0.0"],"fileTypesAndContributionMap":{"java":{"insertions":5,"deletions":6}}}]},{"date":"2024-01-28","commitResults":[{"hash":"4d2aefe7548f33c3529710f2075d0e2e85abe7bf","isMergeCommit":false,"messageTitle":"Level-1","messageBody":"","tags":["v1.0"],"fileTypesAndContributionMap":{"java":{"insertions":27,"deletions":5}}},{"hash":"9a1248356cb07f9c27c42d125b566347dfc73cfc","isMergeCommit":false,"messageTitle":"Level-2","messageBody":"","tags":["v2.0"],"fileTypesAndContributionMap":{"java":{"insertions":13,"deletions":2}}}]},{"date":"2024-01-29","commitResults":[{"hash":"fef1968be558636f4a9a384e72d010f1b67e8545","isMergeCommit":false,"messageTitle":"Level-3","messageBody":"","tags":["v3.0"],"fileTypesAndContributionMap":{"java":{"insertions":94,"deletions":36}}}]},{"date":"2024-01-31","commitResults":[{"hash":"2ac9ade9baf7c170a15b2892ee4f593e7706b2e3","isMergeCommit":false,"messageTitle":"Update README.md","messageBody":"","fileTypesAndContributionMap":{"md":{"insertions":29,"deletions":24}}},{"hash":"0b2c5f4ffe206d6b5179dc7a03efedc9fda07797","isMergeCommit":false,"messageTitle":"Update README.md","messageBody":"","fileTypesAndContributionMap":{"md":{"insertions":2,"deletions":2}}},{"hash":"545d407e5c9c7811ac5131d8c7f78b574c2d5ab3","isMergeCommit":false,"messageTitle":"Customize","messageBody":"","tags":["v3.1"],"fileTypesAndContributionMap":{"java":{"insertions":8,"deletions":3}}},{"hash":"907f0ee1517930058535a7e54a54bc4326486a52","isMergeCommit":true,"messageTitle":"Merge remote-tracking branch \u0027origin/master\u0027","messageBody":"","fileTypesAndContributionMap":{}}]},{"date":"2024-02-01","commitResults":[{"hash":"3c668ccaaaf9389c9225091d2976f50e269f77e8","isMergeCommit":false,"messageTitle":"Handle unexpected input","messageBody":"","tags":["v3.2"],"fileTypesAndContributionMap":{"java":{"insertions":58,"deletions":25},"bat":{"insertions":1,"deletions":1}}}]},{"date":"2024-02-04","commitResults":[{"hash":"97e780e7e0f07e2760f11b190c542b6af6670b10","isMergeCommit":false,"messageTitle":"Level-4","messageBody":"","tags":["v4.0"],"fileTypesAndContributionMap":{"java":{"insertions":209,"deletions":65}}},{"hash":"1df7ced8223c518e0e64f381b6876e966f9bed81","isMergeCommit":false,"messageTitle":"Update README.md","messageBody":"","tags":["v4.1"],"fileTypesAndContributionMap":{"md":{"insertions":4,"deletions":1}}},{"hash":"4b14c545751a40db947d05812f070d933a986d51","isMergeCommit":false,"messageTitle":"Better formatting","messageBody":"","tags":["v4.2"],"fileTypesAndContributionMap":{"java":{"insertions":1,"deletions":1}}}]},{"date":"2024-02-11","commitResults":[{"hash":"8db12314b3ca7854d2656e8021ce2ccb6e4bb87a","isMergeCommit":false,"messageTitle":"Change based on peer review","messageBody":"","tags":["v4.3"],"fileTypesAndContributionMap":{"txt":{"insertions":5,"deletions":0},"java":{"insertions":106,"deletions":77}}}]},{"date":"2024-02-13","commitResults":[{"hash":"7bc757bd904ec88d75325689af1c23ae002c7f9e","isMergeCommit":false,"messageTitle":"Handle Errors","messageBody":"","tags":["v5.0"],"fileTypesAndContributionMap":{"java":{"insertions":109,"deletions":88}}},{"hash":"8a42edd54b114cc5846d9413dc05f52a9c879137","isMergeCommit":true,"messageTitle":"Merge branch \u0027branch-Level-5\u0027","messageBody":"","fileTypesAndContributionMap":{}},{"hash":"e57ad9ae975a5c7f012aaed18eff77e1fbada1bb","isMergeCommit":false,"messageTitle":"A-Packages","messageBody":"","tags":["v5.1"],"fileTypesAndContributionMap":{"java":{"insertions":51,"deletions":9},"bat":{"insertions":1,"deletions":1},"md":{"insertions":4,"deletions":4}}}]}]},"authorFileTypeContributionMap":{"BestDownLoader365":{"java":374,"md":32,"fxml":0,"sh":0,"bat":1,"gradle":0,"txt":5}},"authorContributionVariance":{"BestDownLoader365":6617.7065},"authorDisplayNameMap":{"BestDownLoader365":"CS2113-W12-3 FANG..IHAN"}}
