{"authorDailyContributionsMap":{"NicholasTanYY":[{"date":"2024-01-24","commitResults":[{"hash":"b6bc2c0e5e44472b282501df74ee22af20940002","isMergeCommit":false,"messageTitle":"Add level 0","messageBody":"","fileTypesAndContributionMap":{"java":{"insertions":17,"deletions":6}}},{"hash":"33b18e2075fa94bd688b723a934c28eacbd498a6","isMergeCommit":false,"messageTitle":"Add level 0","messageBody":"","tags":["Level-0"],"fileTypesAndContributionMap":{"java":{"insertions":4,"deletions":5}}}]},{"date":"2024-01-30","commitResults":[{"hash":"5e4936e91eceaa70b85f9ec49081d90765b8511f","isMergeCommit":false,"messageTitle":"Add echo capabilities","messageBody":"","tags":["Level-1"],"fileTypesAndContributionMap":{"java":{"insertions":34,"deletions":9}}},{"hash":"3face123f989b359a28ce754d99feb84aa2fb466","isMergeCommit":false,"messageTitle":"Add methods for adding and listing tasks","messageBody":"","tags":["Level-2"],"fileTypesAndContributionMap":{"java":{"insertions":31,"deletions":6}}},{"hash":"7bc1fbff904a4d81624c4a2893bc1729db319968","isMergeCommit":false,"messageTitle":"Add feature to mark as done","messageBody":"","fileTypesAndContributionMap":{"java":{"insertions":56,"deletions":7}}}]},{"date":"2024-02-07","commitResults":[{"hash":"984d6909ea1f9a7b23b4a896ebc9fb603cf5d06a","isMergeCommit":false,"messageTitle":"Fix bug when marking and unmarking tasks","messageBody":"","tags":["Level-3"],"fileTypesAndContributionMap":{"java":{"insertions":2,"deletions":2}}},{"hash":"1f71d75cacd9cac753cb3ae13fb6be3dcc61efb5","isMergeCommit":false,"messageTitle":"Add support for tracking todos, events, deadlines","messageBody":"","fileTypesAndContributionMap":{"java":{"insertions":90,"deletions":18}}},{"hash":"b424c103dd520e249376ac5acf3484223fe60531","isMergeCommit":false,"messageTitle":"Fix print output from todos, events and deadlines","messageBody":"","tags":["Level-4"],"fileTypesAndContributionMap":{"java":{"insertions":5,"deletions":7}}},{"hash":"7edcf8d17ca0be7f38a7588bebbf20985ee13107","isMergeCommit":false,"messageTitle":"Add optional UI testing","messageBody":"","tags":["A-TextUiTesting"],"fileTypesAndContributionMap":{"txt":{"insertions":12,"deletions":0},"sh":{"insertions":1,"deletions":1}}}]},{"date":"2024-02-08","commitResults":[{"hash":"2bdfdf1ebfdaebb43da9ab116aa060c6bcaf93d5","isMergeCommit":false,"messageTitle":"Refactor long and repetitive methods","messageBody":"","tags":["A-CodeQuality"],"fileTypesAndContributionMap":{"java":{"insertions":47,"deletions":22}}}]}]},"authorFileTypeContributionMap":{"NicholasTanYY":{"java":212,"md":0,"fxml":0,"sh":1,"bat":0,"gradle":0,"txt":12}},"authorContributionVariance":{"NicholasTanYY":1825.2017},"authorDisplayNameMap":{"NicholasTanYY":"CS2113-W13-2 NICH..N YU"}}
