{"authorDailyContributionsMap":{"JingHaoooo":[{"date":"2024-01-25","commitResults":[{"hash":"0eab901625679c0a7d822fcc4b37275ab2e4d37e","isMergeCommit":false,"messageTitle":"Renamed ChatBot and added greet and exit messages.","messageBody":"","fileTypesAndContributionMap":{"java":{"insertions":12,"deletions":10}}}]},{"date":"2024-01-26","commitResults":[{"hash":"aa60e6d6de0654e5897f8d085fe34f70d93b204f","isMergeCommit":false,"messageTitle":"Revert \"Renamed ChatBot and added greet and exit messages.\"","messageBody":"This reverts commit 0eab901625679c0a7d822fcc4b37275ab2e4d37e.\n","fileTypesAndContributionMap":{"java":{"insertions":10,"deletions":12}}},{"hash":"1ab0f32330cf0137f62197a863825e4706ae11d6","isMergeCommit":false,"messageTitle":"Add greet and exit message","messageBody":"","tags":["Level-0"],"fileTypesAndContributionMap":{"java":{"insertions":12,"deletions":10}}}]},{"date":"2024-01-29","commitResults":[{"hash":"05da01d1881092cb2adf32911358516ff54583f3","isMergeCommit":false,"messageTitle":"Add echo","messageBody":"","tags":["Level-1"],"fileTypesAndContributionMap":{"java":{"insertions":26,"deletions":4}}}]},{"date":"2024-02-01","commitResults":[{"hash":"669029e335d1e3c92e80c71eadc91e2bc40f8754","isMergeCommit":false,"messageTitle":"Add function to store texts and displpay it to the user","messageBody":"","tags":["Level-2"],"fileTypesAndContributionMap":{"java":{"insertions":50,"deletions":11}}},{"hash":"6da5147b4e9fdf514372dceed64f9673dc93a13a","isMergeCommit":false,"messageTitle":"Add the ability to mark task as done and unmark task as not done","messageBody":"","tags":["Level-3"],"fileTypesAndContributionMap":{"java":{"insertions":26,"deletions":1}}}]},{"date":"2024-02-02","commitResults":[{"hash":"f9d8eb46785a54193601bfd4ad6ede4e834ee41f","isMergeCommit":false,"messageTitle":"Tweak the code to comply with A-CodingStandard","messageBody":"","tags":["A-CodingStandard"],"fileTypesAndContributionMap":{"java":{"insertions":9,"deletions":9}}}]},{"date":"2024-02-04","commitResults":[{"hash":"06b3525d85bef3c934f79854cd7327b7c026cfc9","isMergeCommit":false,"messageTitle":"Feature: Add support for tracking three types of task","messageBody":"Todo, event and deadline are a subclass of task class.\n","tags":["Level-4"],"fileTypesAndContributionMap":{"java":{"insertions":174,"deletions":53}}}]},{"date":"2024-02-07","commitResults":[{"hash":"61b34d7d5afb0b4f82ee29cb0fae1bc9bdc9cc8d","isMergeCommit":false,"messageTitle":"Add automated text UI test","messageBody":"","tags":["A-TextUiTesting"],"fileTypesAndContributionMap":{"txt":{"insertions":13,"deletions":0},"bat":{"insertions":2,"deletions":2},"sh":{"insertions":2,"deletions":2}}}]},{"date":"2024-02-13","commitResults":[{"hash":"20b0ae2801debf07655939df9682f7953d9a5537","isMergeCommit":false,"messageTitle":"Refactor code: Divide classes into packages","messageBody":"","tags":["A-Packages"],"fileTypesAndContributionMap":{"java":{"insertions":39,"deletions":8}}},{"hash":"1bd9381883c1794b1d2119f6083651fc0b647656","isMergeCommit":false,"messageTitle":"Refactor code: Remove unneccessary line","messageBody":"","tags":["A-CodeQuality"],"fileTypesAndContributionMap":{"java":{"insertions":0,"deletions":1}}},{"hash":"e527fae24349af41b14c937b9ae833a6419f5101","isMergeCommit":false,"messageTitle":"Add feature: Handle invalid command errors","messageBody":"","tags":["Level-5"],"fileTypesAndContributionMap":{"java":{"insertions":57,"deletions":33}}},{"hash":"562dea8e2d90eebd085c7447ed21ddbab4f80108","isMergeCommit":false,"messageTitle":"Style: Add and remove blank lines","messageBody":"","tags":["A-Exceptions"],"fileTypesAndContributionMap":{"java":{"insertions":11,"deletions":9}}},{"hash":"614d80c34ead55cce660bf295d0b7118538a6136","isMergeCommit":true,"messageTitle":"Merge branch \u0027master\u0027 into branch-Level-5","messageBody":"","fileTypesAndContributionMap":{}}]},{"date":"2024-02-17","commitResults":[{"hash":"34df7ff8a6cf265f9e4bdaa492e0d678ee485f87","isMergeCommit":false,"messageTitle":"Add new class type TaskList","messageBody":"","fileTypesAndContributionMap":{"java":{"insertions":7,"deletions":0}}},{"hash":"674d9bd9a2b8b0a65ac7ef8af202ef86f9a01337","isMergeCommit":false,"messageTitle":"Refactor code for taskList to use TaskList class","messageBody":"","tags":["A-Collections"],"fileTypesAndContributionMap":{"java":{"insertions":12,"deletions":12}}},{"hash":"130694b305d466027e017ea209d815ecb46a2dfa","isMergeCommit":false,"messageTitle":"Feature: Add function to delete tasks","messageBody":"","fileTypesAndContributionMap":{"java":{"insertions":19,"deletions":2}}},{"hash":"2756b2a784c0a069b01fde2de881f988bb01da82","isMergeCommit":false,"messageTitle":"Feature: Add function to save current list in text file Let\u0027s * Create a text file named tasklist.txt if it does not exit * Modify subclasses of Task with method toDiskFormat() to store data in the text file","messageBody":"","fileTypesAndContributionMap":{"txt":{"insertions":1,"deletions":0},"java":{"insertions":146,"deletions":19}}},{"hash":"bfcb5719ef0ecbf4a04185956b07c1989ca75eca","isMergeCommit":false,"messageTitle":"Feature: Add ability to create missing data directory and file","messageBody":"","fileTypesAndContributionMap":{"txt":{"insertions":1,"deletions":0},"java":{"insertions":6,"deletions":18}}},{"hash":"fc60658b91e14335c7218d4b7066e08bf590813e","isMergeCommit":true,"messageTitle":"Merge branch \u0027branch-Level-6\u0027","messageBody":"","tags":["Level-6"],"fileTypesAndContributionMap":{}},{"hash":"e0a9fd5c1a5e39563219bfe66250bf0ad7e80c0b","isMergeCommit":true,"messageTitle":"Merge branch \u0027branch-Level-7\u0027","messageBody":"# Conflicts:\n#\tsrc/main/java/JingHao.java\n","tags":["Level-7"],"fileTypesAndContributionMap":{}},{"hash":"e6e8a733e53ba7549ce1168a0e3276e381ee2864","isMergeCommit":false,"messageTitle":"Bug Fix: Fix total number of task bug","messageBody":"","tags":["A-Jar"],"fileTypesAndContributionMap":{"java":{"insertions":1,"deletions":6}}}]},{"date":"2024-02-21","commitResults":[{"hash":"2627c42f1ef4775b28ab7fda9a66ea569226214e","isMergeCommit":false,"messageTitle":"Refactor code: Improve coding standard and quality","messageBody":"","fileTypesAndContributionMap":{"txt":{"insertions":4,"deletions":2},"java":{"insertions":52,"deletions":53}}}]},{"date":"2024-02-25","commitResults":[{"hash":"6698feeee8453798ed77320ddde5a525f664e800","isMergeCommit":false,"messageTitle":"Refactor code: Extract Ui, Parser and Command classes","messageBody":"","tags":["A-MoreOOP"],"fileTypesAndContributionMap":{"java":{"insertions":402,"deletions":185}}},{"hash":"f78280968d148dc15a9a218c3bb9a49e1ea73099","isMergeCommit":false,"messageTitle":"Bug fix: Fix command for Bye","messageBody":"","fileTypesAndContributionMap":{"java":{"insertions":1,"deletions":1}}},{"hash":"64ee808445a77af8c83ff72ebbba22b33d8c1b47","isMergeCommit":false,"messageTitle":"Feature: Add parse local datetime object  for Deadline and Event Task","messageBody":"","fileTypesAndContributionMap":{"txt":{"insertions":0,"deletions":4},"java":{"insertions":98,"deletions":28}}},{"hash":"3381e84000360c0c16cd7e8c399bb6c815005fca","isMergeCommit":false,"messageTitle":"Feature:  Add find command","messageBody":"Provide users with a way to find a task by searching for a keyword.\n","fileTypesAndContributionMap":{"txt":{"insertions":1,"deletions":4},"java":{"insertions":62,"deletions":1}}}]},{"date":"2024-02-26","commitResults":[{"hash":"fd05ca30dbda9a4730e11bb7b6156d7a74c97ce8","isMergeCommit":false,"messageTitle":"Document: Add JavaDoc comments Add JavaDoc comments to the code.","messageBody":"","fileTypesAndContributionMap":{"java":{"insertions":300,"deletions":5}}},{"hash":"2fd521ddb496d12e3c34db6e97df6dca56da34b5","isMergeCommit":true,"messageTitle":"Merge pull request #1 from JingHaoooo/branch-Level-8","messageBody":"Feature: Add parse local datetime object for Deadline and Event Task","tags":["Level-8"],"fileTypesAndContributionMap":{}},{"hash":"450db98051567b6cdca7f98b496dadd8316f532d","isMergeCommit":true,"messageTitle":"Merge branch \u0027master\u0027 into branch-Level-9","messageBody":"","fileTypesAndContributionMap":{}},{"hash":"3e6a1245d9d25ddb40b3b6f6415f80e1610d462b","isMergeCommit":true,"messageTitle":"Merge pull request #2 from JingHaoooo/branch-Level-9","messageBody":"Feature:  Add find command","tags":["Level-9"],"fileTypesAndContributionMap":{}},{"hash":"25025417cab97ec87696c9d7228199b628fc14d5","isMergeCommit":true,"messageTitle":"Merge pull request #3 from JingHaoooo/branch-A-JavaDoc","messageBody":"Document: Add JavaDoc comments","tags":["A-JavaDoc"],"fileTypesAndContributionMap":{}},{"hash":"7755ba9b06f39adbba8ca100cd14d568a5f90266","isMergeCommit":false,"messageTitle":"Document: Add missing JavaDoc for remaining classes","messageBody":"","fileTypesAndContributionMap":{"java":{"insertions":100,"deletions":5}}}]}]},"authorFileTypeContributionMap":{"JingHaoooo":{"java":1143,"md":0,"fxml":0,"sh":2,"bat":2,"gradle":0,"txt":13}},"authorContributionVariance":{"JingHaoooo":21290.146},"authorDisplayNameMap":{"JingHaoooo":"CS2113-T11-1 LIM .. HAO"}}
