{"authorDailyContributionsMap":{"songyuew":[{"date":"2024-01-23","commitResults":[{"hash":"aa6657ef0c042b5b341bc3b414f58cce4bd97dd7","isMergeCommit":false,"messageTitle":"Level-0","messageBody":"","tags":["Level-0"],"fileTypesAndContributionMap":{"java":{"insertions":11,"deletions":6}}}]},{"date":"2024-02-01","commitResults":[{"hash":"190541a20cb8c7de9c105ec4f7841437f9501fb1","isMergeCommit":false,"messageTitle":"Completed level-1","messageBody":"","tags":["Level-1"],"fileTypesAndContributionMap":{"java":{"insertions":44,"deletions":15}}},{"hash":"7b66b3f808e7bd3ce3c997598f98bb7df6ace9aa","isMergeCommit":false,"messageTitle":"Completed level-2","messageBody":"","tags":["Level-2"],"fileTypesAndContributionMap":{"java":{"insertions":38,"deletions":1}}},{"hash":"5127bca5fd41d6c9fdb459b02247c012f7655c41","isMergeCommit":false,"messageTitle":"Completed level-3","messageBody":"","tags":["Level-3","A-CodingStandard"],"fileTypesAndContributionMap":{"java":{"insertions":29,"deletions":3}}}]},{"date":"2024-02-17","commitResults":[{"hash":"2316992776311ff39b0d04d91bf68226507795f0","isMergeCommit":false,"messageTitle":"Level-4","messageBody":"","tags":["Level-4"],"fileTypesAndContributionMap":{"java":{"insertions":85,"deletions":17}}},{"hash":"c06dc8fb7fee230c77f417adb6120e6b2df51a69","isMergeCommit":false,"messageTitle":"A-TextUiTesting","messageBody":"","tags":["A-TextUiTesting","A-CodeQuality"],"fileTypesAndContributionMap":{"txt":{"insertions":5,"deletions":0},"java":{"insertions":7,"deletions":2},"bat":{"insertions":1,"deletions":1},"sh":{"insertions":1,"deletions":1}}},{"hash":"d822aeac87d6b029cd1c407351b5c0e7133f733e","isMergeCommit":false,"messageTitle":"Minor fix: UI-testing","messageBody":"","fileTypesAndContributionMap":{"java":{"insertions":23,"deletions":8}}},{"hash":"8b5cb03a24f4593e112a1be4cd9927e3bd0fcf3c","isMergeCommit":false,"messageTitle":"Exception handling","messageBody":"","fileTypesAndContributionMap":{"java":{"insertions":39,"deletions":9}}},{"hash":"22c37862e70b3250dd787d1171b635c245788bca","isMergeCommit":false,"messageTitle":"Exception handling 2","messageBody":"","fileTypesAndContributionMap":{"java":{"insertions":7,"deletions":0}}},{"hash":"6436bc27d947b1e977464e820663e595d7fdd3e3","isMergeCommit":false,"messageTitle":"Added custom exception","messageBody":"","tags":["Level-5"],"fileTypesAndContributionMap":{"java":{"insertions":38,"deletions":4}}},{"hash":"05f73b8c687fd9c9e05417d07e9a1ff4c3c381ee","isMergeCommit":false,"messageTitle":"Created packages \u0026 refactoring","messageBody":"","fileTypesAndContributionMap":{"java":{"insertions":20,"deletions":2}}},{"hash":"792775fdb00748c424682d8cbc699b7560117ffb","isMergeCommit":true,"messageTitle":"Merge branch \u0027branch-A-Packages\u0027","messageBody":"","tags":["A-Packages"],"fileTypesAndContributionMap":{}}]}]},"authorFileTypeContributionMap":{"songyuew":{"java":284,"md":0,"fxml":0,"sh":1,"bat":1,"gradle":0,"txt":5}},"authorContributionVariance":{"songyuew":2809.757},"authorDisplayNameMap":{"songyuew":"CS2113-F15-1 WANG..GYUE"}}
