{"authorDailyContributionsMap":{"BryanCastorius":[{"date":"2024-02-01","commitResults":[{"hash":"5d17812657a376a0ce2d1b6396fa10624aa6e90d","isMergeCommit":false,"messageTitle":"Add level 0","messageBody":"","tags":["Level-0"],"fileTypesAndContributionMap":{"java":{"insertions":7,"deletions":6}}},{"hash":"8d32a06eabb5908d5b4a463ebfe36e8824f41242","isMergeCommit":false,"messageTitle":"Add level 1","messageBody":"","tags":["level-1"],"fileTypesAndContributionMap":{"java":{"insertions":31,"deletions":0}}},{"hash":"7d9faaae4637a574602182616d14e63401adc8e5","isMergeCommit":false,"messageTitle":"Add level 2","messageBody":"","tags":["level-2"],"fileTypesAndContributionMap":{"java":{"insertions":89,"deletions":42}}}]},{"date":"2024-02-02","commitResults":[{"hash":"0c9770b5c1edd411e1fcf367d4e7f24c004f024b","isMergeCommit":false,"messageTitle":"Add level 3","messageBody":"","tags":["level-3"],"fileTypesAndContributionMap":{"java":{"insertions":73,"deletions":17}}}]},{"date":"2024-02-05","commitResults":[{"hash":"4af211c64fb380c01b9fe961c4f28db408246467","isMergeCommit":false,"messageTitle":"Update Task.java","messageBody":"Indentation fix\n","tags":["Indentation-error"],"fileTypesAndContributionMap":{"java":{"insertions":26,"deletions":0}}},{"hash":"59278190e62fc48ffb81bf90ede29165fe04f375","isMergeCommit":false,"messageTitle":"Update Task.java","messageBody":"Indentation fix\n","tags":["Indentation-fix"],"fileTypesAndContributionMap":{"java":{"insertions":7,"deletions":32}}}]}]},"authorFileTypeContributionMap":{"BryanCastorius":{"java":146,"md":0,"fxml":0,"sh":0,"bat":0,"gradle":0,"txt":0}},"authorContributionVariance":{"BryanCastorius":2049.9998},"authorDisplayNameMap":{"BryanCastorius":"BRYA..ALIM"}}
