{"authorDailyContributionsMap":{"yeozhishen":[{"date":"2024-01-27","commitResults":[{"hash":"d6a47daa21d1e201309bfc897884955c51ab0890","isMergeCommit":false,"messageTitle":"Rename project, add greet, exit Level 0 of ip","messageBody":"","fileTypesAndContributionMap":{"java":{"insertions":23,"deletions":10}}},{"hash":"ff780af7f8cef4073100be9f31d1bce14960adbf","isMergeCommit":false,"messageTitle":"Add echo, modify gitignore Add echo functionality to chatbot, exclude .project from being pushed to remote","messageBody":"","tags":["Level-1"],"fileTypesAndContributionMap":{"java":{"insertions":16,"deletions":1}}}]},{"date":"2024-01-28","commitResults":[{"hash":"d160985a49ffbeb0f1342e869c9d2fd83670688a","isMergeCommit":false,"messageTitle":"Add Task and TaskManager objects, refactor Fido Abstracted the recording of tasks to the TaskManager and Task objects. Refactored fido to have a main run function instead of having everything in main","messageBody":"","tags":["Level-2"],"fileTypesAndContributionMap":{"java":{"insertions":82,"deletions":6}}},{"hash":"41bb74b7b30eab0a9aa2e16afe22bbd8420b7be2","isMergeCommit":false,"messageTitle":"Add Parser class, refactor Fido to use parser Abstracted away the responsibility of collecting user inputs and parsing them to the Parser class. This avoids having to redeclare Scanner over and over again and using the nextLine() method which may be hard to read in code","messageBody":"","fileTypesAndContributionMap":{"java":{"insertions":31,"deletions":10}}},{"hash":"b577e8d4181d020d44410596e63f95e93277cd25","isMergeCommit":false,"messageTitle":" Added feature to mark tasks as done.  Added getTaskIndexForMarking method in parser.  Added handleTaskMarking and handleUnmarkingTask in Fido to not obfuscate  code in run.  Added methods to mark a specific task index as done/undone in  TaskManager.  Added methods to mark task as done/undone in Task","messageBody":"","tags":["Level-3","A-CodingStandard"],"fileTypesAndContributionMap":{"java":{"insertions":84,"deletions":7}}}]},{"date":"2024-02-03","commitResults":[{"hash":"6aa2819dc0501189dc8993ef75125fc9901d8707","isMergeCommit":false,"messageTitle":"Clean code Added extra abstraction layers. Classes such as Formatter, UserInterface was added. This ensures more modular code so that changes will be more predictable and easier to trace through.","messageBody":"","fileTypesAndContributionMap":{"java":{"insertions":80,"deletions":52}}},{"hash":"949186e1d35cafc06b26fdf03d360098206cb902","isMergeCommit":false,"messageTitle":"Fix bugs Added exceptions to be thrown and handled when the user input is empty ie) no spaces. Added new error messages to be printed to the user when commands are invalid","messageBody":"","fileTypesAndContributionMap":{"java":{"insertions":17,"deletions":29}}},{"hash":"78ef86e3f9a927ed845cdabfd2b1c419ed68c247","isMergeCommit":false,"messageTitle":"Refactor TaskManager Added isIndexOutofRange to conform with SLAP framework","messageBody":"","fileTypesAndContributionMap":{"java":{"insertions":8,"deletions":2}}},{"hash":"ae47ccdf0ec7c77e4b21b7b88fe4b036333745fc","isMergeCommit":false,"messageTitle":"Clean code Added constants for magic variables, fixed indentation, format of output messages","messageBody":"","tags":["Level-4"],"fileTypesAndContributionMap":{"java":{"insertions":26,"deletions":26}}},{"hash":"ace99a0fa925eb7b9b51ff32311764016bb1040c","isMergeCommit":false,"messageTitle":"Refactor command types Added enumeration to map commands over to strings. This ensures that the classes are not overloaded with magic strings","messageBody":"","fileTypesAndContributionMap":{"java":{"insertions":32,"deletions":21}}}]},{"date":"2024-02-04","commitResults":[{"hash":"74e41f114deef1bf72c98d36e693fc4b61229be8","isMergeCommit":false,"messageTitle":"Add Todo, Deadline, Event Added ability to add the above. The 3 classes above is derived from the Task class. Addititonal enumerators were made to account for the REGEX expressions that have to be extracted from the input strings. Added functionality to the parser to check for the correct events and deadline, although there may be cases of fallthrough","messageBody":"","fileTypesAndContributionMap":{"java":{"insertions":157,"deletions":9}}}]},{"date":"2024-02-06","commitResults":[{"hash":"22ea3007be585ea90115f5cb645500cd1b6fc7d8","isMergeCommit":false,"messageTitle":"Clean syntax Cleaned up code syntax to ensure code readability","messageBody":"","tags":["A-CodeQuality"],"fileTypesAndContributionMap":{"java":{"insertions":1,"deletions":1}}}]},{"date":"2024-02-09","commitResults":[{"hash":"8765de3d03e0c55b3e6e19852df5a533ccbec4f5","isMergeCommit":false,"messageTitle":"Rename enumerators Refactored enumerators to be in line with java coding standards (Although the enums are mainly used as constants)","messageBody":"","fileTypesAndContributionMap":{"java":{"insertions":22,"deletions":22}}}]},{"date":"2024-02-10","commitResults":[{"hash":"9597894e28186aa91752fd49206df1cf6f9ba97f","isMergeCommit":false,"messageTitle":"Add incorrect input handling Modified parser to throw exceptions in the event of invalid todos, deadlines and events, together with empty inputs. Classification of invalid types: Todo: no additional argument supplied after the todo keyword Event: /to and /from were not specified or no arguments were given after the keywords Deadline: similar to event","messageBody":"Added an Enumerator for Error messages to have a fixed unified file to\nspecify the various error messages\n","fileTypesAndContributionMap":{"java":{"insertions":39,"deletions":11}}},{"hash":"a1efb377fc2d5e8fef1da2c5b2d2d93df2622b50","isMergeCommit":false,"messageTitle":"Add additional exception checks Added checks for todo, event and deadline, to make sure that the commands did not include keywords from other commands","messageBody":"","fileTypesAndContributionMap":{"java":{"insertions":50,"deletions":24}}},{"hash":"54be12b37775541064b82cf7944d03e8fbb88b81","isMergeCommit":true,"messageTitle":"Merge branch \u0027branch-Level-5\u0027 Merging features of handling errors onto main branch","messageBody":"","tags":["Level-5"],"fileTypesAndContributionMap":{}}]},{"date":"2024-02-17","commitResults":[{"hash":"b902ad9dfe3dc42c319ec85705d1c7d5e533b71b","isMergeCommit":false,"messageTitle":"Add Index out of bounds error message Modified unmark and mark command in fido to follow the other action commands. Main eror handling will be done by the Fido.run method","messageBody":"","fileTypesAndContributionMap":{"java":{"insertions":10,"deletions":10}}},{"hash":"f072b868e268f1896549585cbf5caacb02a884b1","isMergeCommit":true,"messageTitle":"Merge branch \u0027branch-Level-5\u0027","messageBody":"","tags":["A-Exceptions"],"fileTypesAndContributionMap":{}},{"hash":"790d2bc7ec779c8aa92df89443194dbe19d4f1a8","isMergeCommit":false,"messageTitle":"Add delete functionality added delete for Level 6 and the corresponding error handling, similar to mark/unmarking tasks","messageBody":"","fileTypesAndContributionMap":{"java":{"insertions":31,"deletions":7}}},{"hash":"59eae7f14d7c3212f893cd8a6b02f473cb6ef448","isMergeCommit":false,"messageTitle":"Add appropriate error message for delete","messageBody":"","fileTypesAndContributionMap":{"java":{"insertions":1,"deletions":1}}},{"hash":"6cc54375756f2bb3fa9071a069fff7c64bda7dcc","isMergeCommit":true,"messageTitle":"Merge branch \u0027master\u0027 into branch-Level-6 resolved conflicts regarding marking/unmarking tasks and error messages","messageBody":"","fileTypesAndContributionMap":{}},{"hash":"87d27334e8e4ade303ddbd3203c6a837eee036d7","isMergeCommit":true,"messageTitle":"Merge branch \u0027branch-Level-6\u0027","messageBody":"","tags":["Level-6"],"fileTypesAndContributionMap":{}},{"hash":"b6ba518218c50e6490c9eb940716541131b4b15f","isMergeCommit":false,"messageTitle":"Add file saving feature Added ability to save tasklist to disk, where the file is saved onto a file named tasklist. upon startup, application will also read data from the file and load it into memory","messageBody":"","fileTypesAndContributionMap":{"java":{"insertions":210,"deletions":15}}},{"hash":"f1826e51d33ddc3e941c99e84beb2d2d7cf93713","isMergeCommit":true,"messageTitle":"Merge branch \u0027branch-Level-7\u0027 Merging working level-7 features into master branch","messageBody":"","fileTypesAndContributionMap":{}},{"hash":"53d81203a13c186d5a9ff645ccc7dc7591561050","isMergeCommit":false,"messageTitle":"Refactor FileManager changed file paths and directory paths to be static variables, edited the filenames to distinguish it as a .txt file","messageBody":"","fileTypesAndContributionMap":{"java":{"insertions":4,"deletions":2}}},{"hash":"9aa64f2c402382e768255322cf3b7ba95b71f529","isMergeCommit":true,"messageTitle":"Merge branch \u0027branch-Level-7\u0027","messageBody":"","fileTypesAndContributionMap":{}},{"hash":"7768a7885f3a44a3c5c04894af51da6d8e092505","isMergeCommit":false,"messageTitle":"Refactor FileManager","messageBody":"","fileTypesAndContributionMap":{"java":{"insertions":1,"deletions":2}}},{"hash":"377233873269477601029088d32a34b714ba7451","isMergeCommit":true,"messageTitle":"Merge branch \u0027branch-Level-7\u0027","messageBody":"","tags":["Level-7","A-Jar","A-Collections"],"fileTypesAndContributionMap":{}}]}]},"authorFileTypeContributionMap":{"yeozhishen":{"java":668,"md":0,"fxml":0,"sh":0,"bat":0,"gradle":0,"txt":0}},"authorContributionVariance":{"yeozhishen":7353.8467},"authorDisplayNameMap":{"yeozhishen":"CS2113-F14-1 YEO ..SHEN"}}
