[{"path":"src/main/java/Deadline.java","fileType":"java","lines":[{"lineNumber":1,"author":{"gitId":"Fureimi"},"content":"public class Deadline extends Task {","lastModifiedDate":"2024-02-14"},{"lineNumber":2,"author":{"gitId":"Fureimi"},"content":"","lastModifiedDate":"2024-02-14"},{"lineNumber":3,"author":{"gitId":"Fureimi"},"content":"    protected String by;","lastModifiedDate":"2024-02-14"},{"lineNumber":4,"author":{"gitId":"Fureimi"},"content":"","lastModifiedDate":"2024-02-14"},{"lineNumber":5,"author":{"gitId":"Fureimi"},"content":"    public Deadline(String description, String by) {","lastModifiedDate":"2024-02-14"},{"lineNumber":6,"author":{"gitId":"Fureimi"},"content":"        super(description);","lastModifiedDate":"2024-02-14"},{"lineNumber":7,"author":{"gitId":"Fureimi"},"content":"        this.by \u003d by;","lastModifiedDate":"2024-02-14"},{"lineNumber":8,"author":{"gitId":"Fureimi"},"content":"    }","lastModifiedDate":"2024-02-14"},{"lineNumber":9,"author":{"gitId":"Fureimi"},"content":"","lastModifiedDate":"2024-02-14"},{"lineNumber":10,"author":{"gitId":"Fureimi"},"content":"    public String getBy() {","lastModifiedDate":"2024-02-14"},{"lineNumber":11,"author":{"gitId":"Fureimi"},"content":"        return by;","lastModifiedDate":"2024-02-14"},{"lineNumber":12,"author":{"gitId":"Fureimi"},"content":"    }","lastModifiedDate":"2024-02-14"},{"lineNumber":13,"author":{"gitId":"Fureimi"},"content":"","lastModifiedDate":"2024-02-14"},{"lineNumber":14,"author":{"gitId":"Fureimi"},"content":"    public void setBy(String date) {","lastModifiedDate":"2024-02-14"},{"lineNumber":15,"author":{"gitId":"Fureimi"},"content":"        this.by \u003d date;","lastModifiedDate":"2024-02-14"},{"lineNumber":16,"author":{"gitId":"Fureimi"},"content":"    }","lastModifiedDate":"2024-02-14"},{"lineNumber":17,"author":{"gitId":"Fureimi"},"content":"","lastModifiedDate":"2024-02-14"},{"lineNumber":18,"author":{"gitId":"Fureimi"},"content":"    @Override","lastModifiedDate":"2024-02-14"},{"lineNumber":19,"author":{"gitId":"Fureimi"},"content":"    public String toString() {","lastModifiedDate":"2024-02-14"},{"lineNumber":20,"author":{"gitId":"Fureimi"},"content":"        return \"[D]\" + super.toString() + \" (by: \" + by + \")\";","lastModifiedDate":"2024-02-14"},{"lineNumber":21,"author":{"gitId":"Fureimi"},"content":"    }","lastModifiedDate":"2024-02-14"},{"lineNumber":22,"author":{"gitId":"Fureimi"},"content":"}","lastModifiedDate":"2024-02-14"}],"authorContributionMap":{"Fureimi":22}},{"path":"src/main/java/Event.java","fileType":"java","lines":[{"lineNumber":1,"author":{"gitId":"Fureimi"},"content":"public class Event extends Task {","lastModifiedDate":"2024-02-14"},{"lineNumber":2,"author":{"gitId":"Fureimi"},"content":"","lastModifiedDate":"2024-02-14"},{"lineNumber":3,"author":{"gitId":"Fureimi"},"content":"    protected String from;","lastModifiedDate":"2024-02-14"},{"lineNumber":4,"author":{"gitId":"Fureimi"},"content":"    protected String to;","lastModifiedDate":"2024-02-14"},{"lineNumber":5,"author":{"gitId":"Fureimi"},"content":"","lastModifiedDate":"2024-02-14"},{"lineNumber":6,"author":{"gitId":"Fureimi"},"content":"    public Event(String description, String from, String to) {","lastModifiedDate":"2024-02-14"},{"lineNumber":7,"author":{"gitId":"Fureimi"},"content":"        super(description);","lastModifiedDate":"2024-02-14"},{"lineNumber":8,"author":{"gitId":"Fureimi"},"content":"        this.from \u003d from;","lastModifiedDate":"2024-02-14"},{"lineNumber":9,"author":{"gitId":"Fureimi"},"content":"        this.to \u003d to;","lastModifiedDate":"2024-02-14"},{"lineNumber":10,"author":{"gitId":"Fureimi"},"content":"    }","lastModifiedDate":"2024-02-14"},{"lineNumber":11,"author":{"gitId":"Fureimi"},"content":"","lastModifiedDate":"2024-02-14"},{"lineNumber":12,"author":{"gitId":"Fureimi"},"content":"    public String getFrom() {","lastModifiedDate":"2024-02-14"},{"lineNumber":13,"author":{"gitId":"Fureimi"},"content":"        return from;","lastModifiedDate":"2024-02-14"},{"lineNumber":14,"author":{"gitId":"Fureimi"},"content":"    }","lastModifiedDate":"2024-02-14"},{"lineNumber":15,"author":{"gitId":"Fureimi"},"content":"","lastModifiedDate":"2024-02-14"},{"lineNumber":16,"author":{"gitId":"Fureimi"},"content":"    public void setFrom(String from) {","lastModifiedDate":"2024-02-14"},{"lineNumber":17,"author":{"gitId":"Fureimi"},"content":"        this.from \u003d from;","lastModifiedDate":"2024-02-14"},{"lineNumber":18,"author":{"gitId":"Fureimi"},"content":"    }","lastModifiedDate":"2024-02-14"},{"lineNumber":19,"author":{"gitId":"Fureimi"},"content":"","lastModifiedDate":"2024-02-14"},{"lineNumber":20,"author":{"gitId":"Fureimi"},"content":"    public String getTo() {","lastModifiedDate":"2024-02-14"},{"lineNumber":21,"author":{"gitId":"Fureimi"},"content":"        return to;","lastModifiedDate":"2024-02-14"},{"lineNumber":22,"author":{"gitId":"Fureimi"},"content":"    }","lastModifiedDate":"2024-02-14"},{"lineNumber":23,"author":{"gitId":"Fureimi"},"content":"","lastModifiedDate":"2024-02-14"},{"lineNumber":24,"author":{"gitId":"Fureimi"},"content":"    public void setTo(String to) {","lastModifiedDate":"2024-02-14"},{"lineNumber":25,"author":{"gitId":"Fureimi"},"content":"        this.to \u003d to;","lastModifiedDate":"2024-02-14"},{"lineNumber":26,"author":{"gitId":"Fureimi"},"content":"    }","lastModifiedDate":"2024-02-14"},{"lineNumber":27,"author":{"gitId":"Fureimi"},"content":"","lastModifiedDate":"2024-02-14"},{"lineNumber":28,"author":{"gitId":"Fureimi"},"content":"    @Override","lastModifiedDate":"2024-02-14"},{"lineNumber":29,"author":{"gitId":"Fureimi"},"content":"    public String toString() {","lastModifiedDate":"2024-02-14"},{"lineNumber":30,"author":{"gitId":"Fureimi"},"content":"        return \"[E]\" + super.toString() + \" (from: \" + from + \" to: \" + to + \")\";","lastModifiedDate":"2024-02-14"},{"lineNumber":31,"author":{"gitId":"Fureimi"},"content":"    }","lastModifiedDate":"2024-02-14"},{"lineNumber":32,"author":{"gitId":"Fureimi"},"content":"}","lastModifiedDate":"2024-02-14"}],"authorContributionMap":{"Fureimi":32}},{"path":"src/main/java/GermaBot.java","fileType":"java","lines":[{"lineNumber":1,"author":{"gitId":"Fureimi"},"content":"import java.util.Scanner;","lastModifiedDate":"2024-02-07"},{"lineNumber":2,"author":{"gitId":"Fureimi"},"content":"","lastModifiedDate":"2024-02-07"},{"lineNumber":3,"author":{"gitId":"Fureimi"},"content":"public class GermaBot {","lastModifiedDate":"2024-02-07"},{"lineNumber":4,"author":{"gitId":"Fureimi"},"content":"    static int counter \u003d 0;","lastModifiedDate":"2024-02-14"},{"lineNumber":5,"author":{"gitId":"Fureimi"},"content":"    static final String LINE\u003d \"____________________________________________\";","lastModifiedDate":"2024-02-14"},{"lineNumber":6,"author":{"gitId":"Fureimi"},"content":"    static Task[] toDoList \u003d new Task[100];","lastModifiedDate":"2024-02-14"},{"lineNumber":7,"author":{"gitId":"Fureimi"},"content":"    public static int getIdx(String input) {","lastModifiedDate":"2024-02-08"},{"lineNumber":8,"author":{"gitId":"Fureimi"},"content":"        return Integer.parseInt(input.substring(input.indexOf(\" \") + 1)) - 1;","lastModifiedDate":"2024-02-08"},{"lineNumber":9,"author":{"gitId":"Fureimi"},"content":"    }","lastModifiedDate":"2024-02-08"},{"lineNumber":10,"author":{"gitId":"Fureimi"},"content":"","lastModifiedDate":"2024-02-08"},{"lineNumber":11,"author":{"gitId":"Fureimi"},"content":"    public static void echo(String input) {","lastModifiedDate":"2024-02-14"},{"lineNumber":12,"author":{"gitId":"Fureimi"},"content":"        if (input.contains(\"todo\")) {","lastModifiedDate":"2024-02-14"},{"lineNumber":13,"author":{"gitId":"Fureimi"},"content":"            String toDoTask \u003d input.substring(input.indexOf(\"todo \") + 5);","lastModifiedDate":"2024-02-14"},{"lineNumber":14,"author":{"gitId":"Fureimi"},"content":"            System.out.println(\"Gotcha! Added \u0027\" + toDoTask + \"\u0027 to your To Do List!\");","lastModifiedDate":"2024-02-14"},{"lineNumber":15,"author":{"gitId":"Fureimi"},"content":"        }","lastModifiedDate":"2024-02-14"},{"lineNumber":16,"author":{"gitId":"Fureimi"},"content":"        else if (input.contains(\"deadline\")) {","lastModifiedDate":"2024-02-14"},{"lineNumber":17,"author":{"gitId":"Fureimi"},"content":"            String description \u003d input.replaceFirst(\"deadline \", \"\");","lastModifiedDate":"2024-02-14"},{"lineNumber":18,"author":{"gitId":"Fureimi"},"content":"            int idxOfEndDate \u003d description.indexOf(\"/\");","lastModifiedDate":"2024-02-14"},{"lineNumber":19,"author":{"gitId":"Fureimi"},"content":"            String toDoTask \u003d description.substring(0, idxOfEndDate - 1);","lastModifiedDate":"2024-02-14"},{"lineNumber":20,"author":{"gitId":"Fureimi"},"content":"            String Date \u003d description.substring(idxOfEndDate + 4);","lastModifiedDate":"2024-02-14"},{"lineNumber":21,"author":{"gitId":"Fureimi"},"content":"            System.out.println(\"Gotcha! Added \u0027\" + toDoTask + \"\u0027 to your To Do List!\" +","lastModifiedDate":"2024-02-14"},{"lineNumber":22,"author":{"gitId":"Fureimi"},"content":"                    \" You have to finish this by \"  + Date + \", so be reminded!\");","lastModifiedDate":"2024-02-14"},{"lineNumber":23,"author":{"gitId":"Fureimi"},"content":"        }","lastModifiedDate":"2024-02-14"},{"lineNumber":24,"author":{"gitId":"Fureimi"},"content":"        else if (input.contains(\"event\")) {","lastModifiedDate":"2024-02-14"},{"lineNumber":25,"author":{"gitId":"Fureimi"},"content":"            String description \u003d input.replaceFirst(\"event \", \"\");","lastModifiedDate":"2024-02-14"},{"lineNumber":26,"author":{"gitId":"Fureimi"},"content":"            int idxOfFrom \u003d description.indexOf(\"/from\");","lastModifiedDate":"2024-02-14"},{"lineNumber":27,"author":{"gitId":"Fureimi"},"content":"            int idxOfBy \u003d description.indexOf(\"/to\");","lastModifiedDate":"2024-02-14"},{"lineNumber":28,"author":{"gitId":"Fureimi"},"content":"            String startDate \u003d description.substring(idxOfFrom + 6, idxOfBy - 1);","lastModifiedDate":"2024-02-14"},{"lineNumber":29,"author":{"gitId":"Fureimi"},"content":"            String endDate \u003d description.substring(idxOfBy + 4);","lastModifiedDate":"2024-02-14"},{"lineNumber":30,"author":{"gitId":"Fureimi"},"content":"            String toDoTask \u003d description.substring(0, idxOfFrom - 1);","lastModifiedDate":"2024-02-14"},{"lineNumber":31,"author":{"gitId":"Fureimi"},"content":"            System.out.println(\"Gotcha! Added \u0027\" + toDoTask + \"\u0027 to your To Do List!\" +","lastModifiedDate":"2024-02-14"},{"lineNumber":32,"author":{"gitId":"Fureimi"},"content":"                    \" This will happen from \" + startDate + \" to \" + endDate + \", so please remember to mark it\" +","lastModifiedDate":"2024-02-14"},{"lineNumber":33,"author":{"gitId":"Fureimi"},"content":"                    \" on your calender! (Or ask me!)\");","lastModifiedDate":"2024-02-14"},{"lineNumber":34,"author":{"gitId":"Fureimi"},"content":"        }","lastModifiedDate":"2024-02-14"},{"lineNumber":35,"author":{"gitId":"Fureimi"},"content":"        else {","lastModifiedDate":"2024-02-14"},{"lineNumber":36,"author":{"gitId":"Fureimi"},"content":"            System.out.println(\"Uhh.. I\u0027m sorry but I\u0027m not quite sure what \u0027\" + input + \"\u0027 means...\" +","lastModifiedDate":"2024-02-14"},{"lineNumber":37,"author":{"gitId":"Fureimi"},"content":"                    \" Remember to include the Task Type in front of the input!!\");","lastModifiedDate":"2024-02-14"},{"lineNumber":38,"author":{"gitId":"Fureimi"},"content":"        }","lastModifiedDate":"2024-02-14"},{"lineNumber":39,"author":{"gitId":"Fureimi"},"content":"    }","lastModifiedDate":"2024-02-14"},{"lineNumber":40,"author":{"gitId":"Fureimi"},"content":"","lastModifiedDate":"2024-02-14"},{"lineNumber":41,"author":{"gitId":"Fureimi"},"content":"    public static void createTask(String input) {","lastModifiedDate":"2024-02-14"},{"lineNumber":42,"author":{"gitId":"Fureimi"},"content":"        if (input.contains(\"todo\")) {","lastModifiedDate":"2024-02-14"},{"lineNumber":43,"author":{"gitId":"Fureimi"},"content":"            toDoList[counter] \u003d new ToDo(input.substring(input.indexOf(\"todo \") + 5));","lastModifiedDate":"2024-02-14"},{"lineNumber":44,"author":{"gitId":"Fureimi"},"content":"            counter++;","lastModifiedDate":"2024-02-14"},{"lineNumber":45,"author":{"gitId":"Fureimi"},"content":"            echo(input);","lastModifiedDate":"2024-02-14"},{"lineNumber":46,"author":{"gitId":"Fureimi"},"content":"        }","lastModifiedDate":"2024-02-14"},{"lineNumber":47,"author":{"gitId":"Fureimi"},"content":"        else if (input.contains(\"deadline\")) {","lastModifiedDate":"2024-02-14"},{"lineNumber":48,"author":{"gitId":"Fureimi"},"content":"            String description \u003d input.replaceFirst(\"deadline \", \"\");","lastModifiedDate":"2024-02-14"},{"lineNumber":49,"author":{"gitId":"Fureimi"},"content":"            int idxOfEndDate \u003d description.indexOf(\"/\");","lastModifiedDate":"2024-02-14"},{"lineNumber":50,"author":{"gitId":"Fureimi"},"content":"            String Date \u003d description.substring( idxOfEndDate + 4);","lastModifiedDate":"2024-02-14"},{"lineNumber":51,"author":{"gitId":"Fureimi"},"content":"            toDoList[counter] \u003d new Deadline(description.substring(0, idxOfEndDate - 1), Date);","lastModifiedDate":"2024-02-14"},{"lineNumber":52,"author":{"gitId":"Fureimi"},"content":"            counter++;","lastModifiedDate":"2024-02-14"},{"lineNumber":53,"author":{"gitId":"Fureimi"},"content":"            echo(input);","lastModifiedDate":"2024-02-14"},{"lineNumber":54,"author":{"gitId":"Fureimi"},"content":"        }","lastModifiedDate":"2024-02-14"},{"lineNumber":55,"author":{"gitId":"Fureimi"},"content":"        else if(input.contains(\"event\")) {","lastModifiedDate":"2024-02-14"},{"lineNumber":56,"author":{"gitId":"Fureimi"},"content":"            String description \u003d input.replaceFirst(\"event \", \"\");","lastModifiedDate":"2024-02-14"},{"lineNumber":57,"author":{"gitId":"Fureimi"},"content":"            int idxOfFrom \u003d description.indexOf(\"/from\");","lastModifiedDate":"2024-02-14"},{"lineNumber":58,"author":{"gitId":"Fureimi"},"content":"            int idxOfBy \u003d description.indexOf(\"/to\");","lastModifiedDate":"2024-02-14"},{"lineNumber":59,"author":{"gitId":"Fureimi"},"content":"            String startDate \u003d description.substring(idxOfFrom + 6, idxOfBy - 1);","lastModifiedDate":"2024-02-14"},{"lineNumber":60,"author":{"gitId":"Fureimi"},"content":"            String endDate \u003d description.substring(idxOfBy + 4);","lastModifiedDate":"2024-02-14"},{"lineNumber":61,"author":{"gitId":"Fureimi"},"content":"            toDoList[counter] \u003d new Event(description.substring(0, idxOfFrom - 1), startDate, endDate);","lastModifiedDate":"2024-02-14"},{"lineNumber":62,"author":{"gitId":"Fureimi"},"content":"            counter++;","lastModifiedDate":"2024-02-14"},{"lineNumber":63,"author":{"gitId":"Fureimi"},"content":"            echo(input);","lastModifiedDate":"2024-02-14"},{"lineNumber":64,"author":{"gitId":"Fureimi"},"content":"        } else {","lastModifiedDate":"2024-02-14"},{"lineNumber":65,"author":{"gitId":"Fureimi"},"content":"            echo(input);","lastModifiedDate":"2024-02-14"},{"lineNumber":66,"author":{"gitId":"Fureimi"},"content":"        }","lastModifiedDate":"2024-02-14"},{"lineNumber":67,"author":{"gitId":"Fureimi"},"content":"    }","lastModifiedDate":"2024-02-14"},{"lineNumber":68,"author":{"gitId":"Fureimi"},"content":"","lastModifiedDate":"2024-02-14"},{"lineNumber":69,"author":{"gitId":"Fureimi"},"content":"    public static void main(String[] args) {","lastModifiedDate":"2024-02-07"},{"lineNumber":70,"author":{"gitId":"Fureimi"},"content":"        String WelcomeMessage \u003d \"Hello! GermaBot here! \\n\"","lastModifiedDate":"2024-02-14"},{"lineNumber":71,"author":{"gitId":"Fureimi"},"content":"                + \"What may I do for you this fine day?\";","lastModifiedDate":"2024-02-14"},{"lineNumber":72,"author":{"gitId":"Fureimi"},"content":"        System.out.println(LINE);","lastModifiedDate":"2024-02-14"},{"lineNumber":73,"author":{"gitId":"Fureimi"},"content":"        System.out.println(WelcomeMessage);","lastModifiedDate":"2024-02-07"},{"lineNumber":74,"author":{"gitId":"Fureimi"},"content":"        System.out.println(LINE);","lastModifiedDate":"2024-02-14"},{"lineNumber":75,"author":{"gitId":"Fureimi"},"content":"        while (true) {","lastModifiedDate":"2024-02-07"},{"lineNumber":76,"author":{"gitId":"Fureimi"},"content":"            String input;","lastModifiedDate":"2024-02-14"},{"lineNumber":77,"author":{"gitId":"Fureimi"},"content":"            Scanner in \u003d new Scanner(System.in);","lastModifiedDate":"2024-02-07"},{"lineNumber":78,"author":{"gitId":"Fureimi"},"content":"            input \u003d in.nextLine();","lastModifiedDate":"2024-02-14"},{"lineNumber":79,"author":{"gitId":"Fureimi"},"content":"            if (input.equals(\"bye\")) {","lastModifiedDate":"2024-02-14"},{"lineNumber":80,"author":{"gitId":"Fureimi"},"content":"                break;","lastModifiedDate":"2024-02-07"},{"lineNumber":81,"author":{"gitId":"Fureimi"},"content":"            }","lastModifiedDate":"2024-02-07"},{"lineNumber":82,"author":{"gitId":"Fureimi"},"content":"            if (input.equals(\"list\")) {","lastModifiedDate":"2024-02-14"},{"lineNumber":83,"author":{"gitId":"Fureimi"},"content":"                int printCounter \u003d 1;","lastModifiedDate":"2024-02-08"},{"lineNumber":84,"author":{"gitId":"Fureimi"},"content":"                System.out.println(\"Gotcha! Here are your tasks:\");","lastModifiedDate":"2024-02-08"},{"lineNumber":85,"author":{"gitId":"Fureimi"},"content":"                for (int i \u003d 0; i \u003c counter; i++) {","lastModifiedDate":"2024-02-14"},{"lineNumber":86,"author":{"gitId":"Fureimi"},"content":"                    if (toDoList[i] \u003d\u003d null) {","lastModifiedDate":"2024-02-14"},{"lineNumber":87,"author":{"gitId":"Fureimi"},"content":"                        break;","lastModifiedDate":"2024-02-07"},{"lineNumber":88,"author":{"gitId":"Fureimi"},"content":"                    }","lastModifiedDate":"2024-02-07"},{"lineNumber":89,"author":{"gitId":"Fureimi"},"content":"                    System.out.println(printCounter + \". \" + toDoList[i].toString());","lastModifiedDate":"2024-02-14"},{"lineNumber":90,"author":{"gitId":"Fureimi"},"content":"                    printCounter++;","lastModifiedDate":"2024-02-08"},{"lineNumber":91,"author":{"gitId":"Fureimi"},"content":"                }","lastModifiedDate":"2024-02-08"},{"lineNumber":92,"author":{"gitId":"Fureimi"},"content":"            } else if (input.contains(\"unmark\")) {","lastModifiedDate":"2024-02-14"},{"lineNumber":93,"author":{"gitId":"Fureimi"},"content":"                int idx \u003d getIdx(input);","lastModifiedDate":"2024-02-14"},{"lineNumber":94,"author":{"gitId":"Fureimi"},"content":"                toDoList[idx].setDone(false);","lastModifiedDate":"2024-02-08"},{"lineNumber":95,"author":{"gitId":"Fureimi"},"content":"                System.out.println(\"Aww, not done? Okay, I\u0027ll mark this task as undone: \"","lastModifiedDate":"2024-02-08"},{"lineNumber":96,"author":{"gitId":"Fureimi"},"content":"                        + \"[\" + toDoList[idx].getStatusIcon() + \"] \" + toDoList[idx].getDescription());","lastModifiedDate":"2024-02-08"},{"lineNumber":97,"author":{"gitId":"Fureimi"},"content":"            } else if (input.contains(\"mark\")) {","lastModifiedDate":"2024-02-14"},{"lineNumber":98,"author":{"gitId":"Fureimi"},"content":"                int idx \u003d getIdx(input);","lastModifiedDate":"2024-02-14"},{"lineNumber":99,"author":{"gitId":"Fureimi"},"content":"                toDoList[idx].setDone(true);","lastModifiedDate":"2024-02-08"},{"lineNumber":100,"author":{"gitId":"Fureimi"},"content":"                System.out.println(\"Good job! I\u0027ll mark this task as done: \"","lastModifiedDate":"2024-02-08"},{"lineNumber":101,"author":{"gitId":"Fureimi"},"content":"                        + \"[\" + toDoList[idx].getStatusIcon() + \"] \" + toDoList[idx].getDescription());","lastModifiedDate":"2024-02-08"},{"lineNumber":102,"author":{"gitId":"Fureimi"},"content":"            } else {","lastModifiedDate":"2024-02-08"},{"lineNumber":103,"author":{"gitId":"Fureimi"},"content":"                createTask(input);","lastModifiedDate":"2024-02-14"},{"lineNumber":104,"author":{"gitId":"Fureimi"},"content":"            }","lastModifiedDate":"2024-02-07"},{"lineNumber":105,"author":{"gitId":"Fureimi"},"content":"        }","lastModifiedDate":"2024-02-07"},{"lineNumber":106,"author":{"gitId":"Fureimi"},"content":"        String GoodbyeMessage \u003d \"Thanks for using me! Hope to see you again soon~!\";","lastModifiedDate":"2024-02-15"},{"lineNumber":107,"author":{"gitId":"Fureimi"},"content":"        System.out.println(LINE);","lastModifiedDate":"2024-02-14"},{"lineNumber":108,"author":{"gitId":"Fureimi"},"content":"        System.out.println(GoodbyeMessage);","lastModifiedDate":"2024-02-07"},{"lineNumber":109,"author":{"gitId":"Fureimi"},"content":"        System.out.println(LINE);","lastModifiedDate":"2024-02-14"},{"lineNumber":110,"author":{"gitId":"Fureimi"},"content":"    }","lastModifiedDate":"2024-02-07"},{"lineNumber":111,"author":{"gitId":"Fureimi"},"content":"}","lastModifiedDate":"2024-02-07"}],"authorContributionMap":{"Fureimi":111}},{"path":"src/main/java/Task.java","fileType":"java","lines":[{"lineNumber":1,"author":{"gitId":"Fureimi"},"content":"public class Task {","lastModifiedDate":"2024-02-08"},{"lineNumber":2,"author":{"gitId":"Fureimi"},"content":"    protected String description;","lastModifiedDate":"2024-02-08"},{"lineNumber":3,"author":{"gitId":"Fureimi"},"content":"    protected boolean isDone;","lastModifiedDate":"2024-02-08"},{"lineNumber":4,"author":{"gitId":"Fureimi"},"content":"","lastModifiedDate":"2024-02-08"},{"lineNumber":5,"author":{"gitId":"Fureimi"},"content":"    public Task(String description) {","lastModifiedDate":"2024-02-08"},{"lineNumber":6,"author":{"gitId":"Fureimi"},"content":"        this.description \u003d description;","lastModifiedDate":"2024-02-08"},{"lineNumber":7,"author":{"gitId":"Fureimi"},"content":"        this.isDone \u003d false;","lastModifiedDate":"2024-02-08"},{"lineNumber":8,"author":{"gitId":"Fureimi"},"content":"    }","lastModifiedDate":"2024-02-08"},{"lineNumber":9,"author":{"gitId":"Fureimi"},"content":"","lastModifiedDate":"2024-02-08"},{"lineNumber":10,"author":{"gitId":"Fureimi"},"content":"    public String getDescription() {","lastModifiedDate":"2024-02-08"},{"lineNumber":11,"author":{"gitId":"Fureimi"},"content":"        return description;","lastModifiedDate":"2024-02-08"},{"lineNumber":12,"author":{"gitId":"Fureimi"},"content":"    }","lastModifiedDate":"2024-02-08"},{"lineNumber":13,"author":{"gitId":"Fureimi"},"content":"","lastModifiedDate":"2024-02-08"},{"lineNumber":14,"author":{"gitId":"Fureimi"},"content":"    public void setDescription(String description) {","lastModifiedDate":"2024-02-08"},{"lineNumber":15,"author":{"gitId":"Fureimi"},"content":"        this.description \u003d description;","lastModifiedDate":"2024-02-08"},{"lineNumber":16,"author":{"gitId":"Fureimi"},"content":"    }","lastModifiedDate":"2024-02-08"},{"lineNumber":17,"author":{"gitId":"Fureimi"},"content":"","lastModifiedDate":"2024-02-08"},{"lineNumber":18,"author":{"gitId":"Fureimi"},"content":"    public boolean isDone() {","lastModifiedDate":"2024-02-08"},{"lineNumber":19,"author":{"gitId":"Fureimi"},"content":"        return isDone;","lastModifiedDate":"2024-02-08"},{"lineNumber":20,"author":{"gitId":"Fureimi"},"content":"    }","lastModifiedDate":"2024-02-08"},{"lineNumber":21,"author":{"gitId":"Fureimi"},"content":"","lastModifiedDate":"2024-02-08"},{"lineNumber":22,"author":{"gitId":"Fureimi"},"content":"    public void setDone(boolean done) {","lastModifiedDate":"2024-02-08"},{"lineNumber":23,"author":{"gitId":"Fureimi"},"content":"        isDone \u003d done;","lastModifiedDate":"2024-02-08"},{"lineNumber":24,"author":{"gitId":"Fureimi"},"content":"    }","lastModifiedDate":"2024-02-08"},{"lineNumber":25,"author":{"gitId":"Fureimi"},"content":"","lastModifiedDate":"2024-02-08"},{"lineNumber":26,"author":{"gitId":"Fureimi"},"content":"    public String getStatusIcon() {","lastModifiedDate":"2024-02-08"},{"lineNumber":27,"author":{"gitId":"Fureimi"},"content":"        return (isDone ? \"X\" : \" \"); // mark done task with X","lastModifiedDate":"2024-02-08"},{"lineNumber":28,"author":{"gitId":"Fureimi"},"content":"    }","lastModifiedDate":"2024-02-08"},{"lineNumber":29,"author":{"gitId":"Fureimi"},"content":"","lastModifiedDate":"2024-02-14"},{"lineNumber":30,"author":{"gitId":"Fureimi"},"content":"    @Override","lastModifiedDate":"2024-02-14"},{"lineNumber":31,"author":{"gitId":"Fureimi"},"content":"    public String toString() {","lastModifiedDate":"2024-02-14"},{"lineNumber":32,"author":{"gitId":"Fureimi"},"content":"        return \"[\" + this.getStatusIcon() + \"] \" + this.getDescription();","lastModifiedDate":"2024-02-14"},{"lineNumber":33,"author":{"gitId":"Fureimi"},"content":"    }","lastModifiedDate":"2024-02-14"},{"lineNumber":34,"author":{"gitId":"Fureimi"},"content":"}","lastModifiedDate":"2024-02-08"}],"authorContributionMap":{"Fureimi":34}},{"path":"src/main/java/ToDo.java","fileType":"java","lines":[{"lineNumber":1,"author":{"gitId":"Fureimi"},"content":"public class ToDo extends Task {","lastModifiedDate":"2024-02-14"},{"lineNumber":2,"author":{"gitId":"Fureimi"},"content":"    public ToDo(String description) {","lastModifiedDate":"2024-02-14"},{"lineNumber":3,"author":{"gitId":"Fureimi"},"content":"        super(description);","lastModifiedDate":"2024-02-14"},{"lineNumber":4,"author":{"gitId":"Fureimi"},"content":"    }","lastModifiedDate":"2024-02-14"},{"lineNumber":5,"author":{"gitId":"Fureimi"},"content":"","lastModifiedDate":"2024-02-14"},{"lineNumber":6,"author":{"gitId":"Fureimi"},"content":"    @Override","lastModifiedDate":"2024-02-14"},{"lineNumber":7,"author":{"gitId":"Fureimi"},"content":"    public String toString() {","lastModifiedDate":"2024-02-14"},{"lineNumber":8,"author":{"gitId":"Fureimi"},"content":"        return \"[T]\" + super.toString();","lastModifiedDate":"2024-02-14"},{"lineNumber":9,"author":{"gitId":"Fureimi"},"content":"    }","lastModifiedDate":"2024-02-14"},{"lineNumber":10,"author":{"gitId":"Fureimi"},"content":"}","lastModifiedDate":"2024-02-14"}],"authorContributionMap":{"Fureimi":10}}]
