{"authorDailyContributionsMap":{"Elyovs":[{"date":"2024-01-31","commitResults":[{"hash":"6ed63a014488754958889313ead15fc878c410fe","isMergeCommit":false,"messageTitle":"add greetings","messageBody":"","fileTypesAndContributionMap":{"java":{"insertions":10,"deletions":6}}},{"hash":"d68bc29f230d1425ac217185da298467afa33c53","isMergeCommit":false,"messageTitle":"Revert \"add greetings\"","messageBody":"This reverts commit 6ed63a014488754958889313ead15fc878c410fe.\n","fileTypesAndContributionMap":{"java":{"insertions":6,"deletions":10}}},{"hash":"03c864f704ffaba16805760b628e08464fb7340f","isMergeCommit":false,"messageTitle":"Add greetings","messageBody":"","fileTypesAndContributionMap":{"java":{"insertions":5,"deletions":0}}},{"hash":"4e4f02887e22d2ad777a1b9fd924433e9f1df539","isMergeCommit":false,"messageTitle":"Fix Comment","messageBody":"","tags":["Level-0"],"fileTypesAndContributionMap":{"java":{"insertions":8,"deletions":6}}},{"hash":"2569e99ea47699263508bf30e72976dd26945ff1","isMergeCommit":false,"messageTitle":"Add echo commands","messageBody":"","tags":["Level-1"],"fileTypesAndContributionMap":{"java":{"insertions":11,"deletions":3}}}]},{"date":"2024-02-01","commitResults":[{"hash":"85b587153b1723154a9dac1c3dda774a05d8e125","isMergeCommit":false,"messageTitle":"Add store input","messageBody":"","tags":["Level-2"],"fileTypesAndContributionMap":{"java":{"insertions":14,"deletions":1}}},{"hash":"bddd94fefddddb8e50c1348d1f754db43cfde994","isMergeCommit":false,"messageTitle":"Add mark as done and undone feature","messageBody":"","tags":["Level-3"],"fileTypesAndContributionMap":{"java":{"insertions":44,"deletions":3}}},{"hash":"11fc71f2d3f9b20bb54250352c2f4c9911b0371a","isMergeCommit":false,"messageTitle":"Fix style","messageBody":"","tags":["A-CodingStandard"],"fileTypesAndContributionMap":{"java":{"insertions":11,"deletions":12}}}]},{"date":"2024-02-05","commitResults":[{"hash":"50d17539acad2d15954ecfbffe7443c53a98ab80","isMergeCommit":true,"messageTitle":"Merge branch \u0027Level0-branch\u0027","messageBody":"","fileTypesAndContributionMap":{}},{"hash":"6b2957f86b46e018afb9a7ee939f8a2e62d5e6cd","isMergeCommit":true,"messageTitle":"Merge branch \u0027Level1-branch\u0027","messageBody":"","fileTypesAndContributionMap":{}},{"hash":"b9d7715586f2ce6549286c90d6373bdb45c2050f","isMergeCommit":true,"messageTitle":"Merge branch \u0027l2-branch\u0027","messageBody":"","fileTypesAndContributionMap":{}},{"hash":"39b2d0de6c79e63ea4df3678caaa5db4337ad5dd","isMergeCommit":true,"messageTitle":"Merge branch \u0027l3-branch\u0027","messageBody":"","fileTypesAndContributionMap":{}},{"hash":"ed4d010405fea519221f2d7a0e4b700c36782411","isMergeCommit":true,"messageTitle":"Merge branch \u0027a-cs-branch\u0027","messageBody":"","fileTypesAndContributionMap":{}}]},{"date":"2024-02-07","commitResults":[{"hash":"102a999b76ab8c959f28901451d990e3a2823fb3","isMergeCommit":false,"messageTitle":"Update Task class","messageBody":"","fileTypesAndContributionMap":{"java":{"insertions":10,"deletions":0}}},{"hash":"3d28c79d58074cd3ed25ca949c161c19a7639b22","isMergeCommit":false,"messageTitle":"Create enumerate TaskType","messageBody":"","fileTypesAndContributionMap":{"java":{"insertions":3,"deletions":0}}},{"hash":"27048ac788dae16471c868e046b189f903f56840","isMergeCommit":false,"messageTitle":"Create Deadline subclass","messageBody":"","fileTypesAndContributionMap":{"java":{"insertions":24,"deletions":0}}},{"hash":"8fe9b135d2dbcf9c895d2185136aa81c19c670e9","isMergeCommit":false,"messageTitle":"Create Event subclass","messageBody":"","fileTypesAndContributionMap":{"java":{"insertions":31,"deletions":0}}},{"hash":"86a68bfdea05be52b29a71515a9b92e741b5521d","isMergeCommit":false,"messageTitle":"Create Todo subclass","messageBody":"","fileTypesAndContributionMap":{"java":{"insertions":13,"deletions":0}}},{"hash":"b9864fc26cc5634c5fd66b2e742883443f5797e8","isMergeCommit":false,"messageTitle":"Update Duke input output for different task types","messageBody":"","fileTypesAndContributionMap":{"java":{"insertions":43,"deletions":3}}},{"hash":"4f9ec455a550cd987b029090a623bb71b9eda811","isMergeCommit":false,"messageTitle":"Add printTask function","messageBody":"","fileTypesAndContributionMap":{"java":{"insertions":42,"deletions":0}}},{"hash":"5c3f76fa018a8726cb2a3c4435b81d99b757adf0","isMergeCommit":false,"messageTitle":"Small change in spacing","messageBody":"","fileTypesAndContributionMap":{"java":{"insertions":4,"deletions":4}}},{"hash":"66ebc8da96461a3c6a8eb7c87565fc4a1b1a6f23","isMergeCommit":false,"messageTitle":"Update Duke output print for list","messageBody":"","tags":["Level-4"],"fileTypesAndContributionMap":{"java":{"insertions":6,"deletions":28}}},{"hash":"4d563c1642278943b64d61831b35ddcc5f811080","isMergeCommit":false,"messageTitle":"remove comment","messageBody":"","fileTypesAndContributionMap":{"java":{"insertions":0,"deletions":1}}},{"hash":"b1cb87873ab6031c9c065be6cc4636db0de12d81","isMergeCommit":false,"messageTitle":"Add test input and expected","messageBody":"","tags":["A-TextUiTesting"],"fileTypesAndContributionMap":{"txt":{"insertions":6,"deletions":0}}},{"hash":"175fc7638c958a404e3690b998e8b49eb0887750","isMergeCommit":false,"messageTitle":"Fix code quality","messageBody":"","tags":["A-CodeQuality"],"fileTypesAndContributionMap":{"java":{"insertions":69,"deletions":36}}}]},{"date":"2024-02-11","commitResults":[{"hash":"b24ee99d752814f04a3062b96ac16fab270fb632","isMergeCommit":false,"messageTitle":"Add greetings art","messageBody":"","fileTypesAndContributionMap":{"java":{"insertions":5,"deletions":0}}},{"hash":"b43751a29c7096b5923194459d39a2e338f74646","isMergeCommit":false,"messageTitle":"Fix code style","messageBody":"","fileTypesAndContributionMap":{"java":{"insertions":24,"deletions":36}}},{"hash":"1252b1a6429aa8bc0bb980f13057de7f598d9477","isMergeCommit":false,"messageTitle":"Rename Duke into Gary","messageBody":"","fileTypesAndContributionMap":{"java":{"insertions":1,"deletions":1},"bat":{"insertions":1,"deletions":1},"sh":{"insertions":1,"deletions":1}}},{"hash":"0fa346b5dbe5dd6ec778dda6f2243388c7d14c58","isMergeCommit":false,"messageTitle":"Add exception for empty todo description and unknown input command","messageBody":"","fileTypesAndContributionMap":{"java":{"insertions":27,"deletions":8}}},{"hash":"284ca109bec6e850afb62594b4b35f96f3dc40b8","isMergeCommit":false,"messageTitle":"Add deadline exceptions","messageBody":"","fileTypesAndContributionMap":{"java":{"insertions":35,"deletions":10}}}]},{"date":"2024-02-12","commitResults":[{"hash":"7e56929a2640ae70203450741860ea9bd5655a44","isMergeCommit":false,"messageTitle":"Add event exceptions","messageBody":"","fileTypesAndContributionMap":{"java":{"insertions":41,"deletions":5}}},{"hash":"bf371fcc483af60455674aadb74ab06d97e2d139","isMergeCommit":true,"messageTitle":"Merge branch \u0027branch-Level-5\u0027","messageBody":"","tags":["Level-5","A-Exceptions"],"fileTypesAndContributionMap":{}},{"hash":"c190f1d1d80c520fedafdeb9622e96de99ab9b93","isMergeCommit":false,"messageTitle":"Divide classes into packages","messageBody":"","fileTypesAndContributionMap":{"java":{"insertions":32,"deletions":0},"bat":{"insertions":2,"deletions":2},"sh":{"insertions":2,"deletions":2}}},{"hash":"2f8727e64954593b5cb31e723b71738f2341ec99","isMergeCommit":true,"messageTitle":"Merge branch \u0027branch-A-Packages\u0027","messageBody":"","tags":["A-Packages"],"fileTypesAndContributionMap":{}}]},{"date":"2024-02-18","commitResults":[{"hash":"93e9e62fd6f4e828a750415d109e4c8a8e373908","isMergeCommit":false,"messageTitle":"Change from fixed size array Task[] into ArrayList","messageBody":"","fileTypesAndContributionMap":{"java":{"insertions":35,"deletions":20}}},{"hash":"3c36e2333ec1b5a50eda5efc10544ad4bc283067","isMergeCommit":false,"messageTitle":"Add delete function and fix indexing","messageBody":"","fileTypesAndContributionMap":{"java":{"insertions":11,"deletions":2}}},{"hash":"048d8deea287a7d16681eb5f610acb64b2e72713","isMergeCommit":false,"messageTitle":"Fix printing format for mark, unmark, and delete","messageBody":"","fileTypesAndContributionMap":{"java":{"insertions":35,"deletions":9}}},{"hash":"fcd8ead6cc24a73fbcec8f2bb522a5db59bc8dae","isMergeCommit":false,"messageTitle":"Add exception for mark, unmark, and delete","messageBody":"","fileTypesAndContributionMap":{"java":{"insertions":22,"deletions":3}}},{"hash":"f43312b4788ef23d5be91be1bd51ed17ae8759d1","isMergeCommit":false,"messageTitle":"Clean up commented code","messageBody":"","fileTypesAndContributionMap":{"java":{"insertions":1,"deletions":21}}},{"hash":"167880b910e3404c44f52ff9d8e97a60ad41857d","isMergeCommit":false,"messageTitle":"Add printing for delete","messageBody":"","fileTypesAndContributionMap":{"java":{"insertions":3,"deletions":2}}}]},{"date":"2024-02-19","commitResults":[{"hash":"85b16e02afd86e7e98267cfcfd9968cc3aed693d","isMergeCommit":false,"messageTitle":"Add file reader in the beginning of app launch","messageBody":"","fileTypesAndContributionMap":{"java":{"insertions":44,"deletions":1}}},{"hash":"f132306312cca67b911abe3a438908d53cfe6d44","isMergeCommit":false,"messageTitle":"Add read txt file and store in array todos","messageBody":"","fileTypesAndContributionMap":{"java":{"insertions":21,"deletions":8}}},{"hash":"8c0d39c67be2d4c04f5c10e40da8f882b377139d","isMergeCommit":false,"messageTitle":"Add retrieve task status from txt file","messageBody":"","fileTypesAndContributionMap":{"java":{"insertions":13,"deletions":4}}}]},{"date":"2024-02-20","commitResults":[{"hash":"d7f0216464540c15e6270653e8edc57d5cfd3103","isMergeCommit":false,"messageTitle":"Add write task to txt file (still have bug)","messageBody":"","fileTypesAndContributionMap":{"java":{"insertions":36,"deletions":14}}},{"hash":"b26d4c43cacb269e46fed6dcb27c93ce4929eb57","isMergeCommit":false,"messageTitle":"Fix bug for writing to txt","messageBody":"","fileTypesAndContributionMap":{"txt":{"insertions":3,"deletions":0},"java":{"insertions":34,"deletions":24}}},{"hash":"4a6f0583a0e6c824c4b37eb076ce7eb280c3ee44","isMergeCommit":true,"messageTitle":"Merge branch \u0027branch-Level-6\u0027","messageBody":"","tags":["Level-6","A-Collections"],"fileTypesAndContributionMap":{}},{"hash":"13170d044ae2dcc77975932f561170dea5238a5c","isMergeCommit":true,"messageTitle":"Merge branch \u0027branch-Level-7\u0027","messageBody":"# Conflicts:\n#\tsrc/main/java/gary/Gary.java\n","fileTypesAndContributionMap":{}},{"hash":"9865ae5921f521fc735fe1a313555facc4c51fe5","isMergeCommit":false,"messageTitle":"Add writing txt for delete function","messageBody":"","fileTypesAndContributionMap":{"txt":{"insertions":6,"deletions":0},"java":{"insertions":1,"deletions":0}}},{"hash":"9e1ad867a1a48129e869321d19578e4a5a5f7ec9","isMergeCommit":false,"messageTitle":"Clean up code and comments","messageBody":"","tags":["Level-7"],"fileTypesAndContributionMap":{"java":{"insertions":10,"deletions":23}}},{"hash":"e4db345df5b35e59a0b837f08b3b4f5f566eb4c5","isMergeCommit":false,"messageTitle":"Create txt file","messageBody":"","fileTypesAndContributionMap":{"txt":{"insertions":0,"deletions":1}}}]},{"date":"2024-02-27","commitResults":[{"hash":"f16a6493b11d0b6e919d5fcd7e8734546f4030fe","isMergeCommit":false,"messageTitle":"extract readFileStorage (retrieving data) method","messageBody":"","fileTypesAndContributionMap":{"java":{"insertions":58,"deletions":43}}}]},{"date":"2024-02-28","commitResults":[{"hash":"abc16cc2ed1a4d010d20973401bc1757b8c9fcf6","isMergeCommit":false,"messageTitle":"extract greetings and exit as class Ui","messageBody":"","fileTypesAndContributionMap":{"java":{"insertions":21,"deletions":16}}},{"hash":"126fbf7f7f80d3150176dbd745b19656272150c5","isMergeCommit":false,"messageTitle":"extract createFile and readFileStorage into class Storage","messageBody":"","fileTypesAndContributionMap":{"java":{"insertions":74,"deletions":56}}},{"hash":"a44407cae07efbda92e79a262ef11d56dcb5cc32","isMergeCommit":false,"messageTitle":"extract taskList class","messageBody":"","fileTypesAndContributionMap":{"java":{"insertions":161,"deletions":147}}},{"hash":"6692b519612a5be69694813fca149872ba117cd8","isMergeCommit":false,"messageTitle":"extract writing to txt methods to Storage class","messageBody":"","fileTypesAndContributionMap":{"java":{"insertions":47,"deletions":57}}},{"hash":"80c7b2ca05e329921b43c8ed099489ae3d15a559","isMergeCommit":false,"messageTitle":"extract getting user command methods into class Parser","messageBody":"","fileTypesAndContributionMap":{"java":{"insertions":87,"deletions":76}}},{"hash":"6db1b1b1bc338a5d2435ab3940275683766ac908","isMergeCommit":false,"messageTitle":"fix coding standard for exception","messageBody":"","fileTypesAndContributionMap":{"java":{"insertions":7,"deletions":1}}},{"hash":"2c92c37030b7b24012375655674056412700469b","isMergeCommit":false,"messageTitle":"extract each command under runCommandUntilExit method in parser and fix exceptions handling","messageBody":"","fileTypesAndContributionMap":{"java":{"insertions":73,"deletions":56}}},{"hash":"3c82bfe8c682d010f044493192f8e0c51fc904fe","isMergeCommit":false,"messageTitle":"Extract to class Command","messageBody":"","fileTypesAndContributionMap":{"java":{"insertions":144,"deletions":65}}},{"hash":"c1569b7ec5c35970a1df227ceaef269fff6ddf56","isMergeCommit":false,"messageTitle":"Clean code","messageBody":"","fileTypesAndContributionMap":{"java":{"insertions":0,"deletions":71}}}]},{"date":"2024-02-29","commitResults":[{"hash":"45de792262f26973885be2de94284eaff10931e0","isMergeCommit":false,"messageTitle":"Extract command into abstract class and child classes","messageBody":"","fileTypesAndContributionMap":{"java":{"insertions":182,"deletions":82}}},{"hash":"749ed0f1a83e03199fd0d10c59370dec4fcf887c","isMergeCommit":false,"messageTitle":"Extract exit command","messageBody":"","fileTypesAndContributionMap":{"java":{"insertions":21,"deletions":4}}},{"hash":"b267ec9281710758f66dde01bf21eb28b19c8bc4","isMergeCommit":false,"messageTitle":"Update txt file","messageBody":"","fileTypesAndContributionMap":{"txt":{"insertions":4,"deletions":2}}},{"hash":"da4e56fe7c86b00df50c55ace1d4535c848721bd","isMergeCommit":true,"messageTitle":"Merge branch \u0027branch-A-MoreOOP\u0027","messageBody":"","tags":["A-MoreOOP"],"fileTypesAndContributionMap":{}},{"hash":"654129d0455f626eebc8b5d65736c1a7178b88ef","isMergeCommit":false,"messageTitle":"Modify deadline by into date format","messageBody":"","fileTypesAndContributionMap":{"java":{"insertions":22,"deletions":6}}},{"hash":"3c889f1e212e2db6191c6718653e7dd3681c74d7","isMergeCommit":false,"messageTitle":"Modify txt file","messageBody":"","fileTypesAndContributionMap":{"txt":{"insertions":1,"deletions":0}}},{"hash":"05c1c5bd3994f7b9b2dc88a32419cb954496c00e","isMergeCommit":false,"messageTitle":"Add find command","messageBody":"","fileTypesAndContributionMap":{"java":{"insertions":59,"deletions":5}}},{"hash":"7b264eee727bb03d1e2e19251d7be57ef617f472","isMergeCommit":false,"messageTitle":"Fix import coding standard","messageBody":"","fileTypesAndContributionMap":{"txt":{"insertions":1,"deletions":1},"java":{"insertions":12,"deletions":3}}},{"hash":"ee06e9eeb6cba235a8df42e0c7ad9be7c9ba32c1","isMergeCommit":false,"messageTitle":"Add javadoc for AddCommand","messageBody":"","fileTypesAndContributionMap":{"java":{"insertions":16,"deletions":0}}},{"hash":"1ab3070d4e4a7cb34522a7b8d751392ec6dc6b13","isMergeCommit":false,"messageTitle":"Add javadoc for DeleteCommand","messageBody":"","fileTypesAndContributionMap":{"java":{"insertions":16,"deletions":0}}},{"hash":"a9e2353c093d05dd5343dbc40ca9cbe9b707484f","isMergeCommit":false,"messageTitle":"Add javadoc for ExitCommand","messageBody":"","fileTypesAndContributionMap":{"java":{"insertions":3,"deletions":0}}},{"hash":"5a5b62d1094b1b4a253e399905cd0cd4c5fb52ed","isMergeCommit":false,"messageTitle":"Add javadoc for ListCommand","messageBody":"","fileTypesAndContributionMap":{"java":{"insertions":10,"deletions":0}}},{"hash":"8ae8a37b7cd36b5324d940fe2a10a0d5616a4cca","isMergeCommit":false,"messageTitle":"Add javadoc for MarkCommand","messageBody":"","fileTypesAndContributionMap":{"java":{"insertions":15,"deletions":0}}},{"hash":"7a6337d77c77301cfb2d9db9dc0b811d6ff12c28","isMergeCommit":false,"messageTitle":"Add javadoc for UnmarkCommand","messageBody":"","fileTypesAndContributionMap":{"java":{"insertions":16,"deletions":0}}},{"hash":"1e0e3dce67aac7e7eb3c2b606f22fa6f1eb36921","isMergeCommit":false,"messageTitle":"Add javadoc for Parser","messageBody":"","fileTypesAndContributionMap":{"java":{"insertions":13,"deletions":0}}},{"hash":"bf23fdc8e4035b7db90c2c9052ac6bca670bcb0c","isMergeCommit":false,"messageTitle":"Add javadoc for Storage","messageBody":"","fileTypesAndContributionMap":{"java":{"insertions":38,"deletions":2}}},{"hash":"a99178a001151deedb6d11d28527a8fb53776d10","isMergeCommit":false,"messageTitle":"Add javadoc for Deadline","messageBody":"","fileTypesAndContributionMap":{"java":{"insertions":20,"deletions":2}}},{"hash":"3502d5bd552e33e8e7b54bf3344b972f20eb186b","isMergeCommit":false,"messageTitle":"Add javadoc for Event","messageBody":"","fileTypesAndContributionMap":{"java":{"insertions":25,"deletions":2}}},{"hash":"0ca03680bee376dd309f49da2ef8981cccb35ee0","isMergeCommit":false,"messageTitle":"Add javadoc for Task","messageBody":"","fileTypesAndContributionMap":{"java":{"insertions":3,"deletions":0}}},{"hash":"2d0a1bb355e14f03e30337f1eac313aa64f05bfb","isMergeCommit":false,"messageTitle":"Add javadoc for TaskList","messageBody":"","fileTypesAndContributionMap":{"java":{"insertions":86,"deletions":0}}},{"hash":"ac3feac875b3d2f937bc635cf3c5f7411d9d55ac","isMergeCommit":false,"messageTitle":"Add javadoc for Todo","messageBody":"","fileTypesAndContributionMap":{"java":{"insertions":14,"deletions":2}}},{"hash":"9b7ad29dceb187f512f14d1facea3224d3d44ee3","isMergeCommit":true,"messageTitle":"Merge pull request #1 from Elyovs/branch-Level-8","messageBody":"Branch level 8","fileTypesAndContributionMap":{}},{"hash":"44ad0026e9f80d3ce9c58f2211a50c5a69419289","isMergeCommit":true,"messageTitle":"Merge branch \u0027master\u0027 of https://github.com/Elyovs/ip","messageBody":"","tags":["Level-8"],"fileTypesAndContributionMap":{}},{"hash":"c43988f582e45a53a8de2c9337be6841bb2c6741","isMergeCommit":true,"messageTitle":"Merge branch \u0027master\u0027 into branch-Level-9","messageBody":"# Conflicts:\n#\tgary.txt\n#\tsrc/main/java/gary/command/AddCommand.java\n#\tsrc/main/java/gary/task/TaskList.java\n","fileTypesAndContributionMap":{}},{"hash":"5c5cade7ef83b5f6a73396cc10ab047efe3ad540","isMergeCommit":true,"messageTitle":"Merge pull request #2 from Elyovs/branch-Level-9","messageBody":"Branch level 9","tags":["Level-9"],"fileTypesAndContributionMap":{}},{"hash":"9298d3dc9ddd9b39484f5a4cf15244af2857af6d","isMergeCommit":true,"messageTitle":"Merge branch \u0027master\u0027 into branch-A-JavaDoc","messageBody":"# Conflicts:\n#\tsrc/main/java/gary/task/TaskList.java\n","fileTypesAndContributionMap":{}},{"hash":"2030515cf41e4b05793efa101d8e3c5b7840d749","isMergeCommit":true,"messageTitle":"Merge pull request #3 from Elyovs/branch-A-JavaDoc","messageBody":"Branch a java doc","fileTypesAndContributionMap":{}},{"hash":"9575d4e4eefdd98a358568afc7761a4765636dae","isMergeCommit":true,"messageTitle":"Merge branch \u0027master\u0027 of https://github.com/Elyovs/ip","messageBody":"","tags":["A-JavaDoc"],"fileTypesAndContributionMap":{}},{"hash":"7c6d7dfd7ece0e3147c75b5c0bc3f48c2af824a8","isMergeCommit":false,"messageTitle":"Add and fix JavaDoc","messageBody":"","fileTypesAndContributionMap":{"java":{"insertions":23,"deletions":0}}}]},{"date":"2024-03-01","commitResults":[{"hash":"0e80b3d6555669212718b779d138af63e7637486","isMergeCommit":false,"messageTitle":"Add user guide","messageBody":"","fileTypesAndContributionMap":{"md":{"insertions":166,"deletions":16}}},{"hash":"7af8ca0a58604d0eade82ab3d4355f5fe308df58","isMergeCommit":false,"messageTitle":"Modify emoji","messageBody":"","fileTypesAndContributionMap":{"md":{"insertions":1,"deletions":1}}},{"hash":"f47f746de165c5d37c9fdae690522b1314e6a42d","isMergeCommit":false,"messageTitle":"Modify table","messageBody":"","fileTypesAndContributionMap":{"md":{"insertions":11,"deletions":11}}},{"hash":"7821ada223aab2c4397b77141779562e58c0a5e2","isMergeCommit":false,"messageTitle":"Add line","messageBody":"","fileTypesAndContributionMap":{"md":{"insertions":13,"deletions":11}}},{"hash":"90c4c1f11fb6de2d8ae929d70823b9941c0c6711","isMergeCommit":false,"messageTitle":"Fix variable names","messageBody":"","tags":["A-Jar-Released"],"fileTypesAndContributionMap":{"java":{"insertions":118,"deletions":118}}},{"hash":"5bdb663f1daf23a54fc925dc64ecb2e9e6260b6f","isMergeCommit":false,"messageTitle":"Add final jar link","messageBody":"","tags":["A-UserGuide"],"fileTypesAndContributionMap":{"md":{"insertions":1,"deletions":1}}}]}]},"authorFileTypeContributionMap":{"Elyovs":{"java":1069,"md":162,"fxml":0,"sh":2,"bat":2,"gradle":0,"txt":14}},"authorContributionVariance":{"Elyovs":46237.47},"authorDisplayNameMap":{"Elyovs":"CS2113-W13-4 ELLA..BOWO"}}
